时间(s),X坐标(m),Y坐标(m)
584.3753250000002,-1.1381106671768473,3.383054762812173
584.4753250000002,-1.1408646092437214,3.3781456416747924
584.5753250000002,-1.143608866729963,3.373230756703305
584.6753250000003,-1.1463434276182973,3.3683101270158606
584.7753250000003,-1.1490682799075977,3.3633837717412565
584.8753250000003,-1.1517834116204329,3.358451710023891
584.9753250000003,-1.154488810839844,3.3535139610481997
585.0753250000004,-1.1571844656687367,3.3485705440117632
585.1753250000004,-1.1598703642630115,3.3436214781467717
585.2753250000004,-1.1625464948060684,3.3386667827033474
585.3753250000004,-1.1652128455213864,3.3337064769577127
585.4753250000005,-1.1678694046756535,3.3287405802138763
585.5753250000005,-1.1705161605658971,3.32376911179555
585.6753250000005,-1.1731531015325278,3.318792091054051
585.7753250000005,-1.1757802159555988,3.3138095373661143
585.8753250000005,-1.178397492243438,3.3088214701263716
585.9753250000006,-1.1810049188594318,3.3038279087642533
586.0753250000006,-1.1836024842859607,3.2988288727211987
586.1753250000006,-1.186190177060782,3.293824381473284
586.2753250000006,-1.188767985749826,3.288814454514169
586.3753250000007,-1.1913358989591907,3.2837991113625273
586.4753250000007,-1.193893905338675,3.2787783715639147
586.5753250000007,-1.196441993568945,3.2737522546830564
586.6753250000007,-1.1989801523746366,3.268720780311436
586.7753250000007,-1.2015083705205183,3.263683968065157
586.8753250000008,-1.2040266367999952,3.2586418375776507
586.9753250000008,-1.2065349400622574,3.2535944085160544
587.0753250000008,-1.2090332691757384,3.24854170055914
587.1753250000008,-1.2115216130649575,3.2434837334192137
587.2753250000009,-1.2139999606829703,3.2384205268256085
587.3753250000009,-1.2164683010235169,3.2333521005318695
587.4753250000009,-1.2189266231245908,3.228278474317557
587.5753250000009,-1.2213749160554448,3.223199667980796
587.675325000001,-1.2238131689298521,3.2181157013455923
587.775325000001,-1.2262413709022288,3.213026594259766
587.875325000001,-1.2286595111559837,3.2079323665879
587.975325000001,-1.2310675789310057,3.202833038227175
588.075325000001,-1.233465563486667,3.197728629086031
588.1753250000011,-1.2358534541391142,3.19261915910532
588.2753250000011,-1.2382312402333824,3.1875046482423572
588.3753250000011,-1.2405989111556912,3.182385116477862
588.4753250000011,-1.2429564563370494,3.1772605838176844
588.5753250000012,-1.245303865240109,3.1721310702856194
588.6753250000012,-1.2476411273725758,3.1669965959304602
588.7753250000012,-1.249968232283288,3.1618571808240086
588.8753250000012,-1.2522851695504218,3.156712845054253
588.9753250000012,-1.2545919288093073,3.1515636087406538
589.0753250000013,-1.2568884997149883,3.1464094920135386
589.1753250000013,-1.2591748719799578,3.141250515034528
589.2753250000013,-1.2614510353459338,3.1360866979811255
589.3753250000013,-1.2637169795962988,3.130918061053422
589.4753250000014,-1.2659726945597425,3.1257446244757476
589.5753250000014,-1.2682181700969701,3.1205664084897498
589.6753250000014,-1.2704533961142581,3.1153834333611785
589.7753250000014,-1.2726783625594917,3.1101957193779715
589.8753250000015,-1.2748930594102277,3.1050032868436697
589.9753250000015,-1.2770974767018262,3.0998061560921526
590.0753250000015,-1.2792916044895852,3.094604347467773
590.1753250000015,-1.281475432886896,3.089397881345037
590.2753250000015,-1.2836489520367045,3.0841867781137506
590.3753250000016,-1.2858121521240897,3.078971058185477
590.4753250000016,-1.2879650233799391,3.0737507419951164
590.5753250000016,-1.2901075560675137,3.068525849994252
590.6753250000016,-1.2922397404961432,3.063296402657663
590.7753250000017,-1.2943615670172213,3.05806242048149
590.8753250000017,-1.296473026012139,3.052823923976886
590.9753250000017,-1.2985741079207187,3.047580933684189
591.0753250000017,-1.3006648032029395,3.0423334701538174
591.1753250000017,-1.302745102377493,3.03708155396518
591.2753250000018,-1.3048149959929418,3.031825205712402
591.3753250000018,-1.306874474640436,3.026564446010533
591.4753250000018,-1.3089235289574153,3.021299295497047
591.5753250000018,-1.3109621496140411,3.0160297748254496
591.6753250000019,-1.3129903273270194,3.0107559046715284
591.7753250000019,-1.3150080528555623,3.005477705731596
591.8753250000019,-1.31701531698919,3.0001951987163786
591.9753250000019,-1.319012110576462,2.9949084043646295
592.075325000002,-1.3209984244863038,2.989617343424775
592.175325000002,-1.3229742496469528,2.9843220366730705
592.275325000002,-1.324939577016821,2.9790225048998895
592.375325000002,-1.3268943975973424,2.9737187689156777
592.475325000002,-1.3288387024367034,2.968410849552388
592.5753250000021,-1.3307724826161438,2.963098767657356
592.6753250000021,-1.332695729263912,2.957782544099267
592.7753250000021,-1.3346084335511947,2.9524621997664866
592.8753250000021,-1.336510586679783,2.947137755561191
592.9753250000022,-1.3384021799110823,2.9418092324124094
593.0753250000022,-1.3402832045270645,2.9364766512584404
593.1753250000022,-1.3421536518695953,2.931140033064227
593.2753250000022,-1.3440135133110087,2.9257993988082314
593.3753250000022,-1.3458627802670753,2.9204547694881278
593.4753250000023,-1.3477014442007638,2.9151061661221664
593.5753250000023,-1.349529496608421,2.9097536097433263
593.6753250000023,-1.3513469290338453,2.904397121405001
593.7753250000023,-1.353153733064175,2.8990367221794053
593.8753250000024,-1.3549499003174403,2.8936724331519543
593.9753250000024,-1.3567354224718495,2.8883042754337276
594.0753250000024,-1.35851029122637,2.8829322701446687
594.1753250000024,-1.3602744983404151,2.8775564384301715
594.2753250000025,-1.362028035604145,2.8721768014485405
594.3753250000025,-1.3637708948515592,2.8667933803764316
594.4753250000025,-1.3655030679642854,2.8614061964101314
594.5753250000025,-1.3672245468576305,2.856015270759988
594.6753250000025,-1.3689353234947756,2.850620624655822
594.7753250000026,-1.3706353898826418,2.8452222793454123
594.8753250000026,-1.3723247380593182,2.839820256089125
594.9753250000026,-1.3740033601235995,2.8344145761717874
595.0753250000026,-1.3756712481952238,2.829005260886677
595.1753250000027,-1.3773283944549082,2.823592331551316
595.2753250000027,-1.378974791114387,2.818175809495527
595.3753250000027,-1.380610430429613,2.8127557160666115
595.4753250000027,-1.382235304704574,2.80733207263055
595.5753250000027,-1.383849406277238,2.8019049005667167
595.6753250000028,-1.3854527275338522,2.796474221272997
595.7753250000028,-1.3870452609047725,2.7910400561643702
595.8753250000028,-1.3886269988517856,2.7856024266677775
595.9753250000028,-1.3901979338978958,2.780161354233412
596.0753250000029,-1.3917580585872298,2.7747168603194985
596.1753250000029,-1.3933073655253985,2.769268966407294
596.2753250000029,-1.3948458473492855,2.7638176939897363
596.3753250000029,-1.3963734967403627,2.7583630645763586
596.475325000003,-1.3978903064285235,2.7529050996944155
596.575325000003,-1.3993962691779185,2.7474438208838756
596.675325000003,-1.4008913778013623,2.741979249702261
596.775325000003,-1.4023756251561421,2.736511407723307
596.875325000003,-1.4038490041312257,2.7310403165320833
596.9753250000031,-1.4053115076772833,2.7255659977356927
597.0753250000031,-1.4067631287662739,2.720088472948847
597.1753250000031,-1.408203860432125,2.714607763808059
597.2753250000031,-1.4096336957402824,2.7091238919609033
597.3753250000032,-1.4110526278011242,2.703636879070659
597.4753250000032,-1.412460649773819,2.6981467468173657
597.5753250000032,-1.4138577548520606,2.69265351689309
597.6753250000032,-1.4152439362785778,2.6871572110064808
597.7753250000032,-1.4166191873409142,2.6816578508815114
597.8753250000033,-1.4179835013585298,2.6761554582528615
597.9753250000033,-1.4193368717130455,2.6706500548760106
598.0753250000033,-1.4206792918075304,2.665141662513622
598.1753250000033,-1.4220107551074788,2.659630302948928
598.2753250000034,-1.4233312551101356,2.6541159979755884
598.3753250000034,-1.4246407853580099,2.6485987694020703
598.4753250000034,-1.4259393394427564,2.6430786390526304
598.5753250000034,-1.4272269109908071,2.6375556287628683
598.6753250000035,-1.4285034936779732,2.6320297603839844
598.7753250000035,-1.4297690812252006,2.6265010557816066
598.8753250000035,-1.4310236673855778,2.6209695368314287
598.9753250000035,-1.4322672459747952,2.6154352254287097
599.0753250000035,-1.4334998108301449,2.6098981434754647
599.1753250000036,-1.4347213558517717,2.604358312893029
599.2753250000036,-1.4359318749717904,2.5988157556125318
599.3753250000036,-1.4371313621678938,2.59327049357901
599.4753250000036,-1.4383198114672537,2.587722548752307
599.5753250000037,-1.4394972169320541,2.582171943102913
599.6753250000037,-1.4406635726741908,2.5766186986159347
599.7753250000037,-1.4418188728509995,2.571062837290004
599.8753250000037,-1.44296311165217,2.565504381133181
599.9753250000037,-1.4440962833304005,2.5599433521718344
600.0753250000038,-1.4452183821601343,2.554379772438663
600.1753250000038,-1.4463294024790814,2.548813663984431
600.2753250000038,-1.447429338657132,2.5432450488690597
600.3753250000038,-1.4485181851100433,2.5376739491654625
600.4753250000039,-1.4495959363033575,2.532100386960371
600.5753250000039,-1.450662586737862,2.5265243843504717
600.6753250000039,-1.4517181309643639,2.520945963446071
600.7753250000039,-1.452762563579395,2.515365146370091
600.875325000004,-1.4537958792120396,2.509781955254235
600.975325000004,-1.4548180725547821,2.5041964122472646
601.075325000004,-1.4558291383219861,2.4986085395038327
601.175325000004,-1.4568290712916614,2.4930183591953927
601.275325000004,-1.4578178662741896,2.4874258935019085
601.3753250000041,-1.4587955181260979,2.481831164615425
601.4753250000041,-1.4597620217539935,2.4762341947408117
601.5753250000041,-1.460717372099941,2.470635006092189
601.6753250000041,-1.4616615641563095,2.465033620896296
601.7753250000042,-1.4625945929614599,2.4594300613915747
601.8753250000042,-1.463516453586494,2.453824349824597
601.9753250000042,-1.4644271411662786,2.4482165084577256
602.0753250000042,-1.4653266508576852,2.4426065595587776
602.1753250000042,-1.4662149778815883,2.436994525411104
602.2753250000043,-1.4670921174914149,2.4313804283059186
602.3753250000043,-1.467958064986994,2.425764290545594
602.4753250000043,-1.4688128157185085,2.4201461344443205
602.5753250000043,-1.4696563650717924,2.4145259823248306
602.6753250000044,-1.4704887084832563,2.4089038565214738
602.7753250000044,-1.4713098414355552,2.4032797793793894
602.8753250000044,-1.4721197594442583,2.3976537732511902
602.9753250000044,-1.4729184580890338,2.3920258605039986
603.0753250000045,-1.4737059329716717,2.3863960635099533
603.1753250000045,-1.4744821797582972,2.380764404655447
603.2753250000045,-1.4752471941477572,2.375130906334088
603.3753250000045,-1.4760009718855378,2.369495590949719
603.4753250000045,-1.4767435087677332,2.3638584809169947
603.5753250000046,-1.4774748006262732,2.3582195986583887
603.6753250000046,-1.4781948433439127,2.352578966606985
603.7753250000046,-1.478903632849882,2.3469366072057323
603.8753250000046,-1.4796011651064855,2.341292542904399
603.9753250000047,-1.480287436140439,2.3356467961659817
604.0753250000047,-1.4809624420006853,2.3299993894580515
604.1753250000047,-1.4816261788008116,2.324350345261146
604.2753250000047,-1.4822786426872812,2.318699686062363
604.3753250000048,-1.4829198298534194,2.3130474343580976
604.4753250000048,-1.4835497365433907,2.3073936126545456
604.5753250000048,-1.484168359037365,2.3017382434650124
604.6753250000048,-1.484775693666563,2.2960813493123977
604.7753250000048,-1.485371736808897,2.290422952728534
604.8753250000049,-1.4859564848754985,2.2847630762514104
604.9753250000049,-1.4865299343421972,2.2791017424309565
605.0753250000049,-1.487092081707151,2.2734389738212304
605.1753250000049,-1.4876429235334405,2.2677747929879652
605.275325000005,-1.4881824564171644,2.262109222502797
605.375325000005,-1.4887106770014866,2.256442284945722
605.475325000005,-1.489227581980622,2.2507740029055228
605.575325000005,-1.4897331680849462,2.245104398977369
605.675325000005,-1.4902274320960955,2.2394334957650024
605.7753250000051,-1.4907103708425873,2.2337613158801624
605.8753250000051,-1.4911819811862945,2.2280878819400827
605.9753250000051,-1.4916422600540502,2.222413216572643
606.0753250000051,-1.492091204395107,2.2167373424094086
606.1753250000052,-1.4925288112238935,2.2110602820923138
606.2753250000052,-1.4929550775879838,2.2053820582685364
606.3753250000052,-1.493370000582201,2.1997026935926787
606.4753250000052,-1.4937735773526095,2.1940222107271032
606.5753250000053,-1.4941658050815785,2.1883406323398367
606.6753250000053,-1.494546681002925,2.1826579811064506
606.7753250000053,-1.4949162023975235,2.1769742797095817
606.8753250000053,-1.4952743665797232,2.171289550836688
606.9753250000053,-1.495621170929069,2.1656038171845773
607.0753250000054,-1.4959566128476038,2.159917101453288
607.1753250000054,-1.4962806898027754,2.1542294263519306
607.2753250000054,-1.4965933992952931,2.1485408145941935
607.3753250000054,-1.4968947388732823,2.1428512889002365
607.4753250000055,-1.497184706136284,2.1371608719969624
607.5753250000055,-1.4974632987202656,2.1314695866162117
607.6753250000055,-1.4977305143128095,2.1257774554963387
607.7753250000055,-1.4979863506487117,2.1200845013818235
607.8753250000055,-1.4982308054963502,2.114390747021294
607.9753250000056,-1.4984638766895102,2.1086962151714177
608.0753250000056,-1.498685562084547,2.103000928591646
608.1753250000056,-1.4988958596034219,2.0973049100491936
608.2753250000056,-1.4990947672014603,2.0916081823151913
608.3753250000057,-1.4992822828815486,2.0859107681662934
608.4753250000057,-1.4994584046981414,2.0802126903848626
608.5753250000057,-1.49962313074223,2.074513971757467
608.6753250000057,-1.499776459156565,2.0688146350761567
608.7753250000058,-1.4999183881312514,2.063114703138163
608.8753250000058,-1.5000489158900727,2.057414198744195
608.9753250000058,-1.5001680407223978,2.0517131447016936
609.0753250000058,-1.500275760940231,2.0460115638204295
609.1753250000058,-1.500372074921359,2.040309478916619
609.2753250000059,-1.500456981077021,2.034606912809726
609.3753250000059,-1.500530477866144,2.028903888323791
609.4753250000059,-1.5005925637993498,2.0232004282875304
609.5753250000059,-1.5006432374238976,2.017496555533132
609.675325000006,-1.5006824973389337,2.0117922928972267
609.775325000006,-1.500710342191077,2.006087663220676
609.875325000006,-1.5007267706607053,2.000382689347147
609.975325000006,-1.5007317814939347,1.9946773941257285
610.075325000006,-1.5007253734595714,1.988971800407386
610.1753250000061,-1.5007075453923553,1.98326593104821
610.2753250000061,-1.5006782961605578,1.977559808906867
610.3753250000061,-1.5006376246802418,1.9718534568456443
610.4753250000061,-1.5005855299192774,1.9661468977304728
610.5753250000062,-1.500522010882253,1.9604401544300196
610.6753250000062,-1.500447066625748,1.9547332498163559
610.7753250000062,-1.5003606962539124,1.9490262067648296
610.8753250000062,-1.5002628989047226,1.9433190481529192
610.9753250000063,-1.5001536737820285,1.9376117968622109
611.0753250000063,-1.5000330201124132,1.9319044757757102
611.1753250000063,-1.4999009371885172,1.926197107780229
611.2753250000063,-1.499757424336572,1.9204897157644782
611.3753250000063,-1.4996024809306925,1.9147823226198328
611.4753250000064,-1.4994361063968848,1.9090749512402716
611.5753250000064,-1.4992583001979418,1.9033676245217763
611.6753250000064,-1.499069061848732,1.8976603653626933
611.7753250000064,-1.4988683909117835,1.8919531966636947
611.8753250000065,-1.4986562869835,1.8862461413269034
611.9753250000065,-1.498432749726258,1.880539222257219
612.0753250000065,-1.4981977788252026,1.8748324623605068
612.1753250000065,-1.497951374031636,1.8691258845451229
612.2753250000065,-1.4976935351305007,1.8634195117206538
612.3753250000066,-1.4974242619546914,1.8577133667983818
612.4753250000066,-1.497143554389063,1.8520074726911515
612.5753250000066,-1.4968514123553092,1.8463018523130752
612.6753250000066,-1.4965478358272635,1.8405965285795862
612.7753250000067,-1.4962328248264773,1.8348915244074822
612.8753250000067,-1.4959063794084213,1.8291868627143344
612.9753250000067,-1.4955684996946133,1.8234825664191785
613.0753250000067,-1.4952191858293693,1.8177786584415583
613.1753250000068,-1.4948584380232317,1.8120751617021709
613.2753250000068,-1.4944862565204198,1.8063720991222694
613.3753250000068,-1.4941026416131507,1.8006694936238454
613.4753250000068,-1.493707593645652,1.7949673681294143
613.5753250000068,-1.49330111299903,1.7892657455620158
613.6753250000069,-1.4928832001065702,1.7835646488449648
613.7753250000069,-1.4924538554493196,1.7778641009019887
613.8753250000069,-1.4920130795422695,1.7721641246569062
613.9753250000069,-1.4915608729665122,1.766464743033673
614.075325000007,-1.4910972363259547,1.7607659789562957
614.175325000007,-1.4906221702907723,1.7550678553486057
614.275325000007,-1.4901356755648378,1.7493703951343145
614.375325000007,-1.4896377529000573,1.743673621236911
614.475325000007,-1.4891284031003726,1.737977556579366
614.5753250000071,-1.488607627006623,1.7322822240844369
614.6753250000071,-1.4880754255118505,1.726587646674107
614.7753250000071,-1.4875317995568844,1.72089384726981
614.8753250000071,-1.4869767501165114,1.7152008487923907
614.9753250000072,-1.4864102782316402,1.7095086741615044
615.0753250000072,-1.485832384966003,1.7038173462964017
615.1753250000072,-1.4852430714496174,1.698126888114833
615.2753250000072,-1.484642338846207,1.6924373225337515
615.3753250000073,-1.4840301883675409,1.6867486724689211
615.4753250000073,-1.4834066212774282,1.681060960834539
615.5753250000073,-1.4827716388765888,1.67537421054385
615.6753250000073,-1.4821252425179419,1.6696884445082825
615.7753250000073,-1.481467433602195,1.6640036856377547
615.8753250000074,-1.4807982135640114,1.6583199568409144
615.9753250000074,-1.4801175839041787,1.6526372810238925
616.0753250000074,-1.4794255461463068,1.646955681091956
616.1753250000074,-1.478722101880282,1.6412751799475402
616.2753250000075,-1.4780072527296904,1.6355958004916096
616.3753250000075,-1.477281000366152,1.6299175656229727
616.4753250000075,-1.4765433465133149,1.6242404982378265
616.5753250000075,-1.475794292931731,1.6185646212306777
616.6753250000075,-1.4750338414341306,1.6128899574931665
616.7753250000076,-1.4742619938810178,1.6072165299144658
616.8753250000076,-1.4734787521668373,1.6015443613817957
616.9753250000076,-1.4726841182521269,1.59587347477853
617.0753250000076,-1.4718780941202387,1.5902038929867204
617.1753250000077,-1.4710606818207663,1.5845356388842586
617.2753250000077,-1.470231883436983,1.5788687353468855
617.3753250000077,-1.4693917011001705,1.573203205247224
617.4753250000077,-1.4685401369935986,1.5675390714542434
617.5753250000078,-1.4676771933374178,1.5618763568344816
617.6753250000078,-1.4668028724039184,1.5562150842505569
617.7753250000078,-1.4659171765131318,1.5505552765616608
617.8753250000078,-1.465020108019003,1.5448969566243522
617.9753250000078,-1.4641116693415097,1.5392401472900201
618.0753250000079,-1.4631918629234262,1.5335848714082734
618.1753250000079,-1.4622606912737015,1.5279311518232237
618.2753250000079,-1.461318156934936,1.522279011376159
618.3753250000079,-1.4603642624976931,1.516628472904288
618.475325000008,-1.4593990106044692,1.5109795592401225
618.575325000008,-1.458422403934601,1.5053322932129944
618.675325000008,-1.4574344452194987,1.4996866976472738
618.775325000008,-1.4564351372382618,1.4940427953629456
618.875325000008,-1.4554244828038618,1.4884006091766793
618.9753250000081,-1.4544024847952262,1.4827601618986463
619.0753250000081,-1.453369146114046,1.4771214763367788
619.1753250000081,-1.4523244697281017,1.471484575292191
619.2753250000081,-1.4512684586387716,1.4658494815624965
619.3753250000082,-1.4502011158953323,1.4602162179402591
619.4753250000082,-1.449122444598912,1.4545848072123015
619.5753250000082,-1.4480324478874347,1.4489552721615284
619.6753250000082,-1.4469311289508164,1.4433276355648377
619.7753250000083,-1.4458184910265897,1.4377019201937853
619.8753250000083,-1.4446945373860998,1.432078148815929
619.9753250000083,-1.443559271366531,1.4264563441910039
620.0753250000083,-1.4424126963277972,1.4208365290760483
620.1753250000083,-1.441254815695788,1.4152187262199531
620.2753250000084,-1.4400856329299376,1.409602958367435
620.3753250000084,-1.4389051515374902,1.403989248257198
620.4753250000084,-1.4377133750774407,1.3983776186211632
620.5753250000084,-1.436510307145507,1.3927680921865946
620.6753250000085,-1.4352959513892949,1.3871606916737047
620.7753250000085,-1.4340703115039428,1.3815554397964012
620.8753250000085,-1.4328333912183315,1.3759523592639176
620.9753250000085,-1.4315851943270415,1.3703514727763468
621.0753250000085,-1.430325724647335,1.3647528030306275
621.1753250000086,-1.4290549860623116,1.359156372714219
621.2753250000086,-1.4277729824885408,1.3535622045097275
621.3753250000086,-1.4264797178902922,1.3479703210927911
621.4753250000086,-1.4251751962834647,1.3423807451312255
621.5753250000087,-1.4238594217206078,1.3367934992874537
621.6753250000087,-1.422532398306035,1.3312086062158017
621.7753250000087,-1.421194130191469,1.3256260885633337
621.8753250000087,-1.4198446215622944,1.320045968971765
621.9753250000088,-1.4184838766694412,1.314468270072343
622.0753250000088,-1.4171118997864656,1.308893014492707
622.1753250000088,-1.4157286952525818,1.3033202248496938
622.2753250000088,-1.4143342674403874,1.2977499237546155
622.3753250000088,-1.4129286207700615,1.2921821338108543
622.4753250000089,-1.4115117597132754,1.2866168776129339
622.5753250000089,-1.4100836887782486,1.2810541777492452
622.6753250000089,-1.4086444125248159,1.2754940567990434
622.7753250000089,-1.407193935560096,1.2699365373333726
622.875325000009,-1.4057322625247701,1.2643816419172462
622.975325000009,-1.404259398124875,1.2588293931038892
623.075325000009,-1.4027753470890083,1.2532798134424619
623.175325000009,-1.4012801142112323,1.2477329254700074
623.275325000009,-1.3997737043188918,1.2421887517173724
623.3753250000091,-1.3982561222867682,1.2366473147065165
623.4753250000091,-1.3967273730409706,1.2311086369495008
623.5753250000091,-1.3951874615440487,1.2255727409515207
623.6753250000091,-1.3936363928100002,1.2200396492075978
623.7753250000092,-1.3920741718999565,1.2145093842035894
623.8753250000092,-1.3905008039085032,1.208981968418648
623.9753250000092,-1.38891629399536,1.2034574243188239
624.0753250000092,-1.3873206473427344,1.1979357743656494
624.1753250000093,-1.3857138691980797,1.1924170410072206
624.2753250000093,-1.38409596484202,1.1869012466847682
624.3753250000093,-1.3824669396024474,1.1813884138296795
624.4753250000093,-1.3808267988583989,1.175878564862411
624.5753250000093,-1.3791755480252266,1.1703717221958239
624.6753250000094,-1.3775131925695443,1.1648679082315674
624.7753250000094,-1.3758397380049292,1.1593671453611756
624.8753250000094,-1.374155189878288,1.153869455968806
624.9753250000094,-1.372459553801425,1.148374862424204
625.0753250000095,-1.3707528354085479,1.1428833870921462
625.1753250000095,-1.3690350403988543,1.1373950523226573
625.2753250000095,-1.3673061745045816,1.1319098804582288
625.3753250000095,-1.3655662435050622,1.1264278938305554
625.4753250000095,-1.3638152532305705,1.1209491147593764
625.5753250000096,-1.3620532095475557,1.1154735655561017
625.6753250000096,-1.3602801183735145,1.1100012685198983
625.7753250000096,-1.3584959856727217,1.1045322459388724
625.8753250000096,-1.356700817442643,1.0990665200930811
625.9753250000097,-1.3548946197453695,1.0936041132468657
626.0753250000097,-1.3530773986653044,1.0881450476591445
626.1753250000097,-1.351249160351572,1.0826893455727764
626.2753250000097,-1.349409910986196,1.0772370292224203
626.3753250000098,-1.3475596567980888,1.0717881208309956
626.4753250000098,-1.345698404066877,1.0663426426084377
626.5753250000098,-1.343826159108207,1.0609006167556212
626.6753250000098,-1.3419429282885464,1.0554620654601512
626.7753250000098,-1.3400487180209364,1.050027010897633
626.8753250000099,-1.3381435347514585,1.0445954752349538
626.9753250000099,-1.3362273849905197,1.0391674806219773
627.0753250000099,-1.3343002752707367,1.033743049202698
627.1753250000099,-1.3323622121891492,1.0283222031037509
627.27532500001,-1.3304132023755426,1.022904964442912
627.37532500001,-1.328453252506368,1.0174913553252676
627.47532500001,-1.3264823693085441,1.0120813978418957
627.57532500001,-1.3245005595448456,1.006675114074087
627.67532500001,-1.3225078300286155,1.0012725260888427
627.7753250000101,-1.3205041876195382,0.9958736559402275
627.8753250000101,-1.318489639210174,0.9904785256729225
627.9753250000101,-1.3164641917570963,0.98508715731329
628.0753250000101,-1.3144278522389796,0.9796995728813731
628.1753250000102,-1.3123806276985817,0.9743157943785548
628.2753250000102,-1.3103225252112405,0.9689358437967005
628.3753250000102,-1.3082535518987257,0.9635597431140491
628.4753250000102,-1.3061737149330113,0.9581875142938168
628.5753250000103,-1.3040830215217318,0.9528191792887064
628.6753250000103,-1.301981478922821,0.9474547600361101
628.7753250000103,-1.2998690944403193,0.9420942784595481
628.8753250000103,-1.2977458754109654,0.9367377564724964
628.9753250000103,-1.295611829235152,0.9313852159688256
629.0753250000104,-1.293466963335252,0.9260366788356422
629.1753250000104,-1.291311285197378,0.9206921669401007
629.2753250000104,-1.2891448023400405,0.9153517021391784
629.3753250000104,-1.2869675223279184,0.9100153062752867
629.4753250000105,-1.284779452775609,0.904683001174805
629.5753250000105,-1.2825806013331749,0.8993548086528845
629.6753250000105,-1.2803709757006865,0.894030750508352
629.7753250000105,-1.2781505836240492,0.8887108485252295
629.8753250000105,-1.2759194328816788,0.8833951244768357
629.9753250000106,-1.2736775313152777,0.8780836001156036
630.0753250000106,-1.271424886788402,0.8727762971867583
630.1753250000106,-1.2691615072279565,0.8674732374142833
630.2753250000106,-1.2668874005930517,0.8621744425113324
630.3753250000107,-1.2646025748886913,0.8568799341755684
630.4753250000107,-1.2623070381694923,0.8515897340876146
630.5753250000107,-1.2600007985253243,0.8463038639161458
630.6753250000107,-1.257683864095751,0.8410223453125054
630.7753250000108,-1.25535624306589,0.8357451999123138
630.8753250000108,-1.253017943653162,0.8304724493398304
630.9753250000108,-1.250668974137875,0.8252041151971468
631.0753250000108,-1.2483093428220515,0.8199402190787057
631.1753250000108,-1.2459390580706624,0.8146807825564364
631.2753250000109,-1.243558128280673,0.8094258271907904
631.3753250000109,-1.2411665618946468,0.8041753745257978
631.4753250000109,-1.2387643674044306,0.7989294460874482
631.5753250000109,-1.2363515533368996,0.7936880633890739
631.675325000011,-1.2339281282682903,0.7884512479256751
631.775325000011,-1.2314941008200926,0.783219021175606
631.875325000011,-1.2290494796458793,0.7779914046052085
631.975325000011,-1.2265942734616868,0.7727684196573917
632.075325000011,-1.2241284910051187,0.7675500877669778
632.1753250000111,-1.2216521410762926,0.7623364303450012
632.2753250000111,-1.2191652325071032,0.7571274687903737
632.3753250000111,-1.2166677741747307,0.7519232244846685
632.4753250000111,-1.2141597750052924,0.7467237187904245
632.5753250000112,-1.2116412439596886,0.7415289730568142
632.6753250000112,-1.209112190047825,0.736339008613681
632.7753250000112,-1.2065726223245412,0.7311538467733114
632.8753250000112,-1.2040225498765327,0.7259735088353328
632.9753250000113,-1.2014619818525074,0.7207980160746776
633.0753250000113,-1.1988909274225865,0.7156273897577554
633.1753250000113,-1.1963093958189466,0.7104616511259281
633.2753250000113,-1.1937173963053054,0.7053008214077918
633.3753250000113,-1.191114938190333,0.7001449218136915
633.4753250000114,-1.1885020308312706,0.6949939735339511
633.5753250000114,-1.185878683619887,0.6898479977448267
633.6753250000114,-1.1832449059965826,0.6847070156022544
633.7753250000114,-1.180600707446354,0.6795710482437038
633.8753250000115,-1.1779460974858096,0.6744401167933434
633.9753250000115,-1.1752810856930935,0.669314242349397
634.0753250000115,-1.1726056816675996,0.6641934460011334
634.1753250000115,-1.1699198950702918,0.6590777488115206
634.2753250000115,-1.1672237355934307,0.6539671718301241
634.3753250000116,-1.1645172129738772,0.6488617360873484
634.4753250000116,-1.1618003369966767,0.6437614625925983
634.5753250000116,-1.1590731174811324,0.6386663723405129
634.6753250000116,-1.1563355642947846,0.6335764863044306
634.7753250000117,-1.153587687349414,0.628491825438322
634.8753250000117,-1.150829496588155,0.6234124106822182
634.9753250000117,-1.1480610020151767,0.6183382629489617
635.0753250000117,-1.1452822136557244,0.6132694031420108
635.1753250000118,-1.142493141596109,0.6082058521372818
635.2753250000118,-1.1396937959536793,0.6031476307966572
635.3753250000118,-1.13688418689001,0.5980947599619574
635.4753250000118,-1.134064324614453,0.5930472604530267
635.5753250000118,-1.1312342193703324,0.5880051530742512
635.6753250000119,-1.1283938814487997,0.5829684586077439
635.7753250000119,-1.1255433211848727,0.5779371978153578
635.8753250000119,-1.1226825489446521,0.572911391444372
635.9753250000119,-1.119811575154746,0.5678910602136439
636.075325000012,-1.1169304102626578,0.5628762248322206
636.175325000012,-1.1140390647764227,0.5578669059803735
636.275325000012,-1.1111375492348414,0.5528631243237143
636.375325000012,-1.108225874220555,0.5478649005068974
636.475325000012,-1.1053040503635523,0.5428722551516372
636.5753250000121,-1.102372088327494,0.537885208863502
636.6753250000121,-1.0994299988234384,0.5329037822248208
636.7753250000121,-1.0964777926059193,0.5279279957967755
636.8753250000121,-1.0935154804602683,0.5229578701253474
636.9753250000122,-1.0905430732317734,0.5179934257268748
637.0753250000122,-1.0875605817864271,0.5130346831074638
637.1753250000122,-1.0845680170501948,0.5080816627432185
637.2753250000122,-1.0815653899795241,0.5031343850949599
637.3753250000123,-1.0785527115742957,0.4981928706016664
637.4753250000123,-1.0755299928812931,0.49325713967842144
637.5753250000123,-1.0724972449806616,0.4883272127234832
637.6753250000123,-1.0694544789994858,0.48340311011091075
637.7753250000123,-1.066401706107916,0.4784848521927366
637.8753250000124,-1.0633389375066076,0.47357245930516967
637.9753250000124,-1.0602661844555978,0.46866595175356485
638.0753250000124,-1.057183458235431,0.46376534983262563
638.1753250000124,-1.0540907701860371,0.4588706738058413
638.2753250000125,-1.0509881316775296,0.4539819439208016
638.3753250000125,-1.0478755541230316,0.44909918040237573
638.4753250000125,-1.044753048982107,0.44422240345059016
638.5753250000125,-1.0416206277473532,0.4393516332479697
638.6753250000125,-1.038478301957837,0.4344868899518923
638.7753250000126,-1.0353260831952606,0.42962819369683747
638.8753250000126,-1.0321639830715235,0.424775564600845
638.9753250000126,-1.0289920132573065,0.4199290227498995
639.0753250000126,-1.0258101854435886,0.4150885882189196
639.1753250000127,-1.022618511380131,0.4102542810504084
639.2753250000127,-1.0194170028465674,0.4054261212703592
639.3753250000127,-1.0162056716650987,0.40060412888117414
639.4753250000127,-1.0129845297038793,0.3957883238594731
639.5753250000128,-1.0097535888637585,0.39097872616370555
639.6753250000128,-1.0065128610915661,0.3861753557262359
639.7753250000128,-1.0032623583763232,0.38137823245566926
639.8753250000128,-1.000002092736925,0.37658737624355854
639.9753250000128,-0.9967320762504219,0.3718028069482094
640.0753250000129,-0.993452321013947,0.3670245444164504
640.1753250000129,-0.9901628391827837,0.36225260846150786
640.2753250000129,-0.9868636429417684,0.35748701887949474
640.3753250000129,-0.9835547445178446,0.35272779544207084
640.475325000013,-0.9802361561834048,0.34797495789418276
640.575325000013,-0.9769078902431818,0.3432285259619448
640.675325000013,-0.9735699590473801,0.3384885193444569
640.775325000013,-0.9702223749879315,0.33375495771620534
640.875325000013,-0.9668651504863107,0.3290278607340198
640.9753250000131,-0.9634982980214984,0.3243072480203056
641.0753250000131,-0.9601218300923342,0.31959313918558413
641.1753250000131,-0.9567357592551505,0.314885553805597
641.2753250000131,-0.9533400980954964,0.31018451143837394
641.3753250000132,-0.9499348592405532,0.30549003161663946
641.4753250000132,-0.9465200553624322,0.3008021338454879
641.5753250000132,-0.943095699165218,0.29612083761052593
641.6753250000132,-0.9396618033979345,0.291446162369423
641.7753250000133,-0.9362183808508511,0.2867781275543877
641.8753250000133,-0.9327654443434362,0.282116752579375
641.9753250000133,-0.9293030067519936,0.27746205682275416
642.0753250000133,-0.9258310809724546,0.2728140596506082
642.1753250000133,-0.9223496799575618,0.268172780393075
642.2753250000134,-0.9188588166889273,0.2635382383619884
642.3753250000134,-0.9153585041893013,0.25891045284303427
642.4753250000134,-0.9118487555258227,0.2542894430933588
642.5753250000134,-0.9083295837972218,0.2496752283499721
642.6753250000135,-0.9048010021466253,0.24506782782103748
642.7753250000135,-0.9012630237579086,0.24046726068842225
642.8753250000135,-0.897715661843788,0.23587354611514832
642.9753250000135,-0.8941589296731127,0.23128670322749967
643.0753250000135,-0.8905928405341208,0.22670675113907637
643.1753250000136,-0.8870174077711617,0.22213370892638445
643.2753250000136,-0.8834326447570997,0.21756759564704203
643.3753250000136,-0.879838564905423,0.21300843033168437
643.4753250000136,-0.8762351816734439,0.2084562319815058
643.5753250000137,-0.8726225085496739,0.20391101957692365
643.6753250000137,-0.8690005590664575,0.19937281206861115
643.7753250000137,-0.8653693467963746,0.1948416283801206
643.8753250000137,-0.8617288853404759,0.19031748741557414
643.9753250000138,-0.8580791883552248,0.1858004080412178
644.0753250000138,-0.854420269516225,0.1812904091102208
644.1753250000138,-0.8507521425544651,0.176787509437521
644.2753250000138,-0.8470748212290786,0.17229172781859076
644.3753250000138,-0.8433883193392944,0.16780308302109553
644.4753250000139,-0.8396926507275886,0.1633215937823724
644.5753250000139,-0.8359878292672295,0.15884727881834862
644.6753250000139,-0.832273868874733,0.15438015681431935
644.7753250000139,-0.8285507835063197,0.14992024642764237
644.875325000014,-0.8248185871463004,0.14546756629566807
644.975325000014,-0.8210772938336579,0.14102213501674793
645.075325000014,-0.8173269176262588,0.13658397117576815
645.175325000014,-0.8135674726366029,0.1321530933182609
645.275325000014,-0.8097989730049514,0.127729519969722
645.3753250000141,-0.8060214329111172,0.12331326962702743
645.4753250000141,-0.8022348665775666,0.11890436075584829
645.5753250000141,-0.7984392882571393,0.11450281179982008
645.6753250000141,-0.7946347122453187,0.1101086411710695
645.7753250000142,-0.7908211528767437,0.10572186725298069
645.8753250000142,-0.7869986245137515,0.10134250840836148
645.9753250000142,-0.7831671415725892,0.09697058295991293
646.0753250000142,-0.7793267184881225,0.09260610921648728
646.1753250000143,-0.7754773697490764,0.08824910544647277
646.2753250000143,-0.7716191098715421,0.08389958989765736
646.3753250000143,-0.7677519534106012,0.07955758078840744
646.4753250000143,-0.7638759149633767,0.07522309630502148
646.5753250000143,-0.7599910091569337,0.0708961546111452
646.6753250000144,-0.7560972506603614,0.06657677383804986
646.7753250000144,-0.7521946541813398,0.06226497208746935
646.8753250000144,-0.7482832344548431,0.05796076743999956
646.9753250000144,-0.7443630062689668,0.0536641779350356
647.0753250000145,-0.7404339844301535,0.04937522159774596
647.1753250000145,-0.7364961837979094,0.04509391641174277
647.2753250000145,-0.7325496192587022,0.04082028033948258
647.3753250000145,-0.7285943057374129,0.0365543313132074
647.4753250000145,-0.7246302582003323,0.0322960872322379
647.5753250000146,-0.7206574916432482,0.028045565972634925
647.6753250000146,-0.716676021103337,0.023802785377233945
647.7753250000146,-0.7126858616557863,0.019567763258549156
647.8753250000146,-0.7086870284026614,0.015340517407401638
647.9753250000147,-0.7046795364983361,0.011121065572332028
648.0753250000147,-0.7006634011152526,0.006909425487281767
648.1753250000147,-0.6966386374781002,0.002705614843559398
648.2753250000147,-0.6926052608381152,-0.0014903486892288292
648.3753250000148,-0.688563286484352,-0.005678447472471301
648.4753250000148,-0.6845127297466262,-0.009858663901318496
648.5753250000148,-0.6804536059837932,-0.014030980394780956
648.6753250000148,-0.6763859305954434,-0.01819537940593416
648.7753250000148,-0.6723097190185825,-0.022351843418946984
648.8753250000149,-0.6682249867166659,-0.026500354940227053
648.9753250000149,-0.6641317492046264,-0.030640896519525063
649.0753250000149,-0.6600300220151771,-0.03477345072155834
649.1753250000149,-0.6559198207324395,-0.038898000154738946
649.275325000015,-0.6518011609666542,-0.04301452744972031
649.375325000015,-0.6476740583652705,-0.047123015268918045
649.475325000015,-0.6435385286158348,-0.051223446309335986
649.575325000015,-0.6393945874344654,-0.0553158032924296
649.675325000015,-0.6352422505773414,-0.05940006897454841
649.7753250000151,-0.6310815338374438,-0.0634762261438962
649.8753250000151,-0.6269124530337665,-0.06754425761145212
649.9753250000151,-0.6227350240359293,-0.07160414623258346
650.0753250000151,-0.6185492627310374,-0.07565587487798561
650.1753250000152,-0.6143551850567424,-0.07969942646309318
650.2753250000152,-0.610152806976376,-0.08373478392611355
650.3753250000152,-0.6059421444898544,-0.08776193023777348
650.4753250000152,-0.6017232136365094,-0.09178084840420217
650.5753250000153,-0.5974960304837629,-0.09579152145656106
650.6753250000153,-0.593260611138409,-0.09979393246171968
650.7753250000153,-0.5890169717434169,-0.10378806451915094
650.8753250000153,-0.5847651284673197,-0.10777390075163204
650.9753250000153,-0.5805050975284011,-0.11175142432735717
651.0753250000154,-0.5762368951621286,-0.11572061843020415
651.1753250000154,-0.5719605376536342,-0.11968146628981763
651.2753250000154,-0.5676760413132805,-0.12363395115913713
651.3753250000154,-0.5633834224873737,-0.1275780563243665
651.4753250000155,-0.5590826975609372,-0.13151376510791302
651.5753250000155,-0.5547738829465919,-0.1354410608577876
651.6753250000155,-0.5504569950956271,-0.13935992695850927
651.7753250000155,-0.5461320504948632,-0.14327034682793716
651.8753250000156,-0.5417990656562248,-0.14717230390775518
651.9753250000156,-0.5374580571404903,-0.1510657816860761
652.0753250000156,-0.5331090415253134,-0.15495076366704588
652.1753250000156,-0.5287520354371105,-0.15882723340158678
652.2753250000156,-0.5243870555270712,-0.16269517446442822
652.3753250000157,-0.5200141184816708,-0.16655457046429606
652.4753250000157,-0.5156332410253848,-0.17040540504690913
652.5753250000157,-0.5112444399097805,-0.17424766188415275
652.6753250000157,-0.5068477319243739,-0.17808132468520518
652.7753250000158,-0.5024431338935573,-0.18190637719330752
652.8753250000158,-0.4980306626663563,-0.18572280317603632
652.9753250000158,-0.4936103351397326,-0.18953058644839163
653.0753250000158,-0.48918216822720695,-0.19332971084175068
653.1753250000158,-0.48474617889013966,-0.1971201602352596
653.2753250000159,-0.4803023841141938,-0.20090191853237604
653.3753250000159,-0.47585080091964743,-0.20467496967127288
653.4753250000159,-0.47139144636404773,-0.20843929762788838
653.5753250000159,-0.46692433753151846,-0.21219488640488
653.675325000016,-0.462449491543394,-0.2159417200429708
653.775325000016,-0.4579669255552123,-0.21967978261765708
653.875325000016,-0.45347665674666493,-0.22340905822927157
653.975325000016,-0.4489787023444449,-0.22712953102654537
654.075325000016,-0.4444730795914805,-0.2308411851749248
654.1753250000161,-0.4399598057775935,-0.2345440048886007
654.2753250000161,-0.435438898216427,-0.23823797440657166
654.3753250000161,-0.43091037425555423,-0.24192307800325624
654.4753250000161,-0.42637425127907314,-0.24559929999159544
654.5753250000162,-0.42183054669713044,-0.24926662471179128
654.6753250000162,-0.41727927795633124,-0.2529250365428693
654.7753250000162,-0.4127204625367964,-0.2565745198993262
654.8753250000162,-0.4081541179423098,-0.2602150592209875
654.9753250000163,-0.4035802617226998,-0.2638466389970344
655.0753250000163,-0.39899891144369937,-0.2674692437336945
655.1753250000163,-0.3944100847169726,-0.27108285798689524
655.2753250000163,-0.38981379917751424,-0.27468746633785684
655.3753250000163,-0.38521007249354955,-0.2782830534039121
655.4753250000164,-0.38059892236906545,-0.2818696038416605
655.5753250000164,-0.3759803665335593,-0.2854471023354943
655.6753250000164,-0.3713544227522204,-0.2890155336093706
655.7753250000164,-0.3667211088230533,-0.29257488242340096
655.8753250000165,-0.3620804425672235,-0.29612513356350867
655.9753250000165,-0.3574324418509627,-0.29966627186591394
656.0753250000165,-0.352777124556071,-0.30319828218420736
656.1753250000165,-0.3481145086092976,-0.3067211494226144
656.2753250000166,-0.34344461196022336,-0.31023485851112803
656.3753250000166,-0.3387674525909448,-0.31373939441653254
656.4753250000166,-0.33408304851854265,-0.3172347421456086
656.5753250000166,-0.3293914177850583,-0.3207208867334513
656.6753250000166,-0.32469257846744226,-0.32419781325544755
656.7753250000167,-0.3199865486747458,-0.32766550682380824
656.8753250000167,-0.31527334653866973,-0.3311239525770282
656.9753250000167,-0.31055299023498656,-0.3345731357048183
657.0753250000167,-0.3058254979546931,-0.33801304141457805
657.1753250000168,-0.30109088793273353,-0.34144365496525925
657.2753250000168,-0.2963491784263734,-0.3448649616420475
657.3753250000168,-0.2916003877246662,-0.3482769467675829
657.4753250000168,-0.2868445341508571,-0.3516795957052158
657.5753250000168,-0.2820816360525928,-0.35507289384712093
657.6753250000169,-0.2773117118116304,-0.35845682662647715
657.7753250000169,-0.27253477984109964,-0.3618313795139424
657.8753250000169,-0.26775085857625985,-0.36519653800692115
657.9753250000169,-0.2629599664954279,-0.3685522876549336
658.075325000017,-0.25816212209179534,-0.3718986140254996
658.175325000017,-0.25335734390147807,-0.37523550273858935
658.275325000017,-0.248545650482394,-0.3785629394408624
658.375325000017,-0.24372706042350847,-0.38188090981708245
658.475325000017,-0.2389015923471747,-0.3851893995934198
658.5753250000171,-0.23406926489957652,-0.38848839452536754
658.6753250000171,-0.22923009676019349,-0.39177788041012046
658.7753250000171,-0.2243841066391345,-0.3950578430829959
658.8753250000171,-0.21953131326810904,-0.39832826840650876
658.9753250000172,-0.21467173542085263,-0.40158914229616754
659.0753250000172,-0.20980539188561917,-0.4048404506857849
659.1753250000172,-0.20493230149254837,-0.40808217956250153
659.2753250000172,-0.2000524830930526,-0.41131431494059345
659.3753250000173,-0.19516595556883687,-0.4145368428730746
659.4753250000173,-0.19027273783417323,-0.41774974945504706
659.5753250000173,-0.18537284882658406,-0.4209530208114244
659.6753250000173,-0.1804663075160611,-0.42414664310950234
659.7753250000173,-0.17555313290246932,-0.42733060255532485
659.8753250000174,-0.17063334400673477,-0.43050488538257525
659.9753250000174,-0.16570695989075948,-0.43366947787879073
660.0753250000174,-0.16077399963060135,-0.4368243663501094
660.1753250000174,-0.1558344823431486,-0.4399695371568516
660.2753250000175,-0.15088842716602544,-0.4431049766869081
660.3753250000175,-0.1459358532663797,-0.4462306713675289
660.4753250000175,-0.14097677984308887,-0.4493466076687189
660.5753250000175,-0.1360112261176897,-0.4524527720907711
660.6753250000176,-0.1310392113433496,-0.4555491511770229
660.7753250000176,-0.12606075480234302,-0.4586357315101706
660.8753250000176,-0.12107587579745706,-0.46171249970098105
660.9753250000176,-0.11608459367138543,-0.4647794424149144
661.0753250000176,-0.11108692778060889,-0.46783654633632143
661.1753250000177,-0.10608289752136453,-0.4708837982045703
661.2753250000177,-0.1010725223100789,-0.4739211847870233
661.3753250000177,-0.09605582159192198,-0.47694869289100783
661.4753250000177,-0.09103281484294495,-0.47996630936725493
661.5753250000178,-0.08600352156125773,-0.48297402109724774
661.6753250000178,-0.08096796127574579,-0.4859718150061612
661.7753250000178,-0.07592615354362091,-0.4889596780591259
661.8753250000178,-0.07087811794205169,-0.49193759724976327
661.9753250000178,-0.06582387408703078,-0.4949055596272029
662.0753250000179,-0.06076344160796309,-0.497863552259748
662.1753250000179,-0.05569684017291547,-0.5008115622715351
662.2753250000179,-0.05062408946958699,-0.5037495768151091
662.3753250000179,-0.04554520921362812,-0.5066775830835685
662.475325000018,-0.040460219150711046,-0.5095955683140464
662.575325000018,-0.035369139047957625,-0.5125035197748808
662.675325000018,-0.03027198870239703,-0.5154014247787319
662.775325000018,-0.025168787938591668,-0.5182892706787972
662.875325000018,-0.02005955660049534,-0.5211670448571732
662.9753250000181,-0.01494431456978415,-0.5240347347522603
663.0753250000181,-0.009823081741166015,-0.5268923278219062
663.1753250000181,-0.004695878046902059,-0.5297398115805874
663.2753250000181,0.00043727656167818346,-0.5325771735715905
663.3753250000182,0.005576362106098166,-0.5354044013793279
663.4753250000182,0.010721358578734214,-0.5382214826328617
663.5753250000182,0.01587224595113214,-0.5410284049929003
663.6753250000182,0.021029004165810584,-0.5438251561650869
663.7753250000183,0.026191613138559347,-0.5466117238961665
663.8753250000183,0.031360052766350906,-0.5493880959621814
663.9753250000183,0.03653430290955419,-0.5521542601962516
664.0753250000183,0.04171434341589234,-0.5549102044512134
664.1753250000183,0.04690015409665914,-0.5576559166372999
664.2753250000184,0.05209171474465177,-0.5603913846939459
664.3753250000184,0.057289005126337736,-0.563116596602271
664.4753250000184,0.0624920049799252,-0.5658315403886418
664.5753250000184,0.06770069402341959,-0.5685362041114994
664.6753250000185,0.07291505194668998,-0.5712305758748136
664.7753250000185,0.07813505841369285,-0.5739146438242054
664.8753250000185,0.08336069307015062,-0.5765883961349803
664.9753250000185,0.08859193552631803,-0.5792518210402742
665.0753250000186,0.09382876538019552,-0.5819049067931997
665.1753250000186,0.09907116219449283,-0.5845476417050122
665.2753250000186,0.1043191055140025,-0.5871800141165481
665.3753250000186,0.10957257485801518,-0.5898020124108703
665.4753250000186,0.11483154971846239,-0.5924136250168703
665.5753250000187,0.12009600956771085,-0.595014840395929
665.6753250000187,0.12536593385089606,-0.5976056470555342
665.7753250000187,0.13064130198806762,-0.6001860335453576
665.8753250000187,0.1359220933816307,-0.6027559884451299
665.9753250000188,0.14120828739967167,-0.6053155003931407
666.0753250000188,0.1464998633984196,-0.6078645580479081
666.1753250000188,0.15179680069996998,-0.6104031501268199
666.2753250000188,0.15709907860908956,-0.6129312653772139
666.3753250000188,0.16240667640588147,-0.6154488925891786
666.4753250000189,0.16771957334399892,-0.6179560205991909
666.5753250000189,0.17303774865817573,-0.6204526382766216
666.6753250000189,0.17836118155683411,-0.6229387345375088
666.7753250000189,0.1836898512241495,-0.6254142983405919
666.875325000019,0.18902373682724966,-0.6278793186750309
666.975325000019,0.1943628175001065,-0.6303337845892508
667.075325000019,0.19970707236523694,-0.6327776851521496
667.175325000019,0.2050564805121951,-0.6352110094921976
667.275325000019,0.21041102101380232,-0.6376337467681712
667.3753250000191,0.21577067291906687,-0.6400458861821068
667.4753250000191,0.22113541525146913,-0.6424474169829727
667.5753250000191,0.2265052270162236,-0.6448383284530215
667.6753250000191,0.23188008719316128,-0.6472186099217137
667.7753250000192,0.23725997473871593,-0.6495882507617114
667.8753250000192,0.2426448685928791,-0.6519472403764492
667.9753250000192,0.24803474766366662,-0.6542955682293092
668.0753250000192,0.2534295908480459,-0.6566332238043828
668.1753250000193,0.25882937701120473,-0.6589601966460121
668.2753250000193,0.26423408500219986,-0.661276476329191
668.3753250000193,0.2696436936471361,-0.6635820524726631
668.4753250000193,0.2750581817475277,-0.665876914742632
668.5753250000193,0.28047752808728477,-0.6681610528389619
668.6753250000194,0.2859017114258716,-0.6704344565092479
668.7753250000194,0.29133071050021364,-0.6726971155447695
668.8753250000194,0.29676450403140714,-0.674949019767918
668.9753250000194,0.30220307070976643,-0.6771901590616911
669.0753250000195,0.307646389214969,-0.6794205233300241
669.1753250000195,0.3130944381961116,-0.6816401025377599
669.2753250000195,0.3185471962867693,-0.6838488866807239
669.3753250000195,0.32400464209843627,-0.6860468657989668
669.4753250000196,0.32946675421896116,-0.6882340299805052
669.5753250000196,0.33493351121925835,-0.6904103693473829
669.6753250000196,0.34040489164674687,-0.6925758740698775
669.7753250000196,0.3458808740271758,-0.6947305343624157
669.8753250000196,0.3513614368710847,-0.6968743404708624
669.9753250000197,0.35684655865943643,-0.6990072827023269
670.0753250000197,0.3623362178629746,-0.701129351385076
670.1753250000197,0.3678303929230742,-0.703240536908914
670.2753250000197,0.3733290622662061,-0.7053408296949497
670.3753250000198,0.3788322042976411,-0.7074302202089741
670.4753250000198,0.3843397973999589,-0.7095086989652319
670.5753250000198,0.38985181993948187,-0.7115762565123456
670.6753250000198,0.39536825025999833,-0.7136328834476569
670.7753250000198,0.40088906668450663,-0.7156785704131063
670.8753250000199,0.40641424752142036,-0.7177133080823869
670.9753250000199,0.4119437710507935,-0.7197370871910453
671.0753250000199,0.41747761554288204,-0.7217498984959982
671.1753250000199,0.42301575923980295,-0.7237517328163088
671.27532500002,0.4285581803693942,-0.7257425810026541
671.37532500002,0.43410485713918134,-0.7277224339508315
671.47532500002,0.4396557677349622,-0.7296912826055608
671.57532500002,0.4452108903269617,-0.7316491179462761
671.67532500002,0.45077020306384197,-0.7335959310015985
671.7753250000201,0.45633368407436364,-0.7355317128451776
671.8753250000201,0.461901311473335,-0.7374564545827191
671.9753250000201,0.4674730633484383,-0.739370147382369
672.0753250000201,0.47304891777798275,-0.7412727824338462
672.1753250000202,0.4786288528133767,-0.7431643509896002
672.2753250000202,0.48421284649237817,-0.7450448443339897
672.3753250000202,0.4898008768333325,-0.7469142537969151
672.4753250000202,0.49539292183383316,-0.7487725707576505
672.5753250000203,0.500988959476592,-0.7506197866305071
672.6753250000203,0.5065889677237363,-0.7524558928794289
672.7753250000203,0.5121929245183887,-0.7542808810138024
672.8753250000203,0.5178008077903598,-0.7560947425753595
672.9753250000203,0.5234125954435809,-0.7578974691688364
673.0753250000204,0.52902826537304,-0.759689052420738
673.1753250000204,0.5346477954480722,-0.7614694840208565
673.2753250000204,0.540271163524997,-0.7632387556911753
673.3753250000204,0.5458983474416297,-0.764996859199625
673.4753250000205,0.5515293250160187,-0.7667437863639397
673.5753250000205,0.5571640740520301,-0.768479529037202
673.6753250000205,0.5628025723339344,-0.7702040791225536
673.7753250000205,0.5684447976279026,-0.7719174285689734
673.8753250000206,0.5740907276874383,-0.7736195693580626
673.9753250000206,0.5797403402414216,-0.7753104935349672
674.0753250000206,0.5853936130102235,-0.7769901931667866
674.1753250000206,0.5910505236898242,-0.77865866038444
674.2753250000206,0.5967110499638324,-0.7803158873513077
674.3753250000207,0.6023751694982662,-0.7819618662771038
674.4753250000207,0.6080428599403686,-0.7835965894217585
674.5753250000207,0.6137140989239042,-0.7852200490808465
674.6753250000207,0.6193888640640436,-0.7868322376004075
674.7753250000208,0.6250671329587731,-0.7884331473726962
674.8753250000208,0.6307488831940611,-0.7900227708228529
674.9753250000208,0.6364340923325176,-0.7916011004400755
675.0753250000208,0.6421227379286812,-0.7931681287356933
675.1753250000208,0.6478147975139745,-0.7947238482853651
675.2753250000209,0.6535102486080955,-0.79626825169747
675.3753250000209,0.6592090687140761,-0.7978013316270864
675.4753250000209,0.6649112353171738,-0.7993230807798983
675.5753250000209,0.6706167258898789,-0.800833491897516
675.675325000021,0.6763255178870944,-0.8023325577724043
675.775325000021,0.682037588747461,-0.803820271243602
675.875325000021,0.6877529158982573,-0.8052966251832855
675.975325000021,0.6934714767446817,-0.8067616125281741
676.075325000021,0.699193248684304,-0.8082152262372873
676.1753250000211,0.7049182090928601,-0.8096574593344581
676.2753250000211,0.7106463353350135,-0.8110883048764845
676.3753250000211,0.7163776047596946,-0.8125077559672138
676.4753250000211,0.7221119946990684,-0.8139158057614694
676.5753250000212,0.7278494824732491,-0.8153124474502689
676.6753250000212,0.7335900453857789,-0.816697674275851
676.7753250000212,0.7393336607248675,-0.818071479527371
676.8753250000212,0.7450803057680246,-0.8194338565273582
676.9753250000213,0.7508299577719684,-0.8207847986633461
677.0753250000213,0.7565825939862317,-0.8221242993453288
677.1753250000213,0.7623381916398058,-0.823452352048573
677.2753250000213,0.7680967279512664,-0.824768950281543
677.3753250000213,0.7738581801243958,-0.8260740876000807
677.4753250000214,0.779622525347233,-0.8273677576113534
677.5753250000214,0.7853897407964885,-0.8286499539589773
677.6753250000214,0.7911598036333211,-0.8299206703381388
677.7753250000214,0.7969326910044918,-0.8311799004912631
677.8753250000215,0.8027083800467285,-0.8324276381943733
677.9753250000215,0.8084868478772655,-0.8336638772889327
678.0753250000215,0.8142680716066011,-0.8348886116390162
678.1753250000215,0.8200520283259944,-0.8361018351744023
678.2753250000216,0.8258386951169523,-0.8373035418582859
678.3753250000216,0.8316280490471342,-0.8384937257015523
678.4753250000216,0.8374200671694807,-0.8396723807667446
678.5753250000216,0.8432147265263317,-0.8408395011530923
678.6753250000216,0.8490120041455064,-0.8419950810117208
678.7753250000217,0.8548118770413692,-0.8431391145412965
678.8753250000217,0.8606143222189205,-0.8442715959742952
678.9753250000217,0.8664193166649732,-0.8453925196090463
679.0753250000217,0.8722268373600547,-0.8465018797666324
679.1753250000218,0.8780368612667696,-0.8475996708342448
679.2753250000218,0.883849365338639,-0.8486858872326974
679.3753250000218,0.8896643265162882,-0.8497605234307868
679.4753250000218,0.8954817217266529,-0.8508235739492769
679.5753250000218,0.9013015278867997,-0.8518750333458418
679.6753250000219,0.9071237219003113,-0.8529148962303572
679.7753250000219,0.9129482806582674,-0.8539431572605266
679.8753250000219,0.9187751810430596,-0.854959811128061
679.9753250000219,0.9246043999202058,-0.8559648525909085
680.075325000022,0.9304359141493954,-0.8569582764299053
680.175325000022,0.9362697005737127,-0.8579400774923731
680.275325000022,0.9421057360278315,-0.8589102506594481
680.375325000022,0.9479439973344879,-0.8598687908605227
680.475325000022,0.9537844613037674,-0.8608156930772479
680.5753250000221,0.9596271047366249,-0.8617509523283969
680.6753250000221,0.9654719044215718,-0.8626745636852278
680.7753250000221,0.9713188371355721,-0.8635865222670902
680.8753250000221,0.977167879647582,-0.8644868232275262
680.9753250000222,0.9830190087110116,-0.8653754617866758
681.0753250000222,0.9888722010738968,-0.8662524331876895
681.1753250000222,0.994727433468998,-0.8671177327405566
681.2753250000222,1.0005846826213376,-0.8679713557892592
681.3753250000223,1.0064439252449666,-0.868813297726291
681.4753250000223,1.0123051380423298,-0.8696435539966725
681.5753250000223,1.0181682977074842,-0.8704621200827405
681.6753250000223,1.0240333809230926,-0.8712689915195823
681.7753250000223,1.0299003643612303,-0.8720641638906237
681.8753250000224,1.035769224686649,-0.8728476328136534
681.9753250000224,1.041639938549885,-0.8736193939733892
682.0753250000224,1.0475124825965603,-0.8743794430776746
682.1753250000224,1.0533868334583594,-0.8751277759015192
682.2753250000225,1.0592629677599086,-0.8758643882540906
682.3753250000225,1.0651408621158294,-0.8765892759933022
682.4753250000225,1.0710204931301888,-0.8773024350298422
682.5753250000225,1.0769018373994106,-0.8780038613118963
682.6753250000226,1.0827848715095825,-0.8786935508406439
682.7753250000226,1.0886695720371697,-0.8793714996658297
682.8753250000226,1.0945559155520002,-0.8800377038717191
682.9753250000226,1.1004438786110242,-0.8806921596098114
683.0753250000226,1.1063334377667422,-0.8813348630548377
683.1753250000227,1.1122245695590567,-0.8819658104489954
683.2753250000227,1.1181172505214985,-0.882584998068791
683.3753250000227,1.1240114571785718,-0.883192422239693
683.4753250000227,1.1299071660452769,-0.8837880793401693
683.5753250000228,1.1358043536297195,-0.8843719657863511
683.6753250000228,1.141702996430729,-0.8849440780475872
683.7753250000228,1.147603070938486,-0.8855044126420012
683.8753250000228,1.1535045536372235,-0.8860529661223799
683.9753250000228,1.1594074209996443,-0.8865897351090221
684.0753250000229,1.1653116494944653,-0.8871147162455546
684.1753250000229,1.171217215579154,-0.8876279062433423
684.2753250000229,1.1771240957054916,-0.8881293018481977
684.3753250000229,1.1830322663172077,-0.8886188998550917
684.475325000023,1.188941703849593,-0.8890966971122016
684.575325000023,1.1948523847317993,-0.8895626905055185
684.675325000023,1.200764285384766,-0.8900168769744514
684.775325000023,1.2066773822217587,-0.8904592535073714
684.875325000023,1.21259165165079,-0.8908898171274435
684.9753250000231,1.2185070700696912,-0.8913085649255972
685.0753250000231,1.2244236138727738,-0.8917154940161767
685.1753250000231,1.2303412594444558,-0.89211060158151
685.2753250000231,1.236259983164154,-0.8924938848384951
685.3753250000232,1.2421797614042238,-0.8928653410533671
685.4753250000232,1.2481005705296475,-0.8932249675457522
685.5753250000232,1.2540223869000249,-0.8935727616732245
685.6753250000232,1.2599451868678102,-0.8939087208469569
685.7753250000233,1.2658689467787636,-0.8942328425272554
685.8753250000233,1.2717936429740868,-0.8945451242093345
685.9753250000233,1.2777192517861558,-0.894845563456395
686.0753250000233,1.283645749544297,-0.8951341578551313
686.1753250000233,1.2895731125693046,-0.8954109050604399
686.2753250000234,1.2955013171776677,-0.8956758027618988
686.3753250000234,1.3014303396797993,-0.8959288486985804
686.4753250000234,1.3073601563798045,-0.8961700406631111
686.5753250000234,1.313290743577165,-0.8963993764861877
686.6753250000235,1.319222077565291,-0.8966168540522613
686.7753250000235,1.325154134631887,-0.8968224712950652
686.8753250000235,1.3310868910607963,-0.897016226183342
686.9753250000235,1.337020323128393,-0.8971981167540202
687.0753250000236,1.3429544071084711,-0.89736814106759
687.1753250000236,1.3488891192676644,-0.8975262972529371
687.2753250000236,1.3548244358689954,-0.8976725834737254
687.3753250000236,1.3607603331704006,-0.8978069979432483
687.4753250000236,1.36669678742458,-0.8979295389284938
687.5753250000237,1.3726337748803683,-0.8980402047346241
687.6753250000237,1.378571271781609,-0.8981389937206965
687.7753250000237,1.3845092543674262,-0.8982259042951779
687.8753250000237,1.3904476988737877,-0.8983009349016353
687.9753250000238,1.3963865815305545,-0.8983640840519909
688.0753250000238,1.4023258785654802,-0.8984153502817878
688.1753250000238,1.4082655662005252,-0.8984547321951255
688.2753250000238,1.4142056206547364,-0.8984822284309653
688.3753250000238,1.4201460181430665,-0.8984978376780157
688.4753250000239,1.4260867348763104,-0.8985015586788014
688.5753250000239,1.4320277470621685,-0.8984933902141115
688.6753250000239,1.437969030904424,-0.8984733311187438
688.7753250000239,1.443910562603126,-0.8984413802770184
688.875325000024,1.449852318355868,-0.8983975366084271
688.975325000024,1.4557942743555166,-0.8983417991009583
689.075325000024,1.4617364067933027,-0.8982741667662709
689.175325000024,1.4676786918560323,-0.8981946386847193
689.275325000024,1.4736211057282955,-0.8981032139715883
689.3753250000241,1.4795636245915915,-0.8979998917920077
689.4753250000241,1.4855062246243391,-0.8978846713650204
689.5753250000241,1.4914488820026208,-0.8977575519480072
689.6753250000241,1.497391572899685,-0.8976185328524543
689.7753250000242,1.503334273486046,-0.8974676134394604
689.8753250000242,1.5092769599304683,-0.8973047931053543
689.9753250000242,1.5152196083983573,-0.8971300713150752
690.0753250000242,1.5211621950539567,-0.8969434475572726
690.1753250000243,1.5271046960584638,-0.8967449213894031
690.2753250000243,1.5330470875715625,-0.8965344924039103
690.3753250000243,1.538989345750836,-0.8963121602431572
690.4753250000243,1.5449314467518682,-0.8960779246034962
690.5753250000243,1.5508733667286851,-0.8958317852196775
690.6753250000244,1.5568150818335633,-0.8955737418806298
690.7753250000244,1.5627565682170312,-0.8953037944249636
690.8753250000244,1.5686978020285736,-0.895021942726566
690.9753250000244,1.5746387594156945,-0.894728186728023
691.0753250000245,1.5805794165252103,-0.8944225263956613
691.1753250000245,1.5865197495022736,-0.8941049617646937
691.2753250000245,1.5924597344912208,-0.8937754929053592
691.3753250000245,1.5983993476352931,-0.8934341199378766
691.4753250000246,1.6043385650768154,-0.893080843036512
691.5753250000246,1.6102773629573157,-0.8927156624139718
691.6753250000246,1.6162157174176606,-0.8923385783371887
691.7753250000246,1.622153604597969,-0.8919495911228283
691.8753250000246,1.6280910006380265,-0.891548701122864
691.9753250000247,1.634027881677011,-0.8911359087580296
692.0753250000247,1.6399642238538927,-0.8907112144728213
692.1753250000247,1.6459000033073532,-0.8902746187806738
692.2753250000247,1.651835196175962,-0.8898261222300748
692.3753250000248,1.6577697785981957,-0.8893657254195289
692.4753250000248,1.6637037267126957,-0.888893429001621
692.5753250000248,1.6696370166580845,-0.8884092336674068
692.6753250000248,1.6755696245734093,-0.8879131401621958
692.7753250000248,1.6815015265979656,-0.8874051492810605
692.8753250000249,1.6874326988714214,-0.8868852618543982
692.9753250000249,1.6933631175342163,-0.8863534787813987
693.0753250000249,1.6992927587270583,-0.8858098009850253
693.1753250000249,1.7052215985917547,-0.885254229457208
693.275325000025,1.711149613270701,-0.8846867652249436
693.375325000025,1.7170767789072006,-0.8841074093652616
693.475325000025,1.723003071645807,-0.8835161630092832
693.575325000025,1.728928467631829,-0.882913027326611
693.675325000025,1.7348529430120898,-0.8822980035411101
693.7753250000251,1.7407764739346554,-0.8816710929264183
693.8753250000251,1.7466990365486752,-0.8810322967915023
693.9753250000251,1.7526206070054506,-0.8803816165141272
694.0753250000251,1.7585411614570288,-0.879719053495835
694.1753250000252,1.7644606760579336,-0.8790446092071289
694.2753250000252,1.7703791269639824,-0.8783582851535758
694.3753250000252,1.776296490332911,-0.8776600828907749
694.4753250000252,1.7822127423247913,-0.8769500040284077
694.5753250000253,1.7881278591012197,-0.8762280502146353
694.6753250000253,1.7940418168263919,-0.8754942231518648
694.7753250000253,1.7999545916667479,-0.8747485245922684
694.8753250000253,1.805866159790518,-0.8739909563233349
694.9753250000254,1.8117764973694679,-0.8732215202013263
695.0753250000254,1.8176855805765852,-0.8724402181062738
695.1753250000254,1.8235933855887212,-0.8716470519871429
695.2753250000254,1.8294998885847236,-0.8708420238279473
695.3753250000254,1.8354050657463583,-0.8700251356627089
695.4753250000255,1.8413088932588144,-0.8691963895795011
695.5753250000255,1.8472113473095784,-0.8683557877048577
695.6753250000255,1.8531124040898286,-0.8675033322195227
695.7753250000255,1.8590120397939849,-0.8666390253539757
695.8753250000256,1.8649102306189644,-0.8657628693739864
695.9753250000256,1.8708069527665976,-0.8648748666140464
696.0753250000256,1.876702182440413,-0.8639750194323986
696.1753250000256,1.8825958958491928,-0.8630633302561653
696.2753250000256,1.8884880692044228,-0.8621398015474877
696.3753250000257,1.8943786787215087,-0.8612044358184716
696.4753250000257,1.9002677006203599,-0.8602572356352192
696.5753250000257,1.906155111123952,-0.85929820360226
696.6753250000257,1.9120408864600433,-0.8583273423782763
696.7753250000258,1.9179250028606365,-0.8573446546716339
696.8753250000258,1.9238074365609399,-0.8563501432259497
696.9753250000258,1.9296881638024557,-0.8553438108534852
697.0753250000258,1.9355671608288612,-0.8543256603902265
697.1753250000259,1.9414444038904666,-0.853295694740954
697.2753250000259,1.9473198692409854,-0.8522539168454235
697.3753250000259,1.9531935331390615,-0.8512003296932911
697.4753250000259,1.959065371848927,-0.8501349363281325
697.5753250000259,1.964935361638654,-0.8490577398319032
697.675325000026,1.9708034787821784,-0.8479687433406307
697.775325000026,1.9766696995586783,-0.8468679500399576
697.875325000026,1.982534000251247,-0.8457553631507235
697.975325000026,1.988396357150653,-0.8446309859623058
698.075325000026,1.9942567465503171,-0.8434948217877714
698.1753250000261,2.000115144751672,-0.8423468740088642
698.2753250000261,2.005971528060259,-0.8411871460422466
698.3753250000261,2.011825872787544,-0.8400156413543997
698.4753250000261,2.017678155251673,-0.8388323634656301
698.5753250000262,2.0235283517754037,-0.8376373159345576
698.6753250000262,2.029376438688445,-0.8364305023737706
698.7753250000262,2.0352223923267365,-0.8352119264453813
698.8753250000262,2.04106618903084,-0.8339815918466316
698.9753250000263,2.046907805150376,-0.8327395023431678
699.0753250000263,2.0527472170380925,-0.8314856617242794
699.1753250000263,2.0585844010561303,-0.830220073847794
699.2753250000263,2.0644193335714363,-0.8289427426063839
699.3753250000264,2.070251990957889,-0.8276536719424366
699.4753250000264,2.0760823495971206,-0.8263528658520476
699.5753250000264,2.081910385876145,-0.825040328369546
699.6753250000264,2.087736076190013,-0.8237160635831025
699.7753250000264,2.093559396941009,-0.8223800756303019
699.8753250000265,2.099380324536745,-0.8210323686837762
699.9753250000265,2.105198835395261,-0.8196729469844029
700.0753250000265,2.1110149059382,-0.8183018147966465
700.1753250000265,2.116828512597974,-0.816918976453341
700.2753250000266,2.122639631812506,-0.8155244363220795
700.3753250000266,2.1284482400276463,-0.8141181988200443
700.4753250000266,2.1342543136980776,-0.8127002684179858
700.5753250000266,2.140057829284635,-0.8112706496247906
700.6753250000266,2.145858763257275,-0.8098293470030438
700.7753250000267,2.151657092094182,-0.8083763651646158
700.8753250000267,2.1574527922795705,-0.8069117087563266
700.9753250000267,2.163245840309448,-0.805435382493052
701.0753250000267,2.1690362126839027,-0.8039473911131889
701.1753250000268,2.1748238859151727,-0.8024477394233083
701.2753250000268,2.1806088365217056,-0.8009364322646388
701.3753250000268,2.186391041030867,-0.799413474527856
701.4753250000268,2.1921704759799336,-0.7978788711570415
701.5753250000269,2.1979471179131043,-0.7963326271343012
701.6753250000269,2.203720943384779,-0.794774747495273
701.7753250000269,2.2094919289585704,-0.7932052373247294
701.8753250000269,2.2152600512048273,-0.791624101742282
701.9753250000269,2.221025286707068,-0.7900313459353794
702.075325000027,2.2267876120533594,-0.7884269751149172
702.175325000027,2.2325470038452844,-0.7868109945597432
702.275325000027,2.238303438691327,-0.7851834095832486
702.375325000027,2.2440568932098977,-0.783544225548108
702.475325000027,2.249807344030392,-0.7818934478702166
702.5753250000271,2.255554767789889,-0.7802310820033687
702.6753250000271,2.2612991411367402,-0.778557133454699
702.7753250000271,2.2670404407295033,-0.7768716077803065
702.8753250000271,2.2727786432341714,-0.7751745105710057
702.9753250000272,2.278513725331273,-0.773465847485205
703.0753250000272,2.2842456637063577,-0.7717456242046756
703.1753250000272,2.289974435059853,-0.7700138464788897
703.2753250000272,2.2957000160997847,-0.7682705200917339
703.3753250000273,2.3014223835450984,-0.7665156508761939
703.4753250000273,2.3071415141267964,-0.764749244718269
703.5753250000273,2.312857384584325,-0.7629713075417182
703.6753250000273,2.3185699716694756,-0.7611818453234291
703.7753250000274,2.3242792521452325,-0.759380864089064
703.8753250000274,2.3299852027827166,-0.7575683698988611
703.9753250000274,2.3356878003689356,-0.7557443688803811
704.0753250000274,2.3413870216963932,-0.7539088671844555
704.1753250000274,2.347082843573835,-0.7520618710293349
704.2753250000275,2.3527752428183013,-0.7502033866675434
704.3753250000275,2.3584641962587334,-0.7483334204004992
704.4753250000275,2.3641496807371967,-0.7464519785824102
704.5753250000275,2.369831673104965,-0.7445590676050841
704.6753250000276,2.375510150226724,-0.7426546939132253
704.7753250000276,2.381185088979332,-0.7407388640001027
704.8753250000276,2.386856466248476,-0.7388115843934093
704.9753250000276,2.3925242589370947,-0.7368728616878606
705.0753250000276,2.3981884439540853,-0.7349227025013392
705.1753250000277,2.403848998225949,-0.7329611135188416
705.2753250000277,2.409505898688166,-0.7309881014594812
705.3753250000277,2.415159122289107,-0.7290036730910423
705.4753250000277,2.420808645991325,-0.7270078352338496
705.5753250000278,2.4264544467673366,-0.7250005947456544
705.6753250000278,2.4320965016041374,-0.7229819585368519
705.7753250000278,2.437734787501876,-0.7209519335661736
705.8753250000278,2.443369281470223,-0.7189105268266062
705.9753250000279,2.4489999605374466,-0.7168577453778313
706.0753250000279,2.4546268017382418,-0.7147935963025851
706.1753250000279,2.46024978212626,-0.7127180867503863
706.2753250000279,2.4658688787648186,-0.7106312239047005
706.3753250000279,2.471484068731102,-0.70853301499742
706.475325000028,2.477095329117536,-0.7064234673127069
706.575325000028,2.4827026370272645,-0.7043025881719625
706.675325000028,2.488305969578974,-0.7021703849489561
706.775325000028,2.493905303905472,-0.7000268650655436
706.875325000028,2.4995006171497844,-0.697872035977655
706.9753250000281,2.5050918864748715,-0.6957059052075636
707.0753250000281,2.5106790890505866,-0.6935284803004749
707.1753250000281,2.5162622020670837,-0.6913397688680157
707.2753250000281,2.521841202724868,-0.6891397785555752
707.3753250000282,2.5274160682392894,-0.6869285170567059
707.4753250000282,2.532986775841992,-0.6847059921169392
707.5753250000282,2.538553302776087,-0.6824722115188424
707.6753250000282,2.544115626301278,-0.6802271830970542
707.7753250000283,2.5496737236923614,-0.6779709147340318
707.8753250000283,2.5552275722350366,-0.675703414346111
707.9753250000283,2.560777149236279,-0.6734246899155907
708.0753250000283,2.5663224320104217,-0.6711347494475699
708.1753250000284,2.5718633978934298,-0.6688336010131802
708.2753250000284,2.577400024232301,-0.6665212527171184
708.3753250000284,2.582932288389852,-0.6641977127119625
708.4753250000284,2.588460167746237,-0.6618629892019585
708.5753250000284,2.5939836396938203,-0.6595170904281693
708.6753250000285,2.599502681642613,-0.6571600246834094
708.7753250000285,2.605017271018685,-0.6547918003080225
708.8753250000285,2.610527385259692,-0.6524124256760232
708.9753250000285,2.6160330018258913,-0.6500219092269826
709.0753250000286,2.6215340981853537,-0.6476202594231313
709.1753250000286,2.627030651829121,-0.6452074847923184
709.2753250000286,2.632522640259942,-0.6427835938957454
709.3753250000286,2.6380100409973455,-0.6403485953421921
709.4753250000286,2.643492831579235,-0.6379024977917733
709.5753250000287,2.648970989556476,-0.6354453099411879
709.6753250000287,2.6544444924986257,-0.6329770405385471
709.7753250000287,2.6599133179922534,-0.6304976983791835
709.8753250000287,2.6653774436361917,-0.6280072922918771
709.9753250000288,2.670836847053198,-0.6255058311705295
710.0753250000288,2.676291505874299,-0.6229933239315532
710.1753250000288,2.681741397754816,-0.6204697795565378
710.2753250000288,2.687186500362447,-0.6179352070602024
710.3753250000289,2.692626791382631,-0.6153896155045202
710.4753250000289,2.698062248520224,-0.6128330140024432
710.5753250000289,2.703492849493778,-0.6102654117032595
710.6753250000289,2.7089185720415667,-0.6076868178073103
710.7753250000289,2.7143393939198295,-0.6050972415618311
710.875325000029,2.719755292897742,-0.6024966922472693
710.975325000029,2.725166246769728,-0.599885179208733
711.075325000029,2.7305722333389335,-0.5972627118136816
711.175325000029,2.735973230434106,-0.594629299494283
711.275325000029,2.7413692158970377,-0.5919849517155947
711.3753250000291,2.7467601675882176,-0.5893296779895889
711.4753250000291,2.7521460633885813,-0.5866634878788414
711.5753250000291,2.75752688119349,-0.583986390982
711.6753250000291,2.762902598919058,-0.5812983969483836
711.7753250000292,2.768273194500316,-0.5785995154738601
711.8753250000292,2.7736386458859013,-0.5758897562872597
711.9753250000292,2.7789989310509906,-0.5731691291815861
712.0753250000292,2.784354027979938,-0.5704376439720263
712.1753250000293,2.7897039146840115,-0.5676953105379798
712.2753250000293,2.7950485691881894,-0.5649421387914835
712.3753250000293,2.8003879695370877,-0.5621781386911275
712.4753250000293,2.805722093796785,-0.5594033202457119
712.5753250000294,2.8110509200485225,-0.5566176934998301
712.6753250000294,2.816374426395317,-0.5538212685483443
712.7753250000294,2.821692590960036,-0.5510140555322999
712.8753250000294,2.8270053918798173,-0.5481960646254416
712.9753250000294,2.832312807319634,-0.545367306065174
713.0753250000295,2.837614815454087,-0.542527790110908
713.1753250000295,2.842911394485986,-0.5396775270857452
713.2753250000295,2.848202522632513,-0.536816527345159
713.3753250000295,2.8534881781314203,-0.5339448012907966
713.4753250000296,2.85876833924294,-0.531062359374098
713.5753250000296,2.864042984243192,-0.5281692120820048
713.6753250000296,2.8693120914310826,-0.525265369951304
713.7753250000296,2.8745756391262987,-0.5223508435645821
713.8753250000296,2.8798336056634586,-0.5194256435368478
713.9753250000297,2.8850859694063073,-0.5164897805462296
714.0753250000297,2.8903327087286623,-0.5135432652926756
714.1753250000297,2.8955738020338257,-0.5105861085392779
714.2753250000297,2.900809227740126,-0.5076183210812216
714.3753250000298,2.9060389642874016,-0.504639913759467
714.4753250000298,2.911262990138979,-0.50165089746433
714.5753250000298,2.9164812837747798,-0.4986512831213195
714.6753250000298,2.92169382369852,-0.4956410817053484
714.7753250000299,2.9269005884356227,-0.49262030423672687
714.8753250000299,2.932101556527099,-0.4895889617678963
714.9753250000299,2.93729670654436,-0.48654706541384984
715.0753250000299,2.942486017069325,-0.4834946263112051
715.1753250000299,2.947669466714684,-0.48043165565915236
715.27532500003,2.9528470341087942,-0.4773581646886832
715.37532500003,2.9580186979024496,-0.4742741646761469
715.47532500003,2.9631844367709252,-0.4711796669467897
715.57532500003,2.968344229406803,-0.4680746828607292
715.67532500003,2.9734980545274565,-0.4649592238270231
715.7753250000301,2.978645890872889,-0.461833301299705
715.8753250000301,2.9837877171993377,-0.4586969267646366
715.9753250000301,2.9889235122947015,-0.4555501117696409
716.0753250000301,2.9940532549578283,-0.45239286788396077
716.1753250000302,2.9991769240195945,-0.4492252067388116
716.2753250000302,3.004294498327193,-0.44604713999690426
716.3753250000302,3.0094059567511646,-0.4428586793658712
716.4753250000302,3.0145112781875145,-0.43965983660176666
716.5753250000303,3.0196104415502694,-0.43645062349518066
716.6753250000303,3.0247034257792365,-0.4332310518851577
716.7753250000303,3.0297902098377603,-0.4300011336552763
716.8753250000303,3.034870772706059,-0.4267608807206271
716.9753250000304,3.0399450933972627,-0.4235103050576473
717.0753250000304,3.0450131509358807,-0.42024941866398036
717.1753250000304,3.050074924379711,-0.41697823359861685
717.2753250000304,3.055130392803507,-0.41369676195172456
717.3753250000304,3.0601795353062764,-0.4104050158579384
717.4753250000305,3.0652223310134667,-0.4071030074998177
717.5753250000305,3.0702587590692394,-0.40379074909410756
717.6753250000305,3.0752887986445163,-0.40046825290550403
717.7753250000305,3.080312428934663,-0.39713553124277823
717.8753250000306,3.0853296291525583,-0.3937925964458838
717.9753250000306,3.0903403785452337,-0.39043946091547715
718.0753250000306,3.095344656371525,-0.38707613707319966
718.1753250000306,3.100342441924793,-0.3837026374013917
718.2753250000306,3.1053337145159796,-0.38031897441324114
718.3753250000307,3.110318453481188,-0.3769251606659282
718.4753250000307,3.115296638183934,-0.37352120876403877
718.5753250000307,3.120268248007136,-0.37010713134597906
718.6753250000307,3.125233262361438,-0.3666829410975848
718.7753250000308,3.130191660682824,-0.36324865074829077
718.8753250000308,3.1351434224254184,-0.359804273058372
718.9753250000308,3.140088527078725,-0.35634982084813704
719.0753250000308,3.1450269541444777,-0.35288530695864906
719.1753250000309,3.1499586831601647,-0.3494107442909966
719.2753250000309,3.154883693681475,-0.3459261457767716
719.3753250000309,3.1598019652901517,-0.3424315243910671
719.4753250000309,3.1647134775963117,-0.3389268931558449
719.575325000031,3.1696182102301558,-0.335412265126508
719.675325000031,3.1745161428505733,-0.3318876534053466
719.775325000031,3.1794072551426655,-0.3283530711377543
719.875325000031,3.184291526810304,-0.32480853149961
719.975325000031,3.1891689375939536,-0.3212540477261344
720.0753250000311,3.194039467246733,-0.31768963307306397
720.1753250000311,3.1989030955587245,-0.31411530085546047
720.2753250000311,3.2037598023388343,-0.3105310644185331
720.3753250000311,3.208609567422895,-0.3069369371504819
720.4753250000311,3.213452370676063,-0.3033329324858194
720.5753250000312,3.2182881919842607,-0.2997190638921077
720.6753250000312,3.2231170112630476,-0.2960953448832328
720.7753250000312,3.2279388084550646,-0.29246178901567194
720.8753250000312,3.232753563522337,-0.2888184098760197
720.9753250000313,3.2375612564646854,-0.28516522110949805
721.0753250000313,3.2423618672949983,-0.28150223638159655
721.1753250000313,3.2471553760643324,-0.2778294694164034
721.2753250000313,3.2519417628431775,-0.27414693396778383
721.3753250000314,3.2567210077298236,-0.2704546438320683
721.4753250000314,3.2614930908528166,-0.2667526128513262
721.5753250000314,3.266257992362138,-0.2630408549002705
721.6753250000314,3.2710156924383433,-0.25931938389935605
721.7753250000314,3.2757661712899324,-0.2555882138110971
721.8753250000315,3.2805094091453997,-0.251847358627746
721.9753250000315,3.2852453862722224,-0.2480968323994411
722.0753250000315,3.2899740829513595,-0.24433664919633266
722.1753250000315,3.294695479503118,-0.24056682314642028
722.2753250000316,3.2994095562678463,-0.23678736840709988
722.3753250000316,3.3041162936145487,-0.23299829917768852
722.4753250000316,3.3088156719434125,-0.22919962970264712
722.5753250000316,3.313507671676721,-0.22539137425865938
722.6753250000316,3.3181922732682545,-0.22157354716755184
722.7753250000317,3.3228694572005972,-0.2177461627926644
722.8753250000317,3.327539203976931,-0.21390923552668106
722.9753250000317,3.33220149414059,-0.21006277981940422
723.0753250000317,3.336856308248792,-0.20620681014038356
723.1753250000318,3.3415036268992777,-0.20234134101624832
723.2753250000318,3.3461434307104203,-0.1984663870026315
723.3753250000318,3.3507757003300993,-0.19458196269652317
723.4753250000318,3.3554004164382962,-0.1906880827394443
723.5753250000319,3.3600175597377415,-0.1867847618047055
723.6753250000319,3.3646271109635797,-0.1828720146101412
723.7753250000319,3.3692290508805893,-0.17894985591453375
723.8753250000319,3.373823360274744,-0.1750183005056054
723.975325000032,3.3784100199733293,-0.1710773632274076
724.075325000032,3.3829890108179175,-0.1671270589434669
724.175325000032,3.3875603136917602,-0.1631674025735924
724.275325000032,3.39212390949933,-0.15919840906619115
724.375325000032,3.396679779175443,-0.15522009341044812
724.4753250000321,3.4012279036879134,-0.15123247063944908
724.5753250000321,3.40576826402795,-0.1472355558176238
724.6753250000321,3.410300841220078,-0.1432293640532858
724.7753250000321,3.4148256163192965,-0.1392139104951129
724.8753250000321,3.419342570402379,-0.1351892103203069
724.9753250000322,3.4238516845885556,-0.13115527876158892
725.0753250000322,3.4283529400117336,-0.12711213107087418
725.1753250000322,3.432846317848642,-0.1230597825555392
725.2753250000322,3.437331799297808,-0.1189982485511403
725.3753250000323,3.4418093655889352,-0.11492754443341621
725.4753250000323,3.4462789979856145,-0.11084768562135766
725.5753250000323,3.450740677775464,-0.10675868756483946
725.6753250000323,3.455194386280308,-0.10266056575696411
725.7753250000324,3.4596401048532597,-0.09855333573059902
725.8753250000324,3.4640778148697926,-0.09443701304670701
725.9753250000324,3.468507497748959,-0.0903116133209341
726.0753250000324,3.4729291349248808,-0.0861771521878319
726.1753250000324,3.4773427078756236,-0.08203364533657112
726.2753250000325,3.481748198101622,-0.07788110848407306
726.3753250000325,3.486145587135301,-0.07371955738682825
726.4753250000325,3.4905348565438485,-0.0695490078439111
726.5753250000325,3.4949159879191125,-0.06536947568480773
726.6753250000326,3.4992889628880217,-0.061180976781558156
726.7753250000326,3.5036537631096047,-0.056983527045351354
726.8753250000326,3.5080103702658154,-0.05277714241503097
726.9753250000326,3.5123587660832927,-0.04856183888326512
727.0753250000326,3.5166989323041298,-0.04433763246133125
727.1753250000327,3.521030850715474,-0.04010453921426185
727.2753250000327,3.5253545031274056,-0.0358625752344003
727.3753250000327,3.529669871382798,-0.03161175665302787
727.4753250000327,3.5339769373601513,-0.027352099643322136
727.5753250000328,3.5382756829632447,-0.02308362040838631
727.6753250000328,3.542566090131799,-0.018806335193187626
727.7753250000328,3.5468481408384274,-0.014520260281211728
727.8753250000328,3.5511218170792342,-0.010225411983146804
727.9753250000329,3.5553871008961,-0.005921806662623694
728.0753250000329,3.559643974346736,-0.001609460701578011
728.1753250000329,3.5638924195350006,0.0027116094651874895
728.2753250000329,3.5681324185882373,0.007041387376011274
728.375325000033,3.572363953667373,0.01137985653094041
728.475325000033,3.576587006969816,0.01572700038882871
728.575325000033,3.5808015607188577,0.020082802379101358
728.675325000033,3.5850075971745836,0.024447245890029612
728.775325000033,3.589205098630754,0.02882031427201491
728.8753250000331,3.5933940474051687,0.03320199084871875
728.9753250000331,3.597574425862478,0.03759225889176107
729.0753250000331,3.6017462163835354,0.04199110165476923
729.1753250000331,3.6059094013964184,0.04639850233941658
729.2753250000331,3.610063963353239,0.0508144441209823
729.3753250000332,3.614209884740469,0.055238910137115155
729.4753250000332,3.6183471480818925,0.05967188348498884
729.5753250000332,3.622475735927776,0.06411334723285836
729.6753250000332,3.626595630866017,0.06856328440855229
729.7753250000333,3.6307068155189532,0.07302167800269402
729.8753250000333,3.634809272533508,0.07748851097964139
729.9753250000333,3.638902984604517,0.08196376625263549
730.0753250000333,3.6429879344433864,0.08644742671724454
730.1753250000334,3.6470641048097976,0.09093947521801465
730.2753250000334,3.6511314784880007,0.09543989457357212
730.3753250000334,3.6551900382973677,0.09994866756559088
730.4753250000334,3.659239767095404,0.10446577693600763
730.5753250000334,3.6632806477666957,0.10899120539836273
730.6753250000335,3.66731266323428,0.11352493562651171
730.7753250000335,3.671335796456388,0.11806695025778462
730.8753250000335,3.675350030416367,0.12261723190373276
730.9753250000335,3.679355348146518,0.1271757631257387
731.0753250000336,3.6833517326960705,0.13174252646783913
731.1753250000336,3.6873391671635662,0.13631750442400065
731.2753250000336,3.6913176346726435,0.14090067946275436
731.3753250000336,3.695287118382819,0.14549203401637256
731.4753250000336,3.699247601492553,0.15009155047814543
731.5753250000337,3.7031990672279522,0.15469921121350202
731.6753250000337,3.7071414988543796,0.1593149985489463
731.7753250000337,3.711074879673144,0.1639388947751508
731.8753250000337,3.7149991930111943,0.16857088215750599
731.9753250000338,3.718914422245453,0.17321094291220102
732.0753250000338,3.7228205507701246,0.17785905923841352
732.1753250000338,3.7267175620297417,0.18251521328622602
732.2753250000338,3.730605439494451,0.18717938718078167
732.3753250000339,3.734484166671013,0.191851563011674
732.4753250000339,3.738353727105924,0.19653172283028453
732.5753250000339,3.7422141043739012,0.20121984866067927
732.6753250000339,3.7460652820897096,0.20591592248877613
732.775325000034,3.7499072439047834,0.21061992626537093
732.875325000034,3.753739973496711,0.2153318419164844
732.975325000034,3.7575634545940604,0.22005165131992566
733.075325000034,3.761377670943025,0.22477933633683406
733.175325000034,3.765182606341127,0.2295148787802481
733.2753250000341,3.7689782446120015,0.2342582604387737
733.3753250000341,3.7727645696166348,0.2390094630661919
733.4753250000341,3.7765415652565215,0.24376846837885593
733.5753250000341,3.7803092154619318,0.24853525806636034
733.6753250000341,3.784067504203958,0.253309813780946
733.7753250000342,3.7878164154910836,0.2580921171404602
733.8753250000342,3.7915559333584503,0.2628821497384916
733.9753250000342,3.7952860418931516,0.2676798931214219
734.0753250000342,3.7990067252002486,0.2724853288193115
734.1753250000343,3.8027179674371157,0.277298438315139
734.2753250000343,3.806419752787744,0.28211920306796806
734.3753250000343,3.810112065474174,0.28694760450277274
734.4753250000343,3.813794889759713,0.2917836240079016
734.5753250000344,3.8174682099369974,0.2966272429455154
734.6753250000344,3.8211320103402455,0.30147844264123014
734.7753250000344,3.8247862753417685,0.30633720438700573
734.8753250000344,3.82843098934103,0.31120350945107184
734.9753250000344,3.8320661367904036,0.31607733905548185
735.0753250000345,3.835691702160565,0.3209586744063237
735.1753250000345,3.8393076699754625,0.3258474966636349
735.2753250000345,3.8429140247861495,0.3307437869640641
735.3753250000345,3.846510751182419,0.335647526410927
735.4753250000346,3.8500978337960836,0.34055869607173433
735.5753250000346,3.853675257288815,0.34547727698838715
735.6753250000346,3.8572430063646164,0.35040325016706353
735.7753250000346,3.8608010657662613,0.35533659658103994
735.8753250000346,3.864349420264163,0.3602772971804009
735.9753250000347,3.8678880546825902,0.36522533287010284
736.0753250000347,3.8714169538644407,0.3701806845394982
736.1753250000347,3.8749361027068154,0.37514333303294645
736.2753250000347,3.878445486134396,0.38011325917195427
736.3753250000348,3.8819450891112903,0.3850904437454611
736.4753250000348,3.885434896644357,0.3900748675074342
736.5753250000348,3.888914893770839,0.395066511186824
736.6753250000348,3.892385065571031,0.4000653554776977
736.7753250000349,3.895845397164668,0.4050713810419886
736.8753250000349,3.8992958736995975,0.4100845685189839
736.9753250000349,3.9027364803784526,0.41510489850390914
737.0753250000349,3.9061672024228073,0.4201323515767553
737.175325000035,3.9095880251093598,0.4251669082735958
737.275325000035,3.9129989337428555,0.4302085491081995
737.375325000035,3.916399913668127,0.4352572545625504
737.475325000035,3.9197909502734727,0.44031300508450555
737.575325000035,3.9231720289780814,0.4453757810975044
737.6753250000351,3.926543135244909,0.4504455629909583
737.7753250000351,3.9299042545770178,0.45552233112292817
737.8753250000351,3.9332553725060375,0.4606060658293869
737.9753250000351,3.9365964746192743,0.4656967474033301
738.0753250000351,3.9399275465232915,0.47079435612289366
738.1753250000352,3.943248573880674,0.4758988722233906
738.2753250000352,3.946559542382511,0.48101027591838563
738.3753250000352,3.9498604377606314,0.4861285473904513
738.4753250000352,3.953151245791023,0.49125366678889615
738.5753250000353,3.956431952281061,0.4963856142392251
738.6753250000353,3.959702543082587,0.5015243698337836
738.7753250000353,3.9629630040881803,0.5066699136343589
738.8753250000353,3.966213321219443,0.5118222256812172
738.9753250000354,3.9694534804545385,0.5169812859727538
739.0753250000354,3.972683467791189,0.5221470744928868
739.1753250000354,3.975903269284005,0.5273195711838203
739.2753250000354,3.979112871016549,0.5324987559665756
739.3753250000354,3.982312259113761,0.5376846087319923
739.4753250000355,3.985501419745419,0.5428771093385225
739.5753250000355,3.988680339113175,0.5480762376214354
739.6753250000355,3.9918490034638134,0.5532819733837211
739.7753250000355,3.995007399085493,0.5584942963986214
739.8753250000356,3.9981555122958348,0.5637131864184344
739.9753250000356,4.001293329469875,0.5689386231547094
740.0753250000356,4.004420837002506,0.5741705863049071
740.1753250000356,4.007538021346363,0.5794090555259032
740.2753250000357,4.010644868983466,0.5846540104539644
740.3753250000357,4.013741366437819,0.5899054306959953
740.4753250000357,4.016827500278933,0.5951632958274042
740.5753250000357,4.019903257108672,0.6004275854010505
740.6753250000357,4.022968623574695,0.6056982789384103
740.7753250000358,4.026023586366637,0.6109753559320313
740.8753250000358,4.029068132204022,0.6162587958541015
740.9753250000358,4.032102247864625,0.6215485781372025
741.0753250000358,4.035125920146366,0.6268446822002212
741.1753250000359,4.03813913590574,0.6321470874226045
741.2753250000359,4.041141882029047,0.6374557731637752
741.3753250000359,4.044134145445179,0.6427707187546279
741.4753250000359,4.047115913129169,0.6480919034954628
741.575325000036,4.050087172088865,0.653419306664671
741.675325000036,4.053047909378556,0.6587529075101732
741.775325000036,4.055998112095098,0.6640926852517984
741.875325000036,4.058937767365662,0.6694386190896096
741.975325000036,4.06186686237647,0.6747906881852146
742.0753250000361,4.064785384334173,0.6801488716869273
742.1753250000361,4.067693320504806,0.6855131487047886
742.2753250000361,4.070590658184615,0.6908834983294068
742.3753250000361,4.0734773847130255,0.696259899623706
742.4753250000362,4.07635348747623,0.7016423316209327
742.5753250000362,4.079218953893686,0.7070307733330781
742.6753250000362,4.082073771431913,0.712425203742586
742.7753250000362,4.084917927600582,0.717825601804652
742.8753250000362,4.087751409940075,0.7232319464553074
742.9753250000363,4.090574206050615,0.7286442165933062
743.0753250000363,4.093386303553127,0.7340623911045131
743.1753250000363,4.096187690128707,0.7394864488376955
743.2753250000363,4.098978353489055,0.7449163686227886
743.3753250000364,4.101758281389621,0.7503521292629038
743.4753250000364,4.104527461633234,0.7557937095324089
743.5753250000364,4.107285882056422,0.761241088185074
743.6753250000364,4.1100335305433795,0.7666942439460558
743.7753250000364,4.112770395022013,0.7721531555141208
743.8753250000365,4.1154964634513345,0.7776178015694828
743.9753250000365,4.118211723850957,0.7830881607562669
744.0753250000365,4.120916164261456,0.7885642117061196
744.1753250000365,4.123609772784345,0.7940459330147889
744.2753250000366,4.1262925375521355,0.7995333032597984
744.3753250000366,4.128964446741635,0.8050263009927161
744.4753250000366,4.131625488577613,0.8105249047373073
744.5753250000366,4.134275651318964,0.8160290929974137
744.6753250000367,4.136914923272839,0.8215388442492104
744.7753250000367,4.139543292790637,0.8270541369433488
744.8753250000367,4.142160748255251,0.8325749495125467
744.9753250000367,4.144767278110917,0.8381012603546402
745.0753250000367,4.147362870823087,0.8436330478554037
745.1753250000368,4.1499475149188845,0.8491702903659233
745.2753250000368,4.152521198956805,0.8547129662196774
745.3753250000368,4.155083911540173,0.8602610537250714
745.4753250000368,4.157635641320857,0.8658145311636625
745.5753250000369,4.160176376985252,0.8713733767977592
745.6753250000369,4.162706107268578,0.876937568862965
745.7753250000369,4.1652248209508285,0.882507085570244
745.8753250000369,4.1677325068438575,0.8880819051132506
745.975325000037,4.170229153821578,0.8936620056519733
746.075325000037,4.172714750779372,0.8992473653347619
746.175325000037,4.175189286675004,0.9048379622765104
746.275325000037,4.177652750497974,0.9104337745751303
746.375325000037,4.18010513128313,0.9160347803043476
746.4753250000371,4.182546418114406,0.9216409575120034
746.5753250000371,4.184976600110667,0.9272522842273818
746.6753250000371,4.187395666440148,0.9328687384540347
746.7753250000371,4.189803606316367,0.9384902981717611
746.8753250000372,4.192200408985057,0.9441169413436841
746.9753250000372,4.194586063754702,0.9497486459005007
747.0753250000372,4.1969605599554995,0.9553853897616947
747.1753250000372,4.199323886980718,0.9610271508145342
747.2753250000372,4.201676034255706,0.9666739069299348
747.3753250000373,4.204016991251659,0.9723256359555339
747.4753250000373,4.206346747489391,0.9779823157140625
747.5753250000373,4.208665292525032,0.983643924010384
747.6753250000373,4.210972615964612,0.9893104386246107
747.7753250000374,4.2132687074599335,0.9949818373140078
747.8753250000374,4.215553556695353,1.0006580978198094
747.9753250000374,4.217827153418655,1.0063391978520673
748.0753250000374,4.220089487399566,1.0120251151100526
748.1753250000374,4.222340548471539,1.01771582726208
748.2753250000375,4.224580326500451,1.0234113119607502
748.3753250000375,4.226808811398502,1.0291115468362946
748.4753250000375,4.229025993128034,1.0348165094950261
748.5753250000375,4.231231861687064,1.0405261775260974
748.6753250000376,4.233426407124025,1.0462405284949035
748.7753250000376,4.235609619533587,1.0519595399449018
748.8753250000376,4.237781489043311,1.0576831894041652
748.9753250000376,4.239942005844826,1.0634114543708513
749.0753250000377,4.242091160151926,1.0691443123327744
749.1753250000377,4.244228942242772,1.074881740748058
749.2753250000377,4.246355342428274,1.0806237170597588
749.3753250000377,4.248470351066127,1.0863702186894897
749.4753250000377,4.250573958564658,1.092121223035941
749.5753250000378,4.252666155368228,1.0978767074813491
749.6753250000378,4.254746931972098,1.1036366493852015
749.7753250000378,4.256816278918226,1.1094010260859741
749.8753250000378,4.258874186781776,1.1151698149074116
749.9753250000379,4.260920646202603,1.1209429931446149
750.0753250000379,4.262955647842931,1.1267205380827834
750.1753250000379,4.264979182429975,1.1325024269787114
750.2753250000379,4.266991240724009,1.1382886370747796
750.375325000038,4.268991813532526,1.1440791455928547
750.475325000038,4.270980891714128,1.1498739297328906
750.575325000038,4.272958466163795,1.1556729666791061
750.675325000038,4.274924527827887,1.1614762335939852
750.775325000038,4.276879067699883,1.1672837076199287
750.8753250000381,4.278822076806773,1.1730953658852683
750.9753250000381,4.280753546240833,1.1789111854909848
751.0753250000381,4.282673467116918,1.1847311435286016
751.1753250000381,4.284581830615457,1.1905552170625309
751.2753250000382,4.286478627950229,1.1963833831434285
751.3753250000382,4.2883638503826775,1.2022156188023811
751.4753250000382,4.290237489225795,1.2080519010495814
751.5753250000382,4.29209953582928,1.2138922068802138
751.6753250000382,4.2939499815946505,1.2197365132687494
751.7753250000383,4.295788817970978,1.2255847971705123
751.8753250000383,4.297616036441131,1.2314370355274282
751.9753250000383,4.299431628553825,1.2372932052553751
752.0753250000383,4.301235585880558,1.2431532832612255
752.1753250000384,4.303027900058957,1.2490172464260456
752.2753250000384,4.304808562760291,1.2548850716178088
752.3753250000384,4.306577565703894,1.260756735685867
752.4753250000384,4.308334900661092,1.2666322154597114
752.5753250000384,4.310080559440218,1.272511487754556
752.6753250000385,4.31181453390186,1.2783945293659356
752.7753250000385,4.313536815954553,1.2842813170711864
752.8753250000385,4.315247397540917,1.2901718276349206
752.9753250000385,4.316946270669949,1.296066037797012
753.0753250000386,4.318633427373612,1.3019639242887826
753.1753250000386,4.3203088597505515,1.3078654638170706
753.2753250000386,4.321972559933318,1.3137706330762935
753.3753250000386,4.323624520102916,1.3196794087432036
753.4753250000387,4.325264732492739,1.3255917674757276
753.5753250000387,4.326893189373509,1.3315076859182577
753.6753250000387,4.328509883068601,1.3374271406965512
753.7753250000387,4.330114805949718,1.3433501084191188
753.8753250000387,4.331707950422906,1.3492765656824233
753.9753250000388,4.3332893089611115,1.355206489059519
754.0753250000388,4.334858874060421,1.3611398551153664
754.1753250000388,4.336416638284113,1.3670766403917705
754.2753250000388,4.337962594229633,1.373016821418793
754.3753250000389,4.339496734543242,1.3789603747098016
754.4753250000389,4.3410190519239915,1.3849072767603823
754.5753250000389,4.342529539108535,1.3908575040533242
754.6753250000389,4.344028188886573,1.396811033053832
754.775325000039,4.345514994096491,1.4027678402108354
754.875325000039,4.346989947611272,1.4087279019619035
754.975325000039,4.348453042371285,1.4146911947225256
755.075325000039,4.349904271340213,1.4206576949005596
755.175325000039,4.351343627549402,1.4266273788820503
755.2753250000391,4.352771104064617,1.432600223041982
755.3753250000391,4.354186694000796,1.4385762037396175
755.4753250000391,4.355590390526035,1.4445552973174922
755.5753250000391,4.356982186846292,1.4505374801061002
755.6753250000392,4.358362076220938,1.4565227284194044
755.7753250000392,4.359730051958378,1.4625110185560621
755.8753250000392,4.361086107401848,1.4685023268040607
755.9753250000392,4.362430235962432,1.4744966294306592
756.0753250000392,4.363762431074688,1.4804939026959498
756.1753250000393,4.365082686241301,1.4864941228395612
756.2753250000393,4.366390994999597,1.4924972660907483
756.3753250000393,4.367687350936404,1.4985033086640254
756.4753250000393,4.368971747692055,1.5045122267582425
756.5753250000394,4.370244178945011,1.51052399656096
756.6753250000394,4.371504638427492,1.516538594244278
756.7753250000394,4.372753119921058,1.522555995965967
756.8753250000394,4.373989617242331,1.5285761778738238
756.9753250000394,4.3752141242762175,1.5345991160962766
757.0753250000395,4.376426634931253,1.540624786755056
757.1753250000395,4.377627143184517,1.5466531659527822
757.2753250000395,4.3788156430479575,1.5526842297823928
757.3753250000395,4.379992128583331,1.558717954323078
757.4753250000396,4.381156593906234,1.5647543156394326
757.5753250000396,4.38230903317062,1.5707932897855241
757.6753250000396,4.3834494405845295,1.5768348528010296
757.7753250000396,4.384577810405645,1.5828789807122865
757.8753250000397,4.3856941369269205,1.5889256495363575
757.9753250000397,4.386798414510005,1.5949748352722983
758.0753250000397,4.387890637540311,1.601026513912939
758.1753250000397,4.388970800472207,1.6070806614333708
758.2753250000397,4.39003889779513,1.6131372537997006
758.3753250000398,4.391094924048613,1.6191962669652789
758.4753250000398,4.392138873826333,1.6252576768699365
758.5753250000398,4.393170741760552,1.631321459443744
758.6753250000398,4.394190522537918,1.6373875906034663
758.7753250000399,4.395198210895014,1.6434560462535166
758.8753250000399,4.396193801603884,1.6495268022897394
758.9753250000399,4.397177289505645,1.6555998345913414
759.0753250000399,4.398148669465308,1.6616751190317807
759.17532500004,4.3991079364172165,1.6677526314681579
759.27532500004,4.400055085330971,1.6738323477492898
759.37532500004,4.400990111226548,1.6799142437122347
759.47532500004,4.401913009178351,1.6859982951816144
759.57532500004,4.402823774299563,1.6920844779730562
759.6753250000401,4.403722401758041,1.698172767889972
759.7753250000401,4.4046088867718485,1.7042631407244246
759.8753250000401,4.405483224594683,1.710355572260617
759.9753250000401,4.406345410549669,1.7164500382674945
760.0753250000402,4.407195439983951,1.7225465145087284
760.1753250000402,4.408033308314346,1.7286449767330154
760.2753250000402,4.408859010993114,1.7347454006814709
760.3753250000402,4.409672543523129,1.7408477620844662
760.4753250000402,4.4104739014619625,1.7469520366610238
760.5753250000403,4.411263080406165,1.7530582001219495
760.6753250000403,4.412040076007216,1.759166228166924
760.7753250000403,4.412804883967032,1.7652760964852812
760.8753250000403,4.413557500023346,1.771387780759206
760.9753250000404,4.414297919983638,1.7775012566570128
761.0753250000404,4.415026139679518,1.7836164998422235
761.1753250000404,4.415742155012595,1.7897334859647809
761.2753250000404,4.4164459619200755,1.7958521906677571
761.3753250000404,4.417137556390017,1.8019725895844898
761.4753250000405,4.417816934465412,1.8080946583380602
761.5753250000405,4.418484092228411,1.814218372544116
761.6753250000405,4.419139025816332,1.8203437078082736
761.7753250000405,4.4197817314171495,1.8264706397268098
761.8753250000406,4.420412205254809,1.8325991438895692
761.9753250000406,4.421030443623299,1.8387291958739294
762.0753250000406,4.421636442840844,1.8448607712529546
762.1753250000406,4.422230199295958,1.850993845587527
762.2753250000407,4.422811709412901,1.857128394432368
762.3753250000407,4.4233809696669955,1.8632643933334827
762.4753250000407,4.423937976588716,1.86940181782772
762.5753250000407,4.424482726747858,1.8755406434452793
762.6753250000407,4.425015216769598,1.8816808457074359
762.7753250000408,4.425535443329973,1.8878224001271353
762.8753250000408,4.426043403141128,1.893965282211611
762.9753250000408,4.426539092985527,1.9001094674570251
763.0753250000408,4.427022509669962,1.9062549313557136
763.1753250000409,4.427493650071772,1.9124016493892386
763.2753250000409,4.427952511104178,1.918549597033719
763.3753250000409,4.42839908973165,1.9246987497575785
763.4753250000409,4.428833382974016,1.9308490830211875
763.575325000041,4.429255387890566,1.9370005722790506
763.675325000041,4.429665101596173,1.943153192977857
763.775325000041,4.430062521256743,1.9493069205569853
763.875325000041,4.4304476440744125,1.9554617304508253
763.975325000041,4.430820467321881,1.9616175980841002
764.0753250000411,4.43118098829626,1.9677744988781956
764.1753250000411,4.431529204365452,1.9739324082451368
764.2753250000411,4.4318651129333535,1.9800913015922248
764.3753250000411,4.43218871145528,1.9862511543200863
764.4753250000412,4.432499997442077,1.992411941822403
764.5753250000412,4.432798968444189,1.998573639487784
764.6753250000412,4.433085622067805,2.0047362226981313
764.7753250000412,4.433359955970321,2.0108996668290606
764.8753250000412,4.433621967845468,2.0170639472519243
764.9753250000413,4.433871655457754,2.023229039329819
765.0753250000413,4.434109016596169,2.0293949184229936
765.1753250000413,4.434334049120707,2.0355615598837566
765.2753250000413,4.434546750927458,2.0417289390604085
765.3753250000414,4.434747119964079,2.0478970312956046
765.4753250000414,4.434935154233916,2.054065811926167
765.5753250000414,4.435110851780022,2.0602352562846398
765.6753250000414,4.4352742107013485,2.06640533969798
765.7753250000414,4.43542522914819,2.0725760374878757
765.8753250000415,4.435563905307275,2.078747324972478
765.9753250000415,4.435690237436292,2.08491917746311
766.0753250000415,4.435804223817479,2.091091570268735
766.1753250000415,4.435905862804253,2.0972644786917884
766.2753250000416,4.435995152786219,2.1034378780314245
766.3753250000416,4.436072092204681,2.10961174358219
766.4753250000416,4.436136679556758,2.1157860506339126
766.5753250000416,4.436188913379379,2.121960774472929
766.6753250000417,4.436228792265492,2.1281358903811087
766.7753250000417,4.436256314859514,2.1343113736360904
766.8753250000417,4.436271479842375,2.140487199512707
766.9753250000417,4.436274285966125,2.1466633432803746
767.0753250000417,4.436264732007414,2.1528397802066417
767.1753250000418,4.436242816814223,2.15901648555396
767.2753250000418,4.4362085392707975,2.1651934345822235
767.3753250000418,4.436161898313185,2.1713706025477526
767.4753250000418,4.436102892933363,2.1775479647032645
767.5753250000419,4.436031522163198,2.18372549629879
767.6753250000419,4.435947785090684,2.1899031725810105
767.7753250000419,4.435851680855379,2.1960809687934084
767.8753250000419,4.435743208633422,2.2022588601773903
767.975325000042,4.4356223676722,2.2084368219703725
768.075325000042,4.435489157243747,2.2146148294083963
768.175325000042,4.435343576691549,2.2207928577238314
768.275325000042,4.435185625395415,2.226970882147218
768.375325000042,4.435015302787047,2.2331488779065625
768.4753250000421,4.434832608354161,2.2393268202273964
768.5753250000421,4.4346375416244275,2.2455046843333535
768.6753250000421,4.4344301021817305,2.2516824454458457
768.7753250000421,4.434210289661596,2.257860078784116
768.8753250000422,4.433978103736181,2.2640375595660682
768.9753250000422,4.433733544148989,2.270214863007044
769.0753250000422,4.433476610668206,2.276391964321503
769.1753250000422,4.433207303133566,2.2825688387216685
769.2753250000422,4.43292562142117,2.288745461418658
769.3753250000423,4.432631565459079,2.2949218076220945
769.4753250000423,4.432325135231437,2.301097852540244
769.5753250000423,4.432006330762384,2.3072735713802883
769.6753250000423,4.431675152132341,2.313448939348312
769.7753250000424,4.431331599473419,2.31962393164926
769.8753250000424,4.430975672954407,2.32579852348747
769.9753250000424,4.430607372815509,2.3319726900661513
770.0753250000424,4.43022669932164,2.3381464065881303
770.1753250000424,4.4298336528093145,2.3443196482554254
770.2753250000425,4.4294282336514605,2.3504923902696797
770.3753250000425,4.429010442273006,2.356664607832085
770.4753250000425,4.4285802791550015,2.3628362761436033
770.5753250000425,4.428137744818535,2.3690073704049057
770.6753250000426,4.4276828398409975,2.375177865816694
770.7753250000426,4.427215564851526,2.3813477375795786
770.8753250000426,4.426735920515947,2.387516960894295
770.9753250000426,4.426243907571546,2.3936855109618733
771.0753250000427,4.4257395267803314,2.3998533629834533
771.1753250000427,4.4252227789759555,2.4060204921608164
771.2753250000427,4.424693665028497,2.4121868736961
771.3753250000427,4.424152185860059,2.4183524827920246
771.4753250000427,4.423598342448884,2.4245172946522002
771.5753250000428,4.423032135813271,2.4306812844807566
771.6753250000428,4.4224535670278415,2.4368444274829892
771.7753250000428,4.4218626372189735,2.4430066988651307
771.8753250000428,4.421259347549743,2.449168073834275
771.9753250000429,4.4206436992547,2.455328527599251
772.0753250000429,4.420015693593127,2.4614880353694906
772.1753250000429,4.419375331895952,2.4676465723564984
772.2753250000429,4.418722615530532,2.4738041137728644
772.375325000043,4.418057545916251,2.4799606348328167
772.475325000043,4.417380124528633,2.4861161107525964
772.575325000043,4.4166903528832595,2.492270516749762
772.675325000043,4.415988232552022,2.498423828044164
772.775325000043,4.415273765158571,2.5045760198576357
772.8753250000431,4.414546952363248,2.5107270674136073
772.9753250000431,4.413807795897847,2.516876945938675
773.0753250000431,4.41305629751889,2.5230256306605376
773.1753250000431,4.412292459054527,2.529173096810404
773.2753250000432,4.411516282369327,2.5353193196212986
773.3753250000432,4.410727769379866,2.5414642743289235
773.4753250000432,4.4099269220588315,2.5476079361721222
773.5753250000432,4.4091137424189535,2.5537502803918652
773.6753250000432,4.408288232529246,2.5598912822325417
773.7753250000433,4.407450394510455,2.566030916941556
773.8753250000433,4.406600230519991,2.5721691597686505
773.9753250000433,4.405737742786686,2.5783059859681696
774.0753250000433,4.404862933564074,2.5844413707960587
774.1753250000434,4.403975805177271,2.590575289513204
774.2753250000434,4.403076359987773,2.596707717383039
774.3753250000434,4.40216460040906,2.60283862967272
774.4753250000434,4.401240528910675,2.608968001653671
774.5753250000434,4.40030414800217,2.6150958086002434
774.6753250000435,4.399355460249326,2.6212220257913397
774.7753250000435,4.398394468269601,2.6273466285099216
774.8753250000435,4.397421174717097,2.6334695920420246
774.9753250000435,4.396435582317256,2.6395908916797106
775.0753250000436,4.395437693820197,2.6457105027171384
775.1753250000436,4.394427512047546,2.6518284004548516
775.2753250000436,4.393405039857269,2.6579445601966727
775.3753250000436,4.392370280159248,2.664058957251184
775.4753250000437,4.39132323591936,2.6701715669323605
775.5753250000437,4.3902639101434495,2.67628236455791
775.6753250000437,4.389192305893511,2.6823913254512277
775.7753250000437,4.388108426283151,2.6884984249407973
775.8753250000437,4.3870122744625615,2.6946036383589114
775.9753250000438,4.385903853653177,2.7007069410453246
776.0753250000438,4.384783167101082,2.7068083083423824
776.1753250000438,4.3836502181237496,2.7129077156002497
776.2753250000438,4.382505010074942,2.7190051381731015
776.3753250000439,4.381347546360253,2.7251005514209155
776.4753250000439,4.380177830441182,2.731193930710189
776.5753250000439,4.378995865819132,2.737285251411959
776.6753250000439,4.3778016560515525,2.743374488904063
776.775325000044,4.376595204747426,2.7494616185704723
776.875325000044,4.375376515552253,2.7555466157996955
776.975325000044,4.374145592182642,2.7616294559891434
777.075325000044,4.3729024383798,2.7677101145393115
777.175325000044,4.3716470579561975,2.7737885668599453
777.2753250000441,4.3703794547605215,2.779864788365526
777.3753250000441,4.36909963269319,2.7859387544773844
777.4753250000441,4.367807595710404,2.7920104406244928
777.5753250000441,4.366503347808193,2.7980798222411583
777.6753250000442,4.365186893038512,2.8041468747696223
777.7753250000442,4.3638582355047415,2.8102115736592923
777.8753250000442,4.362517379346695,2.816273894364855
777.9753250000442,4.361164328775139,2.8223338123513138
778.0753250000442,4.359799088025387,2.828391303087253
778.1753250000443,4.358421661403841,2.834446342051943
778.2753250000443,4.357032053253036,2.8404989047301203
778.3753250000443,4.355630267967123,2.84654896661441
778.4753250000443,4.3542163099958975,2.852596503206196
778.5753250000444,4.352790183828878,2.858641490012996
778.6753250000444,4.351351894011373,2.8646839025513873
778.7753250000444,4.34990144513998,2.8707237163461476
778.8753250000444,4.34843884184764,2.876760906928064
778.9753250000444,4.346964088838061,2.8827954498396693
779.0753250000445,4.345477190839432,2.888827320627567
779.1753250000445,4.343978152650831,2.8948564948504787
779.2753250000445,4.3424669791073764,2.900882948073316
779.3753250000445,4.340943675095649,2.906906655869916
779.4753250000446,4.339408245557721,2.912927593823995
779.5753250000446,4.337860695475278,2.9189457375262
779.6753250000446,4.336301029885628,2.9249610625773594
779.7753250000446,4.334729253877214,2.9309735445875345
779.8753250000447,4.3331453725747116,2.936983159173524
779.9753250000447,4.331549391173345,2.9429898819652958
780.0753250000447,4.329941314892755,2.9489936885973798
780.1753250000447,4.328321149023241,2.9549945547178473
780.2753250000447,4.326688898891033,2.960992455981687
780.3753250000448,4.325044569873652,2.9669873680538457
780.4753250000448,4.32338816740393,2.972979266610267
780.5753250000448,4.321719696954187,2.9789681273346247
780.6753250000448,4.320039164052173,2.9849539259218894
780.7753250000449,4.3183465742766085,2.9909366380772875
780.8753250000449,4.316641933242318,2.9969162395135105
780.9753250000449,4.314925246634431,3.002892705957846
781.0753250000449,4.313196520162403,3.0088660131426352
781.175325000045,4.311455759606103,3.0148361368151786
781.275325000045,4.309702970781192,3.020803052730411
781.375325000045,4.3079381595544515,3.0267667366542614
781.475325000045,4.306161331847759,3.0327271643647666
781.575325000045,4.30437249362234,3.0386843116484923
781.6753250000451,4.302571650894638,3.044638154304412
781.7753250000451,4.300758809731871,3.0505886681427774
781.8753250000451,4.298933976237224,3.0565358289820335
781.9753250000451,4.297097156583915,3.0624796126566327
782.0753250000452,4.295248356969392,3.068419995006573
782.1753250000452,4.293387583661236,3.074356951888233
782.2753250000452,4.291514842962682,3.080290459166348
782.3753250000452,4.289630141227876,3.086220492717665
782.4753250000452,4.287733484865832,3.092147028432144
782.5753250000453,4.285824880324744,3.098070042209071
782.6753250000453,4.283904334107792,3.103989509961253
782.7753250000453,4.2819718527687325,3.1099054076137964
782.8753250000453,4.280027442897131,3.1158177111007226
782.9753250000454,4.278071111152274,3.1217263963734765
783.0753250000454,4.276102864217581,3.1276314393895337
783.1753250000454,4.274122708846293,3.13353281612415
783.2753250000454,4.272130651827148,3.1394305025616527
783.3753250000454,4.270126699999562,3.145324474699419
783.4753250000455,4.2681108602575755,3.151214708549145
783.5753250000455,4.266083139534237,3.157101180132636
783.6753250000455,4.2640435448173255,3.162983865486322
783.7753250000455,4.261992083144953,3.168862740659952
783.8753250000456,4.259928761590877,3.1747377817129108
783.9753250000456,4.2578535872982455,3.1806089647234064
784.0753250000456,4.2557665674342235,3.1864762657761645
784.1753250000456,4.253667709235469,3.1923396609751
784.2753250000457,4.251557019973958,3.198199126433918
784.3753250000457,4.2494345069721,3.2040546382803847
784.4753250000457,4.247300177606647,3.2099061726576847
784.5753250000457,4.245154039293179,3.215753705719897
784.6753250000457,4.24299609950172,3.2215972136368283
784.7753250000458,4.240826365752383,3.2274366725926193
784.8753250000458,4.238644845600732,3.2332720587817647
784.9753250000458,4.2364515466713755,3.2391033484189764
785.0753250000458,4.234246476612807,3.2449305177259715
785.1753250000459,4.232029643142644,3.2507535429450503
785.2753250000459,4.229801054013641,3.256572400329013
785.3753250000459,4.227560717028716,3.2623870661457377
785.4753250000459,4.225308640044844,3.268197516679619
785.575325000046,4.223044830957608,3.2740037282267256
785.675325000046,4.220769297716741,3.2798056770999513
785.775325000046,4.21848204832179,3.2856033396275297
785.875325000046,4.216183090807557,3.291396692148761
785.975325000046,4.213872433277494,3.297185711024559
786.0753250000461,4.21155008385881,3.3029703726233146
786.1753250000461,4.209216050747444,3.3087506533354034
786.2753250000461,4.206870342174275,3.314526529562399
786.3753250000461,4.20451296642006,3.32029797772197
786.4753250000462,4.202143931819284,3.3260649742493884
786.5753250000462,4.1997632467448245,3.3318274955923757
786.6753250000462,4.1973709196233795,3.3375855182165712
786.7753250000462,4.194966958931171,3.343339018603959
786.8753250000462,4.19255137317947,3.3490879732482997
786.9753250000463,4.19012417094778,3.354832358666343
787.0753250000463,4.187685360839218,3.3605721513827973
787.1753250000463,4.185234951525208,3.3663073279457394
787.2753250000463,4.182772951711895,3.372037864915159
787.3753250000464,4.180299370154993,3.3777637388681407
787.4753250000464,4.177814215663609,3.383484926400448
787.5753250000464,4.175317497085008,3.3892014041210676
787.6753250000464,4.172809223319931,3.3949131486579884
787.7753250000465,4.170289403318321,3.4006201366565456
787.8753250000465,4.167758046064943,3.406322344774561
787.9753250000465,4.165215160612361,3.412019749694214
788.0753250000465,4.162660756036594,3.4177123281061172
788.1753250000465,4.160094841481522,3.423400056725632
788.2753250000466,4.15751742612551,3.429082912280729
788.3753250000466,4.154928519196167,3.4347608715174704
788.4753250000466,4.152328129974136,3.4404339112016786
788.5753250000466,4.149716267777961,3.4461020081131704
788.6753250000467,4.147092941979298,3.4517651390518385
788.7753250000467,4.144458161998666,3.4574232808359127
788.8753250000467,4.141811937291168,3.463076410296809
788.9753250000467,4.139154277379239,3.468724504291669
789.0753250000467,4.13648519180861,3.474367539686545
789.1753250000468,4.133804690192385,3.480005493373598
789.2753250000468,4.131112782177908,3.485638342258297
789.3753250000468,4.128409477461432,3.491266063265198
789.4753250000468,4.125694785791854,3.4968886333396876
789.5753250000469,4.1229687169557,3.5025060294419066
789.6753250000469,4.12023128079222,3.5081182285531396
789.7753250000469,4.11748248718918,3.5137252076739918
789.8753250000469,4.114722346068671,3.519326943818955
789.975325000047,4.111950867419612,3.5249234140296086
790.075325000047,4.109168061254049,3.5305145953569115
790.175325000047,4.106373937650902,3.536100464879289
790.275325000047,4.103568506723079,3.5416809996891607
790.375325000047,4.100751778632006,3.547256176899017
790.4753250000471,4.0979237635913615,3.552825973643242
790.5753250000471,4.09508447185217,3.5583903670717394
790.6753250000471,4.092233913717773,3.563949334356618
790.7753250000471,4.089372099539651,3.5695028526902854
790.8753250000472,4.086499039703339,3.5750508992797227
790.9753250000472,4.083614744660672,3.580593451360347
791.0753250000472,4.080719224886428,3.58613048617742
791.1753250000472,4.077812490921735,3.591661981005026
791.2753250000472,4.074894553341438,3.5971879131319273
791.3753250000473,4.071965422768512,3.6027082598679367
791.4753250000473,4.06902510987775,3.608222998545807
791.5753250000473,4.066073625380998,3.613732106514563
791.6753250000473,4.06311098004198,3.6192355611464935
791.7753250000474,4.0601371846721745,3.624733339835161
791.8753250000474,4.057152250116826,3.6302254199893884
791.9753250000474,4.054156187286934,3.635711779047772
792.0753250000474,4.051149007116248,3.6411923944592157
792.1753250000475,4.048130720604297,3.646667243702774
792.2753250000475,4.045101338784044,3.6521363042728634
792.3753250000475,4.0420608727361795,3.65759955368593
792.4753250000475,4.039009333592773,3.663056969482405
792.5753250000475,4.035946732522623,3.668508529219735
792.6753250000476,4.032873080745958,3.6739542104796747
792.7753250000476,4.0297883895303315,3.679393990866216
792.8753250000476,4.0266926701767805,3.6848278479992977
792.9753250000476,4.023585934051515,3.6902557595299577
793.0753250000477,4.020468192543298,3.69567770312
793.1753250000477,4.017339457106084,3.7010936564627075
793.2753250000477,4.014199739226957,3.7065035972673988
793.3753250000477,4.011049050440308,3.7119075032663775
793.4753250000477,4.0078874023314395,3.7173053522169743
793.5753250000478,4.004714806522042,3.722697121894285
793.6753250000478,4.001531274684763,3.7280827900987514
793.7753250000478,3.9983368185391557,3.7334623346539964
793.8753250000478,3.9951314498379427,3.73883573340027
793.9753250000479,3.9919151803984043,3.7442029642102352
794.0753250000479,3.988688022060165,3.7495640049677794
794.1753250000479,3.985449986727436,3.7549188335895853
794.2753250000479,3.9822010863372466,3.7602674280090405
794.375325000048,3.978941332873478,3.7656097661834718
794.475325000048,3.975670738370429,3.7709458260962574
794.575325000048,3.972389314898453,3.7762755857492767
794.675325000048,3.9690970745783636,3.7815990231707834
794.775325000048,3.965794029577425,3.7869161164131704
794.8753250000481,3.9624801920957413,3.7922268435461146
794.9753250000481,3.959155574397351,3.797531182673012
795.0753250000481,3.9558201887684175,3.8028291119089306
795.1753250000481,3.952474047559047,3.808120609403046
795.2753250000482,3.949117163151838,3.813405653321899
795.3753250000482,3.945749547975775,3.818684221856915
795.4753250000482,3.942371214509751,3.8239562932265896
795.5753250000482,3.9389821752683503,3.829221845668642
795.6753250000482,3.935582442816104,3.8344808574481926
795.7753250000483,3.932172029763525,3.839733306855433
795.8753250000483,3.9287509487536263,3.8449791721985087
795.9753250000483,3.925319212492699,3.8502184318205694
796.0753250000483,3.9218768337089287,3.8554510640768864
796.1753250000484,3.9184238251937757,3.8606770473581298
796.2753250000484,3.914960199770851,3.8658963600729925
796.3753250000484,3.9114859703096743,3.8711089806559915
796.4753250000484,3.908001149729139,3.8763148875697153
796.5753250000485,3.9045057509834553,3.881514059296703
796.6753250000485,3.900999787076244,3.8867064743479
796.7753250000485,3.8974832710566147,3.8918921112602556
796.8753250000485,3.893956216005831,3.8970709485893256
796.9753250000485,3.8904186350677454,3.902242964926952
797.0753250000486,3.886870541407869,3.907408138877541
797.1753250000486,3.8833119482542964,3.9125664490821714
797.2753250000486,3.879742868866929,3.917717874200596
797.3753250000486,3.876163316551052,3.9228623929193205
797.4753250000487,3.8725733046607873,3.9279999839539266
797.5753250000487,3.868972846585181,3.933130626040655
797.6753250000487,3.8653619557621335,3.9382542979451443
797.7753250000487,3.861740645674529,3.943370978459962
797.8753250000487,3.858108929837035,3.948480646396934
797.9753250000488,3.854466821826203,3.9535832806054376
798.0753250000488,3.8508143352399937,3.9586788599478506
798.1753250000488,3.847151483738233,3.9637673633244885
798.2753250000488,3.8434782810121817,3.9688487696549846
798.3753250000489,3.839794740797973,3.97392305788664
798.4753250000489,3.836100876880002,3.978990206996817
798.5753250000489,3.83239670307718,3.9840501959842483
798.6753250000489,3.828682233256698,3.989103003878054
798.775325000049,3.8249574813302045,3.9941486097351864
798.875325000049,3.821222461240757,3.9991869926325005
798.975325000049,3.8174771869925515,4.004218131685654
799.075325000049,3.8137216726109413,4.009242006023743
799.175325000049,3.8099559321824072,4.014258594815048
799.2753250000491,3.806179979824484,4.019267877247801
799.3753250000491,3.8023938296990343,4.024269832538813
799.4753250000491,3.79859749601559,4.029264439935931
799.5753250000491,3.794790993017788,4.034251678709065
799.6753250000492,3.7909743349969425,4.039231528159496
799.7753250000492,3.787147536288279,4.044203967617236
799.8753250000492,3.7833106112580426,4.0491689764328305
799.9753250000492,3.7794635743328575,4.05412653399687
800.0753250000492,3.775606439960246,4.059076619713807
800.1753250000493,3.7717392226480766,4.064019213028516
800.2753250000493,3.767861936934885,4.068954293406456
800.3753250000493,3.7639745974029717,4.073881840342552
800.4753250000493,3.7600772186817055,4.078801833363732
800.5753250000494,3.756169815434127,4.083714252019686
800.6753250000494,3.752252402370333,4.08861907589243
800.7753250000494,3.748324994243765,4.093516284593606
800.8753250000494,3.7443876058384786,4.098405857756014
800.9753250000495,3.7404402519981295,4.103287775053718
801.0753250000495,3.736482947586997,4.108162016175067
801.1753250000495,3.7325157075289135,4.113028560850058
801.2753250000495,3.728538546777975,4.117887388829889
801.3753250000495,3.7245514803314608,4.122738479896112
801.4753250000496,3.720554523233086,4.12758181386324
801.5753250000496,3.716547690559792,4.132417370569218
801.6753250000496,3.7125309974349445,4.137245129885278
801.7753250000496,3.708504459024673,4.142065071713146
801.8753250000497,3.7044680905253022,4.146877175976333
801.9753250000497,3.7004219071919433,4.151681422640824
802.0753250000497,3.6963659243000473,4.156477791687307
802.1753250000497,3.692300157183811,4.161266263139311
802.2753250000497,3.6882246212072722,4.16604681704218
802.3753250000498,3.6841393317770588,4.1708194334724995
802.4753250000498,3.680044304345576,4.175584092540749
802.5753250000498,3.675939554397999,4.180340774381517
802.6753250000498,3.6718250974652746,4.185089459163606
802.7753250000499,3.6677009491205124,4.189830127087192
802.8753250000499,3.6635671249665913,4.194562758374843
802.9753250000499,3.659423640664339,4.199287333292791
803.0753250000499,3.6552705118946376,4.204003832122375
803.17532500005,3.65110775439626,4.208712235188981
803.27532500005,3.646935383937395,4.213412522840409
803.37532500005,3.6427534163282127,4.218104675456555
803.47532500005,3.638561867423995,4.222788673452136
803.57532500005,3.6343607531123157,4.227464497266652
803.6753250000501,3.630150089325839,4.232132127374742
803.7753250000501,3.6259298920387826,4.236791544283269
803.8753250000501,3.6217001772546924,4.241442728522095
803.9753250000501,3.6174609610342037,4.2460856606659085
804.0753250000502,3.613212259457704,4.250720321304925
804.1753250000502,3.6089540886626086,4.255346691074568
804.2753250000502,3.604686464815307,4.25996475063328
804.3753250000502,3.600409404123528,4.264574480672453
804.4753250000502,3.5961229228394362,4.269175861919209
804.5753250000503,3.5918270372470014,4.273768875126103
804.6753250000503,3.5875217636745944,4.278353501081744
804.7753250000503,3.5832071184914915,4.2829297206078145
804.8753250000503,3.578883118095848,4.287497514549586
804.9753250000504,3.574549778942028,4.292056863798311
805.0753250000504,3.5702071175038474,4.2966077492611685
805.1753250000504,3.5658551503112514,4.301150151891708
805.2753250000504,3.5614938939227043,4.305684052667082
805.3753250000505,3.557123364937369,4.31020943259823
805.4753250000505,3.552743579998132,4.314726272732726
805.5753250000505,3.5483545557791816,4.319234554144209
805.6753250000505,3.543956308998398,4.323734257943291
805.7753250000505,3.5395488564139246,4.328225365274468
805.8753250000506,3.5351322148123128,4.332707857306423
805.9753250000506,3.5307064010354123,4.337181715254959
806.0753250000506,3.526271431944209,4.341646920352201
806.1753250000506,3.5218273244549056,4.346103453877776
806.2753250000507,3.5173740955117623,4.350551297135492
806.3753250000507,3.512911762099069,4.35499043146377
806.4753250000507,3.5084403412441167,4.359420838238556
806.5753250000507,3.5039598500049864,4.363842498862503
806.6753250000507,3.499470305482719,4.368255394776108
806.7753250000508,3.494971724817945,4.372659507454578
806.8753250000508,3.49046412517923,4.377054818397876
806.9753250000508,3.485947523789509,4.381441309154214
807.0753250000508,3.481421937890529,4.38581896128851
807.1753250000509,3.4768873847783226,4.39018775641431
807.2753250000509,3.4723438817764967,4.394547676169904
807.3753250000509,3.4677914462480044,4.398898702229012
807.4753250000509,3.4632300955980613,4.403240816303743
807.575325000051,3.458659847262143,4.407574000133545
807.675325000051,3.454080718717937,4.411898235496581
807.775325000051,3.44949272748204,4.416213504206527
807.875325000051,3.4448958910984944,4.42051978810238
807.975325000051,3.4402902271647573,4.424817069072491
808.0753250000511,3.4356757532967697,4.429105329022298
808.1753250000511,3.431052487163793,4.433384549906968
808.2753250000511,3.426420446462177,4.437654713706974
808.3753250000511,3.421779648926917,4.441915802439018
808.4753250000512,3.4171301123345135,4.446167798159049
808.5753250000512,3.412471854491189,4.450410682950962
808.6753250000512,3.407804893244614,4.454644438938228
808.7753250000512,3.4031292464806615,4.458869048280626
808.8753250000512,3.3984449321121515,4.463084493163814
808.9753250000513,3.3937519681043424,4.46729075582388
809.0753250000513,3.3890503724406433,4.471487818514378
809.1753250000513,3.3843401631567964,4.4756756635396755
809.2753250000513,3.3796213583151307,4.47985427323
809.3753250000514,3.3748939760159113,4.484023629952581
809.4753250000514,3.37015803440013,4.488183716114738
809.5753250000514,3.3654135516379484,4.492334514152354
809.6753250000514,3.360660545940191,4.496476006541728
809.7753250000515,3.3558990355551694,4.500608175796236
809.8753250000515,3.351129038757629,4.504731004455672
809.9753250000515,3.346350573873756,4.50884447511134
810.0753250000515,3.34156365924754,4.512948570372378
810.1753250000515,3.336768313274307,4.517043272899793
810.2753250000516,3.331964554375463,4.521128565380989
810.3753250000516,3.3271524010096076,4.525204430541155
810.4753250000516,3.322331871675269,4.529270851146399
810.5753250000516,3.317502984899583,4.533327809991973
810.6753250000517,3.312665759249554,4.5373752899143724
810.7753250000517,3.307820213328943,4.541413273787937
810.8753250000517,3.302966365767419,4.545441744513964
810.9753250000517,3.298104235245076,4.549460685046301
811.0753250000517,3.293233840459454,4.553470078356993
811.1753250000518,3.288355200158399,4.5574699074709955
811.2753250000518,3.283468333115313,4.561460155440193
811.3753250000518,3.2785732581400566,4.565440805355009
811.4753250000518,3.273669994081608,4.5694118403475965
811.5753250000519,3.268758559816971,4.573373243579846
811.6753250000519,3.263838974262199,4.577324998255694
811.7753250000519,3.2589112563693554,4.581267087617665
811.8753250000519,3.253975425115881,4.585199494935769
811.975325000052,3.249031499528598,4.589122203533593
812.075325000052,3.244079498651417,4.593035196753274
812.175325000052,3.2391194415775075,4.596938457990886
812.275325000052,3.2341513474250583,4.600831970669958
812.375325000052,3.229175235347955,4.604715718253296
812.4753250000521,3.224191124538377,4.608589684246224
812.5753250000521,3.219199034215941,4.61245385218437
812.6753250000521,3.214198983638476,4.616308205646206
812.7753250000521,3.2091909920990602,4.620152728249535
812.8753250000522,3.204175078915603,4.6239874036401645
812.9753250000522,3.1991512634543353,4.627812215518466
813.0753250000522,3.1941195650982115,4.631627147603712
813.1753250000522,3.1890800032783755,4.635432183670128
813.2753250000522,3.1840325974504493,4.63922730751989
813.3753250000523,3.178977367104963,4.643012502995185
813.4753250000523,3.173914331769901,4.6467877539814895
813.5753250000523,3.1688435110000936,4.650553044395155
813.6753250000523,3.163764924387737,4.654308358196147
813.7753250000524,3.1586785915594855,4.658053679384477
813.8753250000524,3.153584532166274,4.661788991988665
813.9753250000524,3.148482765906278,4.665514280092789
814.0753250000524,3.1433733124940204,4.669229527800165
814.1753250000525,3.138256191691131,4.672934719270039
814.2753250000525,3.1331314232831566,4.676629838690105
814.3753250000525,3.127999027089764,4.6803148702887825
814.4753250000525,3.1228590229672113,4.683989798338547
814.5753250000525,3.1177114307979945,4.687654607143285
814.6753250000526,3.1125562705011114,4.691309281051264
814.7753250000526,3.1073935620292255,4.694953804451503
814.8753250000526,3.102223325358711,4.698588161762017
814.9753250000526,3.0970455805120842,4.702212337457349
815.0753250000527,3.0918603475278275,4.705826316031606
815.1753250000527,3.086667646490416,4.709430082035788
815.2753250000527,3.0814674975076852,4.713023620049833
815.3753250000527,3.076259920720782,4.716606914695092
815.4753250000527,3.0710449363065724,4.720179950637721
815.5753250000528,3.06582256446753,4.723742712575827
815.6753250000528,3.0605928254417503,4.72729518525264
815.7753250000528,3.0553557395001922,4.730837353452818
815.8753250000528,3.0501113269369533,4.734369201990508
815.9753250000529,3.044859608091148,4.73789071573732
816.0753250000529,3.0396006033174663,4.741401879584765
816.1753250000529,3.0343343330154657,4.7449026784821715
816.2753250000529,3.029060817607487,4.748393097408286
816.375325000053,3.023780077548362,4.751873121383948
816.475325000053,3.0184921333277535,4.755342735475532
816.575325000053,3.013197005460304,4.758801924781881
816.675325000053,3.0078947144953756,4.7622506744476905
816.775325000053,3.002585281014373,4.765688969659758
816.8753250000531,2.9972687256212502,4.769116795634837
816.9753250000531,2.9919450689638434,4.772534137648064
817.0753250000531,2.9866143317051703,4.775940980994789
817.1753250000531,2.9812765345519665,4.779337311029098
817.2753250000532,2.975931698233168,4.7827231131349635
817.3753250000532,2.9705798435093653,4.786098372739115
817.4753250000532,2.9652209911750775,4.789463075314524
817.5753250000532,2.9598551620491564,4.79281720636714
817.6753250000532,2.954482376984271,4.796160751449474
817.7753250000533,2.9491026568642873,4.799493696156786
817.8753250000533,2.943716022595029,4.802816026114763
817.9753250000533,2.938322495125044,4.806127727008365
818.0753250000533,2.932922095417659,4.80942878454308
818.1753250000534,2.9275148444787584,4.812719184484024
818.2753250000534,2.9221007633358296,4.815998912626646
818.3753250000534,2.9166798730471695,4.819267954809799
818.4753250000534,2.9112521947040815,4.822526296919277
818.5753250000535,2.9058177494215416,4.825773924874348
818.6753250000535,2.9003765583474195,4.829010824641525
818.7753250000535,2.894928642659942,4.832236982230722
818.8753250000535,2.889474023558689,4.835452383682714
818.9753250000535,2.8840127222847807,4.8386570150984305
819.0753250000536,2.878544760093712,4.841850862599619
819.1753250000536,2.8730701582823492,4.845033912368534
819.2753250000536,2.86758893816856,4.848206150618202
819.3753250000536,2.8621011211001584,4.851367563605684
819.4753250000537,2.856606728457031,4.854518137635656
819.5753250000537,2.8511057816420786,4.857657859046757
819.6753250000537,2.8455983020901585,4.860786714225538
819.7753250000537,2.8400843112656133,4.863904689602565
819.8753250000537,2.8345638306535275,4.86701177163971
819.9753250000538,2.829036881779335,4.870107946859845
820.0753250000538,2.8235034861824326,4.87319320180696
820.1753250000538,2.817963665442381,4.8762675230863906
820.2753250000538,2.8124174411591323,4.879330897334677
820.3753250000539,2.8068648349617122,4.882383311233008
820.4753250000539,2.80130586851027,4.8854247515108415
820.5753250000539,2.7957405634872945,4.888455204932062
820.6753250000539,2.790168941606277,4.891474658309127
820.775325000054,2.7845910246093277,4.894483098499115
820.875325000054,2.779006834258671,4.897480512390835
820.975325000054,2.773416392355669,4.900466886934913
821.075325000054,2.7678197207152264,4.903442209103381
821.175325000054,2.7622168411911883,4.906406465930444
821.2753250000541,2.756607775657174,4.9093596444819285
821.3753250000541,2.7509925460149907,4.9123017318689
821.4753250000541,2.7453711741966127,4.915232715251328
821.5753250000541,2.739743682155666,4.918152581824071
821.6753250000542,2.734110091875811,4.921061318831198
821.7753250000542,2.728470425368442,4.923958913561978
821.8753250000542,2.7228247046644345,4.926845353337821
821.9753250000542,2.717172951832575,4.929720625542764
822.0753250000542,2.711515188954765,4.932584717582525
822.1753250000543,2.7058514381506167,4.935437616925789
822.2753250000543,2.700181721558885,4.938279311073266
822.3753250000543,2.6945060613456073,4.941109787571487
822.4753250000543,2.688824479706017,4.943929034016502
822.5753250000544,2.683136998856307,4.946737038039698
822.6753250000544,2.6774436410417293,4.949533787322281
822.7753250000544,2.671744428534365,4.95231926959123
822.8753250000544,2.666039383625143,4.95509347260607
822.9753250000545,2.6603285286416547,4.957856384189714
823.0753250000545,2.654611885924176,4.96060799218704
823.1753250000545,2.648889477849438,4.9633482845066546
823.2753250000545,2.6431613268126792,4.966077249089594
823.3753250000545,2.6374274552355104,4.968794873923262
823.4753250000546,2.6316878855677492,4.97150114704519
823.5753250000546,2.625942640279474,4.974196056528673
823.6753250000546,2.6201917418688314,4.976879590497424
823.7753250000546,2.614435212859888,4.97955173712147
823.8753250000547,2.608673075794908,4.982212484603771
823.9753250000547,2.602905353251554,4.984861821211442
824.0753250000547,2.597132067819734,4.987499735233811
824.1753250000547,2.591353242124547,4.990126215024689
824.2753250000547,2.5855688988089556,4.992741248970685
824.3753250000548,2.579779060541372,4.995344825505331
824.4753250000548,2.5739837500174225,4.997936933112859
824.5753250000548,2.5681829899522777,5.000517560313681
824.6753250000548,2.562376803088167,5.003086695679194
824.7753250000549,2.556565212192319,5.005644327827661
824.8753250000549,2.550748240049506,5.008190445410641
824.9753250000549,2.544925909478628,5.010725037144573
825.0753250000549,2.539098243310388,5.013248091768357
825.175325000055,2.5332652644093914,5.01575959808611
825.275325000055,2.52742699565745,5.018259544935109
825.375325000055,2.5215834599608993,5.020747921200076
825.475325000055,2.515734680252277,5.0232247158169905
825.575325000055,2.5098806794829436,5.025689917758411
825.6753250000551,2.5040214806303043,5.028143516048452
825.7753250000551,2.498157106695833,5.030585499758592
825.8753250000551,2.492287580697883,5.033015857993973
825.9753250000551,2.486412925687635,5.035434579925319
826.0753250000552,2.48053316472763,5.037841654746057
826.1753250000552,2.4746483209130203,5.040237071715525
826.2753250000552,2.4687584173555077,5.042620820126579
826.3753250000552,2.4628634771903606,5.044992889320024
826.4753250000552,2.456963523578027,5.0473532686884575
826.5753250000553,2.4510585796970545,5.049701947661449
826.6753250000553,2.445148668751008,5.052038915720654
826.7753250000553,2.439233813966581,5.0543641623955935
826.8753250000553,2.4333140385866736,5.056677677249795
826.9753250000554,2.427389365885708,5.0589794499130445
827.0753250000554,2.421459819149012,5.061269470038069
827.1753250000554,2.4155254216932147,5.063547727344174
827.2753250000554,2.4095861968508245,5.065814211584524
827.3753250000555,2.403642167976959,5.068068912560714
827.4753250000555,2.397693358450886,5.070311820126655
827.5753250000555,2.3917397916692407,5.072542924173609
827.6753250000555,2.385781491052636,5.074762214645431
827.7753250000555,2.3798184800438564,5.0769696815343215
827.8753250000556,2.3738507821012145,5.079165314866819
827.9753250000556,2.3678784207132306,5.081349104736369
828.0753250000556,2.3619014193788717,5.083521041259587
828.1753250000556,2.3559198016270724,5.085681114620306
828.2753250000557,2.3499335910019736,5.087829315036554
828.3753250000557,2.3439428110693714,5.089965632775255
828.4753250000557,2.3379474854181654,5.092090058156144
828.5753250000557,2.3319476376538693,5.094202581536663
828.6753250000558,2.325943291404928,5.0963031933273495
828.7753250000558,2.3199344703210003,5.098391883987528
828.8753250000558,2.3139211980665935,5.100468644011194
828.9753250000558,2.3079034983350786,5.102533463959874
829.0753250000558,2.3018813948298136,5.104586334418485
829.1753250000559,2.2958549112827886,5.1066272460397695
829.2753250000559,2.2898240714405174,5.108656189510977
829.3753250000559,2.283788899070188,5.11067315556871
829.4753250000559,2.277749417961042,5.112678135002858
829.575325000056,2.2717056519181895,5.114671118641354
829.675325000056,2.2656576247686133,5.116652097365704
829.775325000056,2.2596053603595267,5.11862106210665
829.875325000056,2.2535488825522987,5.1205780038298965
829.975325000056,2.2474882152358306,5.122522913569279
830.0753250000561,2.241423382308544,5.124455782382229
830.1753250000561,2.235354407696128,5.126376601394605
830.2753250000561,2.229281315338109,5.12828536176707
830.3753250000561,2.223204129193708,5.13018205471006
830.4753250000562,2.2171228732431416,5.132066671487756
830.5753250000562,2.211037571481725,5.133939203402722
830.6753250000562,2.2049482479255786,5.1357996418115315
830.7753250000562,2.198854926610084,5.137647978120422
830.8753250000563,2.1927576315840804,5.139484203770889
830.9753250000563,2.186656386922565,5.1413083102731285
831.0753250000563,2.180551216709585,5.143120289161121
831.1753250000563,2.1744421450551052,5.144920132037851
831.2753250000563,2.168329196082233,5.146707830541385
831.3753250000564,2.1622123939327693,5.148483376359978
831.4753250000564,2.1560917627684324,5.15024676123606
831.5753250000564,2.1499673267652852,5.151997976950753
831.6753250000564,2.143839110119119,5.153737015339629
831.7753250000565,2.137707137043987,5.15546386828832
831.8753250000565,2.1315714317666976,5.157178527717997
831.9753250000565,2.125432018538856,5.158880985619071
832.0753250000565,2.119288921620642,5.160571234005928
832.1753250000565,2.113142165296763,5.1622492649624885
832.2753250000566,2.1069917738643698,5.1639150706080414
832.3753250000566,2.100837771638316,5.165568643112442
832.4753250000566,2.0946801829522963,5.167209974700138
832.5753250000566,2.088519032153569,5.16883905763457
832.6753250000567,2.082354343608033,5.170455884234032
832.7753250000567,2.0761861416988516,5.17206044686726
832.8753250000567,2.0700144508212355,5.173652737938794
832.9753250000567,2.0638392953938043,5.17523274992293
833.0753250000568,2.057660699843275,5.176800475318124
833.1753250000568,2.0514786886195155,5.178355906692868
833.2753250000568,2.045293286184129,5.17989903665128
833.3753250000568,2.039104517015403,5.1814298578484195
833.4753250000568,2.0329124056093764,5.182948362994326
833.5753250000569,2.026716976474881,5.184454544838319
833.6753250000569,2.0205182541382913,5.185948396184955
833.7753250000569,2.0143162631422387,5.187429909889597
833.8753250000569,2.0081110280406858,5.18889907884366
833.975325000057,2.001902573409614,5.1903558960088025
834.075325000057,1.995690923832619,5.191800354371008
834.175325000057,1.9894761039150497,5.193232446986791
834.275325000057,1.9832581382732781,5.194652166948522
834.375325000057,1.9770370515393447,5.196059507399874
834.4753250000571,1.9708128683619415,5.19745446153986
834.5753250000571,1.9645856134017703,5.198837022607044
834.6753250000571,1.9583553113359744,5.200207183895602
834.7753250000571,1.9521219868569362,5.201564938750839
834.8753250000572,1.9458856646676503,5.202910280554363
834.9753250000572,1.9396463694917292,5.204243202758476
835.0753250000572,1.9334041260599157,5.205563698839974
835.1753250000572,1.9271589591232936,5.206871762346628
835.2753250000573,1.9209108934432544,5.208167386862304
835.3753250000573,1.914659953795838,5.209450566022495
835.4753250000573,1.9084061649726245,5.210721293518386
835.5753250000573,1.9021495517764124,5.211979563080961
835.6753250000573,1.8958901390253313,5.213225368497156
835.7753250000574,1.889627951551736,5.214458703605363
835.8753250000574,1.8833630141978657,5.2156795622804895
835.9753250000574,1.8770953518251643,5.216887938468585
836.0753250000574,1.8708249893017164,5.218083826140334
836.1753250000575,1.8645519515145272,5.219267219337819
836.2753250000575,1.8582762633601928,5.220438112139436
836.3753250000575,1.8519979497489234,5.221596498675513
836.4753250000575,1.8457170356053598,5.222742373132403
836.5753250000575,1.8394335458645634,5.223875729736492
836.6753250000576,1.83314750547581,5.224996562770437
836.7753250000576,1.8268589394015704,5.226104866568653
836.8753250000576,1.8205678726134744,5.227200635502278
836.9753250000576,1.8142743301009348,5.228283864013993
837.0753250000577,1.8079783368595113,5.229354546571249
837.1753250000577,1.8016799179022578,5.230412677713305
837.2753250000577,1.795379098251089,5.231458252015932
837.3753250000577,1.789075902940498,5.232491264107116
837.4753250000578,1.7827703570182916,5.233511708671172
837.5753250000578,1.7764624855419018,5.234519580432673
837.6753250000578,1.7701523135818453,5.2355148741727575
837.7753250000578,1.7638398662207972,5.236497584724603
837.8753250000578,1.7575251685498554,5.237467706958304
837.9753250000579,1.7512082456764784,5.238425235815869
838.0753250000579,1.7448891227137753,5.239370166264214
838.1753250000579,1.7385678247909102,5.240302493342425
838.2753250000579,1.7322443770451794,5.241222212126292
838.375325000058,1.7259188046254161,5.2421293177440855
838.475325000058,1.719591132692643,5.243023805380686
838.575325000058,1.713261386416695,5.243905670261432
838.675325000058,1.7069295909793651,5.244774907668511
838.775325000058,1.7005957715735707,5.245631512936406
838.8753250000581,1.6942599533999125,5.246475481436696
838.9753250000581,1.6879221616739049,5.2473068086132155
839.0753250000581,1.6815824216162172,5.248125489934831
839.1753250000581,1.6752407584621363,5.248931520942921
839.2753250000582,1.6688971974543478,5.249724897215738
839.3753250000582,1.6625517638460217,5.250505614384262
839.4753250000582,1.6562044829013816,5.251273668136341
839.5753250000582,1.6498553798926614,5.252029054200472
839.6753250000583,1.6435044801029184,5.2527717683622495
839.7753250000583,1.6371518088252826,5.253501806459806
839.8753250000583,1.630797391359826,5.254219164368527
839.9753250000583,1.6244412530200898,5.254923838036383
840.0753250000583,1.6180834191242701,5.255615823436479
840.1753250000584,1.6117239150037306,5.256295116614741
840.2753250000584,1.6053627659964957,5.2569617136541344
840.3753250000584,1.5989999974500209,5.257615610690572
840.4753250000584,1.5926356347216784,5.258256803917074
840.5753250000585,1.586269703176038,5.258885289567477
840.6753250000585,1.5799022281873472,5.2595010639329525
840.7753250000585,1.5735332351388753,5.260104123357421
840.8753250000585,1.5671627494200897,5.260694464222211
840.9753250000585,1.5607907964324808,5.261272082981516
841.0753250000586,1.554417401581689,5.2618369761147665
841.1753250000586,1.5480425902850614,5.262389140174504
841.2753250000586,1.541666387965864,5.26292857175045
841.3753250000586,1.5352888200557357,5.263455267485478
841.4753250000587,1.528909911995093,5.263969224079775
841.5753250000587,1.5225296892307343,5.264470438274506
841.6753250000587,1.5161481772179866,5.264958906868378
841.7753250000587,1.5097654014201431,5.265434626713043
841.8753250000588,1.503381387305946,5.26589759469769
841.9753250000588,1.4969961603546988,5.266347807784643
842.0753250000588,1.490609746049352,5.266785262961552
842.1753250000588,1.4842221698831035,5.267209957289427
842.2753250000588,1.4778334573543268,5.267621887866582
842.3753250000589,1.4714436339687051,5.2680210518446735
842.4753250000589,1.4650527252395507,5.268407446432857
842.5753250000589,1.458660756685735,5.268781068881404
842.6753250000589,1.4522677538335071,5.269141916498322
842.775325000059,1.445873742216023,5.2694899866447305
842.875325000059,1.4394787473711372,5.269825276719414
842.975325000059,1.433082794845804,5.270147784194513
843.075325000059,1.4266859101901157,5.2704575065675705
843.175325000059,1.4202881189629457,5.270754441409725
843.2753250000591,1.4138894467275964,5.27103858632953
843.3753250000591,1.4074899190536094,5.27130993898904
843.4753250000591,1.4010895615170018,5.271568497107979
843.5753250000591,1.3946883996985298,5.271814258447311
843.6753250000592,1.388286459185174,5.272047220825888
843.7753250000592,1.3818837655697591,5.272267382115839
843.8753250000592,1.3754803444490538,5.272474740227054
843.9753250000592,1.3690762214274521,5.272669293142984
844.0753250000593,1.3626714221119811,5.27285103887256
844.1753250000593,1.3562659721169779,5.273019975498487
844.2753250000593,1.349859897060461,5.273176101140994
844.3753250000593,1.3434532225656133,5.273319413973949
844.4753250000593,1.337045974260937,5.273449912229042
844.5753250000594,1.3306381777788505,5.273567594179298
844.6753250000594,1.3242298587568364,5.273672458155774
844.7753250000594,1.3178210428371555,5.273764502542932
844.8753250000594,1.3114117556652567,5.273843725763089
844.9753250000595,1.305002022892743,5.273910126312293
845.0753250000595,1.298591870173339,5.273963702712127
845.1753250000595,1.2921813231665988,5.274004453558128
845.2753250000595,1.285770407535006,5.274032377483429
845.3753250000595,1.279359148945138,5.274047473174919
845.4753250000596,1.272947573067736,5.274049739377432
845.5753250000596,1.2665357055766246,5.274039174877229
845.6753250000596,1.2601235721495303,5.274015778518723
845.7753250000596,1.2537111984678875,5.2739795491998365
845.8753250000597,1.2472986102155634,5.273930485856427
845.9753250000597,1.2408858330811046,5.273868587498216
846.0753250000597,1.2344728927546667,5.273793853160512
846.1753250000597,1.2280598149307518,5.273706281952718
846.2753250000598,1.2216466253060356,5.273605873021905
846.3753250000598,1.2152333495802123,5.273492625568991
846.4753250000598,1.2088200134559814,5.273366538852931
846.5753250000598,1.202406642638297,5.273227612174187
846.6753250000598,1.1959932628348495,5.273075844891473
846.7753250000599,1.1895798997559617,5.272911236417089
846.8753250000599,1.183166579113629,5.272733786201333
846.9753250000599,1.1767533266230505,5.272543493768483
847.0753250000599,1.1703401680005237,5.272340358668446
847.17532500006,1.1639271289652013,5.272124380525321
847.27532500006,1.1575142352376546,5.27189555900093
847.37532500006,1.1511015125403974,5.271653893811019
847.47532500006,1.1446889865977874,5.271399384729449
847.57532500006,1.138276683135605,5.27113203157165
847.6753250000601,1.1318646278811983,5.270851834211356
847.7753250000601,1.1254528465634768,5.270558792575972
847.8753250000601,1.1190413649122597,5.270252906630924
847.9753250000601,1.1126302086590831,5.269934176415724
848.0753250000602,1.1062194035360675,5.2696026019955315
848.1753250000602,1.0998089752767068,5.269258183509773
848.2753250000602,1.0933989496151602,5.268900921135637
848.3753250000602,1.0869893522864444,5.2685308151042936
848.4753250000603,1.0805802090262528,5.268147865705082
848.5753250000603,1.0741715455708667,5.267752073268936
848.6753250000603,1.0677633876569717,5.267343438185151
848.7753250000603,1.0613557610217401,5.266921960896736
848.8753250000603,1.0549486914024908,5.266487641884762
848.9753250000604,1.048542204536773,5.266040481704419
849.0753250000604,1.0421363261622045,5.265580480936569
849.1753250000604,1.03573108201629,5.265107640236394
849.2753250000604,1.0293264978364416,5.264621960296859
849.3753250000605,1.022922599359845,5.264123441864944
849.4753250000605,1.0165194123232018,5.263612085745821
849.5753250000605,1.0101169624629682,5.2630878927862845
849.6753250000605,1.0037152755148309,5.26255086389151
849.7753250000605,0.9973143772138804,5.262001000020414
849.8753250000606,0.990914293294593,5.2614383021699815
849.9753250000606,0.9845150494901964,5.2608627714113485
850.0753250000606,0.9781166715334721,5.260274408841335
850.1753250000606,0.9717191851555924,5.2596732156310875
850.2753250000607,0.9653226160868789,5.259059192989545
850.3753250000607,0.9589269900563495,5.258432342179673
850.4753250000607,0.9525323327913694,5.257792664522633
850.5753250000607,0.9461386700182199,5.257140161381217
850.6753250000608,0.9397460274612426,5.256474834176603
850.7753250000608,0.933354430843111,5.255796684383707
850.8753250000608,0.9269639058851185,5.255105713515514
850.9753250000608,0.920574478305817,5.254401923159149
851.0753250000608,0.9141861738227962,5.253685314927411
851.1753250000609,0.9077990181505551,5.25295589050743
851.2753250000609,0.9014130370019854,5.252213651624116
851.3753250000609,0.8950282560875855,5.251458600056395
851.4753250000609,0.8886447011150289,5.250690737641365
851.575325000061,0.882262397790075,5.2499100662577565
851.675325000061,0.8758813718153737,5.24911658784264
851.775325000061,0.8695016488908278,5.248310304386816
851.875325000061,0.8631232547141956,5.247491217919135
851.975325000061,0.856746214979009,5.24665933054256
852.0753250000611,0.8503705553773232,5.245814644385721
852.1753250000611,0.843996301596606,5.244957161651518
852.2753250000611,0.8376234793219604,5.244086884580613
852.3753250000611,0.8312521142350173,5.243203815467648
852.4753250000612,0.8248822320134166,5.24230795666541
852.5753250000612,0.818513858332044,5.2413993105682755
852.6753250000612,0.8121470188615059,5.240477879628925
852.7753250000612,0.8057817392685831,5.239543666353723
852.8753250000613,0.7994180452171507,5.238596673287052
852.9753250000613,0.7930559623653695,5.237636903047339
853.0753250000613,0.7866955163694086,5.236664358278654
853.1753250000613,0.7803367328793586,5.235679041699269
853.2753250000613,0.7739796375421872,5.234680956065182
853.3753250000614,0.7676242560003077,5.233670104186313
853.4753250000614,0.7612706138909757,5.2326464889306585
853.5753250000614,0.7549187368478573,5.231610113207763
853.6753250000614,0.748568650499168,5.2305609799854045
853.7753250000615,0.7422203804682214,5.229499092284982
853.8753250000615,0.7358739523746625,5.228424453165866
853.9753250000615,0.7295293918309368,5.227337065761377
854.0753250000615,0.7231867244469841,5.226236933230439
854.1753250000615,0.7168459758251751,5.225124058806083
854.2753250000616,0.7105071715639995,5.223998445759008
854.3753250000616,0.7041703372563064,5.222860097413761
854.4753250000616,0.6978354984886246,5.221709017152876
854.5753250000616,0.6915026808430638,5.220545208400376
854.6753250000617,0.6851719098951127,5.219368674638416
854.7753250000617,0.6788432112142773,5.218179419402698
854.8753250000617,0.6725166103656325,5.216977446266824
854.9753250000617,0.6661921329055724,5.215762758878222
855.0753250000618,0.6598698043874716,5.214535360909885
855.1753250000618,0.6535496503556466,5.213295256108778
855.2753250000618,0.6472316963497764,5.212042448259467
855.3753250000618,0.6409159679028176,5.210776941200264
855.4753250000618,0.6346024905402422,5.2094987388273495
855.5753250000619,0.6282912897822683,5.2082078450783245
855.6753250000619,0.6219823911413298,5.206904263948814
855.7753250000619,0.6156758201228048,5.2055879994878715
855.8753250000619,0.609371602226878,5.204259055782373
855.975325000062,0.6030697629435635,5.202917436992865
856.075325000062,0.5967703277593419,5.201563147305404
856.175325000062,0.5904733221501584,5.200196190979857
856.275325000062,0.5841787715865651,5.19881657231361
856.375325000062,0.5778867015313098,5.197424295657678
856.4753250000621,0.5715971374384906,5.196019365420808
856.5753250000621,0.5653101047561229,5.194601786053074
856.6753250000621,0.5590256289232722,5.193171562062426
856.7753250000621,0.5527437353708757,5.191728698010113
856.8753250000622,0.5464644495239163,5.19027319849512
856.9753250000622,0.5401877967957268,5.188805068189918
857.0753250000622,0.5339138025955945,5.187324311792427
857.1753250000622,0.5276424923207864,5.185830934074179
857.2753250000623,0.5213738913624233,5.184324939844124
857.3753250000623,0.5151080251027471,5.182806333964701
857.4753250000623,0.5088449189141925,5.181275121355926
857.5753250000623,0.5025845981622767,5.179731306979031
857.6753250000623,0.4963270882024022,5.1781748958529565
857.7753250000624,0.4900724143807742,5.176605893049797
857.8753250000624,0.4838206020368876,5.175024303679271
857.9753250000624,0.47757167649710924,5.173430132924364
858.0753250000624,0.47132566308324764,5.171823385993438
858.1753250000625,0.46508258710361433,5.170204068168248
858.2753250000625,0.4588424738596228,5.168572184767855
858.3753250000625,0.4526053486427313,5.166927741164647
858.4753250000625,0.4463712367334346,5.165270742788401
858.5753250000625,0.44014016340448225,5.16360119510998
858.6753250000626,0.4339121539173486,5.161919103657768
858.7753250000626,0.4276872335232421,5.160224474013138
858.8753250000626,0.4214654274659046,5.158517311794965
858.9753250000626,0.41524676097447955,5.156797622695143
859.0753250000627,0.4090312592730423,5.155065412430858
859.1753250000627,0.40281894757069225,5.153320686792432
859.2753250000627,0.39660985106888147,5.151563451607368
859.3753250000627,0.3904039949580387,5.149793712756313
859.4753250000628,0.38420140441647577,5.148011476177098
859.5753250000628,0.3780021046139295,5.14621674784849
859.6753250000628,0.3718061207077057,5.14440953380657
859.7753250000628,0.3656134778437806,5.142589840140218
859.8753250000628,0.3594242011599107,5.140757672975674
859.9753250000629,0.3532383157777843,5.1389130385119195
860.0753250000629,0.34705584681351354,5.137055942973135
860.1753250000629,0.34087681936676606,5.135186392656362
860.2753250000629,0.334701258528816,5.133304393895676
860.375325000063,0.3285291893788429,5.131409953078081
860.475325000063,0.32236063698275785,5.129503076647544
860.575325000063,0.31619562639707555,5.12758377108881
860.675325000063,0.31003418266472904,5.125652042943699
860.775325000063,0.30387633081625814,5.123707898806619
860.8753250000631,0.29772209587323034,5.121751345309178
860.9753250000631,0.2915715028396871,5.119782389155426
861.0753250000631,0.2854245767135859,5.117801037074511
861.1753250000631,0.2792813424749716,5.1158072958681196
861.2753250000632,0.2731418250947495,5.113801172374822
861.3753250000632,0.26700604953066953,5.111782673485889
861.4753250000632,0.26087404072606774,5.109751806149303
861.5753250000632,0.2547458236140624,5.10770857735364
861.6753250000633,0.24862142311304175,5.1056529941443
861.7753250000633,0.24250086412794247,5.103585063619033
861.8753250000633,0.23638417155398214,5.101504792912623
861.9753250000633,0.23027137026739622,5.099412189231961
862.0753250000633,0.22416248513783207,5.097307259808916
862.1753250000634,0.21805754101556407,5.095190011947565
862.2753250000634,0.21195656274098398,5.0930604529886825
862.3753250000634,0.20585957514026426,5.0909185903255025
862.4753250000634,0.1997666030240263,5.088764431407693
862.5753250000635,0.19367767119186072,5.086597983725326
862.6753250000635,0.18759280442748463,5.084419254825014
862.7753250000635,0.18151202750010598,5.082228252305459
862.8753250000635,0.17543536516846858,5.080024983802213
862.9753250000635,0.16936284217088554,5.077809457022578
863.0753250000636,0.16329448323857992,5.075581679698704
863.1753250000636,0.15723031308194813,5.073341659634583
863.2753250000636,0.15117035640076565,5.071089404670714
863.3753250000636,0.14511463787953277,5.068824922699786
863.4753250000637,0.13906318218606226,5.066548221670618
863.5753250000637,0.13301601397632234,5.064259309572229
863.6753250000637,0.12697315788927294,5.061958194449873
863.7753250000637,0.1209346385483197,5.05964488440062
863.8753250000638,0.11490048056566057,5.057319387558181
863.9753250000638,0.10887070853161228,5.054981712127631
864.0753250000638,0.10284534702890105,5.052631866338759
864.1753250000638,0.09682442061798752,5.050269858492793
864.2753250000638,0.09080795384797795,5.047895696927272
864.3753250000639,0.08479597125164891,5.04550939003162
864.4753250000639,0.07878849734395867,5.0431109462510815
864.5753250000639,0.07278555662721294,5.040700374070867
864.6753250000639,0.0667871735855784,5.0382776820321045
864.775325000064,0.06079337268662385,5.035842878727429
864.875325000064,0.05480417838597278,5.0333959727859074
864.975325000064,0.04881961511593117,5.030936972907549
865.075325000064,0.04283970730071675,5.028465887816932
865.175325000064,0.03686447934084246,5.025982726309644
865.2753250000641,0.030893955624736083,5.023487497217366
865.3753250000641,0.0249281605234535,5.020980209423353
865.4753250000641,0.018967118389108632,5.018460871866333
865.5753250000641,0.013010853560354148,5.015929493524759
865.6753250000642,0.00705939035657812,5.013386083432648
865.7753250000642,0.001112753079537572,5.010830650675215
865.8753250000642,-0.004829033981689067,5.0082632043738755
865.9753250000642,-0.01076594656277282,5.005683753720525
866.0753250000643,-0.016697960407968247,5.003092307931476
866.1753250000643,-0.022625051286662833,5.0004888762936
866.2753250000643,-0.02854719498105613,4.997873468129634
866.3753250000643,-0.03446436729175838,4.995246092813546
866.4753250000643,-0.040376544039436205,4.9926067597744055
866.5753250000644,-0.046283701059017635,4.989955478480759
866.6753250000644,-0.052185814205817325,4.987292258456337
866.7753250000644,-0.05808285935381508,4.984617109275732
866.8753250000644,-0.06397481239039672,4.981930040549487
866.9753250000645,-0.06986164922911205,4.979231061958158
867.0753250000645,-0.07574334579258649,4.9765201832065475
867.1753250000645,-0.08161987803000445,4.973797414069527
867.2753250000645,-0.08749122190408497,4.97106276435758
867.3753250000645,-0.09335735339698585,4.968316243932075
867.4753250000646,-0.09921824851203087,4.965557862709099
867.5753250000646,-0.10507388326760438,4.962787630643934
867.6753250000646,-0.11092423370358848,4.960005557746649
867.7753250000646,-0.11676927587955267,4.95721165407781
867.8753250000647,-0.12260898586919716,4.954405929733689
867.9753250000647,-0.12844333977379888,4.95158839488005
868.0753250000647,-0.13427231370419904,4.948759059706731
868.1753250000647,-0.14009588379920643,4.94591793447313
868.2753250000648,-0.1459140262118807,4.943065029473993
868.3753250000648,-0.15172671711574856,4.940200355054574
868.4753250000648,-0.15753393270660748,4.937323921614432
868.5753250000648,-0.16333564919610358,4.934435739592029
868.6753250000648,-0.16913184281848276,4.931535819480207
868.7753250000649,-0.17492248982869868,4.928624171821912
868.8753250000649,-0.18070756649655517,4.925700807195518
868.9753250000649,-0.18648704912082983,4.922765736248367
869.0753250000649,-0.1922609140103501,4.919818969651697
869.175325000065,-0.19802913750331602,4.916860518145744
869.275325000065,-0.20379169595289157,4.913890392505824
869.375325000065,-0.20954856573372338,4.910908603557367
869.475325000065,-0.2152997232438225,4.90791516217967
869.575325000065,-0.22104514489783456,4.904910079290627
869.6753250000651,-0.22678480713410143,4.901893365862065
869.7753250000651,-0.2325186864126824,4.898865032915531
869.8753250000651,-0.2382467592092004,4.895825091507703
869.9753250000651,-0.24396900202964178,4.892773552763661
870.0753250000652,-0.24968539139052398,4.8897104278321795
870.1753250000652,-0.25539590383912875,4.886635727930475
870.2753250000652,-0.2611005159384102,4.883549464310542
870.3753250000652,-0.2667992042738188,4.880451648274072
870.4753250000653,-0.27249194545525257,4.87734229117617
870.5753250000653,-0.2781787161100186,4.874221404410221
870.6753250000653,-0.2838594928902076,4.871088999423082
870.7753250000653,-0.2895342524706351,4.867945087710893
870.8753250000653,-0.2952029715423885,4.86478968080463
870.9753250000654,-0.30086562682829576,4.861622790303082
871.0753250000654,-0.3065221950621931,4.85844442782853
871.1753250000654,-0.3121726530100622,4.85525460507109
871.2753250000654,-0.3178169774542588,4.852053333755357
871.3753250000655,-0.32345514520063673,4.8488406256551855
871.4753250000655,-0.32908713308057463,4.8456164925973635
871.5753250000655,-0.33471291794363334,4.842380946446616
871.6753250000655,-0.34033247666523536,4.839133999120656
871.7753250000655,-0.34594578614452015,4.835875662586051
871.8753250000656,-0.351552823297602,4.832605948843879
871.9753250000656,-0.35715356507370644,4.829324869962409
872.0753250000656,-0.3627479884335414,4.826032438033186
872.1753250000656,-0.36833607037132443,4.822728665214967
872.2753250000657,-0.37391778789834285,4.819413563700673
872.3753250000657,-0.3794931180503798,4.816087145732018
872.4753250000657,-0.38506203788981147,4.812749423603152
872.5753250000657,-0.3906245244979597,4.809400409645812
872.6753250000658,-0.39618055498307403,4.806040116244219
872.7753250000658,-0.4017301064781077,4.80266855583098
872.8753250000658,-0.40727315613368614,4.799285740872881
872.9753250000658,-0.41280968113490424,4.795891683903255
873.0753250000658,-0.41833965867880896,4.792486397478489
873.1753250000659,-0.4238630659973117,4.789069894221523
873.2753250000659,-0.42937988034008145,4.785642186789128
873.3753250000659,-0.4348900789822662,4.782203287886393
873.4753250000659,-0.4403936392266667,4.778753210270324
873.575325000066,-0.4458905383957916,4.7752919667351374
873.675325000066,-0.4513807538401362,4.77181957012701
873.775325000066,-0.4568642629358706,4.768336033340022
873.875325000066,-0.4623410430775276,4.764841369302089
873.975325000066,-0.4678110716954559,4.7613355910070005
874.0753250000661,-0.47327432623242216,4.75781871147136
874.1753250000661,-0.47873078416739967,4.754290743777651
874.2753250000661,-0.48418042299780184,4.750751701041834
874.3753250000661,-0.4896232202474967,4.747201596427686
874.4753250000662,-0.4950591534690506,4.743640443150363
874.5753250000662,-0.5004882002354889,4.740068254461855
874.6753250000662,-0.505910338148875,4.736485043665559
874.7753250000662,-0.5113255448379174,4.732890824112268
874.8753250000663,-0.5167337979503694,4.729285609186251
874.9753250000663,-0.5221350751711248,4.725669412336952
875.0753250000663,-0.5275293541979562,4.722042247036392
875.1753250000663,-0.5329166127661777,4.718404126821755
875.2753250000663,-0.5382968286302201,4.714755065263335
875.3753250000664,-0.5436699795719301,4.711095075978742
875.4753250000664,-0.5490360434028894,4.707424172636397
875.5753250000664,-0.5543949979558866,4.703742368941148
875.6753250000664,-0.5597468210937866,4.700049678648677
875.7753250000665,-0.5650914907070543,4.696346115561548
875.8753250000665,-0.5704289847058746,4.692631693515432
875.9753250000665,-0.5757592810388923,4.688906426410443
876.0753250000665,-0.581082357668087,4.685170328169011
876.1753250000666,-0.5863981925942929,4.681423412778003
876.2753250000666,-0.591706763838128,4.677665694257022
876.3753250000666,-0.5970080494485853,4.673897186672446
876.4753250000666,-0.6023020275054215,4.670117904140878
876.5753250000666,-0.6075886761103341,4.666327860814933
876.6753250000667,-0.6128679733961213,4.662527070897472
876.7753250000667,-0.6181398975241317,4.6587155486377
876.8753250000667,-0.6234044266761031,4.654893308317535
876.9753250000667,-0.6286615390735306,4.651060364282587
877.0753250000668,-0.6339112129516961,4.647216730900526
877.1753250000668,-0.639153426586041,4.643362422602687
877.2753250000668,-0.6443881582724529,4.639497453852757
877.3753250000668,-0.6496153863361369,4.6356218391606365
877.4753250000668,-0.6548350891340756,4.631735593085854
877.5753250000669,-0.660047245045922,4.627838730223518
877.6753250000669,-0.6652518324834448,4.623931265218371
877.7753250000669,-0.6704488298878992,4.620013212760938
877.8753250000669,-0.6756382157215914,4.6160845875740595
877.975325000067,-0.680819968487872,4.612145404443483
878.075325000067,-0.6859940667043238,4.608195678176747
878.175325000067,-0.6911604889299766,4.604235423644269
878.275325000067,-0.696319213744959,4.600264655748413
878.375325000067,-0.7014702197596525,4.596283389437183
878.4753250000671,-0.7066134856172185,4.592291639707582
878.5753250000671,-0.7117489899842088,4.588289421591753
878.6753250000671,-0.7168767115602941,4.584276750170842
878.7753250000671,-0.7219966290755578,4.580253640571191
878.8753250000672,-0.7271087212817857,4.576220107951049
878.9753250000672,-0.7322129669730801,4.572176167530769
879.0753250000672,-0.737309344958216,4.568121834552212
879.1753250000672,-0.7423978340886861,4.564057124319296
879.2753250000673,-0.7474784132377301,4.5599820521674825
879.3753250000673,-0.7525510613097657,4.555896633477266
879.4753250000673,-0.7576157572429785,4.551800883677506
879.5753250000673,-0.762672479999652,4.547694818231737
879.6753250000673,-0.7677212085761806,4.543578452651846
879.7753250000674,-0.7727619220002886,4.539451802494318
879.8753250000674,-0.7777945993220488,4.535314883347116
879.9753250000674,-0.7828192196351027,4.531167710859476
880.0753250000674,-0.7878357620482,4.527010300701855
880.1753250000675,-0.7928442057140646,4.522842668605927
880.2753250000675,-0.7978445298078045,4.518664830334472
880.3753250000675,-0.8028367135366173,4.514476801694698
880.4753250000675,-0.8078207361424481,4.510278598541515
880.5753250000676,-0.8127965768920415,4.506070236764029
880.6753250000676,-0.8177642150872282,4.501851732299032
880.7753250000676,-0.8227236300620684,4.497623101127294
880.8753250000676,-0.8276748011736096,4.493384359260624
880.9753250000676,-0.832617707823714,4.489135522771239
881.0753250000677,-0.8375523294297819,4.484876607752284
881.1753250000677,-0.8424786454544182,4.480607630357259
881.2753250000677,-0.8473966353832413,4.4763286067703305
881.3753250000677,-0.8523062787348615,4.472039553219463
881.4753250000678,-0.8572075550636038,4.467740485979618
881.5753250000678,-0.8621004439492854,4.463431421359486
881.6753250000678,-0.8669849250077712,4.459112375714739
881.7753250000678,-0.8718609778880457,4.454783365444406
881.8753250000678,-0.8767285822627078,4.450444406978094
881.9753250000679,-0.8815877178503956,4.4460955168049345
882.0753250000679,-0.886438364385709,4.441736711434682
882.1753250000679,-0.8912805016496768,4.437368007436552
882.2753250000679,-0.8961141094469612,4.432989421409976
882.375325000068,-0.9009391676161007,4.428600969997529
882.475325000068,-0.9057556560322952,4.424202669888093
882.575325000068,-0.9105635545969216,4.4197945378037655
882.675325000068,-0.9153628432483616,4.415376590512914
882.775325000068,-0.9201535019589927,4.410948844826608
882.8753250000681,-0.924935510725426,4.406511317586034
882.9753250000681,-0.9297088495915158,4.402064025690992
883.0753250000681,-0.9344734986174947,4.397606986061589
883.1753250000681,-0.9392294379112288,4.393140215676488
883.2753250000682,-0.9439766476048295,4.388663731544092
883.3753250000682,-0.9487151078651579,4.384177550715286
883.4753250000682,-0.9534447988966748,4.37968169028653
883.5753250000682,-0.9581657009306915,4.375176167386988
883.6753250000683,-0.9628777942364586,4.370660999191363
883.7753250000683,-0.9675810591180909,4.36613620291639
883.8753250000683,-0.9722754759045449,4.361601795808442
883.9753250000683,-0.9769610249732066,4.357057795171576
884.0753250000683,-0.9816376867182511,4.352504218329831
884.1753250000684,-0.9863054415826769,4.34794108266486
884.2753250000684,-0.9909642700343291,4.343368405587579
884.3753250000684,-0.9956141525766623,4.338786204550701
884.4753250000684,-1.0002550697516512,4.334194497051769
884.5753250000685,-1.0048870021287881,4.3295933006205
884.6753250000685,-1.009509930316427,4.324982632831407
884.7753250000685,-1.014123834958636,4.320362511300342
884.8753250000685,-1.0187286967249243,4.315732953672301
884.9753250000686,-1.0233244963344015,4.311093977649017
885.0753250000686,-1.0279112145233724,4.3064456009518715
885.1753250000686,-1.0324888320781296,4.301787841358885
885.2753250000686,-1.0370573298104053,4.2971207166768615
885.3753250000686,-1.0416166885683895,4.29244424475369
885.4753250000687,-1.0461668892397034,4.287758443481339
885.5753250000687,-1.0507079127401364,4.283063330783403
885.6753250000687,-1.0552397400252467,4.278358924627503
885.7753250000687,-1.0597623520871444,4.27364524302189
885.8753250000688,-1.0642757299439747,4.268922304003465
885.9753250000688,-1.0687798546646272,4.264190125664879
886.0753250000688,-1.0732747073355875,4.259448726118091
886.1753250000688,-1.0777602690944792,4.254698123530721
886.2753250000688,-1.0822365211049498,4.24993833609866
886.3753250000689,-1.0867034445679369,4.245169382058171
886.4753250000689,-1.0911610207247007,4.240391279688808
886.5753250000689,-1.0956092308453116,4.2356040473012
886.6753250000689,-1.1000480562405024,4.230807703249215
886.775325000069,-1.1044774782583846,4.226002265926633
886.875325000069,-1.1088974782736833,4.221187753755359
886.975325000069,-1.1133080377129985,4.216364185212056
887.075325000069,-1.117709138020915,4.211531578792345
887.175325000069,-1.1221007606942865,4.206689953046491
887.2753250000691,-1.1264828872565649,4.201839326552522
887.3753250000691,-1.1308554992693123,4.196979717928092
887.4753250000691,-1.1352185783352933,4.192111145833355
887.5753250000691,-1.1395721060867094,4.187233628958969
887.6753250000692,-1.1439160641973007,4.182347186038026
887.7753250000692,-1.1482504343789983,4.177451835842793
887.8753250000692,-1.152575198370918,4.172547597173137
887.9753250000692,-1.156890337965159,4.167634488882652
888.0753250000693,-1.1611958349721916,4.162712529843532
888.1753250000693,-1.1654916712558638,4.15778173898159
888.2753250000693,-1.169777828707186,4.152842135249866
888.3753250000693,-1.174054289256084,4.147893737640281
888.4753250000693,-1.1783210348745445,4.142936565186435
888.5753250000694,-1.1825780475646122,4.137970636951849
888.6753250000694,-1.186825309370731,4.132995972041661
888.7753250000694,-1.1910628023763326,4.128012589599427
888.8753250000694,-1.1952905086925925,4.123020508795766
888.9753250000695,-1.1995084104847618,4.118019748853966
889.0753250000695,-1.2037164899368409,4.113010329015558
889.1753250000695,-1.2079147292872943,4.107992268574635
889.2753250000695,-1.2121031108023017,4.102965586851984
889.3753250000696,-1.216281616787747,4.097930303206501
889.4753250000696,-1.2204502295924224,4.092886437037922
889.5753250000696,-1.2246089315957893,4.087834007775312
889.6753250000696,-1.228757705220552,4.0827730348885165
889.7753250000696,-1.2328965329291752,4.077703537885018
889.8753250000697,-1.237025397212421,4.07262553629882
889.9753250000697,-1.2411442806162025,4.067539049715527
890.0753250000697,-1.2452531657055521,4.062444097738618
890.1753250000697,-1.2493520351010279,4.057340700023046
890.2753250000698,-1.2534408714514425,4.052228876249908
890.3753250000698,-1.2575196574460936,4.047108646137625
890.4753250000698,-1.2615883758180204,4.041980029444618
890.5753250000698,-1.2656470093315222,4.036843045958019
890.6753250000698,-1.2696955407949675,4.031697715504885
890.7753250000699,-1.2737339530572527,4.026544057949132
890.8753250000699,-1.2777622289961093,4.021382093180629
890.9753250000699,-1.2817803515454687,4.016211841139751
891.0753250000699,-1.2857883036587452,4.011033321784365
891.17532500007,-1.2897860683459288,4.005846555122719
891.27532500007,-1.2937736286457957,4.000651561188651
891.37532500007,-1.297750967638358,3.9954483600525124
891.47532500007,-1.3017180684481797,3.9902369718237836
891.57532500007,-1.3056749142316755,3.985017416640048
891.6753250000701,-1.3096214881901422,3.979789714677932
891.7753250000701,-1.3135577735661546,3.9745538861501215
891.8753250000701,-1.317483753631648,3.969309951294682
891.9753250000701,-1.3213994117157835,3.964057930399072
892.0753250000702,-1.3253047311675625,3.958797843767856
892.1753250000702,-1.3291996953935814,3.9535297117548565
892.2753250000702,-1.3330842878297446,3.948253554738915
892.3753250000702,-1.3369584919539412,3.9429693931345735
892.4753250000703,-1.340822291289407,3.9376772473946207
892.5753250000703,-1.3446756693917994,3.932377137999307
892.6753250000703,-1.348518609862447,3.927069085467042
892.7753250000703,-1.352351096344691,3.9217531103514753
892.8753250000703,-1.3561731125117495,3.916429233231055
892.9753250000704,-1.3599846420950739,3.911097474732485
893.0753250000704,-1.363785668846302,3.9057578554991856
893.1753250000704,-1.3675761765756729,3.90041039622269
893.2753250000704,-1.3713561491232407,3.8950551176189734
893.3753250000705,-1.3751255703717675,3.889692040438873
893.4753250000705,-1.3788844242501401,3.8843211854705695
893.5753250000705,-1.3826326947202265,3.878942573529077
893.6753250000705,-1.386370365790345,3.873556225466655
893.7753250000706,-1.3900974215115447,3.8681621621699627
893.8753250000706,-1.3938138459652558,3.8627604045498662
893.9753250000706,-1.3975196232921219,3.857350973564344
894.0753250000706,-1.4012147376533122,3.851933890187686
894.1753250000706,-1.4048991732695775,3.8465091754411294
894.2753250000707,-1.4085729143919827,3.8410768503697557
894.3753250000707,-1.4122359453150097,3.835636936052668
894.4753250000707,-1.415888250380025,3.830189453605402
894.5753250000707,-1.4195298139619226,3.824734424169662
894.6753250000708,-1.4231606204828076,3.8192718689234804
894.7753250000708,-1.4267806544082169,3.813801809078444
894.8753250000708,-1.4303899002345626,3.8083242658697447
894.9753250000708,-1.4339883425184197,3.8028392605785064
895.0753250000708,-1.4375759658372238,3.797346814501756
895.1753250000709,-1.4411527548289542,3.791846948982289
895.2753250000709,-1.4447186941623902,3.7863396853861415
895.3753250000709,-1.4482737685504237,3.780825045112512
895.4753250000709,-1.4518179627535686,3.775303049596098
895.575325000071,-1.4553512615663995,3.7697737202971036
895.675325000071,-1.4588736498314396,3.76423707871112
895.775325000071,-1.4623851124353293,3.7586931463664284
895.875325000071,-1.4658856342960647,3.7531419448143044
895.975325000071,-1.4693752003927472,3.747583495650761
896.0753250000711,-1.4728537957256624,3.7420178204873062
896.1753250000711,-1.4763214053565665,3.7364449409800073
896.2753250000711,-1.47977801437849,3.7308648788075613
896.3753250000711,-1.4832236079292536,3.7252776556809515
896.4753250000712,-1.486658171195024,3.719683293345713
896.5753250000712,-1.4900816893965487,3.714081813572215
896.6753250000712,-1.4934941478032462,3.708473238165258
896.7753250000712,-1.4968955317293178,3.702857588961461
896.8753250000713,-1.50028582652079,3.697234887819814
896.9753250000713,-1.5036650175857043,3.691605156642826
897.0753250000713,-1.5070330903536033,3.685968417348076
897.1753250000713,-1.5103900303164122,3.6803246918964914
897.2753250000713,-1.5137358229977922,3.674674002271006
897.3753250000714,-1.5170704539668505,3.669016370485946
897.4753250000714,-1.5203939088417453,3.663351818589228
897.5753250000714,-1.5237061732757224,3.6576803686529207
897.6753250000714,-1.5270072329714006,3.652002042782555
897.7753250000715,-1.5302970736768322,3.646316863114591
897.8753250000715,-1.533575681172351,3.6406248518072255
897.9753250000715,-1.5368430413011969,3.6349260310609433
898.0753250000715,-1.5400991399284174,3.6292204230908744
898.1753250000716,-1.5433439629823247,3.6235080501542494
898.2753250000716,-1.546577496423414,3.6177889345296768
898.3753250000716,-1.549799726258269,3.6120630985262614
898.4753250000716,-1.553010638543211,3.606330564485724
898.5753250000716,-1.5562102193701466,3.60059135477323
898.6753250000717,-1.5593984548810376,3.5948454917864305
898.7753250000717,-1.5625753312639041,3.5890929979530055
898.8753250000717,-1.5657408347394943,3.5833338957217284
898.9753250000717,-1.5688949515923278,3.5775682075824067
899.0753250000718,-1.572037668129033,3.5717959560390584
899.1753250000718,-1.5751689707203598,3.566017163636553
899.2753250000718,-1.5782888457696775,3.5602318529404955
899.3753250000718,-1.5813972797270688,3.5544400465460635
899.4753250000718,-1.584494259093021,3.5486417670800656
899.5753250000719,-1.5875797704040842,3.5428370371920517
899.6753250000719,-1.5906538002475248,3.5370258795630627
899.7753250000719,-1.5937163352572878,3.5312083169032427
899.8753250000719,-1.5967673621004745,3.525384371943181
899.975325000072,-1.5998068675087946,3.5195540674532397
900.075325000072,-1.602834838236356,3.513717426217551
900.175325000072,-1.6058512611022278,3.5078744710598153
900.275325000072,-1.6088561229585212,3.5020252248238233
900.375325000072,-1.611849410704664,3.496169710382016
900.4753250000721,-1.6148311112911335,3.49030795063746
900.5753250000721,-1.617801211704938,3.4844399685152396
900.6753250000721,-1.6207596989844473,3.4785657869709183
900.7753250000721,-1.6237065602153034,3.4726854289882443
900.8753250000722,-1.6266417825167223,3.4667989175707525
900.9753250000722,-1.629565353073342,3.4609062757604594
901.0753250000722,-1.6324772590924814,3.455007526612707
901.1753250000722,-1.6353774878472285,3.449102693221115
901.2753250000723,-1.6382660266441265,3.4431917986987317
901.3753250000723,-1.6411428628376186,3.437274866186317
901.4753250000723,-1.644007983833827,3.431351918854236
901.5753250000723,-1.646861377075858,3.4254229798941536
901.6753250000723,-1.6497030300588018,3.41948807252719
901.7753250000724,-1.6525329303255951,3.413547220001706
901.8753250000724,-1.6553510654531545,3.407600445585179
901.9753250000724,-1.6581574230846057,3.4016477725822685
902.0753250000724,-1.6609519908860286,3.395689224310507
902.1753250000725,-1.6637347565900582,3.3897248241243982
902.2753250000725,-1.6665057079631813,3.3837545953972104
902.3753250000725,-1.6692648328203579,3.377778561528967
902.4753250000725,-1.6720121190288282,3.37179674594827
902.5753250000726,-1.6747475544932477,3.3658091721042798
902.6753250000726,-1.6774711271708618,3.35981586347458
902.7753250000726,-1.6801828250673259,3.3538168435630427
902.8753250000726,-1.682882636222666,3.347812135891979
902.9753250000726,-1.6855705487438808,3.341801764019567
903.0753250000727,-1.6882465507611846,3.335785751516402
903.1753250000727,-1.6909106304721013,3.329764121988723
903.2753250000727,-1.693562776108394,3.3237368990608607
903.3753250000727,-1.6962029759508468,3.317704106382929
903.4753250000728,-1.6988312183331118,3.3116657676325847
903.5753250000728,-1.701447491626682,3.305621906507299
903.6753250000728,-1.7040517842562166,3.299572546731921
903.7753250000728,-1.7066440846953252,3.2935177120566204
903.8753250000728,-1.7092243814523664,3.2874574262493192
903.9753250000729,-1.7117926631034088,3.2813917131124795
904.0753250000729,-1.7143489182479943,3.2753205964605163
904.1753250000729,-1.7168931355537014,3.269244100142146
904.2753250000729,-1.719425303722716,3.2631622480234936
904.375325000073,-1.7219454115067814,3.2570750639954924
904.475325000073,-1.7244534477110718,3.2509825719755625
904.575325000073,-1.72694940117901,3.244884795900193
904.675325000073,-1.7294332608077454,3.2387817597321873
904.775325000073,-1.7319050155438962,3.2326734874586895
904.8753250000731,-1.734364654369198,3.2265600030839092
904.9753250000731,-1.7368121663338028,3.2204413306452464
905.0753250000731,-1.7392475405115815,3.2143174941915884
905.1753250000731,-1.7416707660451516,3.2081885178047633
905.2753250000732,-1.7440818321120959,3.2020544255833183
905.3753250000732,-1.7464807279400563,3.195915241649625
905.4753250000732,-1.7488674428106517,3.189770990151482
905.5753250000732,-1.7512419660441414,3.1836216952549847
905.6753250000733,-1.753604287015057,3.177467381151474
905.7753250000733,-1.7559543951479009,3.171308072055657
905.8753250000733,-1.7582922799026397,3.1651437921986023
905.9753250000733,-1.7606179308083387,3.158974565843194
906.0753250000733,-1.7629313374180178,3.152800417263331
906.1753250000734,-1.76523248935412,3.146621370764496
906.2753250000734,-1.767521376274399,3.140437450668192
906.3753250000734,-1.7697979878871632,3.134248681318746
906.4753250000734,-1.77206231395522,3.12805508708483
906.5753250000735,-1.7743143442803897,3.1218566923526483
906.6753250000735,-1.7765540687192842,3.115653521532573
906.7753250000735,-1.7787814771789663,3.1094455990573375
906.8753250000735,-1.7809965596022996,3.1032329493753315
906.9753250000736,-1.7831993060019065,3.0970155969653916
907.0753250000736,-1.7853897064145898,3.090793566316891
907.1753250000736,-1.7875677509472263,3.0845668819493897
907.2753250000736,-1.7897334297423315,3.078335568397766
907.3753250000736,-1.7918867329934436,3.0720996502187212
907.4753250000737,-1.7940276509490998,3.065859151992224
907.5753250000737,-1.7961561738972214,3.059614098314988
907.6753250000737,-1.7982722921810166,3.0533645138067946
907.7753250000737,-1.8003759961946009,3.04711042310879
907.8753250000738,-1.8024672763682141,3.0408518508770648
907.9753250000738,-1.8045461232024835,3.0345888217967563
908.0753250000738,-1.806612527222437,3.028321360563055
908.1753250000738,-1.808666479023795,3.022049491899953
908.2753250000738,-1.8107079692382348,3.015773240546049
908.3753250000739,-1.8127369885489084,3.009492631260742
908.4753250000739,-1.814753527694445,3.0032076888255963
908.5753250000739,-1.8167575774531988,2.9969184380381413
908.6753250000739,-1.81874912865929,2.990624903717877
908.775325000074,-1.8207281721981947,2.9843271107046445
908.875325000074,-1.8226946989918205,2.9780250838525117
908.975325000074,-1.8246487000330553,2.9717188480431878
909.075325000074,-1.8265901663393955,2.965408428167953
909.175325000074,-1.8285190889996263,2.959093849145474
909.2753250000741,-1.8304354591387937,2.95277513590831
909.3753250000741,-1.8323392679338486,2.946452313408796
909.4753250000741,-1.8342305066176787,2.940125406620323
909.5753250000741,-1.836109166463227,2.9337944405314498
909.6753250000742,-1.8379752387996509,2.927459440151592
909.7753250000742,-1.8398287150078847,2.9211204305094904
909.8753250000742,-1.8416695865055903,2.914777436647382
909.9753250000742,-1.8434978447819872,2.908430483633735
910.0753250000743,-1.8453134813511014,2.902079596546092
910.1753250000743,-1.847116487798811,2.89572480048796
910.2753250000743,-1.8489068557475388,2.889366120576009
910.3753250000743,-1.850684576872023,2.8830035819456556
910.4753250000743,-1.8524496429033759,2.876637209752254
910.5753250000744,-1.854202045613081,2.870267029165532
910.6753250000744,-1.8559417768292716,2.863893065374952
910.7753250000744,-1.8576688284322564,2.8575153435882643
910.8753250000744,-1.8593831923393502,2.8511338890259816
910.9753250000745,-1.8610848605399632,2.844748726933417
911.0753250000745,-1.8627738250485009,2.838359882564471
911.1753250000745,-1.8644500779517663,2.8319673811975665
911.2753250000745,-1.8661136113733838,2.8255712481235706
911.3753250000746,-1.8677644174896766,2.8191715086510456
911.4753250000746,-1.8694024885337526,2.812768188107367
911.5753250000746,-1.871027816779392,2.806361311833477
911.6753250000746,-1.8726403945574313,2.7999509051889206
911.7753250000746,-1.8742402142512655,2.7935369935504903
911.8753250000747,-1.87582726828156,2.787119602307004
911.9753250000747,-1.8774015491415952,2.780698756870644
912.0753250000747,-1.8789630493498224,2.7742744826616765
912.1753250000747,-1.880511761497597,2.7678468051234493
912.2753250000748,-1.882047678213352,2.761415749711012
912.3753250000748,-1.8835707921785947,2.754981341896057
912.4753250000748,-1.8850810961320066,2.7485436071679565
912.5753250000748,-1.8865785828532222,2.7421025710288434
912.6753250000748,-1.8880632451793173,2.735658258998317
912.7753250000749,-1.8895350760002894,2.729210696612167
912.8753250000749,-1.8909940682436561,2.722759909417465
912.9753250000749,-1.892440214910033,2.7163059229831967
913.0753250000749,-1.8938735090253749,2.7098487628859314
913.175325000075,-1.8952939436890268,2.7033884547238616
913.275325000075,-1.8967015120376556,2.696925024106145
913.375325000075,-1.8980962072613439,2.690458496657522
913.475325000075,-1.899478022607718,2.6839888980192703
913.575325000075,-1.9008469513656232,2.6775162538446073
913.6753250000751,-1.9022029868817136,2.671040589803065
913.7753250000751,-1.9035461225559,2.664561931579322
913.8753250000751,-1.904876351825851,2.658080304868586
913.9753250000751,-1.9061936682027891,2.651595735386512
914.0753250000752,-1.9074980652234363,2.645108248855833
914.1753250000752,-1.9087895364983545,2.6386178710194446
914.2753250000752,-1.9100680756756552,2.6321246276304615
914.3753250000752,-1.911333676457195,2.625628544456508
914.4753250000753,-1.9125863326027188,2.6191296472805976
914.5753250000753,-1.9138260379134422,2.612627961896866
914.6753250000753,-1.9150527862487285,2.6061235141146106
914.7753250000753,-1.916266571521514,2.5996163297572044
914.8753250000753,-1.917467387682712,2.593106434657794
914.9753250000754,-1.9186552287572214,2.586593854668508
915.0753250000754,-1.9198300887955888,2.5800786156480418
915.1753250000754,-1.9209919619226221,2.573560743473778
915.2753250000754,-1.9221408423008923,2.567040264032568
915.3753250000755,-1.9232767241470206,2.5605172032247
915.4753250000755,-1.9243996017358396,2.5539915869646963
915.5753250000755,-1.9255094693838861,2.547463441177367
915.6753250000755,-1.9266063214661635,2.5409327918015276
915.7753250000756,-1.9276901524115404,2.5343996647889955
915.8753250000756,-1.9287609566870707,2.527864086100606
915.9753250000756,-1.9298187288341908,2.5213260817146947
916.0753250000756,-1.9308634634201267,2.5147856776156514
916.1753250000756,-1.9318951550867571,2.508242899805067
916.2753250000757,-1.932913798513923,2.501697774293247
916.3753250000757,-1.9339193884357972,2.4951503271028623
916.4753250000757,-1.9349119196450606,2.488600584269652
916.5753250000757,-1.9358913869763188,2.4820485718388055
916.6753250000758,-1.9368577853229416,2.475494315868339
916.7753250000758,-1.93781110963244,2.4689378424282054
916.8753250000758,-1.9387513548906936,2.46237917759661
916.9753250000758,-1.9396785161583379,2.4558183474677735
917.0753250000758,-1.940592588521921,2.4492553781414523
917.1753250000759,-1.941493567143009,2.4426902957331156
917.2753250000759,-1.9423814472213172,2.436123126366188
917.3753250000759,-1.9432562240111555,2.4295538961753675
917.4753250000759,-1.9441178928256186,2.4229826313072538
917.575325000076,-1.9449664490199203,2.416409357917057
917.675325000076,-1.9458018880083088,2.409834102171642
917.775325000076,-1.9466242052594307,2.4032568902487266
917.875325000076,-1.9474333962804788,2.3966777483335147
917.975325000076,-1.9482294566537393,2.390096702625729
918.0753250000761,-1.9490123819875294,2.3835137793301104
918.1753250000761,-1.9497821679655154,2.3769290046656137
918.2753250000761,-1.9505388103096792,2.3703424048583877
918.3753250000761,-1.9512823047968393,2.3637540061447626
918.4753250000762,-1.9520126472628534,2.3571638347717867
918.5753250000762,-1.9527298335858863,2.3505719169942823
918.6753250000762,-1.9534338597033818,2.343978279077551
918.7753250000762,-1.9541247216074085,2.337382947296653
918.8753250000763,-1.954802415328741,2.3307859479333635
918.9753250000763,-1.9554669369735598,2.324187307282479
919.0753250000763,-1.9561182826741845,2.3175870516432955
919.1753250000763,-1.9567564486385902,2.3109852073278043
919.2753250000764,-1.9573814311132178,2.3043818006544257
919.3753250000764,-1.957993226399565,2.297776857950672
919.4753250000764,-1.9585918308583934,2.2911704055535993
919.5753250000764,-1.9591772408929389,2.2845624698071814
919.6753250000764,-1.9597494529659385,2.277953077064681
919.7753250000765,-1.9603084635949717,2.271342253688032
919.8753250000765,-1.9608542693364681,2.26473002604511
919.9753250000765,-1.9613868668225352,2.2581164205153046
920.0753250000765,-1.961906252711518,2.251501463481982
920.1753250000766,-1.962412423737692,2.2448851813396926
920.2753250000766,-1.9629053766739428,2.2382676004886415
920.3753250000766,-1.9633851083483993,2.231648747337019
920.4753250000766,-1.9638516156486614,2.2250286483013717
920.5753250000766,-1.9643048955049547,2.2184073298043305
920.6753250000767,-1.964744944907212,2.2117848182766213
920.7753250000767,-1.9651717609003918,2.2051611401565343
920.8753250000767,-1.9655853405684307,2.1985363218875236
920.9753250000767,-1.965985681071193,2.1919103899230485
921.0753250000768,-1.9663727795948656,2.1852833707200205
921.1753250000768,-1.9667466334018093,2.178655290745013
921.2753250000768,-1.9671072397931166,2.1720261764694824
921.3753250000768,-1.9674545961253014,2.1653960543717643
921.4753250000769,-1.9677886998145304,2.1587649509373614
921.5753250000769,-1.968109548319728,2.152132892657006
921.6753250000769,-1.9684171391596996,2.1454999060283315
921.7753250000769,-1.9687114699084411,2.1388660175554355
921.8753250000769,-1.9689925381790414,2.1322312537468004
921.975325000077,-1.96926034166074,2.1255956411193893
922.075325000077,-1.9695148780691767,2.1189592061930886
922.175325000077,-1.9697561451963712,2.112321975495931
922.275325000077,-1.9699841408731817,2.1056839755600523
922.375325000077,-1.970198862986041,2.0990452329233573
922.4753250000771,-1.9704003094811942,2.0924057741297206
922.5753250000771,-1.9705884783477625,2.085765625727398
922.6753250000771,-1.9707633676348986,2.079124814270346
922.7753250000771,-1.9709249754470877,2.072483366317879
922.8753250000772,-1.9710732999280034,2.0658413084329093
922.9753250000772,-1.971208339297664,2.059198667185308
923.0753250000772,-1.9713300918025536,2.052555469147343
923.1753250000772,-1.971438555765714,2.0459117408978944
923.2753250000773,-1.9715337295491149,2.039267509019175
923.3753250000773,-1.9716156115704386,2.032622800098056
923.4753250000773,-1.9716842003073105,2.025977640726178
923.5753250000773,-1.9717394942803297,2.019332057498688
923.6753250000774,-1.9717814920702519,2.012686077015239
923.7753250000774,-1.9718101923132936,2.00603972587975
923.8753250000774,-1.9718255936849425,1.9993930306989534
923.9753250000774,-1.9718276949371827,1.9927460180849947
924.0753250000774,-1.971816494848516,1.9860987146518845
924.1753250000775,-1.971791992274163,1.9794511470187248
924.2753250000775,-1.9717541861083494,1.9728033418071698
924.3753250000775,-1.9717030753011124,1.9661553256424074
924.4753250000775,-1.971638658862545,1.9595071251531984
924.5753250000776,-1.971560935845794,1.9528587669709574
924.6753250000776,-1.9714699053642735,1.9462102777303998
924.7753250000776,-1.971365566586952,1.9395616840693797
924.8753250000776,-1.971247918722139,1.9329130126277811
924.9753250000776,-1.9711169610547636,1.926264290049383
925.0753250000777,-1.970972692896321,1.9196155429792983
925.1753250000777,-1.9708151136351437,1.912966798066183
925.2753250000777,-1.970644222698629,1.9063180819604613
925.3753250000777,-1.9704600195700719,1.8996694213149854
925.4753250000778,-1.9702625037929091,1.8930208427849768
925.5753250000778,-1.970051674953699,1.8863723730274407
925.6753250000778,-1.969827532699344,1.8797240387014726
925.7753250000778,-1.9695900767323793,1.8730758664682035
925.8753250000779,-1.9693393067947285,1.8664278829900045
925.9753250000779,-1.9690752227050337,1.8597801149316016
926.0753250000779,-1.9687978243085373,1.85313258895852
926.1753250000779,-1.968507111527407,1.8464853317382972
926.2753250000779,-1.9682030843229221,1.839838369939458
926.375325000078,-1.9678857427123262,1.8331917302318281
926.475325000078,-1.9675550867730625,1.826545439286397
926.575325000078,-1.9672111166257378,1.8198995237750728
926.675325000078,-1.9668538324513614,1.8132540103706498
926.775325000078,-1.9664832344866339,1.8066089257468398
926.8753250000781,-1.9660993230076786,1.7999642965778058
926.9753250000781,-1.9657020983674067,1.7933201495385318
927.0753250000781,-1.9652915609453465,1.7866765113042693
927.1753250000781,-1.964867711198011,1.780033408550731
927.2753250000782,-1.9644305496210528,1.7733908679538315
927.3753250000782,-1.9639800767661315,1.7667489161896737
927.4753250000782,-1.9635162932451455,1.7601075799343162
927.5753250000782,-1.9630391997131889,1.753466885863874
927.6753250000783,-1.9625487968857864,1.746826860654132
927.7753250000783,-1.9620450855341849,1.740187530980677
927.8753250000783,-1.961528066469072,1.7335489235187564
927.9753250000783,-1.96099774057796,1.7269110649429011
928.0753250000784,-1.960454108774993,1.7202739819273751
928.1753250000784,-1.9598971720513276,1.713637701145363
928.2753250000784,-1.9593269314372739,1.7070022492694648
928.3753250000784,-1.9587433880191636,1.7003676529713427
928.4753250000784,-1.958146542943581,1.693733938921409
928.5753250000785,-1.957536397400318,1.6871011337892687
928.6753250000785,-1.956912952639608,1.6804692642429866
928.7753250000785,-1.956276209967416,1.673838356949306
928.8753250000785,-1.9556261707291513,1.6672084385738417
928.9753250000786,-1.9549628363470504,1.660579535779953
929.0753250000786,-1.9542862082699828,1.6539516752302004
929.1753250000786,-1.953596288023826,1.647324883584521
929.2753250000786,-1.9528930771736102,1.640699187501482
929.3753250000786,-1.9521765773403836,1.6340746136375843
929.4753250000787,-1.9514467902054389,1.627451188646873
929.5753250000787,-1.9507037174932704,1.6208289391817203
929.6753250000787,-1.9499473609887954,1.6142078918917466
929.7753250000787,-1.9491777225326459,1.6075880734241315
929.8753250000788,-1.948394804004888,1.6009695104241353
929.9753250000788,-1.947598607362393,1.594352229533227
930.0753250000788,-1.946789134588656,1.5877362573915428
930.1753250000788,-1.9459663877441442,1.581121620635043
930.2753250000789,-1.9451303689284556,1.5745083458975322
930.3753250000789,-1.944281080297183,1.5678964598096299
930.4753250000789,-1.9434185240661273,1.561285988998292
930.5753250000789,-1.942542702494269,1.5546769600879344
930.6753250000789,-1.941653617900971,1.5480693996990107
930.775325000079,-1.9407512726612788,1.5414633344484179
930.875325000079,-1.9398356691896412,1.5348587909503406
930.975325000079,-1.9389068099772522,1.5282557958136254
931.075325000079,-1.937964697541911,1.5216543756452523
931.175325000079,-1.937009334478324,1.5150545570464862
931.2753250000791,-1.936040723420299,1.5084563666156527
931.3753250000791,-1.935058867057583,1.501859830946767
931.4753250000791,-1.9340637681400703,1.4952649766289743
931.5753250000791,-1.9330554294607998,1.4886718302480124
931.6753250000792,-1.9320338538731285,1.4820804183844425
931.7753250000792,-1.9309990442860392,1.4754907676141524
931.8753250000792,-1.9299510036478706,1.468902904509528
931.9753250000792,-1.9288897349836165,1.46231685563608
932.0753250000793,-1.9278152413448444,1.4557326475569177
932.1753250000793,-1.926727525859938,1.4491503068278893
932.2753250000793,-1.9256265916963324,1.4425698600011203
932.3753250000793,-1.9245124420773312,1.4359913336233054
932.4753250000794,-1.9233850802862984,1.4294147542350637
932.5753250000794,-1.9222445096496843,1.4228401483727349
932.6753250000794,-1.9210907335541676,1.416267542566271
932.7753250000794,-1.919923755441975,1.4096969633398424
932.8753250000794,-1.91874357879463,1.4031284372133284
932.9753250000795,-1.9175502071701913,1.3965619906981843
933.0753250000795,-1.9163436441532498,1.3899976503029303
933.1753250000795,-1.9151238934050845,1.3834354425272923
933.2753250000795,-1.9138909586259603,1.3768753938664893
933.3753250000796,-1.912644843571913,1.3703175308091873
933.4753250000796,-1.9113855520589382,1.363761879836769
933.5753250000796,-1.910113087946042,1.35720846742547
933.6753250000796,-1.9088274551523419,1.3506573200439322
933.7753250000796,-1.9075286576524015,1.3441084641539032
933.8753250000797,-1.9062166994600034,1.3375619262120497
933.9753250000797,-1.9048915846653187,1.3310177326650752
934.0753250000797,-1.903553317384998,1.324475909956215
934.1753250000797,-1.9022019018122225,1.3179364845183739
934.2753250000798,-1.9008373421790785,1.311399482779168
934.3753250000798,-1.899459642773306,1.3048649311585385
934.4753250000798,-1.898068807942469,1.2983328560679397
934.5753250000798,-1.8966648420770509,1.2918032839128175
934.6753250000799,-1.8952477496275124,1.2852762410898135
934.7753250000799,-1.893817535099636,1.2787517539875581
934.8753250000799,-1.8923742030383306,1.2722298489888146
934.9753250000799,-1.8909177580647079,1.2657105524648593
935.0753250000799,-1.8894482048262973,1.2591938907829676
935.17532500008,-1.8879655480469724,1.2526798902985394
935.27532500008,-1.886469792489416,1.2461685773609033
935.37532500008,-1.884960942971825,1.2396599783106017
935.47532500008,-1.8834390043720637,1.2331541194784865
935.57532500008,-1.8819039816108036,1.226651027188536
935.6753250000801,-1.880355879668534,1.2201507277547243
935.7753250000801,-1.878794703580917,1.2136532474819033
935.8753250000801,-1.877220458422636,1.2071586126682732
935.9753250000801,-1.8756331493443632,1.2006668495990125
936.0753250000802,-1.8740327815231141,1.1941779845547686
936.1753250000802,-1.8724193602120334,1.1876920438027811
936.2753250000802,-1.8707928907029594,1.1812090536034383
936.3753250000802,-1.8691533783430816,1.174729040207227
936.4753250000803,-1.867500828539077,1.1682520298537442
936.5753250000803,-1.8658352467403074,1.1617780487748601
936.6753250000803,-1.8641566384557628,1.1553071231912369
936.7753250000803,-1.8624650092494348,1.1488392793132975
936.8753250000804,-1.86076036472421,1.1423745433440287
936.9753250000804,-1.8590427105587293,1.1359129414718798
937.0753250000804,-1.8573120524578943,1.1294544998802425
937.1753250000804,-1.8555683962024745,1.1229992447375614
937.2753250000804,-1.8538117476118074,1.1165472022046532
937.3753250000805,-1.8520421125604003,1.1100983984313184
937.4753250000805,-1.850259496982046,1.1036528595552775
937.5753250000805,-1.8484639068530773,1.0972106117056701
937.6753250000805,-1.8466553482092414,1.0907716809992274
937.7753250000806,-1.8448338271410958,1.0843360935413338
937.8753250000806,-1.8429993497779562,1.0779038754291537
937.9753250000806,-1.841151922324618,1.0714750527437915
938.0753250000806,-1.8392915510120422,1.0650496515607664
938.1753250000806,-1.837418242146779,1.0586276979391356
938.2753250000807,-1.8355320020738022,1.052209217929552
938.3753250000807,-1.8336328371930477,1.0457942375705345
938.4753250000807,-1.8317207539635056,1.0393827828873279
938.5753250000807,-1.8297957588865423,1.0329748798957457
938.6753250000808,-1.8278578585227097,1.026570554598004
938.7753250000808,-1.8259070594871605,1.0201698329838704
938.8753250000808,-1.8239433684336495,1.0137727410341129
938.9753250000808,-1.8219667920910987,1.0073793047119177
939.0753250000809,-1.8199773372144894,1.00098954997436
939.1753250000809,-1.8179750106340886,0.9946035027605348
939.2753250000809,-1.8159598192184288,0.9882211890003612
939.3753250000809,-1.8139317698907713,0.9818426346105189
939.4753250000809,-1.8118908696331777,0.9754678654932265
939.575325000081,-1.8098371254699093,0.9690969075404192
939.675325000081,-1.8077705444841539,0.9627297866292468
939.775325000081,-1.8056911338134651,0.9563665286233136
939.875325000081,-1.803598900633827,0.9500071593764481
939.975325000081,-1.8014938521960566,0.9436517047233822
940.0753250000811,-1.7993759957769142,0.9373001904922112
940.1753250000811,-1.7972453387281035,0.9309526424915396
940.2753250000811,-1.7951018884394183,0.9246090865200276
940.3753250000811,-1.7929456523551313,0.9182695483619987
940.4753250000812,-1.7907766379780385,0.9119340537861325
940.5753250000812,-1.7885948528529412,0.9056026285499693
940.6753250000812,-1.7864003045832821,0.8992752983950795
940.7753250000812,-1.7841930008266154,0.8929520890484011
940.8753250000813,-1.7819729492787362,0.8866330262263239
940.9753250000813,-1.7797401577099083,0.8803181356246328
941.0753250000813,-1.7774946339162139,0.8740074429319535
941.1753250000813,-1.7752363857683038,0.8677009738159134
941.2753250000814,-1.772965421174732,0.8613987539334302
941.3753250000814,-1.7706817480982506,0.8551008089259934
941.4753250000814,-1.768385374559839,0.848807164418273
941.5753250000814,-1.766076308622276,0.8425178460229498
941.6753250000814,-1.7637545584066725,0.8362328793355513
941.7753250000815,-1.761420132087962,0.8299522899358879
941.8753250000815,-1.7590730378791188,0.8236761033924536
941.9753250000815,-1.7567132840671995,0.8174043452516402
942.0753250000815,-1.75434087896494,0.8111370410521604
942.1753250000816,-1.7519558309592385,0.8048742163102289
942.2753250000816,-1.7495581484746876,0.7986158965305884
942.3753250000816,-1.7471478399897888,0.7923621072014613
942.4753250000816,-1.7447249140409475,0.7861128737930794
942.5753250000816,-1.7422893792061345,0.7798682217628465
942.6753250000817,-1.739841244121322,0.7736281765498387
942.7753250000817,-1.7373805174760073,0.76739276357633
942.8753250000817,-1.7349072079975114,0.7611620082525128
942.9753250000817,-1.732421324486808,0.7549359359649905
943.0753250000818,-1.729922875770403,0.7487145720921707
943.1753250000818,-1.7274118707485313,0.7424979419884676
943.2753250000818,-1.7248883183589037,0.7362860709960641
943.3753250000818,-1.7223522275928262,0.7300789844395423
943.4753250000819,-1.7198036074991592,0.7238767076243261
943.5753250000819,-1.7172424671680746,0.7176792658421716
943.6753250000819,-1.7146688157473944,0.7114866843653433
943.7753250000819,-1.7120826624381476,0.7052989884482275
943.875325000082,-1.7094840164789527,0.6991162033323677
943.975325000082,-1.7068728871816239,0.6929383542342353
944.075325000082,-1.704249283883349,0.6867654663615916
944.175325000082,-1.7016132159945832,0.6805975648967206
944.275325000082,-1.6989646929630213,0.6744346750089214
944.3753250000821,-1.6963037242896113,0.6682768218488113
944.4753250000821,-1.6936303195324849,0.662124030546692
944.5753250000821,-1.6909444882908282,0.6559763262183704
944.6753250000821,-1.688246240221098,0.6498337339590005
944.7753250000821,-1.6855355850326081,0.6436962788447794
944.8753250000822,-1.6828125324720147,0.6375639859383064
944.9753250000822,-1.6800770923586863,0.6314368802756416
945.0753250000822,-1.6773292745372002,0.6253149868836247
945.1753250000822,-1.6745690889249043,0.6191983307621385
945.2753250000823,-1.6717965454761337,0.6130869368973295
945.3753250000823,-1.6690116541981155,0.6069808302555907
945.4753250000823,-1.6662144251548667,0.6008800357818527
945.5753250000823,-1.6634048684511795,0.5947845784057221
945.6753250000824,-1.6605829942487178,0.5886944830350003
945.7753250000824,-1.6577488127616369,0.5826097745574672
945.8753250000824,-1.6549023342411684,0.576530477846553
945.9753250000824,-1.6520435690107398,0.5704566177476826
946.0753250000824,-1.6491725274188074,0.5643882190965537
946.1753250000825,-1.6462892198860806,0.5583253067004459
946.2753250000825,-1.6433936568699894,0.5522679053521574
946.3753250000825,-1.6404858488804708,0.546216039823662
946.4753250000825,-1.637565806483835,0.5401697348643262
946.5753250000826,-1.6346335402868712,0.5341290152073775
946.6753250000826,-1.6316890609528159,0.5280939055630919
946.7753250000826,-1.6287323791970043,0.5220644306206654
946.8753250000826,-1.6257635057715722,0.516040615054197
946.9753250000826,-1.6227824515003115,0.5100224835083267
947.0753250000827,-1.6197892272318546,0.5040100606174633
947.1753250000827,-1.6167838438865307,0.4980033709861429
947.2753250000827,-1.6137663124211064,0.49200243920368036
947.3753250000827,-1.6107366438444517,0.48600728983750796
947.4753250000828,-1.6076948492213714,0.4800179474313143
947.5753250000828,-1.604640939656836,0.47403443651183064
947.6753250000828,-1.6015749263118164,0.4680567815817043
947.7753250000828,-1.598496820398975,0.46208500712145795
947.8753250000829,-1.5954066331674794,0.4561191375957737
947.9753250000829,-1.5923043759375786,0.45015919743842275
948.0753250000829,-1.5891900600541617,0.4442052110724432
948.1753250000829,-1.5860636969332345,0.43825720288956227
948.275325000083,-1.5829252980269428,0.432315197265554
948.375325000083,-1.5797748748391158,0.42637921855325855
948.475325000083,-1.5766124389290503,0.42044929108064444
948.575325000083,-1.5734380018958753,0.4145254391579125
948.675325000083,-1.5702515753942534,0.4086076870700515
948.7753250000831,-1.5670531711301106,0.4026960590788843
948.8753250000831,-1.5638428008455714,0.39679057942965723
948.9753250000831,-1.5606204763532339,0.39089127233527443
949.0753250000831,-1.5573862094901267,0.38499816199741
949.1753250000831,-1.5541400121637863,0.379111272584991
949.2753250000832,-1.550881896317577,0.3732306282502632
949.3753250000832,-1.5476118739461004,0.3673562531215018
949.4753250000832,-1.544329957098943,0.3614881713009949
949.5753250000832,-1.54103615786518,0.35562640687245384
949.6753250000833,-1.5377304883889196,0.3497709838932551
949.7753250000833,-1.534412960865083,0.34392192639657887
949.8753250000833,-1.5310835875244653,0.33807925839830105
949.9753250000833,-1.5277423806677062,0.332243003880535
950.0753250000834,-1.5243893526196601,0.3264131868136714
950.1753250000834,-1.5210245157750468,0.320589831133932
950.2753250000834,-1.5176478825640916,0.3147729607601349
950.3753250000834,-1.5142594654677832,0.30896259958609373
950.4753250000834,-1.5108592770215885,0.30315877147852727
950.5753250000835,-1.5074473298001025,0.2973615002847821
950.6753250000835,-1.5040236364324402,0.29157080982476036
950.7753250000835,-1.5005882095980523,0.28578672389314075
950.8753250000835,-1.497141062011925,0.2800092662665748
950.9753250000836,-1.4936822064582327,0.27423846068654706
951.0753250000836,-1.4902116557451337,0.2684743308823306
951.1753250000836,-1.486729422749985,0.26271690054761754
951.2753250000836,-1.483235520385309,0.25696619335798093
951.3753250000836,-1.4797299616139037,0.25122223296296775
951.4753250000837,-1.4762127594525103,0.24548504298392967
951.5753250000837,-1.4726839269566177,0.23975464702205465
951.6753250000837,-1.4691434772357006,0.23403106864998963
951.7753250000837,-1.465591423449082,0.2283143314141441
951.8753250000838,-1.4620277787912648,0.2226044588421829
951.9753250000838,-1.4584525565252509,0.21690147442520735
952.0753250000838,-1.4548657699377865,0.2112054016416234
952.1753250000838,-1.4512674323841157,0.20551626393286096
952.2753250000839,-1.4476575572542922,0.19983408472152153
952.3753250000839,-1.4440361579881436,0.19415888740316478
952.4753250000839,-1.4404032480788882,0.18849069534406754
952.5753250000839,-1.4367588410580951,0.1828295318895647
952.675325000084,-1.4331029505107582,0.1771754203553608
952.775325000084,-1.4294355900712068,0.1715283840299121
952.875325000084,-1.4257567734085828,0.16588844618222043
952.975325000084,-1.4220665142598075,0.16025563004334537
953.075325000084,-1.4183648263852984,0.15462995883117261
953.1753250000841,-1.414651723613253,0.14901145572522878
953.2753250000841,-1.410927219806311,0.1434001438855092
953.3753250000841,-1.4071913288763465,0.13779604644396287
953.4753250000841,-1.403444064788049,0.13219918650217918
953.5753250000841,-1.399685441544058,0.12660958714003182
953.6753250000842,-1.3959154731998527,0.12102727140668543
953.7753250000842,-1.392134173859707,0.11545226232305976
953.8753250000842,-1.3883415576623288,0.10988458288991818
953.9753250000842,-1.3845376388134665,0.10432425606871557
954.0753250000843,-1.3807224315421067,0.09877130480725897
954.1753250000843,-1.3768959501442626,0.09322575201362895
954.2753250000843,-1.3730582089500003,0.0876876205756778
954.3753250000843,-1.3692092223380707,0.08215693335221338
954.4753250000844,-1.3653490047394445,0.07663371317062041
954.5753250000844,-1.3614775706226179,0.07111798283580509
954.6753250000844,-1.3575949345083278,0.06560976512089797
954.7753250000844,-1.3537011109655497,0.060109082769797574
954.8753250000844,-1.3497961145972952,0.054615958505551
954.9753250000845,-1.345879960072843,0.04913041501054394
955.0753250000845,-1.341952662084444,0.04365247495304501
955.1753250000845,-1.3380142353905948,0.038182160960242954
955.2753250000845,-1.3340646947834522,0.03271949563841073
955.3753250000846,-1.3301040551032808,0.027264501563793814
955.4753250000846,-1.3261323312419466,0.021817201280159786
955.5753250000846,-1.322149538128405,0.016377617308039195
955.6753250000846,-1.318155690743229,0.01094577213513434
955.7753250000846,-1.314150804114651,0.0055216882189428745
955.8753250000847,-1.31013489330453,0.00010538799542228472
955.9753250000847,-1.3061079734401975,-0.005303106141472863
956.0753250000847,-1.302070059671678,-0.010703771812369409
956.1753250000847,-1.2980211672144286,-0.01609658668030922
956.2753250000848,-1.2939613113171515,-0.021481528429928322
956.3753250000848,-1.2898905072760785,-0.02685857477686266
956.4753250000848,-1.285808770438407,-0.032227703470269056
956.5753250000848,-1.2817161161879578,-0.03758889228329286
956.6753250000849,-1.27761255995952,-0.0429421190229488
956.7753250000849,-1.2734981172349586,-0.04828736152741554
956.8753250000849,-1.2693728035293415,-0.053624597657091384
956.9753250000849,-1.2652366344223716,-0.05895380531570474
957.075325000085,-1.2610896255161583,-0.0642749624220244
957.175325000085,-1.2569317924774177,-0.06958804693855312
957.275325000085,-1.2527631510056887,-0.07489303685005944
957.375325000085,-1.2485837168474243,-0.08018991017327327
957.475325000085,-1.2443935057993813,-0.08547864495947279
957.5753250000851,-1.2401925336944695,-0.09075921928466399
957.6753250000851,-1.2359808164159003,-0.09603161125975446
957.7753250000851,-1.2317583698933483,-0.10129579902776964
957.8753250000851,-1.2275252100892535,-0.10655176075462441
957.9753250000851,-1.2232813530298379,-0.11179947465086701
958.0753250000852,-1.219026814763433,-0.11703891894253904
958.1753250000852,-1.2147616114021167,-0.1222700719007242
958.2753250000852,-1.2104857590903508,-0.12749291181943523
958.3753250000852,-1.2061992740188843,-0.13270741702559033
958.4753250000853,-1.2019021724280865,-0.13791356588167253
958.5753250000853,-1.197594470593993,-0.14311133677562948
958.6753250000853,-1.1932761848422517,-0.1483007081313269
958.7753250000853,-1.188947331544343,-0.15348165840568367
958.8753250000854,-1.1846079271040622,-0.15865416607916996
958.9753250000854,-1.1802579879881074,-0.1638182096781801
959.0753250000854,-1.175897530684981,-0.16897376774504932
959.1753250000854,-1.1715265717460417,-0.1741208188684433
959.2753250000854,-1.1671451277545812,-0.17925934166061103
959.3753250000855,-1.1627532153395304,-0.1843893147676433
959.4753250000855,-1.1583508511787433,-0.1895107168721985
959.5753250000855,-1.1539380519852347,-0.19462352668312113
959.6753250000855,-1.1495148345209234,-0.19972772294617655
959.7753250000856,-1.1450812155929064,-0.20482328444111134
959.8753250000856,-1.1406372120401316,-0.2099101899718766
959.9753250000856,-1.1361828407635493,-0.21498841838961716
960.0753250000856,-1.1317181186856,-0.22005794856186006
960.1753250000856,-1.1272430627906629,-0.22511875940373607
960.2753250000857,-1.122757690094585,-0.23017082985460458
960.3753250000857,-1.1182620176581883,-0.23521413888858836
960.4753250000857,-1.1137560625904916,-0.24024866551736873
960.5753250000857,-1.1092398420351586,-0.2452743887795261
960.6753250000858,-1.1047133731840297,-0.2502912877515487
960.7753250000858,-1.1001766732734586,-0.25529934154481926
960.8753250000858,-1.0956297595711697,-0.2602985292955695
960.9753250000858,-1.0910726494059557,-0.26528883018847976
961.0753250000859,-1.0865053601277777,-0.2702702234250476
961.1753250000859,-1.0819279091475935,-0.2752426882556265
961.2753250000859,-1.0773403139073527,-0.28020620395543494
961.3753250000859,-1.072742591893293,-0.2851607498353672
961.475325000086,-1.0681347606391096,-0.29010630524485054
961.575325000086,-1.0635168377126143,-0.29504284956090887
961.675325000086,-1.058888840729045,-0.29997036219944895
961.775325000086,-1.0542507873474567,-0.30488882261217837
961.875325000086,-1.0496026952577864,-0.30979821027628796
961.9753250000861,-1.0449445822100896,-0.31469850471864713
962.0753250000861,-1.0402764659752581,-0.31958968548337063
962.1753250000861,-1.035598364384214,-0.32447173216466874
962.2753250000861,-1.0309102952983769,-0.3293446243822458
962.3753250000861,-1.0262122766227506,-0.3342083417923752
962.4753250000862,-1.0215043263090369,-0.3390628640908208
962.5753250000862,-1.0167864623425098,-0.3439081710016361
962.6753250000862,-1.0120587027551005,-0.348744242288718
962.7753250000862,-1.0073210656218499,-0.35357105775265096
962.8753250000863,-1.0025735690481783,-0.3583885972201279
962.9753250000863,-0.9978162311986409,-0.3631968405687387
963.0753250000863,-0.9930490702582886,-0.36799576769373993
963.1753250000863,-0.9882721044712167,-0.37278535854169514
963.2753250000864,-0.9834853521115132,-0.37756559308527926
963.3753250000864,-0.9786888314961241,-0.38233645133462496
963.4753250000864,-0.9738825609879103,-0.38709791334030186
963.5753250000864,-0.9690665589827513,-0.3918499591818452
963.6753250000864,-0.9642408439223982,-0.3965925689795753
963.7753250000865,-0.9594054342909863,-0.4013257228913744
963.8753250000865,-0.954560348602512,-0.4060494011018496
963.9753250000865,-0.9497056054290973,-0.41076358384770495
964.0753250000865,-0.9448412233630112,-0.4154682513837263
964.1753250000866,-0.9399672210545553,-0.4201633840172006
964.2753250000866,-0.935083617183508,-0.4248489620821323
964.3753250000866,-0.9301904304717661,-0.42952496595085254
964.4753250000866,-0.9252876796863387,-0.43419137603705993
964.5753250000867,-0.9203753836266806,-0.4388481727840894
964.6753250000867,-0.915453561137311,-0.44349533667698926
964.7753250000867,-0.9105222311043952,-0.4481328482392248
964.8753250000867,-0.9055814124434307,-0.45276068802159175
964.9753250000867,-0.9006311241270057,-0.45737883662816503
965.0753250000868,-0.8956713851474986,-0.46198727468151024
965.1753250000868,-0.8907022145542826,-0.4665859828578658
965.2753250000868,-0.8857236314256802,-0.4711749418607851
965.3753250000868,-0.8807356548813721,-0.4757541324330027
965.4753250000869,-0.8757383040853344,-0.4803235353595344
965.5753250000869,-0.8707315982334025,-0.4848831314556914
965.6753250000869,-0.8657155565656507,-0.48943290157941044
965.7753250000869,-0.8606901983630382,-0.49397282662788955
965.875325000087,-0.8556555429353156,-0.49850288752625094
965.975325000087,-0.8506116096482716,-0.5030230652540534
966.075325000087,-0.8455584178871175,-0.5075333408097479
966.175325000087,-0.8404959870929959,-0.5120336952466157
966.275325000087,-0.8354243367354581,-0.5165241096458394
966.3753250000871,-0.8303434863246417,-0.5210045651286177
966.4753250000871,-0.8252534554141449,-0.5254750428593269
966.5753250000871,-0.8201542635888204,-0.5299355240332881
966.6753250000871,-0.815045930476913,-0.5343859898893478
966.7753250000872,-0.8099284757467777,-0.5388264217064418
966.8753250000872,-0.80480191909501,-0.5432568007920128
966.9753250000872,-0.7996662802731642,-0.5476771085090748
967.0753250000872,-0.794521579051845,-0.552087326239929
967.1753250000872,-0.7893678352565003,-0.5564874354228398
967.2753250000873,-0.7842050687404352,-0.5608774175245503
967.3753250000873,-0.779033299396749,-0.5652572540526438
967.4753250000873,-0.7738525471611462,-0.5696269265587621
967.5753250000873,-0.7686628319999721,-0.5739864166261259
967.6753250000874,-0.7634641739221019,-0.5783357058823603
967.7753250000874,-0.758256592975727,-0.5826747759959952
967.8753250000874,-0.7530401092367136,-0.5870036086646401
967.9753250000874,-0.7478147428347894,-0.5913221856425884
968.0753250000874,-0.7425805139183497,-0.5956304887038073
968.1753250000875,-0.737337442689521,-0.599928499679343
968.2753250000875,-0.7320855493777245,-0.604216200429285
968.3753250000875,-0.7268248542513681,-0.6084935728553679
968.4753250000875,-0.7215553776205883,-0.6127605989042508
968.5753250000876,-0.7162771398255376,-0.6170172605547961
968.6753250000876,-0.7109901612480186,-0.6212635398311315
968.7753250000876,-0.7056944623083401,-0.6254994187990848
968.8753250000876,-0.7003900634539107,-0.6297248795541281
968.9753250000877,-0.6950769851848789,-0.6339399042495142
969.0753250000877,-0.6897552480196691,-0.6381444750585469
969.1753250000877,-0.6844248725292972,-0.6423385742126883
969.2753250000877,-0.6790858793114901,-0.6465221839729901
969.3753250000877,-0.6737382890021573,-0.6506952866429677
969.4753250000878,-0.6683821222780852,-0.6548578645719534
969.5753250000878,-0.6630173998454297,-0.6590099001420743
969.6753250000878,-0.6576441424509495,-0.6631513757813935
969.7753250000878,-0.6522623708790038,-0.6672822739603756
969.8753250000879,-0.6468721059407502,-0.671402577180016
969.9753250000879,-0.6414733684994947,-0.6755122680008061
970.0753250000879,-0.6360661794362468,-0.6796113290034514
970.1753250000879,-0.6306505596813903,-0.6836997428254499
970.275325000088,-0.625226530190416,-0.6877774921332294
970.375325000088,-0.6197941119601206,-0.6918445596411507
970.475325000088,-0.6143533260349187,-0.695900928119273
970.575325000088,-0.6089041934854835,-0.6999465803681356
970.675325000088,-0.6034467353935157,-0.7039814992011013
