时间(s),X坐标(m),Y坐标(m),Vx(m/s),Vy(m/s),Ax(m/s^2),Ay(m/s^2)
162.17325750852598,-3.388918861324534,5.323549052832426,0.07617300878583082,-0.06104363458039,0.028189244797867094,0.011157295043711615
162.27325750852597,-3.8449759205269065,5.239655035068525,-0.2689930636579571,-0.11659310703859499,-0.08760190075922916,-0.007256523370031554
162.37325750852597,-3.8723132363964967,5.2279594417478155,-0.27775325373387955,-0.1173187593755981,-0.08760190075922916,-0.007256523370031554
162.47325750852596,-3.9285760282474365,5.11230486751557,-0.3077611198189967,-0.19566896365072106,-0.09470039416247555,-0.03291352973028838
162.57325750852596,-4.106582954489682,4.9825364977075255,-0.43199686676687304,-0.2837953879682111,-0.13390057814681422,-0.06157575961339087
162.67325750852595,-4.233725718661279,4.864348196446951,-0.5106245445152443,-0.35908009122188983,-0.15617399637323248,-0.084921821509139
162.77325750852594,-4.256872447904143,4.77725524527251,-0.5023257637449768,-0.40925303093774074,-0.147650565779839,-0.0996123500291067
162.87325750852594,-4.080739635898584,4.804849576748769,-0.333763986043803,-0.364288962465891,-0.08391615649309472,-0.08072232845347121
162.97325750852593,-4.114535615285428,4.768017068859915,-0.342155601693112,-0.3723611953112376,-0.08391615649309472,-0.08072232845347121
163.07325750852593,-4.648473215601482,4.732069609836976,-0.7668574756313838,-0.38151566624096883,-0.23155537550768313,-0.08170283577306761
163.17325750852592,-4.726316740042154,4.693509529034016,-0.7900130131821509,-0.38968594981827515,-0.23155537550768313,-0.08170283577306761
163.27325750852592,-4.254578102691467,4.60135030446375,-0.3381308132768801,-0.4443696189710663,-0.05976498326605857,-0.09877557353866759
163.3732575085259,-4.288690008935483,4.556419464698953,-0.3441073116034856,-0.4542471763249325,-0.05976498326605857,-0.09877557353866759
163.4732575085259,-3.956658405649345,4.509940211988255,-0.03733697752886397,-0.4645966943486558,0.052362823143426204,-0.09894307800495415
163.5732575085259,-3.7662419875418474,4.468068934814471,0.13584827297952484,-0.47014383518395975,0.11321933927030636,-0.09738368700455148
163.6732575085259,-3.6626215348534488,4.467807213533797,0.2237676764254851,-0.439938446894011,0.1407347927705341,-0.08317705186526587
163.7732575085259,-3.4175337394385252,4.571623061035941,0.4351276589287398,-0.318175316072016,0.21356143277717876,-0.03564102115977917
163.87325750852588,-3.4279993190336477,4.527228569128974,0.40942141266964027,-0.33221379478791596,0.19666567036307042,-0.03936469377411254
163.97325750852588,-3.386073849414871,4.493810366181314,0.4290879797059462,-0.336150264165327,0.19666567036307042,-0.03936469377411254
164.07325750852587,-3.779560939137381,5.012054933284849,0.07215161542018289,0.12941389243170953,0.06049132203547225,0.12866417377848743
164.17325750852586,-3.7720433209851856,5.025639643396912,0.07820074762372978,0.14228030980955755,0.06049132203547225,0.12866417377848743
164.27325750852586,-3.526406658254328,4.825949854522632,0.29223159729194165,-0.03461145347116101,0.13684217073813207,0.05859831372007093
164.37325750852585,-3.496499287671445,4.822781700744116,0.3059158143657541,-0.028751622099154252,0.13684217073813207,0.05859831372007093
164.47325750852585,-3.3984746957153864,4.972027588658325,0.3762246978918146,0.10443100898405988,0.1571937373420396,0.10390987036435344
164.57325750852584,-3.7177762816308046,5.2469674512214,0.08552703909239312,0.33831952484634426,0.04607400337572429,0.1841543561864753
164.67325750852584,-3.6774266633290704,5.008442324904019,0.11680099753393627,0.1285318908457083,0.05565551956706807,0.10296836327740466
164.77325750852583,-3.81310020241284,5.204001477046911,-0.006497859025910897,0.29595149106876695,0.008089677247788668,0.16037623916241972
164.87325750852582,-3.7351406594160608,5.290791732050944,0.06035002908057034,0.35884187840415604,0.03179718568912559,0.17702991072020605
164.97325750852582,-3.7289466705795586,5.327561069444958,0.06352974764948272,0.37654486947617566,0.03179718568912559,0.17702991072020605
165.0732575085258,-4.0319773125928515,5.078407001386115,-0.19254892438671647,0.1553535737256237,-0.06134433653147941,0.09185363264297515
165.1732575085258,-4.05153892671418,5.094401626921891,-0.19868335803986406,0.1645389369899207,-0.06134433653147941,0.09185363264297515
165.2732575085258,-4.1226948799765415,4.854253523894533,-0.25612316858863043,-0.05107688205403793,-0.08228760689997336,0.008264130658375113
165.3732575085258,-4.148718634869903,4.849187156342421,-0.26435192927862733,-0.050250468988200465,-0.08228760689997336,0.008264130658375113
165.4732575085258,-4.064599348831232,5.034817481225774,-0.17978482802207932,0.10807337799097685,-0.048834946980522397,0.06447757080438504
165.57325750852578,-3.938358498035756,4.991979283902282,-0.0625117855907384,0.06944141389553804,-0.004375132208222922,0.048234269649487516
165.67325750852578,-4.166160216942334,4.634590218588216,-0.24792850099568686,-0.22649237858389346,-0.07109594730269228,-0.05917480491786409
165.77325750852577,-4.11839107626003,4.409825982865228,-0.1920228058724076,-0.40463097636769235,-0.04773353642165634,-0.12238116866431176
165.87325750852577,-4.01154265746702,4.343656895182798,-0.09159154599092183,-0.43752115626793603,-0.009802961360717323,-0.1297541680821146
165.97325750852576,-4.020750826872915,4.299256008715597,-0.0925718421269935,-0.45049657307614677,-0.009802961360717323,-0.1297541680821146
166.07325750852576,-4.111125016201943,4.474899742155827,-0.1605942979010683,-0.2813648810743378,-0.033881279581850374,-0.0646386665942373
166.17325750852575,-4.127353852389959,4.446440060715425,-0.16398242585925316,-0.2878287477337612,-0.033881279581850374,-0.0646386665942373
166.27325750852575,-4.24182778738155,4.177630856968031,-0.25565196038930493,-0.4992201679972315,-0.06770354323693376,-0.14016221170871687
166.37325750852574,-4.267731501136664,4.127008029109768,-0.26242231471299793,-0.5132363891681024,-0.06770354323693376,-0.14016221170871687
166.47325750852573,-4.363015384618743,4.202347643401833,-0.326471273765892,-0.4223664125853255,-0.08842708639044786,-0.10257987441017645
166.57325750852573,-4.203202664453458,3.943468497204025,-0.1725870848511503,-0.6126871327574492,-0.029007687515360522,-0.16769347920403327
166.67325750852572,-3.990804023125908,3.7317261618366886,0.016027503556835097,-0.7526357296128195,0.040277414877905385,-0.2118299636278607
166.77325750852572,-4.04311987690695,3.551976853395176,-0.026648482908333597,-0.8619396755392534,0.022919467659758358,-0.24426155078966796
166.8732575085257,-3.9504270262421786,3.6593304517134273,0.05488983174663118,-0.7262835737974264,0.05155753746928265,-0.1869596595592086
166.9732575085257,-3.9446802553801694,3.585767296035893,0.06004558549355915,-0.7449795397533462,0.05155753746928265,-0.1869596595592086
167.0732575085257,-3.484641173910482,3.7777520890020275,0.44473265863841405,-0.5451771936904818,0.18934431431544443,-0.10904275979971281
167.1732575085257,-3.439221186475066,3.7226891558339843,0.46366709006995743,-0.5560814696704525,0.18934431431544443,-0.10904275979971281
167.2732575085257,-3.0812368991077146,3.9475010672319377,0.7439754579143263,-0.3349329201980119,0.28467117802663006,-0.025610906885760863
167.37325750852568,-3.0054159974261534,3.9138797206777096,0.7724425757169877,-0.33749401088658787,0.28467117802663006,-0.025610906885760863
167.47325750852568,-2.9450149198045374,4.078748886783249,0.7856869982381444,-0.17644765849518818,0.2791603926374515,0.03305794791162147
167.57325750852567,-3.1008951415114616,4.270415856411886,0.6147322629102044,0.0010380248165270485,0.20651924719296555,0.09607605318103463
167.67325750852567,-3.1788111475100624,4.004816731827881,0.5184045399545325,-0.20839696508116237,0.16419087138756755,0.017562947250740965
167.77325750852566,-3.2620756441082723,4.365991363353448,0.41757620927306455,0.11863471513325087,0.12061672064039052,0.1372843428918923
167.87325750852565,-3.2522655034880175,4.4275567685233606,0.40256582185732354,0.1726340460698779,0.1108341520568788,0.15169996292355037
167.97325750852565,-3.211454750542003,4.445578672944965,0.41364923706301077,0.18780404236223208,0.1108341520568788,0.15169996292355037
168.07325750852564,-3.215789725854594,4.234134094128546,0.3870613142452578,0.012169283676603082,0.09743056887017659,0.08308398943978704
168.17325750852564,-3.17659644158572,4.235766442443405,0.3968043711322749,0.020477682620581313,0.09743056887017659,0.08308398943978704
168.27325750852563,-3.2618906083341566,4.504561172359341,0.30537155556089357,0.25308694082081395,0.06175849200598064,0.16495089909307895
168.37325750852563,-3.2310446603180387,4.5306946209368855,0.3115474047614913,0.26958203073012094,0.06175849200598064,0.16495089909307895
168.47325750852562,-3.6374188640018152,4.286075537445694,-0.04697260244301325,0.061947736609372514,-0.07021294992242427,0.08461008901872752
168.57325750852561,-3.691001749110026,4.359688404034948,-0.09489892509550656,0.12617486232742875,-0.08514826918624008,0.10477814924498402
168.6732575085256,-3.9721644809529395,4.377778321330143,-0.32926730069336185,0.14072280914682564,-0.16684016058298923,0.10623646120349138
168.7732575085256,-3.579309513531168,4.042556993852338,0.021860380413451667,-0.14643855694996588,-0.030195836509129464,-0.0033247075771605378
168.8732575085256,-3.8640584618894063,3.899709153109326,-0.21956451668680865,-0.2520385063155679,-0.11631397739345892,-0.040992993923278064
168.9732575085256,-3.8865964834450533,3.8743003375081546,-0.2311959144261539,-0.25613780570789546,-0.11631397739345892,-0.040992993923278064
169.0732575085256,-3.8871644764231603,3.865593659251953,-0.22205112897915913,-0.24576086655836807,-0.10838525021930664,-0.035695404554760675
169.17325750852558,-3.9099115155721713,3.840839095573344,-0.23288965400108919,-0.24933040701384393,-0.10838525021930664,-0.035695404554760675
169.27325750852557,-3.9442123911588123,4.110707172461974,-0.2444725316912816,-0.013850009366479338,-0.10639350273228647,0.048973667523107174
169.37325750852557,-3.9691916118416004,4.109567039862942,-0.2551118819645096,-0.0089526426141689,-0.10639350273228647,0.048973667523107174
169.47325750852556,-3.8836191123759507,3.8686286149915308,-0.1728108065613056,-0.201692691250374,-0.07276740525264344,-0.021856525849897147
169.57325750852556,-4.003054680587573,3.558527959821348,-0.26585229280109246,-0.44504710741519476,-0.10407745560428426,-0.10906160369367784
169.67325750852555,-3.9786631579859595,3.59981727196858,-0.2333922348392624,-0.3849606561341566,-0.08857397545910552,-0.08362895809464951
169.77325750852555,-4.256578722752026,3.526356851993177,-0.46130404829160465,-0.42272314448823484,-0.1699470015588409,-0.09444452714739132
169.87325750852554,-4.522907129112926,3.423721465515505,-0.6606062880254425,-0.48133831768352003,-0.23579595072930296,-0.1120377741286164
169.97325750852553,-4.590146737669113,3.3750274448765127,-0.6841858830983715,-0.492542095096381,-0.23579595072930296,-0.1120377741286164
170.07325750852553,-4.556613352936497,3.696803909441588,-0.6184155243800168,-0.19949569699595246,-0.2025177264201915,-0.003341685892185156
170.17325750852552,-4.619467494006596,3.676837631312533,-0.6386672970220348,-0.19982986558517096,-0.2025177264201915,-0.003341685892185156
170.27325750852552,-4.390367474552492,3.8276000246892803,-0.40753632807282936,-0.058890710311063986,-0.1096844961917887,0.04752786025846301
170.3732575085255,-4.431669529840732,3.8219485929594663,-0.4185047776920076,-0.05413792428521796,-0.1096844961917887,0.04752786025846301
170.4732575085255,-4.256358237105129,3.5074026230853796,-0.24820522292583766,-0.3038162447550597,-0.044101100975851404,-0.0436560341674657
170.5732575085255,-4.097146713581395,3.5038601048942475,-0.097382225412524,-0.2856685734648747,0.012570275897324769,-0.03551532130705912
170.6732575085255,-4.159130403399028,3.8138985198340896,-0.139665706655491,-0.010675614617786886,-0.003176708514042583,0.06427259496788121
170.7732575085255,-4.284978129689733,3.5982900124026918,-0.2364032741267291,-0.18709101246525897,-0.03899490765734205,-0.002993183580910483
170.87325750852548,-4.490861513511112,3.457065312749654,-0.39160317207773593,-0.2879592058772522,-0.09364525209544874,-0.038977368093268426
170.97325750852548,-4.53049005697936,3.428074505321464,-0.40096769728728027,-0.29185694268657886,-0.09364525209544874,-0.038977368093268426
171.07325750852547,-4.694476224867972,3.3484797790079206,-0.5125061667506285,-0.33618371000513425,-0.13046266986732125,-0.053235749792995266
171.17325750852547,-4.746379154892368,3.3145952292584444,-0.5255524337373599,-0.3415072849844335,-0.13046266986732125,-0.053235749792995266
171.27325750852546,-4.192396367658991,3.5036505599463874,-0.025082945901667007,-0.16308185583363463,0.0576069851306507,0.01261316404928298
171.37325750852546,-4.194616627323504,3.4874054401832715,-0.019322247388602266,-0.16182053942870642,0.0576069851306507,0.01261316404928298
171.47325750852545,-4.1442472950097935,3.7480440596946587,0.02974526204146264,0.06704911378204129,0.0732758351827266,0.09418600967849444
171.57325750852544,-4.186844334940891,3.7310581236339777,-0.0016298381430996543,0.05636385107306999,0.059146298807477356,0.086916383274652
171.67325750852544,-4.0746992886025915,3.7601272288521224,0.09752167460086798,0.08396431298059996,0.0928671440678138,0.09369055267197234
171.77325750852543,-3.777134336045288,3.8316167572185797,0.3544822714564581,0.1466253931279488,0.18487459365496545,0.11329641149516101
171.87325750852543,-3.8968384228628983,3.6042796084302835,0.24325412502561378,-0.041183576303576705,0.1380201920013905,0.04204226197461028
171.97325750852542,-3.871822909400332,3.6003714621097993,0.25705614422575207,-0.036979350106115916,0.1380201920013905,0.04204226197461028
172.07325750852542,-4.0562787237876385,3.2483674819223185,0.09411557580296713,-0.3208323826580704,0.07373530638134149,-0.061607285262157946
172.1732575085254,-4.046498489675436,3.2159762072302023,0.10148910644110086,-0.32699311118428587,0.07373530638134149,-0.061607285262157946
172.2732575085254,-3.5220488104602867,3.105662305858658,0.5450751662705495,-0.3992158113821322,0.2339318919751201,-0.08598668204384477
172.3732575085254,-3.4663716343733593,3.0653107913102278,0.5684683554680602,-0.4078144795865162,0.2339318919751201,-0.08598668204384477
172.4732575085254,-3.578722639322965,2.936052053927773,0.450012303785047,-0.48882429690164547,0.18260917368032403,-0.11193834975460082
172.5732575085254,-3.9407899362686463,3.2580690368165333,0.12454893068062464,-0.1909444583071679,0.05712230585561254,-0.00017578632855737297
172.67325750852538,-3.9509615465840464,3.554737064245932,0.11118955438135071,0.06865537309061222,0.05022469087122561,0.09283360302744875
172.77325750852538,-4.394696932340682,3.6640562597121233,-0.27605629715597924,0.1647292661235653,-0.09549777266406789,0.12476345011459938
172.87325750852537,-4.566914062550159,3.825727588265944,-0.4053960543675771,0.29589644132269804,-0.138766994032673,0.16723250495675995
172.97325750852536,-4.608147502957078,3.856153394922996,-0.4192727537708436,0.31261969181837307,-0.138766994032673,0.16723250495675995
173.07325750852536,-4.447973898145456,3.6115188835727925,-0.26319774913886934,0.10243917634839661,-0.07696211215385393,0.08607719137461448
173.17325750852535,-4.47467848362011,3.6221931871645046,-0.2708939603542543,0.11104689548585757,-0.07696211215385393,0.08607719137461448
173.27325750852535,-3.8021868357858266,3.519556835459866,0.31365526234454655,0.02593311176220435,0.1400172454530917,0.05253445832949418
173.37325750852534,-3.770121223324108,3.5224128189277337,0.3276569868898549,0.03118655759515347,0.1400172454530917,0.05253445832949418
173.47325750852534,-3.943804221593593,3.04105161924703,0.16918534249808337,-0.36221720403484403,0.07761439513868351,-0.09034152030374606
173.57325750852533,-3.7621495204156283,3.054270196487002,0.3154097750869125,-0.329738626786578,0.12816443393198884,-0.07533032274813034
173.67325750852532,-3.677373835500638,3.041259136092165,0.37200430101254206,-0.3205487936338522,0.14399761294776675,-0.06933926679484607
173.77325750852532,-3.521199718419712,3.2469330512958585,0.48833013271752423,-0.12488670468229898,0.1818617694943951,0.0051948444992682835
173.8732575085253,-3.616190504665386,3.3589250007021545,0.3862285861548544,-0.02219433829685386,0.13841278376250357,0.04175354714218241
173.9732575085253,-3.5768755821310902,3.35691433460818,0.40006986453110394,-0.018018983582635855,0.13841278376250357,0.04175354714218241
174.0732575085253,-3.657510912908313,3.4107144017752153,0.31173575461834047,0.029973619133236644,0.10112321688624172,0.05699139825237775
174.1732575085253,-3.62583172136205,3.4139967206798008,0.32184807630696405,0.0356727589584741,0.10112321688624172,0.05699139825237775
174.2732575085253,-3.5156374404211452,2.899503069688732,0.3938706739614799,-0.3860001117092237,0.12278212997050844,-0.09649317154604957
174.37325750852528,-3.4756364623751472,2.8604205926600814,0.40614888695853,-0.39564942886382815,0.12278212997050844,-0.09649317154604957
174.47325750852528,-3.500841121785528,3.031406946832493,0.3631142382331635,-0.2317426204173138,0.10276930368965592,-0.03429187765961289
174.57325750852527,-3.5267934018594946,3.0973466744734313,0.3205012309979431,-0.16088177206962975,0.08346025927335733,-0.007428257651509153
174.67325750852527,-3.67127785896644,2.857867528244211,0.18155620956530408,-0.34526337915012106,0.030189645190276136,-0.07321782308407951
174.77325750852526,-3.9537639141009464,2.9484038596072497,-0.07468598764760341,-0.2458486546174459,-0.06612236994402473,-0.033949971378667634
174.87325750852526,-4.193410993932118,2.7880047557999075,-0.27398694090846437,-0.3606029190224809,-0.135723233027833,-0.07379567328194814
174.97325750852525,-4.221488304188102,2.751575485531252,-0.2875592642112469,-0.36798248635067526,-0.135723233027833,-0.07379567328194814
175.07325750852524,-3.920233289634743,3.1057392633155585,-0.02320252871044695,-0.05344611038197071,-0.03443691397367807,0.041626308797013054
175.17325750852524,-3.922725727075656,3.100602783821347,-0.02664622010781456,-0.04928347950226964,-0.03443691397367807,0.041626308797013054
175.27325750852523,-3.9404134018988253,3.214888223109327,-0.04548279439258055,0.04900367587095332,-0.04086532828562394,0.07430497535964276
175.37325750852523,-3.9451660079795112,3.2201601155732207,-0.04956932722114271,0.05643417340691717,-0.04086532828562394,0.07430497535964276
175.47325750852522,-3.8995399634022303,3.150785577025177,-0.0113700806746518,0.0018636793729173203,-0.02556584752376913,0.05208425324699445
175.57325750852522,-3.843667362016397,2.9964688800623387,0.03421148424572776,-0.12169896121251728,-0.007991582304087488,0.005520034360095717
175.6732575085252,-3.870205441204192,3.1510865693741303,0.008508154312504968,0.015961034594112133,-0.01699865172609373,0.05463970575555236
175.7732575085252,-3.963992857541901,3.2641532050852256,-0.07468965478772022,0.11605093933803753,-0.047274039379172086,0.08945214082957302
175.8732575085252,-4.050052865783427,3.29097273815372,-0.14453760641379715,0.13711947672472213,-0.07079615809067652,0.0937900141740011
175.9732575085252,-4.064860607215259,3.3051536358970615,-0.1516172222228644,0.14649847814212172,-0.07079615809067652,0.0937900141740011
176.0732575085252,-3.7249883447617456,3.2698761869977147,0.13980810143738176,0.11595481733736006,0.03793983261257393,0.0798902098147193
176.17325750852518,-3.7108178354549453,3.2818711197805235,0.14360208469863894,0.12394383831883153,0.03793983261257393,0.0798902098147193
176.27325750852518,-3.5374517446007556,3.523384164567925,0.2856422522122986,0.32057627662846744,0.08966885414451886,0.1476575039049051
176.37325750852517,-3.508439175108805,3.5561800797502943,0.29460913762675,0.3353420270189571,0.08966885414451886,0.1476575039049051
176.47325750852517,-3.4995334354391003,3.357545662526755,0.2860883820005191,0.15856302973371514,0.08334162431471252,0.07900919876457815
176.57325750852516,-3.452647573253155,3.4687719882805395,0.3094698160261023,0.24548794461605658,0.08883507924698653,0.10758464662391415
176.67325750852515,-3.6771904014301406,3.41714730538469,0.10531924976766707,0.19317524677130182,0.011787233358349497,0.08498906389083316
176.77325750852515,-3.8093788713727923,3.1785463089015007,-0.016567319208943193,-0.018169174819542958,-0.03392986546232823,0.004109735794362385
176.87325750852514,-3.8089820282825912,3.2215699786883287,-0.0181125845902197,0.019037441397608504,-0.03326245218841782,0.01727566736595821
176.97325750852514,-3.810959599002555,3.2235601011649195,-0.021438829809061293,0.020765008134204226,-0.03326245218841782,0.01727566736595821
177.07325750852513,-3.811993479635083,3.145770833357952,-0.026954872074989398,-0.04448271044681386,-0.03493641215944439,-0.007063617327657104
177.17325750852513,-3.814863648903379,3.141287244226633,-0.030448513290933638,-0.04518907217957953,-0.03493641215944439,-0.007063617327657104
177.27325750852512,-3.9424180763270438,3.032153207664934,-0.13593195178910342,-0.13384033554538957,-0.07140627300155981,-0.039132027265911785
177.3732575085251,-3.956368302870961,3.0185735139740664,-0.143072579089259,-0.13775353827198053,-0.07140627300155981,-0.039132027265911785
177.4732575085251,-3.692474812684199,2.9746834757361844,0.08171548050505764,-0.16627241715613492,0.01250819589751316,-0.04795053051244047
177.5732575085251,-3.546199636274599,3.28823607956318,0.19926557140855847,0.10385838326845803,0.05496671082549141,0.05146395013483829
177.6732575085251,-3.6191626834697135,3.099971326470395,0.1272141215246312,-0.054534839309384686,0.026919950286732906,-0.007124996365538747
177.7732575085251,-3.711540289746485,3.091480530077154,0.03920247074418603,-0.05780169407955876,-0.006775232541323527,-0.008064731623374769
177.87325750852509,-3.9947651404132754,2.8395131086425454,-0.20009311161554486,-0.26068595711261167,-0.09296619169946618,-0.08037063951075316
177.97325750852508,-4.015239282533326,2.813042659733732,-0.20938973078549095,-0.2687230210636865,-0.09296619169946618,-0.08037063951075316
178.07325750852507,-4.040531386619224,2.997594446321378,-0.22494911853679042,-0.1019285565878676,-0.09605261552245677,-0.017528755312270283
178.17325750852507,-4.063506561550515,2.9873139468860304,-0.23455438008903556,-0.10368143211909453,-0.09605261552245677,-0.017528755312270283
178.27325750852506,-3.538026997294677,2.950946969398832,0.22245543957877842,-0.12442643178586775,0.07538876215333813,-0.02368175455976868
178.37325750852506,-3.515404509526034,2.938385917447447,0.2299943157941118,-0.1267946072418445,0.07538876215333813,-0.02368175455976868
178.47325750852505,-3.698519628113397,2.66370608464228,0.06560727865391627,-0.3445368756475228,0.013183987735650042,-0.10087033151913351
178.57325750852505,-3.9740434483286626,2.4392693707309303,-0.17078538522756956,-0.5122797685539136,-0.07359951959862909,-0.15787943103515806
178.67325750852504,-4.04312363034674,2.609109938847223,-0.22112409902787805,-0.34565886499686943,-0.08914361044888774,-0.09253048216200077
178.77325750852503,-3.7591181664157247,2.399630027466476,0.03419682656246963,-0.5033653273884018,0.009016239578941265,-0.14714579585595822
178.87325750852503,-3.6141202622563915,2.2322685258650354,0.1527266046395976,-0.6135491965415535,0.05150457194117545,-0.18130587666885836
178.97325750852502,-3.5985900789327268,2.170007076827539,0.15787706183371486,-0.6316797842084383,0.05150457194117545,-0.18130587666885836
179.07325750852502,-3.623232672788485,2.3519907257521933,0.13004127330494417,-0.4492479390905819,0.0398081739947495,-0.10989429826578959
179.173257508525,-3.6100295045880175,2.3065164603518085,0.1340220907044189,-0.46023736891716027,0.0398081739947495,-0.10989429826578959
179.273257508525,-3.6525377954106006,2.4126337756373815,0.09072766929198517,-0.34397456109412705,0.02254369262369466,-0.06381045549989374
179.373257508525,-3.643352310018284,2.377917267250471,0.09298203855435451,-0.3503556066441161,0.02254369262369466,-0.06381045549989374
179.473257508525,-3.8710621902219238,2.1560515171308716,-0.10219162967711,-0.5101250959552365,-0.04888804383519607,-0.11878380686771481
179.573257508525,-3.875413043040727,2.035397595742978,-0.10193045719938679,-0.5794544895703924,-0.04700789130992727,-0.13955836302709113
179.67325750852498,-3.8906905128872604,2.2108658013116442,-0.11066777221729442,-0.4009268008290057,-0.048467778064009995,-0.07060010652708194
179.77325750852498,-3.8361480316479324,2.300086883715481,-0.058755312695662594,-0.29764389273721137,-0.02738248587132554,-0.0300054650593099
179.87325750852497,-3.6878232157201802,2.272236558415236,0.06677609267503101,-0.2989498944205917,0.018949650619887123,-0.029399136172161684
179.97325750852497,-3.681050858199578,2.242194573292318,0.06867105773701962,-0.30188980803780774,0.018949650619887123,-0.029399136172161684
180.07325750852496,-3.6552924929227104,2.2136693756796277,0.08460221963037289,-0.30175885517513096,0.023591987818443287,-0.027871021743551265
180.17325750852496,-3.6467143110205815,2.1833541350533983,0.08696141841221708,-0.3045459573494859,0.023591987818443287,-0.027871021743551265
180.27325750852495,-3.661595539214823,1.900670303710453,0.07101777762503131,-0.5124106008129877,0.01737359195554517,-0.10074217264756258
180.37325750852494,-3.6544068934925424,1.8489255327659195,0.07275513682058572,-0.5224848180777434,0.01737359195554517,-0.10074217264756258
180.47325750852494,-3.7033879360164463,2.160607816592632,0.027580662319410216,-0.23284483057974806,0.00040035053528985134,0.00667331379798089
180.57325750852493,-3.647168064556001,2.313427728093647,0.07266044777104154,-0.08567748166973295,0.016843453636499337,0.05964840838427977
180.67325750852493,-3.7013173992364083,2.451598144223048,0.02315382127879078,0.0406884453630279,-0.0016707399735564309,0.10278274411053623
180.77325750852492,-3.5772835961911214,2.4049761693921705,0.12790628100112436,0.007392872712054984,0.03730545368977069,0.0867521304542001
180.87325750852492,-3.6395471270178934,2.2359832708334695,0.06910431280684912,-0.12363204460622408,0.014718155248586103,0.036765713153324775
180.9732575085249,-3.632563104960966,2.223803894938614,0.07057612833170765,-0.11995547329089182,0.014718155248586103,0.036765713153324775
181.0732575085249,-3.985616612105003,2.2334568264346943,-0.22926844455788462,-0.09714089382325411,-0.09471487165945966,0.044027514544742026
181.1732575085249,-4.009017030919088,2.223962874625093,-0.23873993172383004,-0.09273814236878015,-0.09471487165945966,0.044027514544742026
181.2732575085249,-3.672330210883362,2.056988684431634,0.052141910791745356,-0.22631666849947657,0.013896190826076155,-0.007716410491078823
181.3732575085249,-3.6670465388500575,2.034318435529232,0.05353152987435289,-0.22708830954858442,0.013896190826076155,-0.007716410491078823
181.47325750852488,-3.7274458756507682,1.732617058975932,0.00011742712375077213,-0.4572742095202731,-0.005932426566935538,-0.08993688531680331
181.57325750852488,-3.780901330880055,1.9029014899915746,-0.045496805478086176,-0.286160930771465,-0.022368680608077333,-0.02480935980074507
181.67325750852487,-3.8699440995283814,2.2181077528224096,-0.11797084829295315,-0.0058534041370740955,-0.04777129761317869,0.07650112562902497
181.77325750852486,-3.532807237739877,2.4238413973989115,0.17821331665365914,0.17704309904732243,0.06403176986817764,0.140973449570321
181.87325750852486,-3.6144540566627015,2.924008474555964,0.10168245716513302,0.5866463770472119,0.03407526042719579,0.28249031548417836
181.97325750852485,-3.604115434644053,2.9840855638381023,0.10508998320785241,0.6148954085956281,0.03407526042719579,0.28249031548417836
182.07325750852485,-4.131193664012027,2.6739156726027398,-0.341362569311099,0.3336447286061185,-0.1293044879101362,0.17081682569195578
182.17325750852484,-4.165976443382686,2.7081342295918094,-0.3542930181021119,0.3507264111753131,-0.1293044879101362,0.17081682569195578
182.27325750852484,-4.020642622371415,2.6726535407596725,-0.21077243210917077,0.3058990800655533,-0.07116016948566062,0.14772870369154367
182.37325750852483,-4.04207566642976,2.703982092284684,-0.2178884490577364,0.3206719504347068,-0.07116016948566062,0.14772870369154367
182.47325750852482,-4.00836286158167,2.4702994632719673,-0.17849725647684314,0.11628229835476211,-0.054333325743716104,0.06918237991722756
182.57325750852482,-4.088444437734714,2.384388649042343,-0.23613188862412954,0.041755292752215116,-0.07339096579312032,0.03973139720192083
182.6732575085248,-4.240751196180668,2.5691945572316994,-0.3502873624452205,0.1940771543866382,-0.11202315067799908,0.09287812352451202
182.7732575085248,-4.367061873486641,2.38467205547565,-0.4396852235546148,0.029430667237555747,-0.14107174285366503,0.028888511744733253
182.8732575085248,-4.2877966775063205,2.6361012867480276,-0.35078666506145,0.2361991526910429,-0.10386515871128704,0.10183914144606411
182.9732575085248,-4.32339466980602,2.6602303977243604,-0.3611731809325781,0.24638306683564876,-0.10386515871128704,0.10183914144606411
183.0732575085248,-3.8251914081257694,2.584209216137289,0.07565650269788643,0.17314061849583218,0.05849960860635964,0.07187199346561962
183.17325750852478,-3.8173332598129495,2.601882637954199,0.08150646355852206,0.18032781784239374,0.05849960860635964,0.07187199346561962
183.27325750852478,-3.7946378538938257,2.4231710556828947,0.10529657671751069,0.017145077561184118,0.06671336140810216,0.008472926991546434
183.37325750852477,-3.783774629415035,2.424927928073971,0.11196791285832053,0.017992370260338713,0.06671336140810216,0.008472926991546434
183.47325750852477,-3.770444677085266,2.734707490484079,0.12013760070225261,0.27209062292238195,0.06725548230147939,0.09923630968441775
183.57325750852476,-3.6015301224239313,2.615215740578131,0.25876836212217996,0.1595388960246834,0.11541141125635229,0.0549486448887755
183.67325750852476,-3.6975366914406558,2.433327743756304,0.16837598804284887,0.002144727016467153,0.07854520677520768,-0.003407226145229335
183.77325750852475,-3.30133158042939,1.933466603131051,0.5028789225880252,-0.42373236009366627,0.19989069305358353,-0.15996005580554692
183.87325750852474,-3.236625687536059,1.8868805421278532,0.534020142747332,-0.4425303363823203,0.20391894884014428,-0.16096263523571588
183.97325750852474,-3.1822040785171284,1.8418226953134453,0.5544120376313453,-0.458626599905891,0.20391894884014428,-0.16096263523571588
184.07325750852473,-3.0745511766772733,2.0257608530710542,0.6171832811130217,-0.28400796966666997,0.21919012357450646,-0.09230837432090289
184.17325750852473,-3.0117368979481025,1.9968985142327844,0.6391022934704711,-0.2932388070987597,0.21919012357450646,-0.09230837432090289
184.27325750852472,-3.2668855316736587,2.2402960057580574,0.3835938141240542,-0.0711745084039526,0.11572407943272484,-0.007536143679368862
184.37325750852472,-3.227947529864092,2.2331408741992655,0.395166222067326,-0.07192812277188945,0.11572407943272484,-0.007536143679368862
184.4732575085247,-3.3426123343510596,2.15747825451726,0.27788459426333484,-0.12896093614855936,0.06910320608959422,-0.027706217182874297
184.5732575085247,-3.3998837591281936,1.8547949066642193,0.21284107930173507,-0.37273397320224383,0.04283431413313181,-0.11485382280169698
184.6732575085247,-3.472976389240495,1.818382378771243,0.13838902545465362,-0.38303940238947476,0.014358120668164009,-0.11443109826929855
184.7732575085247,-3.6937518891048233,2.2759535116008607,-0.06245741317420005,0.027980691970245154,-0.06078701102128971,0.04099113014932283
184.8732575085247,-3.6746319793547975,2.1104082192957563,-0.04720212832502796,-0.10629230978717336,-0.05308098610425859,-0.008520106916529172
184.97325750852468,-3.6796175971178213,2.099736387782457,-0.05251022693545351,-0.10714432047882623,-0.05308098610425859,-0.008520106916529172
185.07325750852468,-3.610948504365998,1.6640153297734872,0.00433003691349036,-0.45739754094053003,-0.030486102521202915,-0.13374775805676276
185.17325750852467,-3.6106679311872547,1.617606836889153,0.001281426661370242,-0.47077231674620557,-0.030486102521202915,-0.13374775805676276
185.27325750852467,-3.451164814229736,1.681649471704261,0.12875535443073938,-0.38833874516677985,0.01609015253851353,-0.09831470594191451
185.37325750852466,-3.43820882802397,1.6423240236578756,0.13036436968459064,-0.3981702157609707,0.01609015253851353,-0.09831470594191451
185.47325750852465,-3.539307759854754,1.4827442618218787,0.036876687997744746,-0.5060913710314818,-0.01831692705136817,-0.13346936671734527
185.57325750852465,-3.4616028181922673,1.496779408837578,0.09748152193055348,-0.46509572114626374,0.004477387655931926,-0.11381883211586165
185.67325750852464,-3.353274642133759,1.3068924113453546,0.17996656640886818,-0.5938928414745718,0.03414774760988268,-0.15588347138316974
185.77325750852464,-3.2583047576651385,1.4839291004791162,0.24957944235607143,-0.40762579771869667,0.05873945060967797,-0.08162182123170057
185.87325750852463,-3.3670342694070725,1.427694815937621,0.1441016878955042,-0.42815465085489657,0.01851822926703873,-0.0860467675530786
185.97325750852463,-3.352531509471188,1.3844491170143685,0.14595351082220798,-0.4367593276102039,0.01851822926703873,-0.0860467675530786
186.07325750852462,-3.447863349523017,1.6501321877695547,0.059465090897177705,-0.19304332119324247,-0.012567981898665592,0.0037421456250155416
186.1732575085246,-3.441979680342793,1.6308465663783567,0.05820829270731122,-0.19266910663074094,-0.012567981898665592,0.0037421456250155416
186.2732575085246,-3.777469971614219,1.9802887296442107,-0.22919972210060716,0.11585360822437137,-0.1166843262787137,0.11558249833505463
186.3732575085246,-3.800973365455672,1.9924520029583224,-0.24086815472847786,0.12741185805787617,-0.1166843262787137,0.11558249833505463
186.4732575085246,-4.063012731804217,1.4587339346123696,-0.45017138289868625,-0.31091819833832834,-0.18819087023574044,-0.045654341650136876
186.5732575085246,-3.885107672090739,1.657329235775479,-0.28038632532833874,-0.12418237502963991,-0.11933530669830031,0.02352109178929461
186.67325750852459,-4.0042677093092784,1.5630602839996672,-0.36767073726444166,-0.18922360078677125,-0.14658739342390686,-0.000622932382710599
186.77325750852458,-4.14371785002454,1.3517099991938977,-0.4702029961127232,-0.35303421841578586,-0.17923122239351713,-0.06086517176472807
186.87325750852457,-3.8811824760899936,1.217207041969618,-0.23010968829145978,-0.4403101506741012,-0.0860333997460133,-0.08991573866529476
186.97325750852457,-3.9046236119178683,1.1727264482088837,-0.2387130282660606,-0.44930172454063017,-0.0860333997460133,-0.08991573866529476
187.07325750852456,-3.647685409953091,1.4204537821271974,-0.01117418433281266,-0.21613140427152105,-3.6383360028216516e-05,-0.002806618221978252
187.17325750852456,-3.6488030103031726,1.3988266086089367,-0.011177822668815481,-0.21641206609371885,-3.6383360028216516e-05,-0.002806618221978252
187.27325750852455,-3.566324505331826,1.3576538712576842,0.06474559852298284,-0.22910197759858802,0.029230575182376504,-0.00622622492208183
187.37325750852455,-3.5597037926036164,1.3347125423732162,0.06766865604122033,-0.22972460009079618,0.029230575182376504,-0.00622622492208183
187.47325750852454,-3.6174811265098032,1.302769661830566,0.016730183173797392,-0.2376989749251179,0.009742853500849434,-0.008861041830149553
187.57325750852453,-3.729492638122465,1.235580813709191,-0.07811550456304583,-0.2746749820660635,-0.02523908318589512,-0.021911320290785068
187.67325750852453,-3.972799687019425,1.2730333527982298,-0.276555874250254,-0.22339958926455036,-0.09609601686028335,-0.00275665063202021
187.77325750852452,-3.89406270066716,0.8503838249402573,-0.194048757878542,-0.56431617346539,-0.0618758967782965,-0.12807684471858152
187.87325750852452,-3.713967314831004,0.7573166144799092,-0.03417460990395448,-0.6066746316260295,-0.0018929244899454287,-0.13865047340089168
187.9732575085245,-3.7173942404438494,0.6959558989503053,-0.03436390235294901,-0.620539678966118,-0.0018929244899454287,-0.13865047340089168
188.0732575085245,-3.341888091965,1.006771027374697,0.28403443351103097,-0.3259156661552487,0.11423654789971979,-0.027721265671633556
188.1732575085245,-3.3129134658744,0.9740408544308159,0.2954580883010023,-0.3286877927224119,0.11423654789971979,-0.027721265671633556
188.2732575085245,-3.8273294740081263,1.4681799657622847,-0.1525264397428257,0.10704499023529476,-0.0537061524200112,0.130853272579241
188.3732575085245,-3.842850648744508,1.4795387311487096,-0.1578970549848265,0.12013031749321812,-0.0537061524200112,0.130853272579241
188.47325750852448,-3.6327194315929945,1.3188881987373264,0.025058867942800205,-0.009322504333091043,0.014432556874298744,0.07976859129850247
188.57325750852448,-3.532526336966429,1.5579701165219935,0.10874255434478379,0.19802644769202618,0.0444568769368516,0.15186247674329814
188.67325750852447,-3.20054841423837,1.6423741008549135,0.380283161599712,0.26570281758449055,0.141056860766228,0.17066734492244875
188.77325750852447,-3.393211921298655,1.6112300986189223,0.19494154694908983,0.23293008619369884,0.06696487480732179,0.15233163953084577
188.87325750852446,-3.503311234655461,1.5845139996406639,0.09365466640615899,0.20648227492038235,0.027960324672337458,0.13741767620108608
188.97325750852445,-3.4938059663914838,1.6058493155137061,0.09645069887339258,0.22022404254049016,0.027960324672337458,0.13741767620108608
189.07325750852445,-3.4806280396397575,1.8581501544892036,0.10042678528265132,0.4222426033371198,0.027941561430705628,0.20476463730199365
189.17325750852444,-3.4704456533043393,1.901398238009423,0.10322094142572173,0.442719067067318,0.027941561430705628,0.20476463730199365
189.27325750852444,-3.180023880126599,1.5738488334135126,0.3429436790152229,0.14822840380820548,0.11475923923895517,0.08952004893657163
189.37325750852443,-3.1451557160288837,1.589119274039015,0.35441960293911773,0.15718040870186215,0.11475923923895517,0.08952004893657163
189.47325750852443,-3.0666547308826884,1.438885240852612,0.40126895349917574,0.02928381866753249,0.12755775217149914,0.040474464294651485
189.57325750852442,-2.9948011263790537,1.3131017912526075,0.4402170662018476,-0.07393188505893959,0.1371200455230659,0.0016876052739528205
189.67325750852442,-3.047105422608528,1.5663044209060963,0.37317865112701004,0.1404885845051949,0.10791511252392254,0.07844443066007792
189.7732575085244,-2.891654932745731,1.3307120783987387,0.4853267285684921,-0.06443867303357603,0.14556771173956845,0.0001667214423375779
189.8732575085244,-2.7730453865990903,1.4064554853402247,0.5575194633931931,0.0030501150518663553,0.16638633293038996,0.024309070738693855
189.9732575085244,-2.7164615085951223,1.4068820421991046,0.5741580966862312,0.005481022125735603,0.16638633293038996,0.024309070738693855
190.0732575085244,-2.7753905531903253,1.5148280020828908,0.49517104755055685,0.09796778159722265,0.13230401174553053,0.05708673733736984
190.1732575085244,-2.725211928376545,1.5249102139292994,0.5084014487251092,0.10367645533095932,0.13230401174553053,0.05708673733736984
190.27325750852438,-3.0933939387684033,1.3870346768867448,0.16287937327789606,-0.02278081256581933,-0.00015130499825818933,0.006888360304905694
190.37325750852438,-3.0771067579656055,1.3847910374316874,0.16286424277807024,-0.0220919765353288,-0.00015130499825818933,0.006888360304905694
190.47325750852437,-3.1775887884540164,1.6374758846222472,0.06562770761910713,0.18819569871605205,-0.035327128297718426,0.08200712652436425
190.57325750852436,-3.3326195036401867,1.9436758430240515,-0.07389829689316277,0.43517028692777765,-0.0849755321346056,0.16834888169079817
190.67325750852436,-3.306544789342304,1.7391587135105706,-0.054187007739518026,0.24738249749041694,-0.07477326501180057,0.09504170852661056
190.77325750852435,-3.4715577501817076,1.9062822474155174,-0.19890061213559987,0.3776483159079464,-0.12575469387930766,0.13946935142211536
190.87325750852435,-3.3927643209642313,1.66222004283387,-0.12893768636873815,0.15965287985914628,-0.09594109359253986,0.05647753081880301
190.97325750852434,-3.4061377950690668,1.6784677184738779,-0.1385317957279916,0.16530063294102626,-0.09594109359253986,0.05647753081880301
191.07325750852434,-3.372063974054719,1.6254374402955676,-0.1071967198668364,0.11355321382571099,-0.0809592300688557,0.035914519856934043
191.17325750852433,-3.3831884421917464,1.6369723342774227,-0.11529264287372151,0.11714466581140419,-0.0809592300688557,0.035914519856934043
191.27325750852432,-3.2651817125808407,1.2304517778238881,-0.0053084479498840655,-0.22554354173536345,-0.035428159989426986,-0.08881307017587126
191.37325750852432,-3.2658896981757763,1.2074533582994738,-0.008851263948826562,-0.23442484875295008,-0.035428159989426986,-0.08881307017587126
191.4732575085243,-3.152384949235006,1.0408726576887417,0.08299502512218887,-0.36065911374096904,-0.0009152837725207308,-0.13087155412411836
191.5732575085243,-3.1280885955680233,0.8589682283594818,0.09638465935728772,-0.49454684749555444,0.004006416388479899,-0.17455361077605705
191.6732575085243,-3.208845559704006,0.5057954410376277,0.021525370450770524,-0.7609978831190969,-0.023212776270165478,-0.26375764839587695
191.7732575085243,-3.2591740443972905,0.23109961720642128,-0.02593065241583472,-0.9552512655648834,-0.03997972622815961,-0.32551903535567417
191.8732575085243,-3.2265725049216822,0.283086078854684,-0.0005122630614299841,-0.8653652560526813,-0.02935427541541953,-0.28170925078493547
191.97325750852428,-3.2267705026049023,0.1951410069954963,-0.0034476906029717704,-0.8935361811311733,-0.02935427541541953,-0.28170925078493547
192.07325750852428,-3.102623711254889,0.46665960421769814,0.09741044877647526,-0.6235691204650219,0.008213950863736233,-0.17478054128202147
192.17325750852427,-3.0928415966229235,0.4034287894647895,0.09823184386284883,-0.641047174593223,0.008213950863736233,-0.17478054128202147
192.27325750852427,-3.286169273291827,0.08888110743790983,-0.07716140272901403,-0.8729531992675055,-0.05754320001150265,-0.25422791686064383
192.37325750852426,-3.294173129564786,0.00031464792686118626,-0.08291572273016397,-0.8983759909535685,-0.05754320001150265,-0.25422791686064383
192.47325750852426,-2.781833403852146,-0.22136441970549764,0.34504989023098476,-1.0311810003722977,0.09938166418713795,-0.29271295685405013
192.57325750852425,-2.9544179691611796,0.2988241623037776,0.1800969823207314,-0.5406117910590283,0.03553246561031276,-0.10473618802597323
192.67325750852424,-3.2872048964936886,0.2478751356548375,-0.10849339236213958,-0.5480960727774513,-0.07012686004956144,-0.1036652419615436
192.77325750852424,-3.2352292057495666,0.07928891105022826,-0.06105329869653468,-0.6548423485632738,-0.04989838580065467,-0.13912289985481918
192.87325750852423,-3.199405163325583,0.17728510229430317,-0.030988294846675053,-0.5339720057912241,-0.03723626584591776,-0.09089602340780842
192.97325750852423,-3.2026901741394798,0.1234334215981448,-0.03471192143126662,-0.5430616081320044,-0.03723626584591776,-0.09089602340780842
193.07325750852422,-3.2769150425828037,0.5641903439891756,-0.09880169058241542,-0.1455762005228453,-0.059519555671598015,0.054597560898208226
193.17325750852422,-3.287092809419403,0.5499057117413829,-0.10475364614957489,-0.1401164444330248,-0.059519555671598015,0.054597560898208226
193.2732575085242,-3.2457058545115816,0.636626711642031,-0.07326121162980087,-0.04701552189837402,-0.047667443586270314,0.0874279057240919
193.3732575085242,-3.2532703128924925,0.6323622989808143,-0.07802795598842763,-0.03827273132596533,-0.047667443586270314,0.0874279057240919
193.4732575085242,-3.2726754179425073,0.7421600303636374,-0.09225640388034485,0.06355678162968109,-0.051090796836162335,0.12078953960925504
193.5732575085242,-2.82298949736852,0.6567469488724461,0.2894815753147218,-0.0012230378251408148,0.090139250357363,0.09299704605814449
193.6732575085242,-2.7818996496437025,0.7022582803485098,0.30822683801207235,0.04521377011431951,0.09365877466091214,0.10630161276962237
193.77325750852418,-2.677006539571275,0.844442653648789,0.3810323443983637,0.17253912994930187,0.11722574236644331,0.14923322817650198
193.87325750852418,-2.593498093480765,1.0111943939169192,0.43000404611226245,0.309582223966443,0.13068045753936533,0.19292917769820445
193.97325750852417,-2.5498442865818447,1.0431172622020526,0.4430720918661982,0.32887514173626237,0.13068045753936533,0.19292917769820445
194.07325750852416,-3.095974167594618,1.1885280516765102,-0.03647752792301937,0.44182921734582736,-0.04772679290595998,0.2270218223961545
194.17325750852416,-3.0998605543514497,1.233846082523071,-0.041250207213615095,0.46453139958544154,-0.04772679290595998,0.2270218223961545
194.27325750852415,-3.0915383664308003,1.0197950876332662,-0.03987159617267651,0.2759125724032119,-0.046751770477294084,0.15236736919851118
194.37325750852415,-3.095759284900454,1.0481481817195784,-0.04454677322040565,0.29114930932306216,-0.046751770477294084,0.15236736919851118
194.47325750852414,-3.122548562220158,0.9087693628756598,-0.06762322778457355,0.16718872322995354,-0.053409564495720666,0.1024800167463053
194.57325750852414,-3.1446159924931494,1.0380754291221383,-0.08563371180475862,0.27068863266238574,-0.05803495309736585,0.13620034469076014
194.67325750852413,-2.9343651944587,1.1669608141995693,0.0909406441664279,0.36746103626023596,0.007925483415304052,0.16599012749508898
194.77325750852413,-3.0576694020716757,1.086717313816069,-0.022418543619011442,0.28379878515624785,-0.034480349100182876,0.12910447947225334
194.87325750852412,-2.9156371666915417,1.3295141329902285,0.09418286073333444,0.4722078896450255,0.008882572969077122,0.1919000478068783
194.9732575085241,-2.9061744677533636,1.3776944221937626,0.09507111803024211,0.49139789442571224,0.008882572969077122,0.1919000478068783
195.0732575085241,-3.0648347845443005,1.0640744222639682,-0.045669156027231594,0.21349216348790093,-0.04279973712198538,0.08594611286880038
195.1732575085241,-3.0696156988326333,1.085853369177101,-0.04994912973942989,0.22208677477478048,-0.04279973712198538,0.08594611286880038
195.2732575085241,-2.8062139774867827,1.0600788800221874,0.17989736876227866,0.19292952327839832,0.04488894653422604,0.07299745538280555
195.3732575085241,-2.787999795877885,1.0797368196269401,0.184386263415701,0.20022926881667846,0.04488894653422604,0.07299745538280555
195.47325750852409,-2.9702759953295574,0.9015638647105575,0.02157205604722419,0.04423076239206299,-0.015643241565788356,0.014472497616600202
195.57325750852408,-2.8062257573320544,0.8416259103376889,0.1564681027458961,-0.007933836006260691,0.034175683442447854,-0.004913798547531049
195.67325750852407,-2.9461307649741766,1.0257322028447253,0.03026537129548042,0.14361720282738277,-0.012703975986095031,0.049556214480695165
195.77325750852407,-2.869642945425288,0.8302039867160896,0.09236794975522641,-0.030248706677855904,0.010838231078977498,-0.016231386793577635
195.87325750852406,-2.909767392391755,0.8471908868391916,0.052382620035968996,-0.015376273356140502,-0.003996311126608679,-0.010329069139271986
195.97325750852406,-2.904549111943792,0.8456016141578814,0.05198298892330815,-0.01640918027006764,-0.003996311126608679,-0.010329069139271986
196.07325750852405,-2.855178877805591,0.5530792351608083,0.08922285373940858,-0.25587596714416116,0.00985451423801047,-0.09560061747781816
196.17325750852405,-2.8462073198604605,0.5270136353590046,0.09020830516320957,-0.26543602889194245,0.00985451423801047,-0.09560061747781816
196.27325750852404,-3.016963047667267,0.4456396336535827,-0.061949140911323565,-0.3237085801980198,-0.04652865363807203,-0.1141930180222329
196.37325750852403,-3.0233906050265893,0.4126978105436715,-0.06660200627513051,-0.3351278820002424,-0.04652865363807203,-0.1141930180222329
196.47325750852403,-2.971371132491605,0.4365555634918493,-0.022204164625053764,-0.29889556579286847,-0.028781543228759268,-0.09711500954399935
196.57325750852402,-3.0205748285298637,0.24155284248788403,-0.06454437230500604,-0.4455855634547514,-0.04318834180731966,-0.1466470774810063
196.67325750852402,-2.7117009691589473,0.2025935834121405,0.19378918607606396,-0.4550437414636534,0.05180491720300001,-0.14478181024063713
196.773257508524,-2.6451117315431714,0.4672979433880349,0.2394382430189273,-0.2049266278332434,0.06683844413124018,-0.04743844419864339
196.873257508524,-2.580585060201358,0.6527779008300686,0.27957273335884786,-0.04037962250158729,0.07892111408290987,0.013135894850394902
196.973257508524,-2.55223318129506,0.648805618054162,0.2874648447671384,-0.039066033016547874,0.07892111408290987,0.013135894850394902
197.073257508524,-2.675010002545817,0.1113382669491148,0.1675178406916206,-0.4762374404708165,0.03228965445014792,-0.14395041809212428
197.173257508524,-2.658096770204405,0.06299477081157531,0.1707468061366352,-0.4906324822800281,0.03228965445014792,-0.14395041809212428
197.27325750852398,-2.535217291101936,-0.008476865705140117,0.26858414159286537,-0.5277971205782229,0.06840846068950299,-0.15350402761682638
197.37325750852398,-2.508016834639204,-0.06202409790104345,0.2754249876618153,-0.5431475233399047,0.06840846068950299,-0.15350402761682638
197.47325750852397,-2.4437248319730656,-0.33689892383951225,0.31257887928874784,-0.739257307054817,0.07937606949905159,-0.2182869325712371
197.57325750852397,-2.683311917640623,-0.37592513404863254,0.09199590434251197,-0.7311397018121962,-0.004052179017134741,-0.2074582103454502
197.67325750852396,-2.7336106669990494,-0.3976177748430772,0.04208238354457373,-0.7087546963388591,-0.02195780323137426,-0.1920063601179332
197.77325750852395,-2.557027809531044,-0.4304550467583084,0.18855548671399888,-0.6947688906656274,0.03327068463532018,-0.17979722410591445
197.87325750852395,-2.983305462578723,-0.4085782728128729,-0.17820578236596013,-0.6370125015003565,-0.10040850485734193,-0.15269791597682336
197.97325750852394,-3.0016280833396047,-0.47304301254278897,-0.18824663285169374,-0.652282293098038,-0.10040850485734193,-0.15269791597682336
198.07325750852394,-2.931674398074862,-0.4629698751043612,-0.12415869583476533,-0.6066596174017773,-0.07363714590520673,-0.13131878753445608
198.17325750852393,-2.9444584533878637,-0.5242924307822077,-0.1315224104252856,-0.6197914961552222,-0.07363714590520673,-0.13131878753445608
198.27325750852393,-2.432382640273906,-0.6081100780802757,0.3065616577691272,-0.6546992025680921,0.08976631393405153,-0.14035331568019827
198.37325750852392,-2.401277642927325,-0.6742817649154822,0.31553828916253185,-0.6687345341361112,0.08976631393405153,-0.14035331568019827
198.47325750852391,-2.187086656591011,-0.5976398940903436,0.4762058866233127,-0.5641644277679926,0.14464985153792687,-0.09784595162321874
198.5732575085239,-2.0976981787589652,-0.2736129071133824,0.5252508779967697,-0.2569937468177337,0.15727431332009018,0.01676656528100605
198.6732575085239,-2.065488320801713,-0.11771726905874205,0.523413779782488,-0.10608085143127743,0.15092176542090216,0.07023124931473207
198.7732575085239,-2.219159493429378,-0.14524743813928112,0.36028786073462626,-0.11375678810193333,0.08471614324437171,0.06482353359598354
198.8732575085239,-2.2555347107450157,-0.3573996085530189,0.30823248998215896,-0.272370812190349,0.06285325947661638,0.005750028099478811
198.9732575085239,-2.224397195449418,-0.3846079396315548,0.31451781592982025,-0.27179580938040115,0.06285325947661638,0.005750028099478811
199.07325750852388,-2.4672701616837043,0.18192012592247783,0.09281945668057287,0.21883705802310927,-0.019469533574554602,0.1819144086373644
199.17325750852388,-2.4580855636835204,0.20471340376797426,0.09087250332311753,0.23702849888684469,-0.019469533574554602,0.1819144086373644
199.27325750852387,-2.3536643130172172,-0.04425646535117348,0.16957091514024158,0.029712516967424635,0.010048502855307609,0.10094318907969023
199.37325750852386,-2.3366569789889176,-0.04078049770903279,0.1705757654257723,0.03980683587539308,0.010048502855307609,0.10094318907969023
199.47325750852386,-2.428212812292311,0.09983457619233362,0.08110668262037952,0.16185542839329664,-0.02268600756214715,0.14106682210092403
199.57325750852385,-2.234296262467211,0.09895108827665962,0.23547463575509645,0.16117293833632207,0.03449883432956205,0.1357189879293402
199.67325750852385,-2.387890302296876,0.24841239951544575,0.09133207399679268,0.28382070058363773,-0.01888079506300725,0.17479600179612326
199.77325750852384,-2.470473209622183,-0.05071084020794303,0.01047281333544062,0.021858380308019728,-0.04821752523666638,0.0719906318598406
199.87325750852384,-2.410017031907545,-0.06598121699057283,0.055226146079258756,0.014431009476929803,-0.030310564802366217,0.06675711466426222
199.97325750852383,-2.404645970123631,-0.06420433046955866,0.052195089599022304,0.021106720943355646,-0.030310564802366217,0.06675711466426222
200.07325750852382,-2.2995454156457913,0.041725701459190384,0.13391479653504174,0.11207645155006031,0.0007574015930667533,0.09675495169947054
200.17325750852382,-2.2861501489843223,0.053417121372693076,0.1339905366943484,0.12175194672000682,0.0007574015930667533,0.09675495169947054
200.2732575085238,-2.1624349954500284,0.10869920392313233,0.2238180076193713,0.17298781045873143,0.03263941913007211,0.11348795422590721
200.3732575085238,-2.1398899975924426,0.12656542474013396,0.2270819495323783,0.1843366058813215,0.03263941913007211,0.11348795422590721
200.4732575085238,-1.9269600111538423,-0.035027718894736666,0.38858968482685224,0.0471630640669992,0.08989384508431383,0.060258581531186926
200.5732575085238,-1.7975428263957782,-0.3321491855046776,0.4734954628062097,-0.19820609123751096,0.11760938688975157,-0.030647036393650108
200.6732575085238,-2.0048223295929835,-0.1377994104742829,0.27281905402755363,-0.025056575653072732,0.040777358920650944,0.03248265398934521
200.77325750852378,-1.8260073194392685,-0.12748015421421113,0.40733145423117845,-0.011032863741569244,0.08923207994966975,0.03644689014671446
200.87325750852378,-1.8511700197165026,-0.2024535445449728,0.3611178392417972,-0.06818248488286295,0.06931617053011857,0.014693941531681336
200.97325750852377,-1.8147116549396745,-0.20919832332560032,0.3680494562948087,-0.0667130907296949,0.06931617053011857,0.014693941531681336
201.07325750852377,-1.7955778621344678,0.09221946873312216,0.36357143061098945,0.18973283816275707,0.06616049468987655,0.10654641643499178
201.17325750852376,-1.7588899165999214,0.11172548463157168,0.3701874800799767,0.20038747980625565,0.06616049468987655,0.10654641643499178
201.27325750852376,-1.9685485459283143,0.28876489310678943,0.16546015638139877,0.3374604327377395,-0.011924114553237546,0.1512189781671655
201.37325750852375,-1.9520621508629414,0.3232670312713972,0.16426774492607507,0.3525823305544552,-0.011924114553237546,0.1512189781671655
201.47325750852374,-2.0060271073496008,0.5119053454367744,0.10451644544473672,0.49322357300992886,-0.03311139429928112,0.19620423830023268
201.57325750852374,-2.096933005140544,0.5674672096673743,0.01595131205201856,0.5172193234428004,-0.06423590543219199,0.1977863769551907
201.67325750852373,-1.8658850398660636,0.4565891769990234,0.20078678154672716,0.4024972008872862,0.004936590013399522,0.1496007572683865
201.77325750852373,-1.512274492286994,-0.048491338596122764,0.4887391250026369,-0.04724057949495717,0.11172361964338079,-0.02135940120772009
201.87325750852372,-1.300057223420185,0.19233152895768005,0.6352018380744212,0.1522963636233021,0.16059169422867445,0.050801625949093085
201.97325750852372,-1.235734081141603,0.20781517344975484,0.6512610074972878,0.1573765262182111,0.16059169422867445,0.050801625949093085
202.0732575085237,-1.439274722773666,0.11238317961653375,0.4407597107959819,0.07084357722162712,0.07800323031750439,0.017966438931722194
202.1732575085237,-1.3948087355424827,0.11955736953335468,0.4485600338277319,0.07264022111479924,0.07800323031750439,0.017966438931722194
202.2732575085237,-1.540137032079204,-0.05285146583011675,0.29542665308150295,-0.07832306521058577,0.0191294986766643,-0.03817550954425632
202.3732575085237,-1.5104987192776722,-0.06087464989889615,0.2973396029491693,-0.08214061616501118,0.0191294986766643,-0.03817550954425632
202.4732575085237,-1.5855276442826804,-0.1456968869604639,0.2119467824521215,-0.1488044430473262,-0.012458733998439098,-0.060699177741753554
202.57325750852368,-1.6548379656310765,-0.03170931795492641,0.13450315606758653,-0.04739711952507979,-0.0402769944791149,-0.02183490235884051
202.67325750852368,-1.4791119872958465,-0.07497052350217893,0.26571793654425374,-0.08116274166385463,0.008636033875089336,-0.03314937072266924
202.77325750852367,-1.3246604290407675,-0.18786162028007333,0.3767672806777436,-0.17349718129203595,0.049568552522659834,-0.06589922756911715
202.87325750852366,-1.335415934850779,-0.12707593433211234,0.34126613765156655,-0.11567023913120628,0.03495476475983215,-0.042850084501248636
202.97325750852366,-1.301114547261825,-0.13885720866773854,0.3447616141275496,-0.1199552475813309,0.03495476475983215,-0.042850084501248636
203.07325750852365,-1.3101385391248186,-0.2646324638690977,0.31194498145282795,-0.21880716742162717,0.021827407335609405,-0.07706624754457725
203.17325750852365,-1.2788349039428595,-0.286898511848982,0.3141277221863888,-0.22651379217608447,0.021827407335609405,-0.07706624754457725
203.27325750852364,-1.931333998248983,-0.4296202198386739,-0.2669951416480191,-0.33697363104090877,-0.19314683619742745,-0.11511575750467451
203.37325750852364,-1.9589992465947703,-0.4638931617302861,-0.2863098252677607,-0.34848520679137557,-0.19314683619742745,-0.11511575750467451
203.47325750852363,-1.7527239234665482,-0.6577284639899152,-0.10923619792410384,-0.4902755863562588,-0.12209128470904862,-0.16180677470432084
203.57325750852362,-1.5153782966791614,-0.932650103045017,0.0882351993996192,-0.6937384285227121,-0.04554116012135878,-0.22952888531358126
203.67325750852362,-1.4271512127121293,-1.1798663288320654,0.14996447887892644,-0.8619675375827647,-0.021568502973294084,-0.2815748715137119
203.7732575085236,-1.7171364231357058,-1.4150707349473293,-0.11497119468758593,-1.0157284555997466,-0.1191872965742713,-0.3277837837426682
203.8732575085236,-1.6169630473695138,-1.4658061714920172,-0.03358532388763731,-1.0054256534889738,-0.08548484745666202,-0.31236880982550635
203.9732575085236,-1.6207490039955605,-1.5679105808900362,-0.04213380863330303,-1.0366625344715228,-0.08548484745666202,-0.31236880982550635
204.0732575085236,-1.4065473639582509,-1.217646016563642,0.13094618818390844,-0.6931698419895963,-0.019910623413066524,-0.17800169479767827
204.1732575085236,-1.3935522982569262,-1.2878530092365859,0.1289551258426019,-0.7109700114693631,-0.019910623413066524,-0.17800169479767827
204.27325750852359,-1.3783687387018397,-0.8237052948233047,0.1297409423441513,-0.2730140074478199,-0.018682115517051817,-0.01046068905878439
204.37325750852358,-1.3654880550450106,-0.8510589990133791,0.1278727307924462,-0.2740600763536983,-0.018682115517051817,-0.01046068905878439
204.47325750852357,-1.6053456035777822,-0.8920999765293284,-0.08427112461668565,-0.2862766528032389,-0.09476226390046738,-0.014464121271693657
204.57325750852357,-1.506096999187969,-0.7931976178352351,-0.002631644672781145,-0.18155144811224536,-0.06149775998277377,0.023928034166033972
204.67325750852356,-1.5196021609208565,-0.9032222770907696,-0.01954783368914048,-0.2547909856750352,-0.06539163907697729,-0.0031676581680023415
204.77325750852356,-1.251202509153254,-0.9325928592473229,0.20722047039535063,-0.2584058211290094,0.02127894297432549,-0.004381002495771697
204.87325750852355,-1.2416427516910271,-0.9507413221009267,0.19998296428347123,-0.2525109845096749,0.01789607729338761,-0.0021150001357107258
204.97325750852355,-1.2215549748762142,-0.9760029955525713,0.2017725720128099,-0.25272248452324597,0.01789607729338761,-0.0021150001357107258
205.07325750852354,-1.3532061896103607,-1.1891440636291053,0.0734314556284303,-0.40662133089560526,-0.03018577210029731,-0.05699005648404115
205.17325750852353,-1.3460139729080196,-1.2300911470010838,0.07041287841840074,-0.41232033654400907,-0.03018577210029731,-0.05699005648404115
205.27325750852353,-1.270173565856382,-0.9712656017357628,0.12762165127064365,-0.1695073162883577,-0.007593523030282098,0.03250791249902615
205.37325750852352,-1.2574493683444696,-0.9880537938021025,0.12686229896761547,-0.16625652503845526,-0.007593523030282098,0.03250791249902615
205.47325750852352,-1.441406894848629,-0.7502621864454397,-0.03759207548434804,0.046095644400501144,-0.06682026630047225,0.10744839214453322
205.5732575085235,-1.3040177737445693,-0.6694687229137085,0.07492449042550871,0.1197823356700253,-0.023303267880960064,0.13020846154966845
205.6732575085235,-1.202739924751667,-1.082797374582247,0.150756145335152,-0.21741413839731893,0.004965507056726749,0.004741225762532442
205.7732575085235,-0.9047496342183237,-1.3765050015949174,0.3950829551271268,-0.44839610259984336,0.09554516427300488,-0.08041038136404365
205.8732575085235,-0.7059407379961705,-0.9659293358738952,0.5366351190985431,-0.08222748575345294,0.143223885131278,0.05348641547775988
205.9732575085235,-0.6515611066606629,-0.9738846523718512,0.5509575076116701,-0.07687884420567725,0.143223885131278,0.05348641547775988
206.07325750852348,-0.8264325141712074,-1.0767545645497136,0.3714201086487517,-0.14962516548410945,0.07258012799704561,0.025600070269050985
206.17325750852348,-0.7889276026663492,-1.0915890807467785,0.37867812144845586,-0.1470651584572045,0.07258012799704561,0.025600070269050985
206.27325750852347,-1.2654284352163805,-0.5924634055301133,-0.047522822627662824,0.2849059570988469,-0.08565079582371726,0.18146884047607256
206.37325750852347,-1.270608971458265,-0.56306546561785,-0.05608790221003406,0.30305284114645314,-0.08565079582371726,0.18146884047607256
206.47325750852346,-1.1280610983313781,-0.9345014421602187,0.059059608172819016,-0.009942123827731308,-0.040890156746406676,0.06278990487404572
206.57325750852345,-1.2506552335666137,-0.9285146571694176,-0.05311816698077649,0.0018841883164940239,-0.08035117952516282,0.06479584244657521
206.67325750852345,-1.1201747605909311,-0.5950137412881834,0.0522117763764652,0.28214279823722066,-0.03935053785315979,0.16287864870603597
206.77325750852344,-1.1837681475026953,-0.8656227963452428,-0.010866788335830956,0.04344703657865024,-0.061321555586594814,0.06907137021923394
206.87325750852344,-1.4120278125055696,-1.1153322420224967,-0.20554752844577873,-0.15849868392213923,-0.12942697638993922,-0.005658739656833056
206.97325750852343,-1.433229700232096,-1.1312104041129938,-0.21849022608477192,-0.1590645578878225,-0.12942697638993922,-0.005658739656833056
207.07325750852343,-1.141452088853407,-0.97945121761222,0.03205593182337197,-0.021474916869027545,-0.03357589019212889,0.04393253962604748
207.17325750852342,-1.1384143751220306,-0.9813790466009924,0.028698342804159272,-0.017081662906423045,-0.03357589019212889,0.04393253962604748
207.27325750852341,-1.0134032257533252,-0.5200717321557531,0.12604526785015652,0.37484741371720237,0.002542699175318344,0.18479005625455383
207.3732575085234,-1.0007859854724337,-0.4816630405027623,0.12629953776768835,0.3933264193426567,0.002542699175318344,0.18479005625455383
207.4732575085234,-1.0791474994227144,-0.6330963847280275,0.05078324389390723,0.25415789005601425,-0.02487196298235482,0.1282902761786739
207.5732575085234,-1.1509666498511713,-0.9025613949398429,-0.016385109310451895,0.0210974298682257,-0.048485746860833484,0.039375482194642056
207.6732575085234,-1.0039872393535292,-0.7082019697804344,0.10267454306302964,0.18293841003627986,-0.003671967737112973,0.09594523469950525
207.7732575085234,-0.9984601787640952,-0.7073764921615865,0.09823730012053206,0.1772595932847299,-0.005183935071292854,0.0903262445742
207.87325750852338,-0.850507336399614,-0.5026331521691315,0.21253951565288548,0.33945599730594417,0.036290287151803546,0.14513012043015563
207.97325750852337,-0.8290719333985677,-0.46796190183638836,0.21616854436806562,0.3539690093489589,0.036290287151803546,0.14513012043015563
208.07325750852337,-0.8358676182305697,-0.47485320523218477,0.19424605186832347,0.3326736078842256,0.026570493207029408,0.1321764896471085
208.17325750852336,-0.8163101605777033,-0.4409249619955286,0.19690310118902626,0.34589125684893574,0.026570493207029408,0.1321764896471085
208.27325750852336,-0.6160178658779063,-0.44096313618013505,0.3472743995475887,0.3291348546676954,0.07929812445671248,0.12116415502771498
208.37325750852335,-0.5808939353008659,-0.4074438299382289,0.3552042119932595,0.3412512701704662,0.07929812445671248,0.12116415502771498
208.47325750852335,-0.9595340201749623,-0.4347818318452184,0.01797167100461659,0.30232162088579506,-0.04558558810230849,0.10286960043263173
208.57325750852334,-0.7688785903606401,-0.3020952186179299,0.1727177537479998,0.3974279124560539,0.012573318701806994,0.13354066919563265
208.67325750852333,-1.1063649598250311,-0.28630391611427947,-0.12137046745871116,0.3905403852613764,-0.09424404681822918,0.1262890093981478
208.77325750852333,-1.183783735051315,-0.6454089773480772,-0.18665676716076998,0.06380928645431617,-0.11499598844084019,0.0014400595386350606
208.87325750852332,-1.1601793675507257,-0.5717149196838641,-0.16254787823552275,0.11920904251695025,-0.10213388687973605,0.021211243547759974
208.97325750852332,-1.1769448248086756,-0.559687959214431,-0.17276126692349578,0.12133016687172613,-0.10213388687973605,0.021211243547759974
209.0732575085233,-1.2711080374180355,-0.5670014359477068,-0.2472162735012416,0.10332725103659171,-0.12555925450286382,0.012904794882483583
209.1732575085233,-1.2964574610406725,-0.5566041868696359,-0.25977219895152726,0.10461773052484,-0.12555925450286382,0.012904794882483583
209.2732575085233,-0.9834399235732056,-0.7645770650737801,0.01665029407553962,-0.07575532621853523,-0.019234408002932038,-0.05276307013685043
209.3732575085233,-0.9818710662056664,-0.7724164130463174,0.014726853275246525,-0.08103163323221997,-0.019234408002932038,-0.05276307013685043
209.4732575085233,-1.1585242608855508,-0.7073707132254866,-0.13542506629405007,-0.025932690449918472,-0.07286517784635405,-0.031125000519068365
209.57325750852328,-1.1286776573056827,-0.8619710644681766,-0.10584942386333698,-0.1553932978157519,-0.05940754773806037,-0.07681306970960586
209.67325750852328,-0.6781437840458189,-0.8136079593759982,0.2722826807072021,-0.11021904235081989,0.07949974433222284,-0.05787728060986441
209.77325750852327,-0.5850016287812398,-0.8850892555369987,0.3367029670384454,-0.1672098225526164,0.10047770463045266,-0.07671464298065181
209.87325750852327,-0.5565607618199526,-1.0069203609077226,0.34198702492068545,-0.26085802294237176,0.09875700940129462,-0.10747817196047119
209.97325750852326,-0.5218682742808797,-1.0335435540617606,0.35186272586081435,-0.27160584013841826,0.09875700940129462,-0.10747817196047119
210.07325750852326,-0.41444177582479363,-1.2686484808801661,0.4241104508656794,-0.4514301431340797,0.12204382846991854,-0.1676840729377746
210.17325750852325,-0.3714205115958786,-1.3146299155582604,0.43631483371267055,-0.4681985504278562,0.12204382846991854,-0.1676840729377746
210.27325750852324,-0.2929080310883113,-1.262686850104719,0.4770972056627507,-0.4051799492642081,0.1323970398402296,-0.13968675867945674
210.37325750852324,-0.24453632532283787,-1.3039032788245348,0.4903369096467729,-0.41914862513215295,0.1323970398402296,-0.13968675867945674
210.47325750852323,-0.4762405128302714,-1.3045016030556063,0.26928159515307243,-0.39856380852108453,0.0476264052375428,-0.12730302729408166
210.57325750852323,-0.73046626151216,-1.027187345073446,0.03697214728848353,-0.1468624545727564,-0.038923825565336495,-0.03168329793443647
210.67325750852322,-0.5835254215731006,-1.195681906369184,0.1524747448526068,-0.27635982421462474,0.004257651521219964,-0.076941354901365
210.77325750852322,-0.8973808598924143,-1.1461637174209323,-0.13078036314131597,-0.2180704653364668,-0.10112597208921609,-0.05266633726202166
210.8732575085232,-0.8712408153762212,-1.449789891121352,-0.10787859534393394,-0.45448429474605373,-0.0892008906749982,-0.1353736343316203
210.9732575085232,-0.8824746793639889,-1.4959151887676128,-0.11679868441143326,-0.468021658179215,-0.0892008906749982,-0.1353736343316203
211.0732575085232,-1.027787473475815,-1.1415020332849428,-0.23704822406383347,-0.14917496017913962,-0.12960972728834333,-0.015717503058916532
211.1732575085232,-1.0521403445186388,-1.1564981168181505,-0.2500091967926671,-0.1507467104850312,-0.12960972728834333,-0.015717503058916532
211.2732575085232,-0.8066237393273167,-1.5046179090044278,-0.03249546131036743,-0.4236174691613901,-0.044881099605584805,-0.11224144459216431
211.37325750852318,-0.8100976909563812,-1.5475408631435252,-0.03698357127092566,-0.43484161362060586,-0.044881099605584805,-0.11224144459216431
211.47325750852318,-0.753720348995265,-1.327449289718401,0.008734505558796759,-0.22883715150671377,-0.026715923312697124,-0.03438822281857297
211.57325750852317,-0.8069029741656129,-1.6911297684264515,-0.039366654551584564,-0.51569308689904,-0.04330134086770016,-0.13687318241833385
211.67325750852316,-0.6000301037058428,-2.002106434202091,0.13195685436142568,-0.7420992367197057,0.020227157170493594,-0.21308084622298779
211.77325750852316,-0.6959544623575156,-1.9568753573768516,0.03983893996798871,-0.6608596205235134,-0.01474481897999401,-0.17535402878060685
211.87325750852315,-0.639069488955401,-2.0400713473576104,0.08239180265790902,-0.6917219450061938,0.0011582483230584695,-0.18012256452216274
211.97325750852315,-0.6308245174479954,-2.1101441546808366,0.08250762749021485,-0.709734201458409,0.0011582483230584695,-0.18012256452216274
212.07325750852314,-0.46103262039241444,-2.014474110381969,0.21750805940317133,-0.5889829428763733,0.050078757273961785,-0.13011578992736783
212.17325750852314,-0.43903142066572876,-2.07402298361924,0.22251593513056722,-0.6019945218691094,0.050078757273961785,-0.13011578992736783
212.27325750852313,-0.12196037430635157,-1.3861634081633,0.4733701497197652,0.01036510425755321,0.13920287625456187,0.0967487848566831
212.37325750852312,-0.073927344953105,-1.3846431538132615,0.4872904373452206,0.02003998274322097,0.13920287625456187,0.0967487848566831
212.47325750852312,-0.07896012908561689,-1.8077553715549026,0.4558688367786923,-0.3203023894888937,0.12279765918638867,-0.028694963435022217
212.5732575085231,0.29098840015022215,-1.7425531590795522,0.7409051922476984,-0.24215018076744874,0.22237558056497442,0.0006028657579824695
212.6732575085231,0.2159185951890795,-1.9908666994585826,0.6380593273727925,-0.4263433956332363,0.17713676938746725,-0.06540694065394878
212.7732575085231,0.2382524086723143,-2.2671026249745516,0.6192636910205225,-0.6313944422730062,0.163574051226503,-0.13843796691998056
212.8732575085231,0.2422428317965511,-1.9370588879673212,0.5867908156650818,-0.3218807058123844,0.14593612088711383,-0.022736681965694935
212.9732575085231,0.3016515939674914,-1.9693606419583862,0.6013844277537924,-0.3241543740089538,0.14593612088711383,-0.022736681965694935
213.07325750852308,0.4200355831589184,-1.9351935837804046,0.662113155928721,-0.26979472026606655,0.1621574348330576,-0.001953524360744939
213.17325750852308,0.487057685925952,-1.9621828234288137,0.6783288994120258,-0.26999007270214104,0.1621574348330576,-0.001953524360744939
213.27325750852307,0.6119176416435602,-2.021391855340751,0.736326312419677,-0.29686485809175134,0.17585115809020158,-0.011571837243214695
213.37325750852307,0.6864295286759746,-2.0511362003361406,0.7539114282286962,-0.2980220418160727,0.17585115809020158,-0.011571837243214695
213.47325750852306,0.5926082448050544,-2.139510860951438,0.6298773073734671,-0.347302158771628,0.12461168811778026,-0.028818761818897837
213.57325750852306,0.13201643765000937,-2.182792883361612,0.20069910304375044,-0.3571796779926327,-0.03662192625197078,-0.03134841920750668
213.67325750852305,0.22321950697339424,-1.934791310293163,0.25639907367616105,-0.12691496407543765,-0.015152465057484025,0.052268225127353976
213.77325750852305,0.18298002207394035,-1.856823561963717,0.19816593423570708,-0.04476196328151151,-0.0362223983762921,0.08056900477809957
213.87325750852304,0.3890351979628637,-1.9652737380168652,0.34947705107981375,-0.12239468710666702,0.019740904018139313,0.04990820791203799
213.97325750852303,0.4240816075909338,-1.977263665687971,0.3514511414816276,-0.11740386631546351,0.019740904018139313,0.04990820791203799
214.07325750852303,0.1591554560046595,-1.8363675902125105,0.10252851435245725,0.013582841271653866,-0.07132290846948837,0.0952564140679319
214.17325750852302,0.16905169289755725,-1.8345330240150055,0.09539622350550882,0.023108482678446514,-0.07132290846948837,0.0952564140679319
214.27325750852302,0.2533291294502382,-1.66282864262333,0.15014037732038846,0.17299595720810115,-0.0491169722216203,0.14597257931382718
214.373257508523,0.2680975823211681,-1.644799184005952,0.1452286800982267,0.18759321513948304,-0.0491169722216203,0.14597257931382718
214.473257508523,0.16148072815577844,-1.6300362538520334,0.03965988316636405,0.1983035588866626,-0.0855358695379083,0.14457953630364795
214.573257508523,0.3382215991465873,-1.5890684301513305,0.17702902046640231,0.22974746935447032,-0.03226243043584723,0.15072173809641792
214.673257508523,0.30587786829247193,-1.4630457870294276,0.13227928481053455,0.3289247364711464,-0.04728019536180353,0.18085283945415848
214.773257508523,0.37326549956109,-1.74875339170987,0.1744367090120727,0.07512044076049568,-0.02986288449107488,0.08082594022287659
214.87325750852298,0.16776633860628043,-1.636332007035218,-0.013713210368914328,0.1689980595026125,-0.09674563002906955,0.11152445064874694
214.97325750852298,0.16591128941924377,-1.618874578831714,-0.023387773371820735,0.18015050456748657,-0.09674563002906955,0.11152445064874694
215.07325750852297,-0.12334461367787913,-1.646169166787255,-0.2740659435304473,0.15313308122643546,-0.18464756619540507,0.09772029436070018
215.17325750852297,-0.1516744458618992,-1.6303672571928087,-0.2925307001499867,0.16290511066250493,-0.18464756619540507,0.09772029436070018
215.27325750852296,-0.25877206372591316,-1.9484196324256475,-0.3784221276155187,-0.1066814902066227,-0.2100043144251567,-0.003534618991600867
215.37325750852295,-0.2976642980595885,-1.9591054545412672,-0.39942255905803314,-0.10703495210578276,-0.2100043144251567,-0.003534618991600867
215.47325750852295,-0.22066097333283452,-1.723053035782034,-0.3221792264910129,0.09556041264980922,-0.1744585897445545,0.06920082897494656
215.57325750852294,-0.6172042536640632,-1.5592560972207428,-0.6458333812619744,0.23052884512608585,-0.28624905337574225,0.11550371375623222
215.67325750852294,-0.3748160723205125,-1.5397350142480148,-0.41775030655684164,0.23870058452110102,-0.19340570479484534,0.1142933007044739
215.77325750852293,-0.3120698959124019,-1.473939208824761,-0.34616777055676273,0.2853212920998131,-0.15962899533794123,0.12724004318825044
215.87325750852293,-0.2826536331317828,-1.1988304201564146,-0.30824949026148923,0.49995358021712316,-0.14016663536121202,0.19948529954779473
215.97325750852292,-0.314179415334736,-1.1478376356369664,-0.32226615379760964,0.5199021101719015,-0.14016663536121202,0.19948529954779473
216.07325750852291,-0.46822157895459215,-1.3297505214071201,-0.4376066883676511,0.3456250245013273,-0.17696684911555027,0.12957831156725022
216.1732575085229,-0.5128670820369324,-1.2945401273991533,-0.4553033732792051,0.3585828556580516,-0.17696684911555027,0.12957831156725022
216.2732575085229,-0.5108955352927215,-1.2815231578911714,-0.4278147604454009,0.3507322257534478,-0.1592279199241553,0.12169926059907023
216.3732575085229,-0.5544731509368798,-1.2458414390128334,-0.44373755243781554,0.36290215181335417,-0.1592279199241553,0.12169926059907023
216.4732575085229,-0.5051346621615032,-1.091541970724818,-0.38097216314479604,0.4716235205340799,-0.13075763017306274,0.1563026261346493
216.5732575085229,-0.4627932773025723,-1.1849783165490628,-0.3257277914694225,0.369618283281398,-0.10581532900916639,0.11376507672921946
216.67325750852288,-0.026736717200820718,-1.485227974374407,0.05420828129047192,0.10327601198311927,0.03542282877351309,0.014270832693590418
216.77325750852287,0.007524582589566191,-1.7280043732051265,0.08245627180528418,-0.11074230397657618,0.04460066641135638,-0.06499051768912574
216.87325750852287,0.4021104661623262,-1.5582932208688123,0.40781828104171924,0.03144372476447914,0.1605132938600289,-0.011789175197387633
216.97325750852286,0.4436948607357959,-1.5552077942683515,0.4238696104277212,0.03026480724474044,0.1605132938600289,-0.011789175197387633
217.07325750852286,0.6922573141440795,-1.861695453104101,0.6130130220629663,-0.22532427654591586,0.22372406727900368,-0.10296579486527505
217.17325750852285,0.7546772366867676,-1.8847427097330178,0.6353854287908653,-0.2356208560324428,0.22372406727900368,-0.10296579486527505
217.27325750852285,1.0440667587832546,-1.608025357229941,0.8531935593099622,-0.002079570053772161,0.29680100495722606,-0.01656752001797622
217.37325750852284,1.1308701197390318,-1.608316151835408,0.8828736598056831,-0.003736322055569689,0.29680100495722606,-0.01656752001797622
217.47325750852283,1.1556726422658954,-1.8425696727663756,0.8584603525926995,-0.19766988036230534,0.27722938739112135,-0.08547819011491938
217.57325750852283,1.5115786962850655,-1.881731937647651,1.1125403547295403,-0.221999941617507,0.359867779004926,-0.09118512305552144
217.67325750852282,1.6416702923913613,-2.0589591518166777,1.1627093903335255,-0.35820505333791747,0.3649970636318031,-0.13671457980555168
217.77325750852282,1.9735548570720647,-2.1374770811541435,1.3834791927928782,-0.4076291656527046,0.4334509224848945,-0.14986781339716349
217.8732575085228,1.9362571905937558,-2.2239136739500247,1.2790440824192513,-0.4594972142935921,0.38007140277151746,-0.16306438245768531
217.9732575085228,2.066061955849531,-2.2706787172916694,1.3170512226964008,-0.4758036525393597,0.38007140277151746,-0.16306438245768531
218.0732575085228,1.615159569058244,-2.3097686767705174,0.8658297534499353,-0.48322987392284256,0.20232378104215937,-0.15954952401168743
218.1732575085228,1.7027541633084435,-2.358889411782857,0.88606213155415,-0.4991848263240104,0.20232378104215937,-0.15954952401168743
218.2732575085228,1.6226004331959152,-2.1580394548497814,0.7588878899044256,-0.3008226746490381,0.14726908018903395,-0.08063683907596686
218.37325750852278,1.6992255675872985,-2.188524906510063,0.7736147979233281,-0.3088863585566343,0.14726908018903395,-0.08063683907596686
218.47325750852278,1.6405440885571116,-2.179419488450275,0.6744585320404664,-0.28372698900780746,0.1060648369876778,-0.06872992778309955
218.57325750852277,1.9976014090207148,-2.0996902530123838,0.9286151540018517,-0.20036776054032313,0.19498007294821257,-0.03610153266791548
218.67325750852277,1.6105501111330205,-2.253702422371693,0.5478323346816685,-0.3139824078641584,0.0502108596596888,-0.07551123343526212
218.77325750852276,1.627925439080583,-2.319699774996395,0.5203941649358966,-0.3506551522569296,0.03815268334111656,-0.08622494102872527
218.87325750852276,1.6126890112822614,-2.049475474693037,0.4681379541987628,-0.10829173475302205,0.01789916785436809,0.00358089152821911
218.97325750852275,1.6595923025414068,-2.0602867437106975,0.4699278709841995,-0.10793364560020016,0.01789916785436809,0.00358089152821911
219.07325750852274,1.2066880784016678,-2.2063925880500634,0.05208217774357658,-0.21635718865966933,-0.1348740027474365,-0.03473548476955181
219.17325750852274,1.211221926162288,-2.228201984339877,0.0385947774688337,-0.21983073713662432,-0.1348740027474365,-0.03473548476955181
219.27325750852273,1.5028587235221034,-2.2473816409449117,0.2632705555141577,-0.22341023145518968,-0.04926434362853144,-0.035494534246806625
219.37325750852273,1.5289394573553752,-2.2699001367616636,0.25834412115130484,-0.22695968487987014,-0.04926434362853144,-0.035494534246806625
219.47325750852272,1.2497743205126857,-2.1080070509404725,-0.0003214660161289483,-0.07855547785907527,-0.1410700898477652,0.01896460082107481
219.57325750852272,1.1163124464476675,-2.291892691077685,-0.12624842987176516,-0.22320387231462538,-0.18189329669693644,-0.03402670705027884
219.6732575085227,1.4033901058372662,-2.6298912441202145,0.10578532574342692,-0.4860133304683098,-0.09139533427976054,-0.126960581779698
219.7732575085227,1.7142548134568834,-2.882412346561119,0.35586428672079773,-0.6716994132928614,0.004900845100717699,-0.1906027992756067
219.8732575085227,1.8128359934409328,-2.75135496148183,0.4086889262283536,-0.5272397875430698,0.023804550472692212,-0.1320933746829031
219.9732575085227,1.8538239088161295,-2.8047394071095484,0.4110693812756227,-0.5404491250113593,0.023804550472692212,-0.1320933746829031
220.0732575085227,2.1512095629997217,-2.82469220429136,0.6278327267720188,-0.5246103096763628,0.10168900614339657,-0.12155399765393708
220.17325750852268,2.214501280707637,-2.877761005247263,0.6380016273863579,-0.5367657094417558,0.10168900614339657,-0.12155399765393708
220.27325750852268,2.1093585729985502,-2.5120460482130245,0.5056742559725598,-0.1987407415206992,0.04972784356181119,0.005304937926040636
220.37325750852267,2.160174637813612,-2.531893597675463,0.5106470403287406,-0.19821024772809517,0.04972784356181119,0.005304937926040636
220.47325750852266,1.8790325412023667,-2.484937761359759,0.2388156627736242,-0.14278367444782136,-0.05042308844838672,0.024979311012886835
220.57325750852266,1.593889048960411,-2.390123374900465,-0.026367076465074298,-0.049618964190003584,-0.1453951049553317,0.05776484431015554
220.67325750852265,1.4914623721582512,-2.277026801586631,-0.12336454097306992,0.05298626079853596,-0.1752176004086241,0.0924542606268417
220.77325750852265,1.6906671250755458,-2.5480389154233447,0.04220179620646977,-0.17329468215779686,-0.10720283821809526,0.005805215783050835
220.87325750852264,2.0406859420541226,-2.5426788358370707,0.31932014582909296,-0.1541106861239627,-0.0032329712426906326,0.012461766747346396
220.97325750852264,2.0726017917808166,-2.5580275956157297,0.3189968487048239,-0.15286450944922814,-0.0032329712426906326,0.012461766747346396
221.07325750852263,1.9860805390801426,-2.408708735432459,0.220970506132147,-0.014358956923635653,-0.03835299752675311,0.06218974976057549
221.17325750852262,2.0079858247057225,-2.4098336823760196,0.2171352063794719,-0.008139981947578458,-0.03835299752675311,0.06218974976057549
221.27325750852262,1.972312481387313,-1.788977762410988,0.1597135875650897,0.5143266026589971,-0.059434367979225064,0.24870286774924283
221.3732575085226,1.987986668303925,-1.736301587806345,0.15377015076716752,0.53919688943392,-0.059434367979225064,0.24870286774924283
221.4732575085226,1.9441302583815323,-1.6902621942777079,0.09875607710824637,0.5565636726689447,-0.07718868923664163,0.24601366426731497
221.5732575085226,1.7921636004694483,-1.7191850789160477,-0.04498933844965361,0.5097673363617785,-0.12684923378471655,0.22019591953096052
221.6732575085226,1.5491814287299215,-2.2366138025570224,-0.2556547639589543,0.0635458057184017,-0.198452667259975,0.05244602270469639
221.7732575085226,1.7389121577237519,-2.446516841258488,-0.08907526622939971,-0.1154621451119265,-0.12919837813157686,-0.015339626106988247
221.87325750852258,1.7690613891794875,-2.467105622479986,-0.06899815948605295,-0.1243567638069509,-0.11727958913830969,-0.01797335898699899
221.97325750852258,1.7615751752851911,-2.4796311656556154,-0.08072611839988325,-0.1261540997056507,-0.11727958913830969,-0.01797335898699899
222.07325750852257,1.6251414655814747,-2.582976738624291,-0.20075562012609893,-0.20364886312035343,-0.15699327316565734,-0.04542100392820283
222.17325750852257,1.6042809372030378,-2.6035687299559664,-0.21645494744266378,-0.20819096351317345,-0.15699327316565734,-0.04542100392820283
222.27325750852256,1.5075402478380926,-2.8192852483543382,-0.30097757006184106,-0.37300794617187333,-0.18386786132097488,-0.1029169320039175
222.37325750852256,1.4765231515253054,-2.8571006276315427,-0.3193643561939375,-0.38329963937226447,-0.18386786132097488,-0.1029169320039175
222.47325750852255,1.6594672319078911,-2.7795963766921923,-0.15807503862298414,-0.2979050290686767,-0.11885897878983495,-0.06862362632511392
222.57325750852254,1.4935754165533697,-2.4734852159042746,-0.29590590068801403,-0.024994694338255408,-0.16483894122602635,0.03254349541882566
222.67325750852254,1.772362536922908,-2.555926164270431,-0.055016627086928505,-0.08760102067787096,-0.07175501480360622,0.00894855458414218
222.77325750852253,1.7740167961736484,-2.1720613909556516,-0.05571501199853385,0.24736894121916184,-0.06934885323552845,0.13185321701987177
222.87325750852253,1.8198128677552317,-1.961625716591603,-0.019670142677491634,0.41246505813330286,-0.05382418471011003,0.18620875973172663
222.97325750852252,1.817576732563932,-1.9194481669796164,-0.02505256114850233,0.43108593410647444,-0.05382418471011003,0.18620875973172663
223.07325750852252,1.8443457299759145,-2.0845374094145597,-0.004141671403027814,0.27640077075509767,-0.04384912846004473,0.12372662955072525
223.1732575085225,1.8437123171933114,-2.056278699191298,-0.008526584249032038,0.2887734337101695,-0.04384912846004473,0.12372662955072525
223.2732575085225,1.9168791206946658,-1.950773271267738,0.03790040555428623,0.36678624664226267,-0.0285822356331695,0.14813693899786942
223.3732575085225,1.9205262500719282,-1.9133539619085245,0.035042181990969444,0.38159994054204877,-0.0285822356331695,0.14813693899786942
223.4732575085225,2.084660413618417,-2.001059986823669,0.16604429119022784,0.29229113794238365,0.019849973596632632,0.11082016042310264
223.5732575085225,2.128645439866886,-2.284878007375009,0.19101375521849623,0.042441034898560624,0.02824113810938943,0.016465880297450317
223.67325750852248,2.2629611017698585,-2.373412788895247,0.2896222830459665,-0.03226171479008669,0.0628834025909057,-0.010886679968923268
223.77325750852248,2.0649107565093967,-2.2835451289999416,0.09997146426195495,0.04591627867686734,-0.009905355981897165,0.018275152450971464
223.87325750852247,2.120043775677039,-2.3240751063619762,0.13653450175181153,0.010625560404692756,0.003659327645498204,0.004993793976618133
223.97325750852247,2.133715522490447,-2.3229875813516236,0.13690043451636133,0.01112493980235454,0.003659327645498204,0.004993793976618133
224.07325750852246,2.4905014700643635,-2.7099310609744385,0.42317753274563324,-0.30685461540865233,0.10720232345550497,-0.10898969593854775
224.17325750852245,2.5333552349562023,-2.7411614709949945,0.4338977650911831,-0.3177535850025065,0.10720232345550497,-0.10898969593854775
224.27325750852245,2.4347407508983445,-2.930496627514512,0.32708817106873667,-0.46269130194639657,0.0650010532746426,-0.15841783240903776
224.37325750852244,2.4677745732715897,-2.977557846871194,0.33358827639620053,-0.4785330851872994,0.0650010532746426,-0.15841783240903776
224.47325750852244,2.2558138172866355,-2.771924222623838,0.13556339460283337,-0.28525350435896285,-0.008998441306983768,-0.08347018996304352
224.57325750852243,2.3486993453554437,-2.9560762182907356,0.2015360988036706,-0.42274252128005624,0.01541537531655672,-0.13016854312423481
224.67325750852243,2.4808124977785226,-3.11162610673723,0.2962062494587677,-0.5283580827786472,0.0490971186329832,-0.16334252726853804
224.77325750852242,2.679564198499032,-2.976443534759444,0.4466829282295874,-0.38399876362785956,0.1031732862666119,-0.10422411698721809
224.8732575085224,2.528834750140031,-2.714309616991434,0.29417651156721397,-0.14726590308465093,0.04435990553463459,-0.01578893410212455
224.9732575085224,2.5584742008244237,-2.729115151970409,0.2986125021206772,-0.1488447964948633,0.04435990553463459,-0.01578893410212455
225.0732575085224,2.6440084173953693,-2.4988038233981897,0.349072339583019,0.05187038888243708,0.060976692792309474,0.056885240402759524
225.1732575085224,2.6792205348176306,-2.4933323583079323,0.3551700088622496,0.05755891292271271,0.060976692792309474,0.056885240402759524
225.2732575085224,2.5035504009927334,-2.492531738106062,0.179643937911991,0.06030705565433153,-0.006311911878206955,0.05621774413799687
225.37325750852239,2.52148323522454,-2.4862199438199393,0.17901274672417034,0.0659288300681309,-0.006311911878206955,0.05621774413799687
225.47325750852238,2.5592490400345,-2.4466966779130424,0.19494714530729804,0.09840167887619478,-0.00031829081628482504,0.06584098245202136
225.57325750852237,2.7131836122191757,-2.6318008815891165,0.30818190003062257,-0.057491733808700936,0.041033051035974495,0.0070883511772289395
225.67325750852237,2.7087335628577573,-2.5656556874392384,0.2827578886300068,0.0022986180308394687,0.030353932535631782,0.02825462183595976
225.77325750852236,3.004069604206716,-2.4587329552277124,0.5158487782981931,0.09579661621959597,0.11581645094517265,0.06161262192374564
225.87325750852236,3.0344886822949104,-2.246166777892526,0.5093582579589423,0.2683496085656514,0.10928862452513362,0.12114962048028241
225.97325750852235,3.0859709512134272,-2.218726068933561,0.5202871204114551,0.2804645706136789,0.10928862452513362,0.12114962048028241
226.07325750852235,3.0298977525888264,-2.717784827028859,0.4393230772338541,-0.1430484346965694,0.07564440957023724,-0.035454928641414724
226.17325750852234,3.0742082823600607,-2.7322669451417223,0.4468875181908774,-0.14659392756071066,0.07564440957023724,-0.035454928641414724
226.27325750852233,2.5039644164914874,-2.8569394676792177,-0.06501799189465245,-0.2418577477289436,-0.11435214540357891,-0.06872078638741524
226.37325750852233,2.4968908565750048,-2.8814688463840477,-0.07645320643500969,-0.24872982636768476,-0.11435214540357891,-0.06872078638741524
226.47325750852232,2.5618537102752423,-2.8553161840964654,-0.026958419034655956,-0.21335537082290293,-0.09230696934982577,-0.05357992236014666
226.57325750852232,2.5489704283928436,-2.699913183299856,-0.044383166658933715,-0.07143503743438,-0.09529845174317926,-0.00032338789790836014
226.6732575085223,2.366401522933878,-2.8024646995335547,-0.20178854824942832,-0.14990933027956052,-0.14878046648924714,-0.028425639205262122
226.7732575085223,2.934381821308225,-2.9430360264396493,0.29092455899594466,-0.25949647569652357,0.039782810677709335,-0.06769646933541562
226.8732575085223,2.7558860245172268,-2.8511806665090886,0.1222109830537862,-0.16927456072750385,-0.022595019519036537,-0.03299170080121222
226.9732575085223,2.7679941477250094,-2.868273081085844,0.11995148110188268,-0.1725737308076249,-0.022595019519036537,-0.03299170080121222
227.0732575085223,2.7629513611474112,-2.5458092141224102,0.10368820453723593,0.10582279365466105,-0.027639150122343536,0.06857638792329195
227.17325750852228,2.7731819858505222,-2.5348840528173286,0.10092428952500174,0.11268043244698984,-0.027639150122343536,0.06857638792329195
227.27325750852228,2.6775232994335956,-2.2220956493278186,0.007004841459166762,0.3639753702921459,-0.06153667445286574,0.15526976347161114
227.37325750852227,2.677916100207248,-2.184921763481248,0.0008511740138805379,0.3795023466393061,-0.06153667445286574,0.15526976347161114
227.47325750852227,3.1919465182433284,-2.249660177478293,0.4228672676276245,0.30993877465092035,0.09338007366450349,0.12477390275182848
227.57325750852226,3.1041513271394425,-2.335287507803179,0.32221822294015234,0.22486231932700437,0.053226022610610296,0.08949797387335151
227.67325750852225,3.2197151440274645,-2.39439929999701,0.3966914288912528,0.16635531361257794,0.07823566041737932,0.06533121189011715
227.77325750852225,3.1137083080994996,-2.630892690072154,0.2786158403408332,-0.042795426902112514,0.03146582016245901,-0.014017867716930518
227.87325750852224,3.2000408185584996,-2.5979645778325358,0.33022683702055633,-0.01359352450325921,0.048971596525089256,-0.00306749298202799
227.97325750852224,3.233308360243179,-2.5993392677477716,0.33512399667306497,-0.013900273801461992,0.048971596525089256,-0.00306749298202799
228.07325750852223,3.022426085304037,-2.283517591489026,0.13536807078965898,0.24820825458576268,-0.025354210289666883,0.09141465411521282
228.17325750852223,3.035836121331554,-2.258239692759875,0.13283264976069245,0.25734971999728345,-0.025354210289666883,0.09141465411521282
228.27325750852222,3.2605696951536656,-2.311767094504804,0.3092741454896413,0.19488773424137007,0.040206047979756306,0.0640448712965757
228.37325750852222,3.2916981399425267,-2.2919580967241853,0.31329475028761666,0.20129222137102729,0.040206047979756306,0.0640448712965757
228.4732575085222,3.389229897062499,-2.5039441404666833,0.3722683473163426,0.01653966216748053,0.06008867312042669,-0.004464484614429914
228.5732575085222,3.5671030985498606,-2.7286938302902457,0.49651830321245105,-0.1722675275215259,0.1032561061865018,-0.07257661356470364
228.6732575085222,3.4958313249858186,-2.607976417687488,0.40575990619666574,-0.06581085059613781,0.06669714235842347,-0.03183784118035141
228.7732575085222,3.2978317042432495,-2.748401402226565,0.20650753678809533,-0.18275671818229075,-0.009800138248492282,-0.0736903773231636
228.8732575085222,3.083832287002364,-2.718405085164766,0.010550555047927056,-0.1501937010235585,-0.08022754813035693,-0.05940219910533868
228.97325750852218,3.0844862047665047,-2.7337214662626477,0.0025278002348918197,-0.15613392093409204,-0.08022754813035693,-0.05940219910533868
229.07325750852218,3.086813576942505,-2.8058388092842033,-0.0046676428396432,-0.20706522174100667,-0.08026257439742847,-0.07519717001832332
229.17325750852217,3.0859454997865536,-2.8269213173083942,-0.01269390027938559,-0.21458493874283857,-0.08026257439742847,-0.07519717001832332
229.27325750852216,3.355050646374485,-2.470912605723097,0.21547572459594444,0.0937241841872938,0.008250518788914363,0.039439174517309876
229.37325750852216,3.3766394714280223,-2.4613429914317813,0.21630077647483584,0.09766810163902456,0.008250518788914363,0.039439174517309876
229.47325750852215,3.311474341310087,-2.4320754915962213,0.14482533105067388,0.11748738672413203,-0.017908633370160996,0.045128795864133174
229.57325750852215,3.5504849190096963,-2.943242430820886,0.33227422224651615,-0.3132798231778263,0.05117897851722353,-0.11227052944910146
229.67325750852214,3.351815348569849,-2.6021477937585935,0.1441529353692113,-0.017844084511491363,-0.018709666877850514,-0.002406937443361165
229.77325750852214,3.4071173642183736,-2.692342259564904,0.17760395006221913,-0.0933091117834921,-0.005588026529918199,-0.030081616403226857
229.87325750852213,3.2962725198799623,-2.5513889464039647,0.0701845894730447,0.027184156758166024,-0.04418700770417172,0.014108707621195444
229.97325750852212,3.3030700437887455,-2.548599987190042,0.06576588870262778,0.028595027520285487,-0.04418700770417172,0.014108707621195444
230.07325750852212,3.338046034820266,-2.6287484030249906,0.08440923769984619,-0.03702871733854496,-0.03604878866443131,-0.009573307437256533
230.1732575085221,3.346306714646928,-2.632499141296031,0.08080435883340327,-0.03798604808227056,-0.03604878866443131,-0.009573307437256533
230.2732575085221,3.512860082937726,-2.617744475627909,0.21059175680668882,-0.025129456684353953,0.012585998905728861,-0.005040958013401006
230.3732575085221,3.533982188612922,-2.6202826260864116,0.21185035669726163,-0.025633552485694024,0.012585998905728861,-0.005040958013401006
230.4732575085221,3.8193158608367668,-2.6874667769578977,0.43298811605461657,-0.0792616455613522,0.09214080978056866,-0.024080229159795186
230.5732575085221,3.927275361814913,-2.629546211052531,0.4962905237072173,-0.02678167215861966,0.11188736530825633,-0.004232471826085254
230.67325750852208,3.8591492866680506,-2.829905995364925,0.40899670335058114,-0.18971889148714519,0.07626926587588875,-0.0624539751172493
230.77325750852208,4.0246706683093505,-2.9225262403120156,0.5237096938097886,-0.25837132052028977,0.11605029631273758,-0.08541322887465741
230.87325750852207,3.7710979715196773,-2.797622480393494,0.2805627799654257,-0.1428091791695613,0.024031635169370125,-0.04100748969286644
230.97325750852207,3.7992744076920655,-2.8121084357589132,0.2829659434823626,-0.1469099281388477,0.024031635169370125,-0.04100748969286644
231.07325750852206,3.7292972833313103,-3.1672762792226905,0.2016670645605809,-0.4339792795357626,-0.00674235351042983,-0.14329008384399067
231.17325750852206,3.749430278019815,-3.211390657595484,0.20099282920953795,-0.44830828792016086,-0.00674235351042983,-0.14329008384399067
231.27325750852205,4.200776478015842,-3.108581822181689,0.5677373477595871,-0.34720221132560347,0.1285682404892239,-0.10377141613446246
231.37325750852204,4.258193053994244,-3.14382090039492,0.5805941718085087,-0.35757935293904913,0.1285682404892239,-0.10377141613446246
231.47325750852204,4.2233714684651344,-3.3069659898243016,0.5155825475515317,-0.47229412781878305,0.10039453956588106,-0.14116529823019636
231.57325750852203,4.1446904329522525,-3.4083001550068333,0.41547281525090124,-0.5308412699381196,0.06018129658934316,-0.15723161637241734
231.67325750852203,4.173944806491784,-3.51926412828392,0.41100811841505847,-0.5935061532586363,0.05638998198273833,-0.17404874026267522
231.77325750852202,4.4881023938224365,-3.578057393662897,0.6517589693512699,-0.6096961835871282,0.143730868664734,-0.1736018049726475
231.87325750852202,4.767402597260958,-3.451232964572485,0.8434934349084255,-0.47217159173783263,0.2077953715022546,-0.11818213682501302
231.973257508522,4.8527909176093065,-3.4990410344303906,0.8642729720586498,-0.48398980542033326,0.2077953715022546,-0.11818213682501302
232.073257508522,4.7217425916699485,-3.4044719114211963,0.7036736698101959,-0.3775940410342618,0.1423051723658197,-0.07576452597987922
232.173257508522,4.7928214845127926,-3.4426101381545196,0.717904187046777,-0.3851704936322493,0.1423051723658197,-0.07576452597987922
232.273257508522,4.424190902499651,-3.8600589575691897,0.3645169016038932,-0.713220746839853,0.009192069290565246,-0.1932122011274846
232.373257508522,4.4606885530064915,-3.9323470932588083,0.36543610853294967,-0.7325419669526004,0.009192069290565246,-0.1932122011274846
232.47325750852198,4.735189258503231,-3.563720250234739,0.5644413872850964,-0.3876617320042724,0.08086189020056947,-0.06268493265005057
232.57325750852198,4.6504184789772385,-3.5312863578462705,0.4532137320277701,-0.3344273775016213,0.037302815699672816,-0.04116842335174069
232.67325750852197,4.487796531685411,-3.421043538416868,0.28370111330942016,-0.2202384975902915,-0.025353791149726503,0.001215236995654706
232.77325750852197,4.397475626806518,-3.6710535234543715,0.17897206664762286,-0.41413219775225796,-0.063317362245284,-0.07016205253154444
232.87325750852196,4.259382347184795,-3.5427738837845832,0.04325979547654686,-0.2815486574928411,-0.11005075882458473,-0.020211554154013475
232.97325750852195,4.263158072938326,-3.571029807304636,0.032254719594089015,-0.2835698129082423,-0.11005075882458473,-0.020211554154013475
233.07325750852195,4.001783879423149,-3.2866744917016173,-0.2009400456411929,-0.024220704118473737,-0.19109596547831337,0.07459425395653849
233.17325750852194,3.9807343950316394,-3.2887235908436816,-0.22004964218902315,-0.01676127872282031,-0.19109596547831337,0.07459425395653849
233.27325750852194,3.7358446376051533,-3.1493132389107354,-0.4250365868445289,0.11118473477974941,-0.2586656901275062,0.11912383201051957
233.37325750852193,3.6920476504700654,-3.1375991462727084,-0.450903155857278,0.1230971179808007,-0.2586656901275062,0.11912383201051957
233.47325750852193,3.7786197014789487,-3.055351502262155,-0.3660701082428163,0.19203724567797734,-0.21861329459328532,0.13956217901069876
233.57325750852192,4.0825737175743155,-3.050401729079628,-0.10008872060622195,0.19355283969553225,-0.11352773277555445,0.13506359096812917
233.6732575085219,4.3401684291382026,-2.638299103066622,0.11177859572229402,0.5294159498510516,-0.03279591997364928,0.25054962822924043
233.7732575085219,4.646224420269616,-2.3934424149833964,0.36280362015358636,0.7167194267848305,0.061674819921211876,0.3102400944542719
233.8732575085219,4.887974096372071,-2.6550093782011865,0.5394803028222013,0.4728927832802029,0.12326425529436444,0.2118951652150639
233.9732575085219,4.94253844793076,-2.6066606240470938,0.551806728351637,0.4940822998017081,0.12326425529436444,0.2118951652150639
234.0732575085219,4.849992485926004,-2.9229638031531477,0.44068506131211843,0.2131439482477937,0.07860526505084983,0.10345589235622624
234.17325750852189,4.894454018382467,-2.9011321288665886,0.448545587817203,0.22348953748341574,0.07860526505084983,0.10345589235622624
234.27325750852188,4.9361781813604715,-2.8666236545013524,0.4492525790841526,0.24539546900227194,0.07482021516671916,0.10815992393093411
234.37325750852187,4.981477540344718,-2.841543307981472,0.4567346006008241,0.2562114613953647,0.07482021516671916,0.10815992393093411
234.47325750852187,4.99423241104361,-2.876641062054056,0.43649695154142465,0.21664692340039857,0.06479091927737625,0.09010389223579661
234.57325750852186,5.104613507364222,-2.971220213456458,0.4989241507092243,0.12856168906306914,0.08521644312344766,0.05499365859905991
234.67325750852186,5.042473068278738,-2.9522418545709415,0.41383733979749854,0.13886856800649544,0.05136115573797137,0.056715975979643146
234.77325750852185,5.2245715991533155,-3.1485285173856568,0.5400379211006472,-0.034553150828279734,0.0963349741965,-0.009171613895931685
234.87325750852185,5.431438318947381,-3.3994387842564637,0.676315435733396,-0.23858429217359037,0.14207991630282968,-0.08184828310460679
234.97325750852184,5.499780262102232,-3.4237064548893446,0.6905234273636782,-0.24676912048405059,0.14207991630282968,-0.08184828310460679
235.07325750852183,5.070529453332274,-2.9779445114076535,0.2871789415766554,0.13161005849330526,-0.009594350050953368,0.056546723665797605
235.17325750852183,5.0991993757396825,-2.9645007719399947,0.28621950657156014,0.1372647308598847,-0.009594350050953368,0.056546723665797605
235.27325750852182,4.974928074430092,-3.519550258420635,0.16444594289999717,-0.3356622448440434,-0.051482380867304806,-0.11797527679999098
235.37325750852182,4.991115256815753,-3.553706359289037,0.159297704813267,-0.3474597725240418,-0.051482380867304806,-0.11797527679999098
235.4732575085218,4.969872049911383,-3.2324482222135718,0.12341337118002615,-0.06599118178370736,-0.06260305403234535,-0.012870739620234634
235.5732575085218,5.046100962349572,-2.9718095935890183,0.1712419023869064,0.15513063714999184,-0.04285631233747933,0.06755336093212874
235.6732575085218,5.059151927609499,-2.9968082474872735,0.16374416775148184,0.1283000342566301,-0.044018030939878355,0.055521017919257606
235.7732575085218,5.115267453613203,-2.9085704339486167,0.1937859816763214,0.19778591454394578,-0.031222691122141176,0.07904195471693115
235.8732575085218,5.149091739697155,-2.5821951693892986,0.20279926565972536,0.457070513826739,-0.026839221724978674,0.16898894141526663
235.97325750852178,5.169237470154502,-2.535643173299551,0.20011534348722765,0.4739694079682647,-0.026839221724978674,0.16898894141526663
236.07325750852178,5.086803081983266,-3.0318767207170794,0.1131235502509231,0.04320110788869241,-0.05711259058822207,0.008540805256247681
236.17325750852177,5.097829874055416,-3.027513905901929,0.10741229119210122,0.044055188414317124,-0.05711259058822207,0.008540805256247681
236.27325750852177,5.144411417193094,-3.197576886720349,0.13161033181758106,-0.09837776353586308,-0.04633812390637464,-0.04275088429233821
236.37325750852176,5.15734075975532,-3.2076284174953966,0.12697651942694385,-0.10265285196509666,-0.04633812390637464,-0.04275088429233821
236.47325750852175,5.187441544917534,-3.3928422014545707,0.1370255548647304,-0.25063137219871207,-0.04102570055107744,-0.09425319479550529
236.57325750852175,5.213093536005076,-3.326310754524251,0.14316317459345085,-0.18345323902585134,-0.03728721410469215,-0.0665530264318944
236.67325750852174,5.593599262674901,-3.3531007541158884,0.44439800712161026,-0.1967780538283886,0.07300868529857088,-0.06894241498112845
236.77325750852174,5.757517860995889,-3.075451887398219,0.5543661777858034,0.04963802552728223,0.11114820526423243,0.024249262207635902
236.87325750852173,5.800221829419617,-3.0961240537843207,0.5544370207290233,0.03091720312843557,0.10715902262233043,0.016683054416659054
236.97325750852173,5.856201326605627,-3.0929489181993937,0.5651529229912557,0.03258550857010138,0.10715902262233043,0.016683054416659054
237.07325750852172,5.840208033014946,-2.9171477874780796,0.5152389376325147,0.17516661789079702,0.08526771111619176,0.0669489435387553
237.17325750852171,5.892158265333776,-2.899296380971307,0.5237657087441334,0.18186151224467217,0.08526771111619176,0.0669489435387553
237.2732575085217,5.913381071572892,-3.2562659485933385,0.5115358348843085,-0.13067730148542994,0.07932715976939184,-0.050415174499482844
237.3732575085217,5.964931290860166,-3.2695857546143783,0.5194685508612473,-0.13571881893537793,0.07932715976939184,-0.050415174499482844
237.4732575085217,6.121094167270321,-3.2760468563947605,0.6138418376779756,-0.13470505712756353,0.11060235329728305,-0.04824500452789026
237.5732575085217,6.10911406539383,-3.124003980662282,0.5626269352628844,-0.0016133255425628504,0.08786695841490845,0.001626152910095588
237.6732575085217,5.981466880824793,-3.129757764773537,0.41796522053895807,-0.006055439511204633,0.03236940719368898,-2.3516076550260607e-05
237.77325750852168,5.7168956615633855,-3.219092333607736,0.1569961837336819,-0.08156369854799748,-0.06577955499159896,-0.027801784752159157
237.87325750852168,5.799785162124827,-3.505467915884772,0.20653306765206345,-0.3126377365195042,-0.04551037736323761,-0.10948812319425946
237.97325750852167,5.820210917003217,-3.537279130152692,0.20198202991573994,-0.32358654883892957,-0.04551037736323761,-0.10948812319425946
238.07325750852166,6.141893603795535,-3.328652909399072,0.44863303638618446,-0.13433722417188626,0.04539871598470138,-0.03730005319788357
238.17325750852166,6.186983901014075,-3.342273132082249,0.4531729079846543,-0.1380672294916744,0.04539871598470138,-0.03730005319788357
238.27325750852165,5.916920907284846,-3.036320493032616,0.19146948430048297,0.12065248081215622,-0.05192266859438339,0.0565768935036919
238.37325750852165,5.935808242371921,-3.023972360483883,0.18627721744104492,0.1263101701625251,-0.05192266859438339,0.0565768935036919
238.47325750852164,5.865108248957514,-2.962567765367323,0.1069263767699367,0.1718470438839212,-0.0787540942221839,0.07086931582305331
238.57325750852164,5.678508665696501,-3.091334884365921,-0.06683548351135767,0.05719982812886702,-0.13931588665644612,0.026849676236488547
238.67325750852163,5.485546820755108,-2.6143765362009566,-0.2352413933943843,0.44722075248177295,-0.1951844780777319,0.16561486289535632
238.77325750852162,5.511485643609278,-2.448686703514579,-0.2112852295718536,0.5660178693934679,-0.17903424539601775,0.20322687117839036
238.87325750852162,5.416266951521287,-2.412970127354448,-0.2900209966950957,0.5683603387678275,-0.2010074270031587,0.19679332909759553
238.9732575085216,5.386259814716763,-2.3551501268321804,-0.31012173939541043,0.588039671677586,-0.2010074270031587,0.19679332909759553
239.0732575085216,5.854274412002502,-2.974170621766974,0.0881474980235664,0.04744695326166969,-0.04904551780926045,-0.004596129957110104
239.1732575085216,5.862843934215812,-2.9694489070905927,0.08324294624264064,0.04698734026595871,-0.04904551780926045,-0.004596129957110104
239.2732575085216,5.712459291843882,-3.315372688476064,-0.058670636958805054,-0.24478986100082645,-0.10005929609599305,-0.10985261989232563
239.3732575085216,5.7060919316675225,-3.340400937675607,-0.06867656656840379,-0.2557751229900584,-0.10005929609599305,-0.10985261989232563
239.47325750852158,5.624867890635732,-2.9835156192614396,-0.14017546654472793,0.04823222001737281,-0.12230816060648772,0.0030385389689615017
239.57325750852158,5.8446950825021755,-3.1647063138637477,0.04512254490164409,-0.10624957187001954,-0.05019437560890459,-0.0529326777325922
239.67325750852157,5.965335569006112,-2.9909050183902637,0.1369747108608442,0.0403077387958847,-0.015158908259139,0.0014686074961289333
239.77325750852157,5.9703454846470585,-2.8792132087774664,0.12803611503589238,0.13206498901371105,-0.01791634319338535,0.03517163946768139
239.87325750852156,6.188159408572391,-3.1867897997153944,0.2967029462041469,-0.12791361576136262,0.0436547661796202,-0.05911037315134091
239.97325750852156,6.218047977023701,-3.1998767131572867,0.30106842282210866,-0.13382465307649638,0.0436547661796202,-0.05911037315134091
240.07325750852155,6.54408907529688,-3.519409452688004,0.5499142980554205,-0.3885617455763815,0.1316626171668016,-0.14757661201841438
240.17325750852154,6.5997388181882535,-3.559003510305732,0.5630805597720999,-0.4033194067782221,0.1316626171668016,-0.14757661201841438
240.27325750852154,6.496586210338947,-3.5402459300158395,0.4374113057834414,-0.36289448018714654,0.07986081901628572,-0.12610979301478933
240.37325750852153,6.54072664501237,-3.5771659269996263,0.44539738768506953,-0.37550545948862474,0.07986081901628572,-0.12610979301478933
240.47325750852153,6.749087096225238,-3.294295599319883,0.589449000640417,-0.12408084938090497,0.12909089437138488,-0.03148127413465969
240.57325750852152,6.675083544661865,-3.445292782820025,0.48980555913249463,-0.24241115959151716,0.08800023879495966,-0.07313169256222923
240.67325750852152,6.666608383640675,-3.481277123067921,0.4504144039654311,-0.25907882222974266,0.07057097760096795,-0.07648299005398308
240.7732575085215,6.871762241973182,-3.578757068364494,0.5951725039388285,-0.32730759207060417,0.12172504529366317,-0.09877026071478308
240.8732575085215,6.700273504814404,-3.641634472068112,0.4148501676257822,-0.3615284963387537,0.05219420172221054,-0.10748079843031469
240.9732575085215,6.742019492585591,-3.6783247256941367,0.42006958779800296,-0.37227657618178456,0.05219420172221054,-0.10748079843031469
241.0732575085215,6.6869791528003155,-3.5316627996095167,0.3434699901798819,-0.2312695754416734,0.022367045804949706,-0.053058090481897635
241.1732575085215,6.721437987047326,-3.5550550476060923,0.34570669476037674,-0.23657538448986287,0.022367045804949706,-0.053058090481897635
241.27325750852148,7.069331734340184,-3.6444134247555757,0.6049210328180051,-0.293145009486056,0.11427404341936073,-0.07071208488268674
241.37325750852148,7.130395207839078,-3.674081486128593,0.6163484371599406,-0.30021621797432424,0.11427404341936073,-0.07071208488268674
241.47325750852147,7.034160270487824,-3.385687116476413,0.4958568988858001,-0.04512846814117983,0.06654425149145107,0.023243862467527715
241.57325750852146,6.795599264787016,-3.397459041656903,0.2594681386104433,-0.048940703299286625,-0.022185906227973784,0.021024831337564505
241.67325750852146,6.830475366236829,-3.43478381523729,0.26477443473106776,-0.07358877356284793,-0.01946438708067103,0.011441301921002544
241.77325750852145,6.663021024527039,-3.246307993728408,0.0957569340882319,0.09415672324002199,-0.08152903638847617,0.07273316213447316
241.87325750852145,6.625657534841676,-3.224440689542335,0.048931682115681954,0.11135382542822055,-0.09549783155599334,0.07628401427543391
241.97325750852144,6.630073213895464,-3.2129238869281367,0.039381898960083164,0.1189822268557635,-0.09549783155599334,0.07628401427543391
242.07325750852144,6.319602814265846,-3.4524637485376686,-0.23002690142382523,-0.08084632400161063,-0.189128852702415,0.0018183815370258379
242.17325750852143,6.2956544798599525,-3.460539289030144,-0.24893978669406566,-0.08066448584790806,-0.189128852702415,0.0018183815370258379
242.27325750852143,6.541430589954412,-3.6525493490125283,-0.03566432897496172,-0.24113362526550242,-0.10340052167235515,-0.05840673966379552
242.37325750852142,6.537347154448554,-3.676954745237396,-0.04600438114219665,-0.24697429923188163,-0.10340052167235515,-0.05840673966379552
242.4732575085214,6.526684656424105,-3.4316778513053405,-0.060961277418921975,-0.030545479926310612,-0.10507094901462771,0.021253100843409076
242.5732575085214,6.631118687956804,-3.609900030504449,0.02209561980535389,-0.1742569337427554,-0.07091262540775232,-0.031482158127053204
242.6732575085214,6.752736129764873,-3.593902570138904,0.1146920978791162,-0.14979562626463086,-0.034858648240455856,-0.02159089813310272
242.7732575085214,6.708131011273288,-3.3757932513244726,0.06302451108690688,0.0464895028568236,-0.052757509014848346,0.05141579787760665
242.8732575085214,6.752568262348928,-3.629023687558925,0.08966181568313161,-0.16028968426549517,-0.04123023036162478,-0.024412047544618454
242.97325750852139,6.761328292765432,-3.6451747162231967,0.08553879264696937,-0.1627308890199569,-0.04123023036162478,-0.024412047544618454
243.07325750852138,7.023277792661691,-3.4947315681004723,0.29198936449213303,-0.02508129582613415,0.03482044853779307,0.026585886345647222
243.17325750852137,7.052650831353592,-3.4971067682513572,0.29547140934591215,-0.02242270719156958,0.03482044853779307,0.026585886345647222
243.27325750852137,7.244998460119555,-3.2994117050523166,0.43953117418077986,0.14821682517849352,0.08715468812391614,0.08782728537265401
243.37325750852136,7.28938735097825,-3.284150886107605,0.44824664299317096,0.1569995537157584,0.08715468812391614,0.08782728537265401
243.47325750852136,7.293273854224786,-3.3438321474190453,0.42251395458130014,0.10342693910938536,0.07469094831515234,0.065479564070582
243.57325750852135,7.292862057170185,-3.2057998872196287,0.39372478200155386,0.21594667363829798,0.06145378727146696,0.10379945689690923
243.67325750852135,6.98848058123249,-3.001183911619564,0.113480829355818,0.37637775382523503,-0.042124389449389225,0.15755608166965543
243.77325750852134,7.341911705964396,-3.276718442331446,0.40430037253144907,0.12496179470293903,0.0674760182624499,0.05926491702653576
243.87325750852133,7.3807253992926265,-3.493474149793768,0.40942423486630075,-0.05756255075784163,0.06688950915871104,-0.008165100137291464
243.97325750852133,7.422002270325048,-3.4992712303702382,0.4161131857821715,-0.05837906077157073,0.06688950915871104,-0.008165100137291464
244.07325750852132,7.299651478112257,-3.201181416804579,0.2847132566655291,0.19169840377302885,0.016564025845208788,0.08202012367517629
244.17325750852132,7.328205623908034,-3.1816014758089013,0.28636965925004987,0.19990041614054602,0.016564025845208788,0.08202012367517629
244.2732575085213,7.371306406237924,-3.166196222045637,0.2917445037197905,0.20377794803418792,0.015568671356252672,0.080408975145058
244.3732575085213,7.400558699966682,-3.1454163823664945,0.2933013708554157,0.21181884554869326,0.015568671356252672,0.080408975145058
244.4732575085213,7.261708220044422,-3.017119337054624,0.15476535178326473,0.30762157330765644,-0.03511854745157199,0.1118622047222742
244.5732575085213,7.38841639175818,-3.2320162825661987,0.24511380838271182,0.11394159656019506,-0.0008520436832997746,0.037781625342274014
244.6732575085213,7.465761788909953,-3.5328218080551324,0.2890100749620943,-0.13912226432963007,0.015054696097918232,-0.05423340890149099
244.77325750852128,7.450174341734006,-3.335456566603553,0.252104886005309,0.03547657843254904,0.0007856537753921037,0.01199590686109439
244.87325750852128,7.65175787927295,-3.4903052922085216,0.39876377895992615,-0.09341081374429705,0.053731767981946954,-0.034550808554303085
244.97325750852127,7.691902916008851,-3.499819127625722,0.40413695575812053,-0.09686589459972716,0.053731767981946954,-0.034550808554303085
245.07325750852127,7.634398683352644,-3.257912782968293,0.3279406685688184,0.1068284197474218,0.024260750585674278,0.03973344358758538
245.17325750852126,7.6673140539624525,-3.2470312737756135,0.3303667436273857,0.11080176410618012,0.024260750585674278,0.03973344358758538
245.27325750852125,7.651173348758814,-3.397894344605032,0.2932078092590654,-0.017584633584701016,0.010351564105050092,-0.007428614881468504
245.37325750852125,7.680545887505244,-3.3996899510379093,0.29424296566957037,-0.018327495072847824,0.010351564105050092,-0.007428614881468504
245.47325750852124,8.007304694006312,-3.171625381929528,0.542797317686306,0.17002982130885633,0.09990685821343596,0.060343573677789274
245.57325750852124,8.303799715398014,-3.213098250108508,0.7564329213507017,0.12715826345513592,0.17425350425255293,0.0426589649727583
245.67325750852123,8.18594580444942,-3.2287070624089695,0.6120700416489273,0.10796062532002826,0.11573969785089676,0.03425302768143741
245.77325750852123,7.983326479985048,-3.05523593009226,0.3957463098514889,0.24967228372478834,0.031078771159126883,0.08512792835924853
245.87325750852122,7.73176543498906,-2.9496247919859804,0.15676225911242297,0.32404139517321023,-0.05636698007208693,0.10869212558558497
245.97325750852121,7.747159825999941,-2.9166771918407335,0.1511255611052146,0.3349106077317681,-0.05636698007208693,0.10869212558558497
246.0732575085212,8.125443613242338,-2.9543505895259186,0.4476240771913712,0.28410797419946476,0.05284679437898682,0.08585509281030118
246.1732575085212,8.170470254933369,-2.925510516641922,0.4529087566292696,0.2926934834804944,0.05284679437898682,0.08585509281030118
246.2732575085212,8.384639203845381,-2.890066431664725,0.6023727750562295,0.30716127276239247,0.10609193268574182,0.08829009679837249
246.3732575085212,8.44540694101443,-2.8589088539044956,0.6129819683248031,0.3159902824422292,0.10609193268574182,0.08829009679837249
246.4732575085212,8.367397015354207,-3.1240418197777466,0.5071608166644626,0.08042116745956905,0.0639660936868231,0.0006995087051349519
246.57325750852118,8.2196462338118,-3.2500620558044298,0.3460801350034386,-0.031058462792032015,0.002823517639960263,-0.03963734389071517
246.67325750852117,8.200742915980543,-3.4583560805860714,0.30180902796551207,-0.203562423697756,-0.013290092483674944,-0.10001778517379081
246.77325750852117,8.209686427912926,-3.246004803958783,0.2822322239967486,-0.015110816606170764,-0.020068902451402984,-0.027007716786695224
246.87325750852116,8.222233416134944,-3.110378441741823,0.2672802161437673,0.09488418951422355,-0.0247447937296624,0.013316212497269143
246.97325750852116,8.24883771378067,-3.100823441727915,0.2648057367708012,0.09621581076395039,-0.0247447937296624,0.013316212497269143
247.07325750852115,8.388759796196673,-3.6651808615190054,0.35889963721209356,-0.3797180353078454,0.0107491208642417,-0.15916848682898466
247.17325750852115,8.424703505522201,-3.7039485074839327,0.3599745492985177,-0.395634883990743,0.0107491208642417,-0.15916848682898466
247.27325750852114,8.31856154474994,-3.7766298237150995,0.23635391461019864,-0.4371097410415357,-0.036158866614155225,-0.16804002232139198
247.37325750852114,8.342016141877888,-3.8211809979308575,0.23273802794878332,-0.45391374327367395,-0.036158866614155225,-0.16804002232139198
247.47325750852113,8.536509046663745,-3.7526764497816547,0.371830603730936,-0.376357722088502,0.01547469778309473,-0.1342220462013718
247.57325750852112,8.601678556555052,-3.8323773500400318,0.3968914000909392,-0.4242218471360123,0.024058938367574712,-0.14667640643671997
247.67325750852112,8.593611451462733,-4.010921822272519,0.3594458683664966,-0.5502045651651611,0.009645908456268485,-0.18655563071989661
247.7732575085211,8.507798788891415,-3.6677201764975336,0.25542308814947495,-0.22919008868659208,-0.029355485868361078,-0.06159261867282935
247.8732575085211,8.467078258800061,-3.540415893030594,0.19753849909223828,-0.11176859635287663,-0.04920356657862401,-0.017373911543044247
247.9732575085211,8.486586090876392,-3.551679622223596,0.19261814243437617,-0.11350598750718095,-0.04920356657862401,-0.017373911543044247
248.0732575085211,8.60470685855934,-3.8745126830072363,0.2704459412281638,-0.37133325515203874,-0.01919376741233474,-0.10917533835557211
248.1732575085211,8.631655483845092,-3.9121918852142157,0.2685265644869304,-0.38225078898759535,-0.01919376741233474,-0.10917533835557211
248.27325750852108,8.668156683768634,-3.8522389937839066,0.27854022038040926,-0.30353065168065546,-0.013792774045011724,-0.07466280850146208
248.37325750852108,8.695941741936448,-3.8829653729944775,0.27716094297590815,-0.31099693253080124,-0.013792774045011724,-0.07466280850146208
248.47325750852107,8.71466633258489,-3.403486101843197,0.26835271164407215,0.10174855490783795,-0.0164806550889473,0.07593816668582208
248.57325750852107,9.08450848027267,-3.280060408075936,0.5557565041801777,0.2032568858867581,0.08904633966563934,0.10989809627264974
248.67325750852106,8.820751108341478,-3.109020039859274,0.29848443986615325,0.3377106498932337,-0.007221551883668756,0.15412972098352556
248.77325750852106,8.542315671382822,-3.044938422807877,0.032075358099398425,0.37826128325336,-0.10592066669624448,0.1633777484847051
248.87325750852105,8.637933842993014,-2.748333651961176,0.09872589855736652,0.606376392956113,-0.07801995200832473,0.2391542721610151
248.97325750852104,8.647416333088708,-2.686500241304763,0.0909239033565345,0.6302918201722132,-0.07801995200832473,0.2391542721610151
249.07325750852104,8.855001721443957,-3.0160971484284316,0.24868372212158418,0.328960877527259,-0.01811079253421423,0.122192077111336
249.17325750852103,8.879779539693443,-2.982590100290151,0.24687264286816285,0.3411800852383919,-0.01811079253421423,0.122192077111336
249.27325750852103,9.02925824784035,-3.0331785727445952,0.34614401456713756,0.2841579969127911,0.017644298811838422,0.09763541044725578
249.37325750852102,9.063960870791119,-3.0042745960010815,0.3479084444483213,0.29392153795751613,0.017644298811838422,0.09763541044725578
249.47325750852102,9.319688277444767,-2.840481217451479,0.5335523737489913,0.41381637882281663,0.08417401829756915,0.13710570234118427
249.573257508521,9.23220065379019,-2.999512428126916,0.42295543628249205,0.2602029088667532,0.04072428701550424,0.07660054331682817
249.673257508521,9.322302111649662,-3.145198448129199,0.46665101310837104,0.1263732658532073,0.05505475602768716,0.02591109938238506
249.773257508521,9.21765602876524,-3.424838558216116,0.34150010240821144,-0.1198660894259803,0.006517668265092695,-0.06563245996063913
249.873257508521,9.448468397373123,-3.660931986258689,0.5055708169074588,-0.3101435753826869,0.06554604137639511,-0.1313676646445207
249.973257508521,9.499353209270748,-3.6926031821201786,0.5121254210450978,-0.3232803418471382,0.06554604137639511,-0.1313676646445207
250.07325750852098,9.283032845753604,-3.531672427069683,0.29281312860221204,-0.1733823696773512,-0.016966534399807345,-0.07196239648612529
250.17325750852098,9.312229325941825,-3.5493704760198477,0.2911164751622314,-0.18057860932596334,-0.016966534399807345,-0.07196239648612529
250.27325750852097,9.34322436413081,-3.593683788104722,0.2894378830163906,-0.20971800603568652,-0.017419560012698166,-0.08000978551982214
250.37325750852096,9.372081054632384,-3.6150556376358884,0.2876959270151209,-0.21771898458766828,-0.017419560012698166,-0.08000978551982214
250.47325750852096,9.325770826880847,-3.434712139714564,0.223514632520719,-0.05916943196829616,-0.04001083140476365,-0.020319233504797723
250.57325750852095,9.409409606684834,-3.396027109720922,0.2713165050428141,-0.024005720302189906,-0.021098618670862386,-0.006869117136985141
250.67325750852095,9.404683546932205,-3.4647531198238117,0.24277676490631045,-0.0791963453270354,-0.03065748941851779,-0.02639536513908093
250.77325750852094,9.361065670613243,-3.340100284230336,0.18132216177225186,0.03109202397450793,-0.052348162339119104,0.015150280963647407
250.87325750852094,9.241759536559906,-3.4036333519110626,0.062079903259322125,-0.02216604731086093,-0.09352866151714653,-0.004448204705183985
250.97325750852093,9.247499883578252,-3.4058721976656745,0.052727037107608,-0.0226108677813793,-0.09352866151714653,-0.004448204705183985
251.07325750852092,9.489018574688535,-3.2540474367607493,0.2451777029750062,0.10395417965027957,-0.0192179139567418,0.04115502341639505
251.17325750852092,9.513440255416251,-3.24344624367864,0.24325591157933213,0.10806968199191884,-0.0192179139567418,0.04115502341639505
251.2732575085209,9.241839889564332,-3.650371372070243,-0.01400449361272101,-0.23157913178178,-0.11417069476790573,-0.08207161847907124
251.3732575085209,9.239868586729221,-3.6739396433408147,-0.025421563089510935,-0.23978629362968665,-0.11417069476790573,-0.08207161847907124
251.4732575085209,9.472523623955162,-3.4944186122550356,0.15946309341800838,-0.08029601468442306,-0.04314647072154949,-0.021970022032328194
251.5732575085209,9.498800950261302,-3.4856807796868536,0.1640340562036576,-0.0684502612372553,-0.03990251404471727,-0.016892095616004733
251.6732575085209,9.443824923015487,-3.2306804515843552,0.10079513504618262,0.14521597127789382,-0.061330928143575394,0.06026014805932024
251.77325750852089,9.72926544606355,-3.5025706115911888,0.33226730924531955,-0.09274309459324939,0.02693622835921168,-0.029500817071130822
251.87325750852088,9.975273320184685,-3.4683495301833367,0.5116913480847814,-0.059863927029969885,0.09077282187873688,-0.016680672944231797
251.97325750852087,10.026896319102555,-3.4744193262510548,0.5207686302726546,-0.06153199432439297,0.09077282187873688,-0.016680672944231797
252.07325750852087,9.684817036133252,-3.564660100160543,0.1991050151929939,-0.13193418015331623,-0.029515450642073192,-0.041225368499563715
252.17325750852086,9.70457996039934,-3.5780596450183717,0.19615347012878676,-0.13605671700327238,-0.029515450642073192,-0.041225368499563715
252.27325750852086,9.412318300237068,-3.2306759295068677,-0.07420832708226247,0.15463477273192655,-0.1285055211391973,0.06381136841303006
252.37325750852085,9.404254939923147,-3.214893395391611,-0.08705887919618147,0.1610159095732292,-0.1285055211391973,0.06381136841303006
252.47325750852085,9.679862971099373,-2.994794760216851,0.13734681705589552,0.3349036626814665,-0.04266347947680392,0.12384457467675367
252.57325750852084,9.7273248260406,-3.0281551429975377,0.1616752473717288,0.29114968453338824,-0.03222410352457313,0.10354465261863666
252.67325750852083,9.778800091414556,-2.9745424195833032,0.18797637163851427,0.3212202341712328,-0.021546352815224146,0.11060804573018342
252.77325750852083,9.683919078395796,-2.9597543877910844,0.08793195129400144,0.3170596569829541,-0.057911089535006774,0.10500817087832155
252.87325750852082,9.82262106309548,-3.0325912822209173,0.19034865099930132,0.24130350100073328,-0.018825469452201475,0.07414436967604676
252.97325750852082,9.84156180084815,-3.008090210272465,0.18846610405408126,0.24871793796833752,-0.018825469452201475,0.07414436967604676
253.0732575085208,9.681665923078247,-3.2123895467881773,0.036974736477501095,0.06622073597130435,-0.07320365219751361,0.005758714302724829
253.1732575085208,9.68499737846501,-3.2057386796195337,0.02965437125775015,0.0667966074015768,-0.07320365219751361,0.005758714302724829
253.2732575085208,9.576297323087005,-3.107527330407641,-0.07587552335324052,0.15165903948456314,-0.11031128489894801,0.038519122795321485
253.3732575085208,9.568158214327186,-3.092168830845209,-0.08690665184313469,0.15551095176409507,-0.11031128489894801,0.038519122795321485
253.4732575085208,9.76140167458198,-3.1555926243604775,0.0706528719679806,0.09425480997607441,-0.04931324628717412,0.01518484904318261
253.57325750852078,9.909631405021337,-3.300500131957705,0.18485996827870924,-0.03270274512690502,-0.005818215303527399,-0.03127269060638818
253.67325750852078,10.13807595622507,-3.5826281561930293,0.3590674497693468,-0.26497483420451484,0.05739767765742561,-0.11336505298368996
253.77325750852077,9.896560095190148,-3.746663911150254,0.12544195674201766,-0.39287034667470044,-0.031523292829956195,-0.15624656421936034
253.87325750852077,9.894460741154932,-3.8605546928191097,0.1102503723315325,-0.4691006358166858,-0.035871978547054574,-0.17793200173744522
253.97325750852076,9.90530641849535,-3.9083544164094626,0.10666317447682724,-0.48689383599042935,-0.035871978547054574,-0.17793200173744522
254.07325750852075,9.819155353669998,-3.82951753261873,0.023230729580376617,-0.39597016277984354,-0.06460114126839508,-0.13812016555628798
254.17325750852075,9.821155420921695,-3.8698051497244936,0.016770615453537474,-0.40978217933547156,-0.06460114126839508,-0.13812016555628798
254.27325750852074,9.987734773816983,-4.149676753412312,0.14030202348242324,-0.6286991049247362,-0.019712833229695345,-0.2142329067769599
254.37325750852074,10.001666411999077,-4.213617828438666,0.13833074015945382,-0.650122395602431,-0.019712833229695345,-0.2142329067769599
254.47325750852073,10.279898832302719,-4.129577707233524,0.35658181945127243,-0.5480827432837359,0.05996615249466765,-0.1699846466902208
254.57325750852073,10.290171206412587,-3.875323890618112,0.3409383485805866,-0.30721870766158327,0.05206579416472785,-0.0767403551418944
254.67325750852072,10.433804511453484,-3.556550040120251,0.43710658855586043,-0.027226224924130855,0.08496381765959413,0.026317719914665458
254.77325750852071,10.282971666890486,-3.2261876870741415,0.27755460503557966,0.25873990084989434,0.022536113319535866,0.13055509778859226
254.8732575085207,10.521867155123548,-3.316766673333522,0.45519298643069417,0.1756557943636923,0.08588664759210714,0.09615516583575014
254.9732575085207,10.567815887004574,-3.2987203180679754,0.4637816511899044,0.18527131094726676,0.08588664759210714,0.09615516583575014
255.0732575085207,10.697823965650164,-3.811704503577574,0.543503616426065,-0.24285139407637024,0.11213403715998721,-0.06082480484308515
255.1732575085207,10.752734997478568,-3.836293767009425,0.5547170201420631,-0.24893387456067842,0.11213403715998721,-0.06082480484308515
255.2732575085207,10.510689781573468,-3.8255886082436197,0.3168928887199715,-0.22953000016042713,0.0217786518771068,-0.05283047781214663
255.37325750852068,10.542487963704849,-3.848805760648722,0.3190707539076821,-0.23481304794164148,0.0217786518771068,-0.05283047781214663
255.47325750852067,10.626946204632915,-3.713737339381504,0.36491233304350534,-0.10948612781092666,0.03757668618677411,-0.006020773703142822
255.57325750852067,10.807003903265926,-3.8800455983242843,0.48946609743557834,-0.2393302555455627,0.08167690076858461,-0.052755306296547046
255.67325750852066,10.91055353810759,-3.684285941867717,0.542744267400615,-0.06376031648113421,0.09799196821688252,0.012033554439301382
255.77325750852066,10.738109512937474,-3.6815043632199096,0.35670651141303106,-0.054815282773375024,0.025241177883330357,0.014881681508228713
255.87325750852065,10.529423348473081,-3.9154129918820098,0.15604085742184762,-0.24091864644200955,-0.04815276958610393,-0.052240865681135396
255.97325750852065,10.544786670367335,-3.9397660608546152,0.1512255804632375,-0.2461427330101228,-0.04815276958610393,-0.052240865681135396
256.07325750852067,10.74971531735264,-4.445337636624041,0.30580143491301426,-0.6489366299466425,0.009844748338842864,-0.19536644323449928
256.17325750852063,10.780344684585625,-4.511208131834855,0.30678590974689823,-0.6684732742700857,0.009844748338842864,-0.19536644323449928
256.2732575085206,11.060616995947395,-3.913491772945626,0.5241556820886475,-0.13261320160138712,0.09058461848166822,0.0059729297574667856
256.3732575085206,11.113485487248681,-3.9267232284569804,0.5332141439368163,-0.1320159086256403,0.09058461848166822,0.0059729297574667856
256.47325750852065,11.014186046349016,-3.707124742351316,0.41482256630208525,0.06001370914773202,0.04447172714787142,0.07458094355560149
256.5732575085206,10.65759558254728,-3.419329877240537,0.08370713349849186,0.30162799466913476,-0.07803540202915851,0.15925292235151173
256.6732575085206,10.888520339367867,-3.1432752586467143,0.26147767707782343,0.5190678092325406,-0.01091898692853041,0.2314465821952582
256.7732575085206,10.849534686236643,-3.0379847615810727,0.20429261326276346,0.5866557963298711,-0.03175684227917729,0.24779707412948318
256.8732575085206,10.788161165370694,-3.3678656914037175,0.13326262481591292,0.2914356120925159,-0.05626641870029396,0.133297194419767
256.9732575085206,10.80120609575878,-3.3380556442223774,0.12763598294588543,0.30476533153448804,-0.05626641870029396,0.133297194419767
257.07325750852056,10.766837098311345,-3.4096698142179025,0.08369324843978486,0.23160715368861443,-0.06994539462496546,0.10175841606452457
257.1732575085206,10.774856696182201,-3.3860003067687128,0.07669870897728673,0.2417829952950692,-0.06994539462496546,0.10175841606452457
257.2732575085206,10.54803319652189,-3.544238956872284,-0.12838182414914756,0.10604946716172042,-0.1425108886326337,0.05074008396735723
257.37325750852057,10.534482459663817,-3.533380309736279,-0.14263291301240608,0.11112347555845442,-0.1425108886326337,0.05074008396735723
257.47325750852053,10.631429456721266,-3.5305664389575933,-0.06369644954265896,0.10916409619226107,-0.1087945595374896,0.04821936671024457
257.57325750852056,11.09653014413197,-3.8504058794251352,0.3230949631798852,-0.16142019992901557,0.03638704198098264,-0.0513688209312924
257.6732575085206,11.088677987175968,-3.828846170356974,0.29315251217584726,-0.13534801437959174,0.02424177521652463,-0.040188004842232485
257.77325750852054,11.099495543579387,-3.6031290699039826,0.27952856306679347,0.06440109646208599,0.01828011231782819,0.03477725259266536
257.8732575085205,11.113653498043822,-3.610714755972288,0.26981567219813724,0.05622139281603498,0.014111436133533722,0.030606081782264063
257.97325750852053,11.14070562244431,-3.604939586281772,0.27122681581149094,0.05928200099426208,0.014111436133533722,0.030606081782264063
258.07325750852056,11.74319406340135,-3.3733035714846573,0.7533357080982245,0.2462909914416409,0.18853855695312843,0.09612890673878657
258.1732575085205,11.819470326995912,-3.348193827806808,0.7721895637935309,0.2559038821155163,0.18853855695312843,0.09612890673878657
258.2732575085205,11.700221967435631,-3.2319788301751866,0.61755220671869,0.3395421404702895,0.12317404397457461,0.12263027811120084
258.3732575085205,11.762593058327386,-3.197411464737594,0.6298696111161503,0.3518051682814124,0.12317404397457461,0.12263027811120084
258.47325750852053,11.75589973197958,-3.1826584343291833,0.5836580619187903,0.34676418553588345,0.10199759485028062,0.11642864107686537
258.5732575085205,11.684569736379768,-3.3678675671443865,0.484159769974937,0.17496675576770773,0.06194905208698237,0.05009576900528355
258.67325750852046,11.946683885765577,-3.2739352666329644,0.6679747174012802,0.24261481402760082,0.12618873599489117,0.07253634134786038
258.7732575085205,11.796127504135493,-3.558069214127655,0.492706716197044,-0.012876377915064963,0.05639129256456148,-0.024126245996826473
258.8732575085205,11.718540151330313,-3.6556260625765815,0.39267984238037607,-0.09422353293595756,0.018223795200227252,-0.05236998755424037
258.9732575085205,11.75789925454434,-3.665310265807945,0.3945022219003982,-0.0994605316913798,0.018223795200227252,-0.05236998755424037
259.07325750852044,10.942382285304257,-3.9464217332932763,-0.3177886679950953,-0.3253917385382589,-0.24080777466904213,-0.1309169754487311
259.17325750852046,10.909399379631395,-3.9796154920243536,-0.341869445462005,-0.338483436083135,-0.24080777466904213,-0.1309169754487311
259.2732575085205,11.187281965431177,-3.8733819067231448,-0.1075106509174777,-0.23102957503457427,-0.14797195449092124,-0.08635495489860409
259.37325750852045,11.17579104056698,-3.896916639001087,-0.12230784636656478,-0.23966507052443173,-0.14797195449092124,-0.08635495489860409
259.4732575085204,11.196828240141965,-4.049548489611077,-0.10878993060451918,-0.3537610110799643,-0.13772722132582382,-0.12415124493411853
259.57325750852044,11.204730850721027,-3.9405556594737075,-0.1061590245663071,-0.24553736838416798,-0.13173858802090713,-0.08052769995522241
259.67325750852046,11.228080972138988,-3.6888545809859488,-0.0905119967571741,-0.026125814244655016,-0.12131496339648434,0.000962615747400572
259.77325750852043,11.336964176075357,-3.3374746466238743,-0.00046988156699986927,0.2752044366154741,-0.08335884284109774,0.11178518544437496
259.8732575085204,11.605265977385814,-3.4221004153297003,0.21456523666860183,0.19385608455694522,-0.002675255859578146,0.0786779381283857
259.9732575085204,11.626709124773381,-3.402321417183359,0.21429771108264395,0.2017238783697856,-0.002675255859578146,0.0786779381283857
260.07325750852044,11.708813220512624,-3.706348171028136,0.2613002288359771,-0.057011747881383315,0.0135486515081613,-0.016800589217217114
260.1732575085204,11.735010986653753,-3.7121333487623587,0.26265509398679276,-0.05869180680310445,0.0135486515081613,-0.016800589217217114
260.2732575085204,11.581042503889154,-3.606661617581876,0.11653951660566304,0.04240151850566044,-0.03906114771620149,0.023179521063365363
260.3732575085204,11.592501149811143,-3.6023055681259923,0.11263340183404201,0.044719470611997506,-0.03906114771620149,0.023179521063365363
260.4732575085204,11.798139839349625,-3.5160523857013386,0.2707278461092391,0.1141997340237444,0.019552519299124806,0.04725002632222288
260.5732575085204,11.964299943220944,-3.368362461380798,0.38978145105713163,0.23211166908843528,0.06230276269240037,0.08817895284421766
260.67325750852035,11.763675183169116,-3.434108288012139,0.19631200696285186,0.16742773038629194,-0.009922458923812577,0.061846526082071314
260.7732575085204,11.883372749813681,-3.559291663137172,0.28161237653963084,0.05257390949279672,0.022134085488648217,0.017317040224650297
260.8732575085204,11.87593848170531,-3.454235528186669,0.254150391898596,0.1361657146113101,0.011415070304764423,0.046607586793853864
260.97325750852036,11.901410596246684,-3.4403859187915735,0.25529189892907206,0.1408264732906939,0.011415070304764423,0.046607586793853864
261.0732575085203,12.077259780021702,-3.676462345489152,0.38124575805341576,-0.0607962036614868,0.05650428633166569,-0.027437469242496754
261.17325750852035,12.115666877258711,-3.6826791532015144,0.3868961866865836,-0.0635399505857371,0.05650428633166569,-0.027437469242496754
261.2732575085204,12.250795924207116,-3.781184964316351,0.47398962313167897,-0.14881889526908487,0.0863658236938395,-0.058956943235136464
261.37325750852034,12.298626715638736,-3.79636163855943,0.48262620550106,-0.1547145895925965,0.0863658236938395,-0.058956943235136464
261.4732575085203,12.390635400116818,-3.5538348626601066,0.5273264494254211,0.05181222806899238,0.0994140715651707,0.01717380766451926
261.5732575085203,12.499747544991562,-3.2230850798597412,0.584348663391225,0.32434770123508466,0.1166023231363921,0.11510290218490475
261.67325750852035,12.71905924059997,-3.3213366958729567,0.7294341008205848,0.22793608621445804,0.1648580993143935,0.07643930004594357
261.7732575085203,12.60072901717535,-3.1731623087872234,0.5803456180230604,0.34195043872814884,0.10334947960724547,0.11557247884219012
261.8732575085203,12.484604851834595,-2.887984370954198,0.44550782723719334,0.5590812239384214,0.0509117989688521,0.1891292077958969
261.9732575085203,12.529410193553169,-2.8311306025213634,0.4505990071340797,0.5779941447180154,0.0509117989688521,0.1891292077958969
262.0732575085203,12.469528353321968,-3.3453461649611174,0.3683514043368921,0.12525615519415229,0.01937101482534426,0.019932893690921126
262.1732575085203,12.506460348829771,-3.3327208849732517,0.3702885058194259,0.12724944456324372,0.01937101482534426,0.019932893690921126
262.27325750852026,12.72028687087356,-3.110716042714846,0.5240733080432998,0.2988082047992176,0.07565605260162049,0.08001281668574198
262.3732575085203,12.773072481940911,-3.080435158151489,0.5316389133034636,0.3068094864677936,0.07565605260162049,0.08001281668574198
262.4732575085203,12.772406675776763,-2.9166814099073197,0.494070668871401,0.423922024012382,0.05932610625732719,0.1191175319243413
262.57325750852027,12.50403741841755,-2.9790501532461655,0.23202761256203427,0.3481718025744122,-0.03850639684536067,0.08741855006032287
262.67325750852024,12.687633909778476,-2.9614018810603233,0.3618456025952784,0.3424382222639889,0.00983741849363251,0.08223264761889021
262.77325750852026,12.851408840709244,-3.1556384214153588,0.47276047136569205,0.15588097089829342,0.05067535153456672,0.010573810661707345
262.8732575085203,12.855716873010525,-2.977867614938482,0.44190671987902175,0.29004112779558205,0.03770026424739178,0.05819961373025487
262.97325750852025,12.90009604631965,-2.948572504090283,0.44567674630375964,0.29586108916860554,0.03770026424739178,0.05819961373025487
263.0732575085202,13.012593747029962,-3.1666760135216365,0.505525164105151,0.09706480409246497,0.057907439356643345,-0.015333168606645853
263.17325750852024,13.063435800637272,-3.157046198955421,0.5113159080408167,0.09553148723180004,0.057907439356643345,-0.015333168606645853
263.27325750852026,13.187024192823564,-3.404986879691919,0.5853018383135873,-0.11442775133721458,0.08488258235129564,-0.0891128940104775
263.3732575085202,13.24597878956666,-3.4168752192956884,0.593790096548714,-0.1233390407382593,0.08488258235129564,-0.0891128940104775
263.4732575085202,13.366683870003738,-3.32160974522112,0.6529853980280882,-0.0433931935582109,0.10322897427449501,-0.05726711426004009
263.5732575085202,13.37790301456864,-3.4748511596437357,0.6173116897941157,-0.17277574784635572,0.08643654264235594,-0.10198164797655107
263.67325750852024,13.324616981168521,-3.6594970675856433,0.5298577021656719,-0.320162838245673,0.05168099331128833,-0.15113031733688082
263.7732575085202,13.318916923674944,-3.4856369251874093,0.4842202048900921,-0.1594375438546111,0.032807398448392776,-0.0864402231061841
263.87325750852017,13.291193988484892,-3.582300790840047,0.4240805619583,-0.2339950567655199,0.009899393772591355,-0.11002487716984757
263.9732575085202,13.333651541649594,-3.606250420902454,0.4250705013355594,-0.24499754448250716,0.009899393772591355,-0.11002487716984757
264.0732575085202,12.975971655395716,-3.3082503684700963,0.09193930139459441,0.011350182236281314,-0.11125869535376205,-0.013734183414849652
264.1732575085202,12.984609292058405,-3.307184021163543,0.080813431859222,0.009976763894796818,-0.11125869535376205,-0.013734183414849652
264.27325750852015,13.270634109176978,-2.9159054543948613,0.31012448993153485,0.3412281247579849,-0.021831982584514506,0.1087601150322926
264.37325750852017,13.301537398257217,-2.8812388413438934,0.30794129167308293,0.35210413626121667,-0.021831982584514506,0.1087601150322926
264.4732575085202,13.168646152233766,-2.8441656053477775,0.16956366929132025,0.36406492320081524,-0.07110869293587502,0.10914889100408745
264.57325750852016,13.029934824320828,-2.8796993852550052,0.03160270185726259,0.31466777326176043,-0.11887942069906321,0.08733977434028264
264.6732575085201,12.91865557019367,-2.733752282599443,-0.075047531557937,0.417167004642031,-0.15315201497619135,0.12093168012626829
264.77325750852015,12.827039060403955,-2.8626007132310187,-0.16220085678157528,0.28359929759958596,-0.17983891038677355,0.06734372839409644
264.87325750852017,12.826795202028592,-2.6622845732796274,-0.16615958936803538,0.43122710908630424,-0.1747728987776362,0.1177571260168578
264.97325750852013,12.809305378597905,-2.618573076740928,-0.18363687924579303,0.443002821687986,-0.1747728987776362,0.1177571260168578
265.0732575085201,12.942538608858223,-2.632345317700589,-0.07470557766570474,0.408145023190178,-0.12917159765999822,0.10147497047322562
265.1732575085201,12.934422193103352,-2.5910234405291956,-0.0876227374317075,0.41829252023750285,-0.12917159765999822,0.10147497047322562
265.27325750852015,12.877279155636591,-3.1051734946494163,-0.13783186030587724,-0.035667292362758334,-0.1419700443479777,-0.06669180668852745
265.3732575085201,12.86278611938427,-3.109073682919133,-0.15202886474067018,-0.042336473031608805,-0.1419700443479777,-0.06669180668852745
265.4732575085201,12.966613713797598,-3.027849251421077,-0.06652943462938048,0.02155008181228619,-0.10589872674584955,-0.04140512179497896
265.5732575085201,12.819805876394671,-3.0952335238554074,-0.19475335699647223,-0.040278379878599224,-0.14884454217435136,-0.06226535535740907
265.6732575085201,13.08483878842631,-3.118799454908442,0.027800350379857175,-0.06231292397731436,-0.06297049182495341,-0.06792865932089928
265.7732575085201,13.15845144543897,-3.4277973998355007,0.08282719535163893,-0.32646301944581113,-0.040189491089098736,-0.16260917520485482
265.87325750852006,13.18804267614766,-3.5690338165921265,0.09668475138078027,-0.4312050396232717,-0.033732338902998205,-0.19426879720835377
265.9732575085201,13.197542489591225,-3.6131256645405054,0.09331151749047968,-0.4506319193441115,-0.033732338902998205,-0.19426879720835377
266.0732575085201,13.368370090088456,-3.7756683994104554,0.22345440366394162,-0.5685995199346361,0.014292748883245606,-0.23032920307729776
266.17325750852007,13.390786994199258,-3.8336799974192854,0.22488367855226568,-0.5916324402423581,0.014292748883245606,-0.23032920307729776
266.27325750852003,13.687809286603155,-3.8416717166315206,0.46396775157813513,-0.5691560603804035,0.10287704801942216,-0.21331803416310724
266.37325750852006,13.734720447001076,-3.8996539128403898,0.4742554563800797,-0.590487863796719,0.10287704801942216,-0.21331803416310724
266.4732575085201,13.751972614901456,-3.896089551923953,0.4589923670198872,-0.5594488760180167,0.0936324765820852,-0.19454870683698194
266.57325750852004,13.673575044595616,-3.821043261366579,0.3632414407742005,-0.4691030767069521,0.05525741491247294,-0.1548442687211866
266.67325750852,13.37974854701339,-3.6786330700141265,0.09372675096571384,-0.32829398431220447,-0.0442162151350999,-0.09885127608040917
266.77325750852003,13.365399131606988,-3.4459437192688958,0.06904898647443145,-0.11180921756307041,-0.05174109943095523,-0.015570855254685531
266.87325750852006,13.216856479687207,-3.061170895197015,-0.0651025298328682,0.21176141665905443,-0.09832888239136914,0.10076382413977687
266.97325750852,13.209854582291966,-3.039490934410418,-0.07493541807200176,0.22183779907302867,-0.09832888239136914,0.10076382413977687
267.07325750852,13.444548410345472,-3.157454894865815,0.11977719165427042,0.11649088785359198,-0.023628780387152895,0.059454553523285374
267.17325750852,13.456407985608966,-3.1455085333128365,0.1174143136155546,0.12243634320592187,-0.023628780387152895,0.059454553523285374
267.27325750852003,13.391708732259556,-2.4709777030779265,0.051451284469203176,0.6767624989395711,-0.046657251637373116,0.2571229529691426
267.37325750852,13.396620574448287,-2.4020158384191475,0.046785559305467454,0.7024747942364765,-0.046657251637373116,0.2571229529691426
267.47325750851996,13.262944066049805,-2.7470512794635806,-0.0728810906033195,0.38559736405870343,-0.08826590996005276,0.13434117806608142
267.57325750852,13.507421965627143,-2.5667723756841054,0.1307763684953296,0.5163901172650085,-0.010692275279281599,0.1767786119797721
267.67325750852,13.266776298278673,-2.46364466713249,-0.0814423051284894,0.5756746199152819,-0.08705850909602214,0.19168441472561645
267.77325750852,13.382126265075671,-2.2334730001460605,0.01666995632586992,0.7409089940117357,-0.04737701903532587,0.24542138523471918
267.87325750851994,13.07528497453317,-2.7533128110336698,-0.24427202204866327,0.2768479403908995,-0.13992027573609167,0.07059318001940232
267.97325750851996,13.050158170949617,-2.7252750510944765,-0.2582640496222756,0.2839072583928413,-0.13992027573609167,0.07059318001940232
268.07325750852,13.260791388905206,-2.7248947205571583,-0.0765112832096641,0.2641456479348892,-0.06954475681227312,0.060034404588149
268.17325750851995,13.25279253680018,-2.698179983740738,-0.08346575889088904,0.27014908839370205,-0.06954475681227312,0.060034404588149
268.2732575085199,13.484559931501046,-2.3541580991777438,0.11005778253515483,0.5416953085644314,0.003072909624740475,0.1566451186758805
268.37325750851994,13.495581074302688,-2.2992053427279084,0.11036507349762895,0.557359820432023,0.003072909624740475,0.1566451186758805
268.47325750851996,13.812932995907051,-2.093987905923691,0.3656994098521338,0.695315098885298,0.09534463020684977,0.20047327888950606
268.57325750851993,13.88582991669458,-2.4372562623295604,0.4054376242186152,0.3710580001435663,0.10637140973145036,0.07597118067092974
268.6732575085199,14.135851353685997,-2.621626256005436,0.5899968725374897,0.19624815721078426,0.1692736647979085,0.010622907288884167
268.7732575085199,14.251752327822643,-2.9016580402054033,0.6552394591974592,-0.057734437018270836,0.18722211836004887,-0.08320690788624185
268.87325750851994,14.131286063068032,-2.7782322413941056,0.5186072569502373,0.040354359368967176,0.13110672629816522,-0.04513229036441354
268.9732575085199,14.183802322394529,-2.7744224669090323,0.5317179295800494,0.03584113033252736,0.13110672629816522,-0.04513229036441354
269.0732575085199,14.679627053750963,-2.5750659637757236,0.9148495261820522,0.19448741319258323,0.26556308791355177,0.013888765629005623
269.1732575085199,14.772439821808756,-2.555547778628316,0.9414058349734133,0.1958762897554841,0.26556308791355177,0.013888765629005623
269.2732575085199,14.532428534463088,-2.880773356911351,0.6882817228843972,-0.08920372918992481,0.16426108438212295,-0.08958832345199624
269.3732575085199,14.602078012173415,-2.8901416714476,0.7047078313226038,-0.09816256153512137,0.16426108438212295,-0.08958832345199624
269.47325750851985,14.731937892096607,-2.7586466896862656,0.7698977933817892,0.00946263561741818,0.1819044079320048,-0.047805418120407464
269.5732575085199,14.883692926544853,-3.1513735511223144,0.8503115041174483,-0.32267501255118075,0.20462086692743958,-0.16617928570902302
269.6732575085199,14.780379931375894,-3.2481125082883344,0.7131482716805149,-0.39161741910032577,0.14761265687213315,-0.18492481094968072
269.77325750851986,14.596040066043441,-2.9630837247855037,0.506917824832607,-0.13344567513290612,0.06551721209794069,-0.08314134210083912
269.8732575085198,14.669639701588071,-3.1069378179674008,0.5322359997232154,-0.24856216223592062,0.07229582158982203,-0.12135653178697359
269.97325750851985,14.723224780668355,-3.132400816849934,0.5394655818821993,-0.2606978154146207,0.07229582158982203,-0.12135653178697359
270.0732575085199,14.49683711749129,-3.395835777074796,0.3111398932270579,-0.46936728757088,-0.013452473926155908,-0.19230174546375067
270.17325750851984,14.527883844444354,-3.4437340145591864,0.3097946458344427,-0.48859746211724847,-0.013452473926155908,-0.19230174546375067
270.2732575085198,14.577134019904934,-3.065662516456825,0.31944082622578196,-0.14666632116648065,-0.010688043854082473,-0.060239681149648075
270.3732575085198,14.609024662308249,-3.0806303469792247,0.31837202184037344,-0.15269028928144682,-0.010688043854082473,-0.060239681149648075
270.47325750851985,14.602772506913704,-3.3409829941318914,0.285634310994719,-0.3600255301257816,-0.0221462187450982,-0.13238824117858589
270.5732575085198,14.631996955538686,-3.036134379277622,0.2840698853970136,-0.08910814164394631,-0.021908845217884727,-0.02963601973109478
270.6732575085198,14.385409806204487,-3.236916213006113,0.053070842036061244,-0.2497038821955664,-0.10466169008755952,-0.08610857992923696
270.7732575085198,14.489279044918986,-3.2815232051811876,0.12800906005895166,-0.2746585802317001,-0.07293511057649973,-0.0921214019105873
270.8732575085198,14.63198927810994,-3.0893874074046206,0.22898623677037092,-0.10320750644989315,-0.03382677800143412,-0.02747789168566747
270.9732575085198,14.654718767896963,-3.0998455475080346,0.22560355897022866,-0.10595529561845897,-0.03382677800143412,-0.02747789168566747
271.07325750851976,14.593766348738985,-3.22498189964825,0.15067182741401272,-0.20163145983894906,-0.06030500093535945,-0.060477870433027506
271.1732575085198,14.608532006475713,-3.2454474349843148,0.1446413273204754,-0.2076792468822532,-0.06030500093535945,-0.060477870433027506
271.2732575085198,14.62265053463029,-3.2910575944669835,0.1360112064559038,-0.23305773063785057,-0.061972393373188786,-0.06716617334758691
271.37325750851977,14.63594179330901,-3.3146991983974985,0.12981396711858706,-0.23977434797260697,-0.061972393373188786,-0.06716617334758691
271.47325750851974,14.554081133558723,-3.3889372397850033,0.044908721433702586,-0.28754955174126917,-0.09044985605999603,-0.08188128516356791
271.57325750851976,15.000088611126865,-3.5752434450157637,0.40822138782287154,-0.4264876571715609,0.045490401355080035,-0.12916109108159537
271.6732575085198,14.998331676724932,-3.2895567910459476,0.3771391760017678,-0.16891948691080316,0.03260367790676756,-0.03225864538074956
271.77325750851975,15.093566138243022,-3.0696613510594446,0.4298375154484499,0.02949158723580676,0.05096921852037321,0.04192263722910586
271.8732575085197,14.995393399538582,-2.9614256325171104,0.3174075146428779,0.11994825018265103,0.00851745181855569,0.07278909560018698
271.97325750851974,15.02717673826197,-2.9490668620208416,0.3182592598247337,0.12722715974267138,0.00851745181855569,0.07278909560018698
272.07325750851976,15.134288163347968,-3.2798766761075737,0.3830675154863373,-0.15005718445638358,0.03201814432220413,-0.029690647022121465
272.1732575085197,15.1727550056182,-3.2950308477883175,0.3862693299185566,-0.15302624915859472,0.03201814432220413,-0.029690647022121465
272.2732575085197,14.978337899835537,-3.1550594210260754,0.18693937398065022,-0.022880908223457223,-0.043638472934967296,0.01951492910479323
272.3732575085197,14.996813644868931,-3.1572499372028977,0.1825755266871525,-0.020929415312977456,-0.043638472934967296,0.01951492910479323
272.47325750851974,15.066110269890425,-3.3108811897542267,0.22088874976402118,-0.14368464422255334,-0.028197417628756806,-0.025179092661897967
272.5732575085197,15.066319017946054,-3.1781942345065635,0.19975383719601764,-0.023740241025082685,-0.0348839165378289,0.019103854855301867
272.67325750851967,14.845665571850924,-3.190924465278769,-0.0038837521987063976,-0.030423134863909716,-0.1072717002404601,0.01602526638774459
272.7732575085197,14.61859063155433,-3.204609237997296,-0.20953577994080458,-0.03794523939230081,-0.17968365953222615,0.012668357441707018
272.8732575085197,14.741962728577509,-3.225523930793262,-0.10680844196700048,-0.05078544872092468,-0.1360873009348943,0.007620683970429062
272.9732575085197,14.730601447876138,-3.2305643722455004,-0.12041717206048527,-0.05002338032388203,-0.1360873009348943,0.007620683970429062
273.07325750851965,15.005788602754045,-2.90585583225969,0.1053838202527007,0.22152483468133966,-0.04952720020567978,0.10459989502624126
273.17325750851967,15.01607934877829,-2.8831803493164196,0.10043110023213159,0.23198482418396615,-0.04952720020567978,0.10459989502624126
273.2732575085197,15.071208967457688,-2.8617041098243483,0.13552906437338413,0.24526059293996702,-0.03438146942819766,0.10692527477885727
273.37325750851966,15.08458996654788,-2.836643424156466,0.13209091743056553,0.2559531204178491,-0.03438146942819766,0.10692527477885727
273.4732575085196,15.227833877471607,-3.049646061642345,0.23706358135240121,0.06998085782853639,0.004842809835232616,0.036441981819810634
273.57325750851965,15.518026959729559,-3.0951897751172717,0.4620418590043867,0.02975600864477629,0.08680103341874323,0.020578728194714985
273.67325750851967,15.427848702540386,-3.172806055979631,0.35683882612130335,-0.03453236110553229,0.04561302004933809,-0.0031901695137715735
273.77325750851963,15.385630689131835,-3.135935195664562,0.2940578436082433,-0.0005230856469898776,0.02059626835220476,0.009439048016436509
273.8732575085196,15.135564992201575,-3.49819132634022,0.06376321160626944,-0.2969742554215878,-0.06333215047542945,-0.0969725513426827
273.9732575085196,15.141624652609826,-3.5283736146390994,0.05742999655872505,-0.3066715105558583,-0.06333215047542945,-0.0969725513426827
274.07325750851965,15.474891791164884,-3.2724060920133797,0.32517075107981763,-0.07984044796681629,0.03615705017732633,-0.012074575281134686
274.1732575085196,15.507589651523741,-3.2804505096864642,0.32878645609754903,-0.08104790549492935,0.03615705017732633,-0.012074575281134686
274.2732575085196,15.244955388068854,-3.2080544130321296,0.0824867910155398,-0.023113099343921875,-0.05532771015077111,0.0071156659554535845
274.3732575085196,15.252927428619657,-3.2103301446367447,0.07695402000046142,-0.022401532748376356,-0.05532771015077111,0.0071156659554535845
274.4732575085196,15.06181031268171,-3.267425489921467,-0.09388077683199807,-0.066832631407775,-0.11513588584615,-0.009063151305273555
274.5732575085196,14.885484924768141,-3.1589378952265688,-0.2455536222686397,0.028126748360160134,-0.16630519941733757,0.02560233434892252
274.67325750851955,14.5444667927529,-3.4502706497735693,-0.5249089563065039,-0.21126098835633528,-0.26132465106021335,-0.06107682532249353
274.7732575085196,14.964584027005456,-3.361388982547797,-0.14256173339965514,-0.12349515480992229,-0.10957994858266987,-0.026541199701325707
274.8732575085196,15.112189071857895,-3.3018696701791055,-0.018541555105453873,-0.06703860150998706,-0.06082463544305931,-0.005390676980581127
274.97325750851957,15.110030793170134,-3.308600483715005,-0.02462401864975773,-0.06757766920804499,-0.06082463544305931,-0.005390676980581127
275.07325750851953,15.542438211138737,-3.1469115227627107,0.3323340422007948,0.0690941633021441,0.07075341784717643,0.04343356351518013
275.17325750851955,15.57602538244806,-3.139784938614919,0.33940938398551407,0.0734375196536631,0.07075341784717643,0.04343356351518013
275.2732575085196,15.679418497700624,-3.3996252685529575,0.4103973787722245,-0.1469252101753306,0.09568914010689744,-0.03845922806598783
275.37325750851954,15.720936681278365,-3.4145100857108153,0.419966292782911,-0.1507711329819281,0.09568914010689744,-0.03845922806598783
275.4732575085195,15.559064385826696,-3.3548018894394533,0.2593945027210116,-0.09295479571758536,0.034130274921839766,-0.016359902916772136
275.57325750851953,15.683814077205996,-3.3322130767367644,0.345911137256063,-0.06799337778956063,0.06446972322643933,-0.006742155149382872
275.67325750851955,15.808899806001095,-3.456703657986698,0.4274156091342611,-0.1654041560965653,0.09161570284770298,-0.04139854828659721
275.7732575085195,15.584081163715256,-3.241760907469978,0.20556511792265117,0.02761806645788498,0.005797833393720628,0.031136453869804695
275.8732575085195,15.56256670247143,-3.2713154323082336,0.1711556342787531,0.004073354823680358,-0.006840600128178066,0.021597767289494595
275.9732575085195,15.579648062898668,-3.270800107989418,0.17047157426593515,0.006233131552630309,-0.006840600128178066,0.021597767289494595
276.07325750851953,15.693547311857767,-3.026181881300792,0.2522541896829382,0.2095210406964495,0.023491687887669643,0.09384733404141375
276.1732575085195,15.71889018926549,-3.0047605405609477,0.2546033584717044,0.21890577410058767,0.023491687887669643,0.09384733404141375
276.27325750851946,15.655872168423405,-3.0972043264312634,0.18562379737371107,0.12983849028025188,-0.0016271944075369853,0.05742040266817379
276.3732575085195,15.674426412188742,-3.0839333753898943,0.18546107793295732,0.13558053054707056,-0.0016271944075369853,0.05742040266817379
276.4732575085195,15.877006317712597,-3.0424630137099853,0.33853264828548213,0.1640417902192829,0.05381473548531336,0.06556281289119419
276.5732575085195,15.981763393051505,-2.855628827684609,0.40342371052203563,0.31213171580010873,0.07554048426896144,0.11674204359491093
276.67325750851944,15.960153558761535,-2.7704939060768523,0.35909565363800944,0.36765979435760754,0.056776329030401404,0.13245292954051888
276.77325750851946,16.03482596814679,-2.7465855362786233,0.3979393241932564,0.36940003887515155,0.06909706532056059,0.12822027626242283
276.8732575085195,16.05415526559469,-2.7843987831313965,0.38755374548134836,0.3203260112858873,0.06284985491450516,0.10607310977391242
276.97325750851945,16.093224889417385,-2.7518358164539496,0.3938387309727967,0.3309333222632749,0.06284985491450516,0.10607310977391242
277.0732575085194,15.859233473951685,-2.485488352526481,0.1710084348243971,0.5344558744251869,-0.020403393726549222,0.175639973985377
277.17325750851944,15.876232300465496,-2.4311645652140226,0.1689680954517417,0.5520198718237286,-0.020403393726549222,0.175639973985377
277.27325750851946,16.467044460191303,-2.6987833907215726,0.64767929697543,0.2986133859829422,0.1543533105784647,0.0771749585306051
277.37325750851943,16.532584156441715,-2.668536177330636,0.6631146280332713,0.30633088183600005,0.1543533105784647,0.0771749585306051
277.4732575085194,16.64960910168947,-2.598674358340252,0.7201316965339944,0.3459930932713346,0.16939806182338085,0.08862372242021603
277.5732575085194,16.5161926666503,-2.6430317771335456,0.5632839885991707,0.28879076952034766,0.10595175078873345,0.06473441797590634
277.67325750851944,16.389629929506203,-2.8155882941405137,0.4212034656140713,0.12938024739378415,0.05073366581589841,0.005305597031828563
277.7732575085194,16.386810133895153,-2.6276646579131655,0.38732308895065903,0.2787962691685075,0.03626287484987797,0.060079859180791735
277.8732575085194,16.293835705810093,-2.236805360480523,0.28133725330631043,0.5825509107079492,-0.003329996073274666,0.16661725854306095
277.9732575085194,16.321952781160363,-2.1777171831169992,0.2810042536989829,0.5992126365622591,-0.003329996073274666,0.16661725854306095
278.0732575085194,16.286067751687867,-2.2237365430902476,0.22530495951750054,0.5307085846914673,-0.023937783645034787,0.13680193320022682
278.1732575085194,16.308478558721383,-2.1699816749551184,0.22291118115299788,0.5443887780114853,-0.023937783645034787,0.13680193320022682
278.27325750851935,16.243981251142024,-2.1470883868196693,0.14498305558781183,0.5274161573482712,-0.05222594627502067,0.12464461654037251
278.3732575085194,16.258218426969435,-2.093723548002128,0.13976046096030859,0.5398806190023113,-0.05222594627502067,0.12464461654037251
278.4732575085194,16.210967958920712,-2.27767636033931,0.08377776403103575,0.3561478125085218,-0.07059153557598785,0.05432888018561162
278.57325750851936,15.816722429383152,-2.431670595577092,-0.262193149375323,0.2035903686454963,-0.19432137334884364,-0.002801166064447476
278.6732575085193,15.740831956087817,-2.735256088257366,-0.3221617699124695,-0.06302140331486017,-0.20898216745259776,-0.09821591191055457
278.77325750851935,15.963804356921466,-2.5450711413304807,-0.1222055506773649,0.09478011369481115,-0.12693771906956522,-0.03654815776543067
278.8732575085194,16.14059709479816,-2.705740748179687,0.02271706260219221,-0.04840976196430658,-0.07000528298582753,-0.08647551083250318
278.97325750851934,16.14251877464345,-2.7110141019302785,0.01571653430361184,-0.05705731304755395,-0.07000528298582753,-0.08647551083250318
279.0732575085193,16.361523486113164,-2.90968770832864,0.18964630236076935,-0.2255213838552088,-0.0046339087128965135,-0.14416435949749587
279.1732575085193,16.38046494680568,-2.9329606685116536,0.18918291148947958,-0.23993781980496168,-0.0046339087128965135,-0.14416435949749587
279.27325750851935,16.472072561560186,-2.927976252352985,0.2533995834009566,-0.2309825102813948,0.019943843709739527,-0.13608464876090906
279.3732575085193,16.497512239118823,-2.9517549266249206,0.25539396777192985,-0.24459097515748107,0.019943843709739527,-0.13608464876090906
279.4732575085193,16.492713095528114,-3.0642093941521975,0.23204529582721867,-0.3300080408110572,0.010774434216470338,-0.16182035185168786
279.5732575085193,16.365980316236502,-2.602935371018569,0.10675554527240924,0.06574484081629196,-0.0353596757875481,-0.0128627506539582
279.6732575085193,16.069359394716887,-2.8088329457661754,-0.15242038763858606,-0.11018044544007966,-0.12781675643082,-0.07542811429974688
279.7732575085193,16.113758320481764,-2.9777954152565322,-0.11324509177071697,-0.25180876687520604,-0.10851544129831546,-0.12475754360205843
279.87325750851926,16.091958379471464,-2.601578083998881,-0.13235182864311204,0.06576109811394434,-0.11149729012462244,-0.006663179509164771
279.9732575085193,16.078165710156526,-2.595035290085031,-0.14350155765557682,0.06509478016302772,-0.11149729012462244,-0.006663179509164771
280.0732575085193,16.117233209015186,-2.362130369052929,-0.11000222118271054,0.2519197199916521,-0.09541756206033712,0.06089260222765966
280.17325750851927,16.105755899086617,-2.3366339340426343,-0.119543977388741,0.258008980214416,-0.09541756206033712,0.06089260222765966
280.27325750851924,16.375101344766954,-2.528978503379808,0.10535993665972243,0.07507722987485257,-0.010631329282178782,-0.009500760330586125
280.37325750851926,16.385584181786516,-2.5215182841939736,0.10429680373150431,0.07412715384179375,-0.010631329282178782,-0.009500760330586125
280.4732575085193,16.513550861727623,-2.7588227329916917,0.20113985833177211,-0.12804146054009533,0.024792256341860386,-0.08161608500252043
280.57325750851925,16.618459902948107,-2.5840772975186748,0.2749542684645822,0.02018723027909793,0.050835291288333306,-0.02506461804391396
280.6732575085192,16.74301455455982,-2.696697947264495,0.360616285372412,-0.07647126160805157,0.07997804184775256,-0.05879508845797055
280.77325750851924,16.857102210944902,-2.6244596850838042,0.43552211526069184,-0.014120294010137306,0.1048334722441328,-0.033693416667604476
280.87325750851926,16.99111839294768,-2.733758835985085,0.5207544080649792,-0.10592278211175386,0.13183345426704915,-0.06533587934760032
280.9732575085192,17.043853001025493,-2.7446777935929947,0.5339377534916796,-0.11245637004651167,0.13183345426704915,-0.06533587934760032
281.0732575085192,17.118766461088228,-2.564680360958446,0.5648395402433175,0.036879861420784976,0.13834060696190328,-0.0099134510014066
281.1732575085192,17.175942118147383,-2.5610419420713737,0.578673600939511,0.03588851632064409,0.13834060696190328,-0.0099134510014066
281.27325750851924,17.27715040301406,-2.662383675959108,0.6364680367394318,-0.05234690236915136,0.15664354800976915,-0.04146289937950287
281.3732575085192,17.341580424428027,-2.6678256806929186,0.6521323915404034,-0.05649319230710024,0.15664354800976915,-0.04146289937950287
281.47325750851917,17.184859213782325,-2.306906684571441,0.4823608354960347,0.2410001081541475,0.08955070095461579,0.06664263192019139
281.5732575085192,17.43418381695033,-2.3953071092502602,0.6603552480004881,0.1537810579285828,0.1512635504079044,0.0326939847227426
281.6732575085192,17.41879378042337,-2.5420981598231243,0.6070751340118794,0.023582586248256956,0.12652304312707513,-0.015121596539310618
281.7732575085192,17.436495131026078,-2.5511325572973473,0.5821140188004719,0.012439923825592667,0.11255016437117933,-0.018664613271377528
281.87325750851915,17.491079381825678,-2.456385204749114,0.5898868089214304,0.08741297779762411,0.11129235334512992,0.00882950622140909
281.97325750851917,17.55062452448456,-2.4475997594382424,0.6010160442559459,0.08829592841976522,0.11129235334512992,0.00882950622140909
282.0732575085192,17.486768449530775,-2.3362334681357457,0.5083380963816558,0.17244496049928532,0.07368748557107324,0.03840177778408272
282.17325750851916,17.53797069659678,-2.3187969631969025,0.5157068449387606,0.17628513827769227,0.07368748557107324,0.03840177778408272
282.2732575085191,17.532859617423558,-2.0861134766653113,0.47617388917894926,0.3512354161627045,0.05688616659040752,0.09815205839897702
282.37325750851915,17.580761437174417,-2.0504991747570376,0.4818625058379913,0.3610506220026044,0.05688616659040752,0.09815205839897702
282.47325750851917,17.700054570013556,-2.212399640169568,0.5465182710527893,0.20762068801683078,0.078221159695543,0.039646135653252604
282.57325750851913,17.720729333972784,-1.9240313219752379,0.5253852908536412,0.43408232379898043,0.06765023895425723,0.1201021041822379
282.6732575085191,17.68112974335256,-1.9125675565074325,0.4551749270743634,0.41933445778219247,0.03981061842959426,0.11051587959701357
282.7732575085191,17.85106339977546,-2.07643650586744,0.5662220092453486,0.25478352703016366,0.07958420295999914,0.04591253780589963
282.87325750851915,17.74266446591414,-2.18869426133787,0.4367006978585655,0.14610992023106234,0.029925304695215302,0.005384983734438999
282.9732575085191,17.78648416222346,-2.1740563443960967,0.43969322832808605,0.14664841860450606,0.029925304695215302,0.005384983734438999
283.0732575085191,17.867268443392508,-1.6900027848752572,0.47530608773312716,0.5369043952546321,0.042297779138743725,0.14609253706008005
283.1732575085191,17.915010541061527,-1.6355818826644812,0.4795358656470025,0.5515136489606434,0.042297779138743725,0.14609253706008005
283.2732575085191,17.571263268847336,-1.7477913484628134,0.1599636664932873,0.4311025799402406,-0.07415702782567345,0.09860701664658104
283.3732575085191,17.58688885035753,-1.7041880553855715,0.1525479637107225,0.44096328160489534,-0.07415702782567345,0.09860701664658104
283.47325750851905,17.689380601943586,-1.722950969608622,0.21807493004428494,0.39872249813600125,-0.047765530512702103,0.07993420673985914
283.5732575085191,17.806317767073306,-1.7462542409970203,0.29364609895022986,0.35381813725761296,-0.018432200186182288,0.06080612041570274
283.6732575085191,18.276494688208917,-1.947227164969145,0.6588024956755928,0.16532084786341403,0.11430022730124874,-0.008902457740707859
283.77325750851907,18.16781318248843,-1.938065373622937,0.5192805223532125,0.15819655987828335,0.058223593868595706,-0.011195932587515129
283.87325750851903,18.122326960511003,-2.0360926409037914,0.44389995722731596,0.06365868885402037,0.028892377420732328,-0.044622136301780524
283.97325750851905,18.16686141812085,-2.029949882699897,0.44678919496938985,0.059196475223841305,0.028892377420732328,-0.044622136301780524
284.0732575085191,17.775301097705093,-2.0477533992841823,0.08253122130990136,0.034508880942693144,-0.10501188859922425,-0.0521152820553132
284.17325750851904,17.783029160393085,-2.0445630876001903,0.07203003244998252,0.029297352737163603,-0.10501188859922425,-0.0521152820553132
284.273257508519,17.673844987590847,-2.193364065664321,-0.03323489692262804,-0.10061549179362095,-0.1388183990184114,-0.09684803160344424
284.37325750851903,17.66982740590349,-2.203909855001703,-0.04711673682447234,-0.11030029495396758,-0.1388183990184114,-0.09684803160344424
284.47325750851905,17.457742527420955,-2.4144475177065416,-0.2330807018628826,-0.28366373397295674,-0.2010796926916913,-0.15550931631242795
284.573257508519,17.167429359069775,-2.393157431639065,-0.4772927512224355,-0.25725101687846763,-0.28289556560857143,-0.14033506378715854
284.673257508519,17.169599990863954,-2.2782339571920485,-0.46286929233364454,-0.1550681012210571,-0.26744758700783666,-0.09869990646052904
284.773257508519,17.20674413581592,-2.0718657971851675,-0.4165499958240656,0.024291479372249642,-0.2403052745622957,-0.029083236053704317
284.87325750851903,17.324866968883796,-2.0432541361109915,-0.30679062236566274,0.042997440137947755,-0.19197917589267105,-0.021349380433512734
284.973257508519,17.29322801076778,-2.0390611389993656,-0.3259885399549233,0.04086250209459721,-0.19197917589267105,-0.021349380433512734
285.07325750851896,17.85690871587363,-2.4773534753846875,0.15562400949948496,-0.32377646057524806,-0.009774066660555747,-0.15096849868203382
285.173257508519,17.87242224649028,-2.51048596393563,0.15464660283342915,-0.33887331044345487,-0.009774066660555747,-0.15096849868203382
285.273257508519,17.974819040625018,-2.201503075688357,0.23327740093643373,-0.06840888586693412,0.021069646041443395,-0.04778097417819683
285.373257508519,17.99825212894886,-2.208582869145939,0.23538436554057734,-0.07318698328475218,0.021069646041443395,-0.04778097417819683
285.47325750851894,18.00031684996661,-2.102611786903301,0.21952448724027337,0.015401935501256318,0.014569035466302121,-0.014318884937110407
285.57325750851896,17.799944258839748,-2.00393209003674,0.033611730241264376,0.09485460640788057,-0.053835842880839764,0.014929351739301686
285.673257508519,17.89721303122186,-1.8557960918775012,0.10661891723870973,0.21028291869595675,-0.025484321814812604,0.05574731247244058
285.77325750851895,17.876581698792055,-1.8752955246514198,0.07720785371734769,0.18113245185399068,-0.0354634275575362,0.042972075207170585
285.8732575085189,17.803068787828217,-1.859326802346851,0.006295576551241421,0.183492690460833,-0.05979660047290811,0.042279004011126414
285.97325750851894,17.803399362480977,-1.8407661382807077,0.00031591650394925067,0.1877205908619466,-0.05979660047290811,0.042279004011126414
286.07325750851896,17.817034267143,-2.022038803682289,0.006486493514001616,0.02712971796947028,-0.055243544691834484,-0.016839093453804826
286.17325750851893,17.81740669877094,-2.0194100273526114,0.0009621390448200512,0.02544580862409037,-0.055243544691834484,-0.016839093453804826
286.2732575085189,17.72072652237256,-1.9715673943398087,-0.08795626138882887,0.06500142360586843,-0.08628324270988541,-0.0009522276062974289
286.3732575085189,17.711499480020127,-1.9650720131172517,-0.09658458565981937,0.06490620084523867,-0.08628324270988541,-0.0009522276062974289
286.47325750851894,17.631783700953715,-1.9121549628872996,-0.1631838069974442,0.10299640912388869,-0.10725778055863028,0.012733165299011731
286.5732575085189,17.761963748049936,-1.9696830643279417,-0.05003320487651361,0.04778063371602535,-0.062033016360406375,-0.007693555732549035
286.6732575085189,17.850753979001396,-2.117154494312187,0.02209344945678362,-0.07813473755294802,-0.03370349031611285,-0.05252778794349092
286.7732575085189,17.991157789206138,-2.1939524734952376,0.13798182287662009,-0.14186797155800449,0.010599518835424634,-0.07404247272019097
286.8732575085189,17.98352919933814,-2.0125889277464526,0.12118994404136758,0.011571520329325428,0.004151279268370881,-0.016490613277865662
286.9732575085189,17.995668950138615,-2.0115142287799097,0.12160507196820453,0.009922459001539425,0.004151279268370881,-0.016490613277865662
287.07325750851885,18.170642153527844,-1.7220553831671266,0.2565188163745963,0.2460438750389099,0.052543938095381035,0.06887061803478263
287.1732575085189,18.196556754855784,-1.6971066425730559,0.2617732101841356,0.2529309368423897,0.052543938095381035,0.06887061803478263
287.2732575085189,18.153190548407764,-1.9654555581874302,0.20898949443677708,0.010336875898961628,0.0315667702721408,-0.02272392866615157
287.37325750851886,18.174247331702794,-1.9645354902408652,0.2121461714639901,0.008064483032347245,0.0315667702721408,-0.02272392866615157
287.4732575085188,18.348158014933375,-1.8717261493934543,0.34230698940780263,0.0815495417081912,0.07751833037204227,0.0044270150745913395
287.57325750851885,18.495260245469172,-1.9350531314441775,0.44482625983007906,0.022497232495952257,0.11211600753449501,-0.017086660310382768
287.6732575085189,18.527305514646084,-1.7136096595193349,0.4452186511165047,0.20107718777439712,0.10820303359519166,0.0475027065012085
287.77325750851884,18.69132721710877,-1.8388553488047263,0.5585727166134832,0.08193351018718825,0.14629294525064318,0.0019227049013068598
287.8732575085188,18.758211035885566,-1.96735006987222,0.581758251274668,-0.030098109551865135,0.1493835350652156,-0.03823237723180909
287.9732575085188,18.817133778688373,-1.9705510427135664,0.5966966047811929,-0.03392134727504691,0.1493835350652156,-0.03823237723180909
288.07325750851885,18.709362529870827,-2.019040950771346,0.4718826188404929,-0.07454045224300056,0.09888328066430621,-0.05138623282447633
288.1732575085188,18.757045208158182,-2.026751927159766,0.48177094690692013,-0.07967907552544644,0.09888328066430621,-0.05138623282447633
288.2732575085188,18.604366802482495,-1.8740881938957124,0.3220744664214852,0.05167837807435472,0.03697014903965362,-0.0012829725661995528
288.3732575085188,18.636759099869852,-1.8689267709511066,0.32577148132545136,0.05155008081773474,0.03697014903965362,-0.0012829725661995528
288.4732575085188,18.46829016087025,-2.028229617844055,0.16192255042387613,-0.0838245659750517,-0.0236499027367206,-0.04975432360338829
288.5732575085188,18.68678294156756,-1.8557522184948292,0.3300948707302777,0.06189155730557195,0.03860982463807429,0.004736450868278459
288.67325750851876,18.804506915695164,-1.9880924492158139,0.4043097218445396,-0.05155141071237629,0.06405464622115063,-0.03607478755773624
288.7732575085188,18.787330135665574,-1.9033744506076398,0.3607854858098497,0.021474222215079882,0.04550643490660579,-0.007881825731738179
288.8732575085188,18.672934134359235,-1.596384990844128,0.24008767043570375,0.27098275718487586,0.0002655808515492006,0.08167740474995115
288.97325750851877,18.696944229307054,-1.5688783281019003,0.24011422852085867,0.2791504976598682,0.0002655808515492006,0.08167740474995115
289.07325750851874,18.416177564103723,-1.5430706011452102,-0.01188998459297427,0.28209275966137026,-0.09047587657948623,0.07895146899921715
289.17325750851876,18.41453618626153,-1.5144665678340705,-0.02093757225092495,0.28998790656129375,-0.09047587657948623,0.07895146899921715
289.2732575085188,18.78949137543558,-1.5813800604735235,0.2887064861633956,0.2152223298063672,0.0260830462962054,0.048348103082197766
289.37325750851875,18.818492439283393,-1.5596160869774833,0.29131479079301525,0.22005714011458535,0.0260830462962054,0.048348103082197766
289.4732575085187,18.568315716582877,-1.7686322039681006,0.06126102131210853,0.03469870062726617,-0.058096770238112765,-0.019815834852987227
289.57325750851874,18.747235296698427,-1.7819308502396733,0.20127414818278858,0.01884730071697634,-0.004859810040850662,-0.02483122563293459
289.67325750851876,18.752291379550456,-2.0309785199817108,0.18826333320446462,-0.18984724629385766,-0.009389655690356293,-0.09870757588534415
289.7732575085187,18.93940011529556,-1.8630478579118206,0.33241189699231455,-0.040238062780674266,0.04450840735060321,-0.040035654665720254
289.8732575085187,19.00106880253597,-1.6008502541925524,0.36030386847320595,0.1744809268801215,0.052975551653771435,0.03822595387029142
289.9732575085187,19.037364067141567,-1.5832110317351848,0.3656014236385843,0.17830352226715152,0.052975551653771435,0.03822595387029142
290.07325750851874,18.728743681370855,-1.3710598289005458,0.0840535171226481,0.3407060313961335,-0.05062448487353222,0.09478326129593699
290.1732575085187,18.73689591065875,-1.3365153094544648,0.0789910686352966,0.35018435752572397,-0.05062448487353222,0.09478326129593699
290.27325750851867,19.155992572153732,-1.4757267295427066,0.4263809530837111,0.21147780320235252,0.07970845693978444,0.040398140444785985
290.3732575085187,19.19902920974681,-1.4543769585202426,0.43435179877769137,0.21551761724683202,0.07970845693978444,0.040398140444785985
290.4732575085187,19.223421395790616,-1.080085072556255,0.4261355184200037,0.5094879761423914,0.07385176840790117,0.14430723125631023
290.5732575085187,19.225207693923828,-1.0065242246500994,0.39881273672363515,0.542132716309822,0.06118059381913282,0.15089350538843768
290.67325750851865,19.284836718789048,-1.004816113594102,0.42111378198148447,0.513432661783451,0.06703348003837613,0.1352057158558787
290.77325750851867,19.266425498321883,-1.2050728421578147,0.3753622082278075,0.3122731404593251,0.04754718309592225,0.05622591807311346
290.8732575085187,19.13275876481004,-1.0811746832488993,0.23763261612334524,0.39374437022080283,-0.003919413387598797,0.08336548951832574
290.97325750851866,19.156502429355427,-1.0413834187792412,0.2372406747845855,0.40208091917263256,-0.003919413387598797,0.08336548951832574
291.0732575085186,18.945453413223202,-1.278119084996245,0.04237932772010622,0.17991771856907812,-0.07403056947791994,8.907434404244186e-05
291.17325750851865,18.949321193147824,-1.260126867767613,0.034976270772312544,0.17992662600348236,-0.07403056947791994,8.907434404244186e-05
291.27325750851867,19.04405549912168,-1.3586336808401192,0.09880894254567715,0.0885736707009296,-0.04968258815403561,-0.03140124763127899
291.37325750851863,19.053687980435473,-1.3499333200081856,0.09384068373027529,0.08543354593780277,-0.04968258815403561,-0.03140124763127899
291.4732575085186,19.076030981386275,-1.606663249049508,0.09986893081912003,-0.13574059966552982,-0.04570392573955753,-0.10954312427668214
291.5732575085186,19.079300890063355,-1.6354648160857703,0.08983202293899209,-0.15890924246264668,-0.04769964005858086,-0.11395988352143871
291.67325750851865,18.919051555654118,-1.7422082596068091,-0.05560502717572022,-0.24453456231987997,-0.09857458094398094,-0.14055294017658684
291.7732575085186,19.094012928856465,-1.4238119684834674,0.09055892498557956,0.03376406710150385,-0.040614728412367566,-0.03299730499282452
291.8732575085186,18.97170777834434,-1.5193480563634387,-0.022507900047907876,-0.05060382088706575,-0.07998842829216529,-0.0620044844420045
291.9732575085186,18.96905704619809,-1.5247184608743565,-0.030506742877126222,-0.05680426933126761,-0.07998842829216529,-0.0620044844420045
292.0732575085186,19.31889861205432,-1.704208873007514,0.2572877135603324,-0.20419950581152685,0.027504232295865523,-0.1122164030162742
292.1732575085186,19.344764904571825,-1.7251899056037407,0.26003813678991805,-0.21542114611315044,0.027504232295865523,-0.1122164030162742
292.27325750851855,19.144167169266243,-1.5622025498741952,0.0665537809330152,-0.06862081922613719,-0.04561464780959006,-0.05393990082163502
292.3732575085186,19.1505944741205,-1.5693343313009187,0.06199231615205516,-0.07401480930830193,-0.04561464780959006,-0.05393990082163502
292.4732575085186,19.0739446715287,-1.8172217214741657,-0.011359798788164947,-0.2769647797115793,-0.07050389687100914,-0.12474259016949586
292.57325750851857,19.136490121011438,-1.8719601688992353,0.03553825288304542,-0.3114203668590544,-0.05080841064668155,-0.13269114169020843
292.67325750851853,19.17087474306789,-1.864423755212049,0.05633177838128077,-0.2923430542346774,-0.04145045132763933,-0.12110286057724436
292.77325750851855,19.006906505249756,-1.8408694333124327,-0.09381858639700215,-0.2590163656081362,-0.09568946109954732,-0.1043868110181757
292.8732575085186,19.212699232930213,-1.8910552850280695,0.07584164430062525,-0.28896302604272345,-0.03095029301834347,-0.11136700490344126
292.97325750851854,19.22012864589518,-1.920508422656849,0.07274661499879195,-0.30009972653306377,-0.03095029301834347,-0.11136700490344126
293.0732575085185,19.032092909702094,-1.6154520512180142,-0.09612364810591403,-0.033868186651157435,-0.09183562579480165,-0.011572139394030456
293.17325750851853,19.022021366762527,-1.6188967305801008,-0.10530721068539628,-0.035025400590560744,-0.09183562579480165,-0.011572139394030456
293.27325750851855,19.43540335249692,-1.8524013758929785,0.24834371945195274,-0.22257005839799734,0.04214738023505807,-0.07760958642930306
293.3732575085185,19.46044846134328,-1.875046429664917,0.25255845747545713,-0.230331017040925,0.04214738023505807,-0.07760958642930306
293.4732575085185,19.23591113085905,-2.112859538383857,0.04861861190068204,-0.4144098590427312,-0.033165344131690186,-0.14080068953658476
293.5732575085185,19.503291683303672,-2.2693314409350505,0.26661312528535747,-0.5236157131855287,0.04763084911222676,-0.17519862036379147
293.67325750851853,19.467572430231705,-2.1926382388000687,0.2192537037777206,-0.4343081119088028,0.028779748217120964,-0.13692710792242316
293.7732575085185,19.51735487781061,-1.921162525243747,0.2460184017205086,-0.17944125560512397,0.03765334413765663,-0.038125304670065085
293.87325750851846,19.66812703270126,-1.8685115954747913,0.35448738150193715,-0.12514128362149188,0.07547322936454347,-0.01733193969135134
293.9732575085185,19.703953136998283,-1.8811123835354,0.3620347044383932,-0.1268744775906274,0.07547322936454347,-0.01733193969135134
294.0732575085185,20.045552737028885,-2.1457991954330105,0.6261747077814068,-0.33301056782490956,0.16904799004529186,-0.08985702287705276
294.1732575085185,20.10901544775723,-2.179549537329875,0.6430795067859303,-0.3419962701126118,0.16904799004529186,-0.08985702287705276
294.27325750851844,19.977908050666542,-2.0030075199669506,0.4954256313323296,-0.17200499227167693,0.10917718171409342,-0.024213785540554894
294.37325750851846,20.027996499708358,-2.0203290881218248,0.5063433495037414,-0.17442637082573298,0.10917718171409342,-0.024213785540554894
294.4732575085185,20.28416982105047,-1.9391602101363126,0.6879394100133437,-0.09564918063134588,0.1709305706123041,0.004887216763918404
294.57325750851845,20.345340453364333,-1.851596041653799,0.6978898057324321,-0.014364469085087914,0.1683229292323661,0.034103426282016826
294.6732575085184,20.234121952804816,-1.6180882475509446,0.5633547330292163,0.18207391485757543,0.1135780276975061,0.10325675872656981
294.77325750851844,20.313167292966902,-1.7762771660946175,0.5937972924623828,0.041851744054924964,0.12066775775442853,0.04787091309043939
294.87325750851846,20.172108596440175,-1.7083944404083675,0.4387783131220578,0.09873573569190897,0.06031490127711499,0.06651182196712513
294.97325750851843,20.21628800225875,-1.6981883077293447,0.4448098032497672,0.10538691788861922,0.06031490127711499,0.06651182196712513
295.0732575085184,20.08388300769447,-1.473807097376097,0.30247209094636085,0.28684778771552777,0.006391663665678289,0.1289658427198151
295.1732575085184,20.11416217510744,-1.4444774893909382,0.3031112573129288,0.2997443719875122,0.006391663665678289,0.1289658427198151
295.27325750851844,20.080514211296105,-0.990712015687257,0.2389151419473065,0.674367672551086,-0.020345333491132156,0.26249213673338695
295.3732575085184,20.104303998823372,-0.9219627877485053,0.236880608598194,0.7006168862244158,-0.020345333491132156,0.26249213673338695
295.4732575085184,20.296556020657533,-0.9885930772707463,0.37527802104718694,0.6133700030644023,0.030464560979367124,0.2218159249921633
295.5732575085184,20.38669535742321,-1.0862651836815858,0.4225212316093861,0.5023251506903529,0.046599903294995346,0.17364061662552072
295.6732575085184,20.152504354564307,-0.9832417844883893,0.19688182960599476,0.5623793961414015,-0.036692274676287606,0.1889346042324058
295.7732575085184,20.13848424321459,-0.6194414846662499,0.16431665997139158,0.8421962400333789,-0.047426728005579656,0.2849270913971329
295.87325750851835,20.206748862952722,-0.5847054864416588,0.20284942244155169,0.8288950951282891,-0.031795257015863845,0.26997273864389015
295.9732575085184,20.226874828911804,-0.5004661132355909,0.19966989673996458,0.8558923689926843,-0.031795257015863845,0.26997273864389015
296.0732575085184,20.119580160493655,-0.5371000885949268,0.08806161278652166,0.7820201577079038,-0.07174109820747349,0.23401800995834562
296.17325750851836,20.128027616281265,-0.4577279827743721,0.08088750296577676,0.8054219587037303,-0.07174109820747349,0.23401800995834562
296.2732575085183,19.946094084632772,-0.7326119643516112,-0.08655170230055341,0.5255706384780531,-0.13039832761331602,0.12250642483080691
296.37325750851835,19.93678692276465,-0.6794423683796397,-0.09959153506188798,0.5378212809611366,-0.13039832761331602,0.12250642483080691
296.4732575085184,19.852291375845986,-0.4348329685967016,-0.17414791247659378,0.7065062431213464,-0.1526557215721037,0.17857139700447272
296.57325750851834,19.973032873996722,-0.3720100091940528,-0.07237409688430885,0.71710746670144,-0.10992700520727067,0.17594762364691782
296.6732575085183,19.842329450001095,-0.33873134894691675,-0.1856798083355516,0.7023805349417458,-0.1469304615728213,0.164368203145452
296.7732575085183,19.69807965922411,-0.48423600226049784,-0.3080681216924677,0.5345267649908628,-0.18693780284101202,0.09656856063945932
296.87325750851835,19.63179773658958,-0.5944660826120987,-0.355468436724466,0.4094095599383974,-0.19730685776373855,0.04834475123050071
296.9732575085183,19.595264358628327,-0.5532834028621205,-0.3751991225008331,0.4142440350614458,-0.19730685776373855,0.04834475123050071
297.0732575085183,19.374523287555117,-1.0374540484942592,-0.5457792386155315,-0.014606255368201098,-0.25166100674528114,-0.10745464505225472
297.1732575085183,19.318687058659826,-1.039451947256341,-0.5709453392900653,-0.02535171987342901,-0.25166100674528114,-0.10745464505225472
297.2732575085183,19.559502741161324,-1.0836907464744905,-0.34034244524123153,-0.06442076409108001,-0.15721868796279753,-0.11604480540956352
297.3732575085183,19.5246824031974,-1.0907130469106436,-0.35606431403750594,-0.0760252446320324,-0.15721868796279753,-0.11604480540956352
297.47325750851826,19.774252628574484,-1.0052463594064878,-0.13369208082206854,-0.010611583247626037,-0.07107350120695705,-0.08844203900366833
297.5732575085183,19.92537415642511,-0.8766356972078163,-0.0019170020936681896,0.08880567981428335,-0.02037033174870633,-0.04929418393559806
297.6732575085183,19.922637622267562,-0.9167542952861193,-0.005987522385096752,0.04379240068808585,-0.02110578123947093,-0.06365444231064687
297.77325750851827,19.903991239014964,-0.7726059156136332,-0.023562873915645734,0.1566375662805074,-0.02685073627232613,-0.019797418914537977
297.87325750851824,20.235694741360646,-0.6298759252084996,0.25150062983117594,0.25905590343711843,0.073474512971219,0.017557492148999862
297.97325750851826,20.261212176908625,-0.6038825474040368,0.2588480811282995,0.26081165265201883,0.073474512971219,0.017557492148999862
298.0732575085183,20.121560136877317,-0.5858804239720112,0.12894517812190834,0.2563665693221496,0.024042514800168825,0.015473924361860441
298.17325750851825,20.134574867263503,-0.5601663974179958,0.1313494296019244,0.2579139617583351,0.024042514800168825,0.015473924361860441
298.2732575085182,20.383683944822987,-0.7506676451907537,0.33480817870598933,0.07912019940382709,0.09812010228616329,-0.049840977668380276
298.37325750851824,20.417655363205025,-0.7430048301387112,0.3446201889346079,0.07413610163698793,0.09812010228616329,-0.049840977668380276
298.47325750851826,20.36598050637926,-0.9694070496904073,0.282305703153631,-0.12293529776647846,0.0720239057979136,-0.11868373061031785
298.5732575085182,20.18818119073211,-1.1015313643144904,0.11562503156284763,-0.23401520174115453,0.008542712098934327,-0.15455908628642598
298.6732575085182,20.267864214765265,-0.9084703709519978,0.1731458388749368,-0.07086293607560563,0.029037248199221384,-0.0905717486427732
298.7732575085182,20.384384049403174,-0.5441144341579904,0.2614320591276223,0.23655258130875087,0.06075569527616156,0.025857068294996302
298.87325750851824,20.410816095414738,-0.2257772679182246,0.2674952133737442,0.4809554122285029,0.06075121076638565,0.11238219640461503
298.9732575085182,20.437869372805935,-0.17711981571336805,0.2735703344503807,0.4921936318689606,0.06075121076638565,0.11238219640461503
299.07325750851817,20.42137207741206,-0.2970538370394698,0.24392227234294855,0.36031132422452494,0.04810561897641644,0.060118887205947255
299.1732575085182,20.44600483274124,-0.26072211018097924,0.24873283424059128,0.36632321294512105,0.04810561897641644,0.060118887205947255
299.2732575085182,20.4198069540621,-0.7396459411456493,0.20886978242471374,-0.06087528728088447,0.031387494828526395,-0.09768440797756056
299.3732575085182,20.440850869778707,-0.7462218919136231,0.2120085319075653,-0.0706437280786372,0.031387494828526395,-0.09768440797756056
299.47325750851815,20.720291342902424,-0.8383663250299243,0.43002829116319535,-0.14998109614954122,0.10913391761160657,-0.12261742766129455
299.57325750851817,20.690741656464233,-0.8077037714293167,0.3793566452117256,-0.12374073374304351,0.08665046431148232,-0.10869488554722029
299.6732575085182,20.618199439164663,-1.0040255593373015,0.2957015944663831,-0.28540291174934973,0.053261136243972114,-0.1627171763648859
299.77325750851816,20.616652911994077,-0.7421683316208534,0.2739778751449045,-0.05386183209343115,0.04321248762594902,-0.07154801227117537
299.8732575085181,20.640493428210135,-0.7686241086242958,0.27516310727905946,-0.07802032134469128,0.04207973060931707,-0.07763214006055431
299.97325750851815,20.668220137591092,-0.7768143014590696,0.27937108033999214,-0.08578353535074848,0.04207973060931707,-0.07763214006055431
300.07325750851817,20.752285288205623,-0.9201628133631674,0.32956225853746435,-0.20223317927121204,0.058565534834140856,-0.11609937101867301
300.17325750851813,20.785534341733527,-0.9409666281453747,0.3354188120208764,-0.21384311637307538,0.058565534834140856,-0.11609937101867301
300.2732575085181,20.793850233656887,-1.0372016834228026,0.31646889290415586,-0.28315905138994185,0.048580195359093754,-0.1358299051707964
300.3732575085181,20.825740023924105,-1.0661967380876576,0.32132691244006634,-0.2967420419070246,0.048580195359093754,-0.1358299051707964
300.47325750851815,20.828523640850452,-0.8890315156452004,0.3015464964487905,-0.13965988125630224,0.039665725777831784,-0.07466470196611032
300.5732575085181,20.945623813952338,-1.0178044097614336,0.3785973631788122,-0.24234089088967734,0.06634732532822715,-0.10909472674623452
300.6732575085181,21.074981148983287,-0.7969284990964873,0.4611166433910378,-0.05127548288963206,0.0937924227145365,-0.03673614105250311
300.7732575085181,21.197187553311224,-0.6807392947905585,0.5356797482615245,0.04844449533327084,0.11800734973955113,0.0013018759030196045
300.8732575085181,21.24874232358933,-0.6626838357049109,0.5453169301112568,0.05941510331038544,0.11722585516452305,0.005180711061033686
300.9732575085181,21.303860145876257,-0.6567164218185692,0.5570395156277052,0.059933174416488634,0.11722585516452305,0.005180711061033686
301.07325750851805,21.21484134036585,-0.4659973197580667,0.4456452853279728,0.2128817430576876,0.07209190056892625,0.059967372157751886
301.1732575085181,21.2597663284015,-0.4444093085915042,0.45285447538486706,0.21887848027346415,0.07209190056892625,0.059967372157751886
301.2732575085181,21.40647872136638,-0.1630610361653106,0.5450961357054259,0.43963817703778624,0.1031109687009944,0.1374025937871438
301.37325750851807,21.46150388978041,-0.11841020549261172,0.5554072325755218,0.45337843641649594,0.1031109687009944,0.1374025937871438
301.47325750851803,21.520434239137906,-0.1549592625454866,0.5681112964121071,0.39920916345969687,0.10397677169437833,0.11306428970799019
301.57325750851805,21.182724876177932,0.0421260992576699,0.2456884468498873,0.5408139991170899,-0.017529279905544107,0.16018080571035423
301.6732575085181,21.45107991632544,0.023655812506005888,0.44693097962723555,0.4965224902135911,0.05588790923408156,0.13857457139265025
301.77325750851804,21.358545228719485,-0.2114035583693231,0.33399864825494385,0.2675084203065706,0.011858908606004553,0.04922327741227153
301.873257508518,21.314541630004495,-0.059307437729690035,0.27080526222275597,0.37513266714934873,-0.01139545712811878,0.08597128167705512
301.97325750851803,21.341565178941135,-0.021364314606361165,0.2696657165099438,0.3837297953170562,-0.01139545712811878,0.08597128167705512
302.07325750851805,21.358113522637975,-0.12590370364545903,0.25994621430001824,0.2728426700484265,-0.014487853927449388,0.04270698559902058
302.173257508518,21.384035704798332,-0.09840590171263074,0.2584974289072738,0.2771133686083271,-0.014487853927449388,0.04270698559902058
302.273257508518,21.071425923161307,-0.14409029799281653,-0.030890483476475283,0.21961400822679142,-0.12043362467244023,0.020219081101321687
302.373257508518,21.0677347066903,-0.12202780176462574,-0.04293384594372204,0.22163591633692406,-0.12043362467244023,0.020219081101321687
302.47325750851803,21.133106204412186,-0.1743813481859015,0.003527510341830518,0.1622911153595316,-0.09926594399293165,-0.0017743206310031519
302.573257508518,21.310676083686086,-0.04241009956301579,0.14332405871472342,0.2584243880986718,-0.04460504885515216,0.03305208269508443
302.67325750851796,21.25190866930408,-0.15857435966228262,0.07820244122595468,0.14483757632287148,-0.06654429991311314,-0.008825111246602922
302.773257508518,21.124926486965457,-0.4054510286713382,-0.04435499192404381,-0.07841806030620754,-0.10960070454399579,-0.09063513958514569
302.873257508518,20.96608896354342,-0.695799789715343,-0.18318309658245946,-0.3190375967915205,-0.15578777244218509,-0.17348871990565598
302.973257508518,20.946991715022968,-0.7285709929940118,-0.19876187382667265,-0.3363864687820802,-0.15578777244218509,-0.17348871990565598
303.07325750851794,20.565572910176652,-0.3825521292570874,-0.5154096667875067,-0.03965445281125148,-0.264933589281754,-0.06059123794057656
303.17325750851796,20.51270727555148,-0.38682053072791645,-0.541903025715688,-0.045713576605310516,-0.264933589281754,-0.06059123794057656
303.273257508518,21.073320427833384,-0.5117521244836994,-0.04480245173382582,-0.1599041522969257,-0.07246836424926816,-0.10200025077180987
303.37325750851795,21.068477840838757,-0.5282525409672453,-0.052049288158750165,-0.17010417737410322,-0.07246836424926816,-0.10200025077180987
303.4732575085179,21.176202054524648,-0.43475858402765594,0.035030965936515786,-0.08900497709652483,-0.03833973712099858,-0.06927924338956008
303.57325750851794,21.321870302991226,-0.4880390796271538,0.15113228190635458,-0.13257108938814396,0.0054462145444632015,-0.08252778428017492
303.67325750851796,21.292975262209687,-0.4388333637051217,0.11502267856363509,-0.08912844202466895,-0.007810486588262298,-0.06400762036368682
303.77325750851793,21.47198766506715,-0.4891882876642692,0.2586567158599802,-0.1305229526023373,0.04583777278579775,-0.07688165607884753
303.8732575085179,21.421597543846147,-0.5773403295977254,0.19967384595277263,-0.19954972754202108,0.02287693610830628,-0.09882936160411802
303.9732575085179,21.44167931312197,-0.5977894491599529,0.20196153956360377,-0.20943266370243513,0.02287693610830628,-0.09882936160411802
304.07325750851794,22.214880840141916,-0.4193295648425781,0.8354677410786792,-0.05236883560718799,0.2524969340407742,-0.038293845854659586
304.1732575085179,22.29969009891996,-0.42475791763256826,0.860717434482748,-0.056198220192652644,0.2524969340407742,-0.038293845854659586
304.2732575085179,21.837217747715606,-0.5060884730409423,0.4158470449419789,-0.12704901741955382,0.07888580834581185,-0.06370295770504114
304.3732575085179,21.879196881251545,-0.519111889571426,0.4237356257765619,-0.1334193131900594,0.07888580834581185,-0.06370295770504114
304.4732575085179,21.723747162058732,-0.6954795216895934,0.26658708963613864,-0.27360146817126496,0.019173479718873017,-0.11166019738645985
304.5732575085179,21.80304650836893,-0.5067599252519144,0.31277327455024667,-0.10451365717429072,0.03533513789119863,-0.046479565356393845
304.67325750851785,21.715992405213434,-0.6025508828025148,0.21766313119509084,-0.17913569210904548,-0.00034122652892284305,-0.07154815473379506
304.7732575085179,21.688154918657382,-0.30681316415309157,0.1748756492913365,0.08092270814118703,-0.016223523665903766,0.026758332172818616
304.8732575085179,21.653250969900576,-0.07556946932008198,0.1297781411708266,0.26668800758545314,-0.03192713546529182,0.09226998516436141
304.97325750851786,21.666069148340327,-0.04843931863572427,0.1265854276242985,0.27591500610188613,-0.03192713546529182,0.09226998516436141
305.0732575085178,21.686801740342506,-0.043780282005140024,0.13255337520531718,0.26464351822739307,-0.027987117246542653,0.08458155644414811
305.17325750851785,21.699917142276806,-0.016893022400173766,0.12975466348066228,0.2731016738718098,-0.027987117246542653,0.08458155644414811
305.2732575085179,21.855478518917277,0.26082968207291396,0.2521000269372414,0.49204754372478093,0.01908458843026086,0.16140669989650813
305.37325750851784,21.880783944553144,0.31084146994485723,0.2540084857802668,0.5081882137144262,0.01908458843026086,0.16140669989650813
305.4732575085178,22.196243267812573,0.2713060120451674,0.49734171888910866,0.44935699678860863,0.10643485074627515,0.13453729705447873
305.5732575085178,22.33477138581127,0.5745938118386238,0.5823455254646998,0.6772130562924455,0.13358230210695435,0.2120661867759687
305.67325750851785,22.249315225894115,0.3244253829934759,0.4755426708878058,0.4361828906083565,0.09012374862156103,0.11811845045399545
305.7732575085178,22.218881166116358,0.27466535263115416,0.4169464393106817,0.36802972580652604,0.06500806191761689,0.08869969894409759
305.8732575085178,22.179222419780206,-0.0473849346578374,0.35556432436240487,0.08192996164684847,0.040488148810795016,-0.016844083877372407
305.9732575085178,22.21498129296051,-0.03927615891253759,0.3596131392434853,0.08024555325911086,0.040488148810795016,-0.016844083877372407
306.0732575085178,22.042415264866122,-0.1900662293639657,0.18671729981428226,-0.05156641382709797,-0.02440351276639692,-0.06338022842693826
306.1732575085178,22.06096497728371,-0.19553977188880822,0.1842769485376434,-0.05790443666978964,-0.02440351276639692,-0.06338022842693826
306.27325750851776,21.77323883113078,-0.7184121980937119,-0.07866429233989758,-0.4954406087588895,-0.12027943102459762,-0.21968336505862013
306.3732575085178,21.764771004741664,-0.7690546757949057,-0.09069223544236008,-0.5174089452647566,-0.12027943102459762,-0.21968336505862013
306.4732575085178,21.63927928892398,-0.5968829851631225,-0.1991534364252276,-0.35432620162769046,-0.1551700937474163,-0.15336234496318446
306.57325750851777,21.701217381318035,-0.546855506497669,-0.14505547908536853,-0.29791727707733945,-0.12975507556684818,-0.12741895839173134
306.67325750851774,21.721938539328907,-0.6805519760962342,-0.1281689899613054,-0.3955645504060679,-0.11895491358241853,-0.15783676585578732
306.77325750851776,21.89680485746956,-0.6542574387503984,0.02221731050476442,-0.35463923406727754,-0.05866941361615373,-0.13697379373327986
306.8732575085178,21.988843202785887,-0.4224855306991112,0.09124073317152626,-0.14838334107541723,-0.031618349995512385,-0.05827181949911368
306.97325750851775,21.99780918435306,-0.43761522390414326,0.08807889817197609,-0.15421052302532662,-0.031618349995512385,-0.05827181949911368
307.0732575085177,22.27585580069975,-0.2617178406563015,0.3113156024548979,0.0007836469846873933,0.0508840734857626,0.0002543489697586776
307.17325750851774,22.307241781312676,-0.2616382042129839,0.31640400980347533,0.0008090818816632668,0.0508840734857626,0.0002543489697586776
307.27325750851776,21.889770809018536,-0.2034755106738333,-0.066411508676097,0.04799078799468061,-0.09337791394247302,0.016984125584115935
307.3732575085177,21.882662768581216,-0.19859151124644636,-0.07574930007034113,0.049689200553091624,-0.09337791394247302,0.016984125584115935
307.4732575085177,21.83525652559976,-0.25172065139779704,-0.11786211910201483,0.003537404213000066,-0.10523629620771668,-0.0001650564875440748
307.5732575085177,21.61662769925877,-0.38118109535338845,-0.30220682621144196,-0.10449039437064629,-0.16869486055138017,-0.03922244745199695
307.67325750851774,21.398973512048816,-0.1592960829533734,-0.4743899321424144,0.08277077517785203,-0.2248670003778097,0.029270037455942574
307.7732575085177,21.436524584209113,0.17758573300948882,-0.42265234782050093,0.3652070100419853,-0.1972936784298597,0.13210017066931995
307.87325750851767,21.463689739579706,0.3689779245893522,-0.3838582839353165,0.5050187110030046,-0.17615449589928767,0.17739980343537504
307.9732575085177,21.42442313870667,0.4203667947068414,-0.4014737335252493,0.5227586913465461,-0.17615449589928767,0.17739980343537504
308.0732575085177,21.8187324825189,0.23067895495897092,-0.05423374012507456,0.3406550374833151,-0.04346465317144578,0.10572748527911136
308.1732575085177,21.813091785240537,0.265273096133686,-0.058580205442217655,0.3512277860112226,-0.04346465317144578,0.10572748527911136
308.27325750851764,21.694835886086135,0.2946775003750743,-0.1611427460949515,0.3573270058700827,-0.08036849416112977,0.10431153431635441
308.37325750851767,21.67831976900583,0.3309317586336727,-0.1691795955110663,0.3677581593017205,-0.08036849416112977,0.10431153431635441
308.4732575085177,21.748570055767022,0.5787645154782222,-0.10430512470866084,0.5513355132921736,-0.05398833924014948,0.16636592836712333
308.57325750851766,21.926015733636696,0.8731766935303142,0.04880868589290874,0.7663719243646135,0.00388142544686218,0.2381082347274462
308.6732575085176,21.790826913160068,0.7765945088069959,-0.06741039115252949,0.6467850780924307,-0.03829180474907643,0.18673524943412045
308.77325750851764,21.80125494116583,0.5109226011008132,-0.056276073959563244,0.3835447744333135,-0.032733066901712154,0.08302047610129253
308.87325750851767,21.763811970759438,0.6582086620722948,-0.08585509786430769,0.48093495556939525,-0.0422349252407687,0.11489730118297836
308.97325750851763,21.755015286346804,0.7068766441351324,-0.09007859038838312,0.49242468568768916,-0.0422349252407687,0.11489730118297836
309.0732575085176,22.079057635292592,0.5961305749144454,0.18631639612396567,0.3705737296406901,0.06017325966315633,0.06674846612796113
309.1732575085176,22.097990141203308,0.6335216902091628,0.19233372209028265,0.37724857625348773,0.06017325966315633,0.06674846612796113
309.27325750851764,22.12667460292395,0.20249257545404145,0.20856492512542657,-0.0057978923639485265,0.06460501444361319,-0.07404859544733305
309.3732575085176,22.1478541205087,0.20154254324041038,0.21502542656978568,-0.013202751908679308,0.06460501444361319,-0.07404859544733305
309.4732575085176,22.044201153790176,0.19417765748104324,0.11701183494421552,-0.025274262606619583,0.026805084992963954,-0.07572109076414701
309.5732575085176,21.999077314174016,0.4389419246545641,0.0717044878586415,0.1732278674482495,0.009285688235422355,-0.0012036777534094184
309.6732575085176,21.902098507452973,0.3175419627768091,-0.014097240883058321,0.05905632609148152,-0.0220819819400441,-0.04206312319284812
309.7732575085176,21.908141203183558,0.03302716543826571,-0.009786835662475742,-0.1921109676475304,-0.019660408567502136,-0.13291890822818436
309.87325750851755,22.129384830069352,0.256326320615893,0.17301772324892997,-0.0057650434162097005,0.047080370628855284,-0.06148605338767826
309.9732575085176,22.14692200424739,0.2554423860073334,0.17772576031181658,-0.011913648754978926,0.047080370628855284,-0.06148605338767826
310.0732575085176,22.491304368223886,0.2878014305779588,0.4546751394009994,0.010203830490035745,0.14574056432089866,-0.05123951796853589
310.17325750851757,22.537500584985576,0.2885656160371195,0.4692491958330843,0.005079878693183904,0.14574056432089866,-0.05123951796853589
310.27325750851753,22.500495741814618,0.6288634611024739,0.416659184108555,0.2813975542967971,0.12237998321977053,0.05013938461723981
310.37325750851755,22.54277356014158,0.6572539134552463,0.4288971824305349,0.2864114927585222,0.12237998321977053,0.05013938461723981
310.4732575085176,22.436974621636896,0.5409186164975214,0.31682674568077257,0.1719893171177911,0.07740376052418495,0.0073343119994948025
310.57325750851754,22.460018334505513,0.6378004041889183,0.31696275578991234,0.23899240974939567,0.07462756012043541,0.03129773290936637
310.6732575085175,22.25138413693067,0.7057391505858217,0.1240688846166339,0.278202254658527,0.0021647555936710194,0.04422361233209984
310.77325750851753,22.56804428920354,0.6248319653995279,0.3865199839393412,0.18991235588881963,0.09958138640801634,0.01011520736650219
310.87325750851755,22.50738945492177,0.6306439891125124,0.3135304310004736,0.18006269591241086,0.06961994462283612,0.00622894390954098
310.9732575085175,22.53909059774492,0.648681403423295,0.32049242546275486,0.18068559030336476,0.06961994462283612,0.00622894390954098
311.0732575085175,22.537836513893815,0.25918139809901675,0.2974558059023933,-0.15367772777830346,0.058226714040301136,-0.11379492772282347
311.1732575085175,22.56787322805426,0.2432446506825685,0.3032784773064247,-0.1650572205505884,0.058226714040301136,-0.11379492772282347
311.27325750851753,23.025104778186865,0.42958088899107777,0.6708650355792385,-0.00758534390093195,0.19098974114923234,-0.05283313064637528
311.3732575085175,23.093146230450515,0.42855818894775316,0.6899640096941552,-0.012868656965567677,0.19098974114923234,-0.05283313064637528
311.47325750851746,22.971262289827546,0.21498990398144663,0.5493399039937449,-0.19251687416741062,0.13320009233535038,-0.11532429958357794
311.5732575085175,22.721762292009448,0.10413886910230663,0.3056139377042795,-0.27978482461814963,0.039357798796050114,-0.14271061960060136
311.6732575085175,22.751080356138928,0.3140959677976201,0.3083509930973778,-0.09784153096217964,0.03892425716896481,-0.07241577294560961
311.7732575085175,22.603453410809276,0.3249062854108164,0.15825450271632194,-0.08724964968856103,-0.01828055115777119,-0.06585492730597729
311.87325750851744,22.326075017351315,0.4198699545729001,-0.08717922130470446,-0.008440175245829986,-0.10627307908043596,-0.03529956236898793
311.97325750851746,22.31682572982544,0.4188494392364719,-0.09780652921275047,-0.011970131482729582,-0.10627307908043596,-0.03529956236898793
312.0732575085175,22.748325887945487,0.8577116873026646,0.2608983658489995,0.3460849162089898,0.0277891756262328,0.09419419150101677
312.17325750851745,22.77455467040851,0.8927911498810566,0.26367728341162183,0.35550433535908826,0.0277891756262328,0.09419419150101677
312.2732575085174,22.808195479079973,0.11617727584221894,0.2690737521102895,-0.31840146701386124,0.027794232900093238,-0.1549614440287602
312.37325750851744,22.83524182545551,0.08356232192068141,0.27185317540029946,-0.3338976114167408,0.027794232900093238,-0.1549614440287602
312.47325750851746,22.42675118610907,0.17069903647882814,-0.08822922110116002,-0.24963448525423002,-0.1034933503218209,-0.11920841528251461
312.57325750851743,22.313570954173848,0.43833828156220234,-0.18606336357806377,-0.017599121125740646,-0.13543228639640081,-0.030992705205937762
312.6732575085174,22.247438750481727,0.2921793387601782,-0.23860247044890195,-0.13929407303543787,-0.1495358912599604,-0.07348024497344337
312.7732575085174,22.292875289705613,0.48561276323510233,-0.19318287786456556,0.03013072904905441,-0.12710806739231129,-0.008446352414064828
312.87325750851744,22.429385894615724,0.7909988359424339,-0.07585613743458001,0.27755813732561196,-0.08013735217166973,0.08038842490888999
312.9732575085174,22.42139959411141,0.8191565917995298,-0.08386987265174425,0.28559697981649823,-0.08013735217166973,0.08038842490888999
313.0732575085174,22.06438168056428,0.7711490935686752,-0.38183863437462445,0.23002408501473315,-0.1850770911766574,0.05750080866281189
313.1732575085174,22.025272431670928,0.794439006113468,-0.4003463434922944,0.23577416588101566,-0.1850770911766574,0.05750080866281189
313.2732575085174,22.280010647230416,0.3832593326614829,-0.16459299981640077,-0.12651617456693434,-0.09078869259046309,-0.07730843577823254
313.3732575085174,22.26309740378583,0.37022117302590285,-0.173671869075444,-0.13424701814475495,-0.09078869259046309,-0.07730843577823254
313.47325750851735,22.16503018190118,0.5013501162032291,-0.24956405959496544,-0.022777742814525385,-0.114962521295723,-0.03458794219681577
313.5732575085174,22.019396981013653,0.5313155569940762,-0.36224593071371164,0.0007353464032517627,-0.15190334691969087,-0.024834782431385993
313.6732575085174,22.18371234292577,0.5383204211610028,-0.2098788156121186,0.004052815501085207,-0.09130299193285876,-0.022756561892898305
313.77325750851736,22.019682124404007,0.26958536209297645,-0.34190761437800954,-0.22715718674777813,-0.1369581292625016,-0.10698043245423429
313.8732575085173,22.13499268839196,0.5930612251568187,-0.23078378763128063,0.04679476020253917,-0.09187216850231296,-0.005129180353065227
313.97325750851735,22.111454948786314,0.5977150552753083,-0.239971004481514,0.04628184216723253,-0.09187216850231296,-0.005129180353065227
314.0732575085174,22.161565390563414,0.4857253014102046,-0.1861254033648548,-0.05093600378332083,-0.06880355629232564,-0.040016885566696705
314.17325750851734,22.14260883244547,0.4804316166040409,-0.19300575899408504,-0.05493769233998914,-0.06880355629232564,-0.040016885566696705
314.2732575085173,22.334098007810063,0.625434612069593,-0.020108992076186116,0.06624161468552184,-0.0026221816787821636,0.005202731027413402
314.3732575085173,22.33207399769405,0.6320847871932839,-0.02037121024406439,0.0667618877882633,-0.0026221816787821636,0.005202731027413402
314.47325750851735,22.54643151048825,0.7864713982656601,0.15954880724435297,0.1887391523176298,0.06256982521913829,0.04873207202296937
314.5732575085173,22.555191483930663,1.1318451068047028,0.15948052381569017,0.46507399485075396,0.060260598385921946,0.146893874690757
314.6732575085173,22.49895948550198,1.2044656136916552,0.10517462800122958,0.5006293834587168,0.03844039323163438,0.15436923165817334
314.7732575085173,22.57599702261235,1.256215841850691,0.16618841868214554,0.5168453244887485,0.059678185868782915,0.15465582867120165
314.8732575085173,22.49954597646045,1.170948489674762,0.09455788636842516,0.41924349446241904,0.031648973375251674,0.11419892379964637
314.9732575085173,22.509160009964166,1.2134438337399873,0.09772278370594925,0.43066338684237976,0.031648973375251674,0.11419892379964637
315.07325750851726,22.612181900206895,1.179660487111141,0.1771040036993733,0.37793143114544003,0.05888162631438419,0.09107210055009157
315.1732575085173,22.63018670870841,1.2179089907284442,0.18299216633081306,0.3870386412004513,0.05888162631438419,0.09107210055009157
315.2732575085173,22.707119061127692,1.2887891551959336,0.23805076296476305,0.4214383496379598,0.07684297574562189,0.09991305898067207
315.37325750851727,22.73130835230289,1.3314325554546182,0.24573506053932262,0.4314296555360236,0.07684297574562189,0.09991305898067207
315.47325750851724,22.599449345210555,1.1253052583762244,0.12285291891599837,0.2360079992342535,0.02960253512270477,0.026294481972645833
315.57325750851726,22.496360756728436,1.0780940664697407,0.028486267167842413,0.1796088901915443,-0.005929552061846588,0.0049494783573352
315.6732575085173,22.30833906537115,0.9521916798945973,-0.1309584513427768,0.06180089174086978,-0.06338132909947378,-0.03743318748751752
315.77325750851725,22.804604532794478,0.7980921221542754,0.3020085831608413,-0.07817681122650105,0.0998146238018019,-0.08755317751927545
315.8732575085172,22.801277540151574,0.8626109034357721,0.28371027831835116,-0.027187101322363964,0.08959972109379044,-0.06617567503137889
315.97325750851724,22.830096566588885,0.8595613149283781,0.29267025042773226,-0.033804668825503356,0.08959972109379044,-0.06617567503137889
316.07325750851726,22.86922856275627,1.145615051825827,0.3085044698265889,0.1977710574827772,0.09182562036029929,0.019181185154881937
316.1732575085172,22.90053813784072,1.1654880634998723,0.3176870318626157,0.19968917599826475,0.09182562036029929,0.019181185154881937
316.2732575085172,22.691450741463644,1.1429486266970779,0.12125853527745943,0.165809531669021,0.016096593600328273,0.006136009780511941
316.3732575085172,22.703657077959395,1.1595602599128862,0.12286819463749263,0.1664231326470723,0.016096593600328273,0.006136009780511941
316.47325750851724,22.797344134316624,1.4847729662795226,0.19218511227424287,0.42078258011327846,0.0405938590079738,0.09707675636291124
316.5732575085172,22.85031825529662,1.5511239551350113,0.22451251363816363,0.45028253390660666,0.05091394046214507,0.10423373712901363
316.67325750851717,23.14997183168343,1.9147437534018017,0.4601293989414007,0.7222194224267958,0.13428789143180914,0.19792235824887688
316.7732575085172,23.212074431018863,1.7981889960012114,0.4868475605869724,0.5805256445054078,0.13922471432819344,0.13851241232623934
316.8732575085172,22.95026439154938,1.5762061289400946,0.24213934492678577,0.36390928568831715,0.04580501659306811,0.05604828289600507
316.9732575085172,22.974707351125016,1.6128772989233937,0.246719846586091,0.3695141139779157,0.04580501659306811,0.05604828289600507
317.07325750851714,22.872293768928014,1.6530828611551518,0.14741743492661158,0.3744176761093058,0.008784137175934313,0.05494674584536431
317.17325750851717,22.887079433106557,1.690799362495318,0.1482958486442052,0.3799123506938435,0.008784137175934313,0.05494674584536431
317.2732575085172,23.122002342297744,1.1347119826766543,0.3329641480170658,-0.11263354610583237,0.07545044255080065,-0.12617047643680002
317.37325750851716,23.155676009312195,1.1228177756838913,0.3405091922721433,-0.12525059374950806,0.07545044255080065,-0.12617047643680002
317.4732575085171,23.147328977147613,1.1326246999175205,0.31243937521140963,-0.11898279769320007,0.06256457577202473,-0.11940227979855997
317.57325750851714,23.488863951168973,0.9715944861103977,0.579851700594892,-0.2545116081742833,0.15790730796740693,-0.16409249185262317
317.67325750851717,23.51669759652287,0.7820767058434536,0.5698877422613334,-0.4051398211140788,0.14859263227978545,-0.21217715643129736
317.77325750851713,23.359474806132592,0.9011875670566557,0.39947200009594613,-0.2896183143778016,0.07976546315728933,-0.16187143881152027
317.8732575085171,23.502100756072778,1.1833058467226774,0.49245336190632205,-0.049755406661145765,0.11046995634330012,-0.07025359495396653
317.9732575085171,23.55189844204514,1.1779790380817918,0.5035003575406546,-0.05678076615654402,0.11046995634330012,-0.07025359495396653
318.07325750851714,23.70852773813331,1.2189674683508567,0.6045068934041418,-0.02713916540868721,0.14354973176114022,-0.05764980521748152
318.1732575085171,23.769696176132506,1.2159653027839017,0.6188618665802509,-0.03290414593043339,0.14354973176114022,-0.05764980521748152
318.2732575085171,23.552422986239602,1.505146008564334,0.40360177730122004,0.20120804799943226,0.06143265116890185,0.028076181967722907
318.3732575085171,23.59309032722558,1.5254071942741203,0.4097450424181116,0.2040156661962052,0.06143265116890185,0.028076181967722907
318.4732575085171,23.37912217045086,1.5465489259764966,0.20336595050800327,0.20731655231353174,-0.015460383900860138,0.028252965759777565
318.5732575085171,23.42984834882084,1.8656882626914268,0.22748818654569222,0.4583146219128859,-0.006089415385994942,0.11799340640565992
318.67325750851705,23.50645676905673,1.6124471885585543,0.27173618896905183,0.22373517227687806,0.010133955947649348,0.0297268816289101
318.7732575085171,23.243862964139183,1.8187241602535678,0.02294768734922177,0.38307825713296967,-0.08266408440434853,0.08725481606687795
318.8732575085171,22.955987132280935,1.6503265500871724,-0.22613591677817374,0.22174783459905165,-0.16964939107217913,0.026406731188995183
318.97325750851707,22.932525293647764,1.672633367203015,-0.24310085588538588,0.22438850771795027,-0.16964939107217913,0.026406731188995183
319.07325750851703,22.816653229755687,1.899433920186675,-0.3362930076572349,0.3970930494151104,-0.19742544788607047,0.08793921122785342
319.17325750851705,22.782036801750525,1.9395829211843345,-0.35603555244584645,0.40588697053789774,-0.19742544788607047,0.08793921122785342
319.2732575085171,22.895844716155473,2.07481927502256,-0.2503136349270735,0.4988797962463991,-0.15195844138631565,0.12001544354351909
319.37325750851704,22.870053560455844,2.1253073318649,-0.2655094790656999,0.510881340600747,-0.15195844138631565,0.12001544354351909
319.473257508517,22.958642985408826,2.3699297966280617,-0.1842062312658243,0.6815537574427536,-0.1170439591434661,0.17688198068931288
319.57325750851703,23.0990293374146,2.080040927316918,-0.061623102577429235,0.40059512621814414,-0.06801829641212699,0.06888988416801461
319.67325750851705,22.97556426692529,2.0809257934254797,-0.1657821996245201,0.37499200454436665,-0.10322941339089192,0.05724941123144528
319.773257508517,22.98771975867794,1.882288546440198,-0.15089391233946378,0.17952760808339158,-0.09386378151509876,-0.016767201036066243
319.873257508517,23.001435584640397,1.7257553244497579,-0.13595023160364253,0.034672989319148834,-0.08507554848413297,-0.06799800642542937
319.973257508517,22.98741518373761,1.7288826333495464,-0.14445778645205776,0.02787318867660435,-0.08507554848413297,-0.06799800642542937
320.07325750851703,23.060955868938553,1.923589742553673,-0.07877895662977519,0.18074261708014483,-0.05807174785222197,-0.01034049232611637
320.173257508517,23.052787614536317,1.9416123018000508,-0.08458613141499541,0.17970856784753356,-0.05807174785222197,-0.01034049232611637
320.27325750851696,22.828190309608377,1.3446953865765543,-0.27132202804506694,-0.3365548642380351,-0.12388329412665808,-0.1977155834890192
320.373257508517,22.80043869033323,1.3100513222352976,-0.28371035745773554,-0.3563264225869415,-0.12388329412665808,-0.1977155834890192
320.473257508517,22.439444547182937,1.1701372843537203,-0.5725267202297559,-0.46104692707137956,-0.22389813849743867,-0.22816069496521646
320.573257508517,22.54789209844662,1.3653789834937786,-0.454371343298331,-0.28210136225229543,-0.17258792824423497,-0.1552027401165178
320.67325750851694,22.623475521382097,1.3609991926215306,-0.37017687477399414,-0.2773905933111967,-0.1358954167511204,-0.1479548603292865
320.77325750851696,22.514377533198534,1.5953454860444665,-0.44530867898477633,-0.06852898362599204,-0.158757538399589,-0.0656724653801705
320.873257508517,22.45266938682144,1.6916076597110878,-0.47480074750184975,0.009827114150540812,-0.16367587201150377,-0.035285852877183804
320.97325750851695,22.404370932711213,1.6924139418617559,-0.49116833470299454,0.006298528862823635,-0.16367587201150377,-0.035285852877183804
321.0732575085169,22.687293488064924,1.6812193401089117,-0.23099068134301978,-0.007280462488822924,-0.06375463544673293,-0.039015933961703296
321.17325750851694,22.663875646753382,1.6802962141902205,-0.23736614488769453,-0.01118205588499414,-0.06375463544673293,-0.039015933961703296
321.27325750851696,22.87614069461003,1.8510913503402124,-0.0377854321589067,0.12422337731290009,0.013376362807814457,0.010283529614651496
321.37325750851693,22.872429033208178,1.8635651057195715,-0.03644779587812571,0.1252517302743649,0.013376362807814457,0.010283529614651496
321.4732575085169,22.91790597963226,2.0751704727530136,0.005733163771202011,0.2899631463745296,0.028153947340930463,0.06894640103006236
321.5732575085169,23.029161958760636,1.8559705437862273,0.10167982622216248,0.09005910019327362,0.06215429200687156,-0.005832975474677704
321.67325750851694,23.12158064526803,1.7184537438646406,0.17610033314230267,-0.030969371547991932,0.0868219622703911,-0.048983105972043854
321.7732575085169,22.788910649672285,1.8498816824233015,-0.11750728334071993,0.07881777596791895,-0.02547463175335002,-0.006790864634544987
321.8732575085169,22.90506160454431,1.924046681193996,-0.013649833058744508,0.13258270872871453,0.01295976659451694,0.012689872124299707
321.9732575085169,22.903761420071408,1.9373684014274921,-0.012353856399292519,0.1338516959411448,0.01295976659451694,0.012689872124299707
322.0732575085169,23.20363312915585,1.7540324805481395,0.23995461243630048,-0.027354116843805683,0.10390001535758256,-0.045726027389112425
322.1732575085169,23.22814809047626,1.7510684387268145,0.2503446139720552,-0.03192671958271537,0.10390001535758256,-0.045726027389112425
322.27325750851685,23.10878129203202,2.1368338992588125,0.1362872223783245,0.28871091926189485,0.05779615169027039,0.0722876024504655
322.3732575085169,23.12269899502831,2.166066429197261,0.14206683754735286,0.29593967950694305,0.05779615169027039,0.0722876024504655
322.4732575085169,23.445948649995735,1.8471833361956302,0.40491666218618716,0.016280507785100283,0.15080711255422888,-0.03053103706476619
322.57325750851686,23.383686700858554,1.765630238721375,0.33279243705452943,-0.0558565095433035,0.11897035174961765,-0.05551210478805923
322.6732575085168,23.168713605176208,1.8021615538602889,0.13755430003584299,-0.026551466519227688,0.0440559568321677,-0.043024664777564774
322.77325750851685,23.405631583008542,1.8586425249635388,0.3341197461832193,0.01965237268130278,0.11544075316976139,-0.02444363215752595
322.8732575085169,23.702096481149635,1.7174591810426674,0.5638073198462892,-0.10021149762165638,0.19423611928595802,-0.0664577696240766
322.97325750851684,23.759448393730676,1.707105742432385,0.5832309317748784,-0.10685727458406177,0.19423611928595802,-0.0664577696240766
323.0732575085168,23.873189400010393,2.2760106374075946,0.6485723850890752,0.36528494258637945,0.2110124635251778,0.10567826945076311
323.1732575085168,23.93910170083694,2.313067523013495,0.6696736314415977,0.3758527695314582,0.2110124635251778,0.10567826945076311
323.27325750851685,23.313119955202367,2.4703635399001467,0.1049347831905242,0.4824781576561126,-0.003240594710657671,0.13955445136877676
323.3732575085168,23.32359723054786,2.519309127922585,0.10461072371945854,0.49643360279298554,-0.003240594710657671,0.13955445136877676
323.4732575085168,23.359005375105426,2.3088764170238343,0.12507121950153166,0.29592628399711723,0.004279496626303003,0.06269248836091328
323.5732575085168,23.53783904496464,2.3267601951841246,0.26561084144186836,0.2921923594631775,0.05543143803062718,0.05907529387520148
323.6732575085168,23.589748869813707,2.3889517625448313,0.29202304446381083,0.32496647555775954,0.06297913226006084,0.06870039284814324
323.7732575085168,23.068143497340497,2.487931223807559,-0.17670619648531039,0.3881192856068735,-0.11348705760067472,0.08940655984002552
323.87325750851676,22.962103481821295,2.556513838611274,-0.261027087485556,0.4211336078749892,-0.1398452580324701,0.09802041242444817
323.9732575085168,22.935301546782572,2.599117301460905,-0.2750116132888062,0.43093564911743626,-0.1398452580324701,0.09802041242444817
324.0732575085168,22.805266947055312,2.204061478982991,-0.37223076784582493,0.07793856078067138,-0.1695471038268151,-0.032591205694161254
324.17325750851677,22.767196134751607,2.2116923790325846,-0.38918547822850064,0.07467944021125636,-0.1695471038268151,-0.032591205694161254
324.27325750851674,23.057055634412826,2.4146788262451055,-0.12749615016037064,0.23795667325087755,-0.06753192156616526,0.028681809766278904
324.37325750851676,23.043968359788956,2.43861790261903,-0.1342493423169887,0.2408248542275061,-0.06753192156616526,0.028681809766278904
324.4732575085168,22.769919621334054,2.2471087561971137,-0.3577181585208438,0.0662705892343257,-0.1459421289116192,-0.034905160898581644
324.57325750851675,22.555222621160144,2.5758957522989734,-0.5224416112178533,0.33097868033822386,-0.2007512818735796,0.062076715465088944
324.6732575085167,22.545962998473442,2.5544304323729583,-0.5059018072248294,0.2920699825623695,-0.18750879166688478,0.04591353386102551
324.77325750851674,22.95590000583188,2.7150389575212888,-0.126904001582147,0.4082851360321308,-0.0397505123484895,0.08697940559075784
324.87325750851676,23.354207546001888,2.910085785650349,0.21086640530933556,0.5432337390458385,0.08369097775217277,0.13215343858744447
324.9732575085167,23.375712641421572,2.9650699267478506,0.21923550308454998,0.5564490829045784,0.08369097775217277,0.13215343858744447
325.0732575085167,23.339210229407357,2.739677694435877,0.17941945179217,0.33900153080661266,0.066471948681031,0.04973807886210448
325.1732575085167,23.357484534329984,2.773826537910857,0.18606664666027461,0.34397533869282426,0.066471948681031,0.04973807886210448
325.27325750851674,23.10219946927081,3.0337312449384695,-0.04370931160729317,0.533246651027494,-0.021373722496431713,0.11552432013825932
325.3732575085167,23.097721669497602,3.0876335316418912,-0.04584668385693561,0.544799083041316,-0.021373722496431713,0.11552432013825932
325.47325750851667,23.342510961523473,2.932012477187548,0.15973500488941292,0.38308754460487354,0.05378142477965575,0.053427718177459886
325.5732575085167,23.06630657748649,3.2825612967209272,-0.08127254138229013,0.6480076001866172,-0.03616901338803581,0.14729208348578196
325.6732575085167,23.056545909325664,3.3662074720427495,-0.08609853059292025,0.6776257664393294,-0.036606303131542894,0.15262613261505095
325.7732575085167,23.026771220800516,3.5114044432355396,-0.10784393390539099,0.7581335577317168,-0.043324552725564,0.17662952714195257
325.87325750851664,23.01651313760319,3.1666449613498475,-0.1115589378022866,0.4297962836032402,-0.04310152381306879,0.05282640911974634
325.97325750851667,23.005141736203896,3.2098887217557803,-0.11586909018359445,0.435078924515216,-0.04310152381306879,0.05282640911974634
326.0732575085167,23.48453259347622,2.8121867558918474,0.29133649842597265,0.07577602085119349,0.10651662558563979,-0.07827845243103938
326.17325750851666,23.514198826446737,2.8193729657148094,0.301988160984533,0.06794817560809222,0.10651662558563979,-0.07827845243103938
326.2732575085166,23.359603671161253,2.8557119621802967,0.15758888776374497,0.08809062764688085,0.050200685394525824,-0.06730728589981894
326.37325750851664,23.375613563364602,2.8641844885154875,0.1626089563031987,0.08135989905689742,0.050200685394525824,-0.06730728589981894
326.47325750851667,23.233843502605374,2.7961499479731966,0.035842625886424014,0.012262608916713115,0.0025188492883451916,-0.08965902780081736
326.57325750851663,23.06594507654512,2.9481613327379756,-0.10838983505536623,0.12913057436421307,-0.05022946692023042,-0.04415690987969904
326.6732575085166,23.062637989739343,2.5400941634986527,-0.10693433945989582,-0.22122830667092283,-0.047886414415746134,-0.16809291557797384
326.7732575085166,22.89348764104368,2.5398613778124886,-0.24809482316722095,-0.21869454755060921,-0.0985467170898448,-0.1609766980919728
326.87325750851664,23.2079242691997,2.5571320748293416,0.02440736478135117,-0.2019987780820117,0.0034430845811680294,-0.14924280395464473
326.9732575085166,23.21038222110074,2.536185983001374,0.024751673239467854,-0.21692305847747106,0.0034430845811680294,-0.14924280395464473
327.0732575085166,23.419196562721655,3.2379909280235126,0.19390767117126845,0.36573708674780137,0.06373057439679064,0.06550779895688322
327.1732575085166,23.43890598271077,3.2748921756930858,0.20028072861094895,0.37228786664349117,0.06373057439679064,0.06550779895688322
327.2732575085166,23.09153212535489,3.2310976620676013,-0.1031986869355729,0.3090307782807856,-0.04943269058736023,0.0396672252875325
327.3732575085166,23.080965093208402,3.2621990760221067,-0.10814195599430723,0.31299750080953753,-0.04943269058736023,0.0396672252875325
327.47325750851655,22.920241108491304,3.4812778897607695,-0.23769512069468052,0.4712323077327423,-0.09451798518719673,0.09495583380206243
327.5732575085166,23.12667337879325,3.540812513827887,-0.05280433889391104,0.49065975894135744,-0.023567434677991536,0.09854724386892778
327.6732575085166,23.15794359522104,3.4130164720437177,-0.024639003991257364,0.35469560633923797,-0.012528541531403845,0.046306848077461424
327.77325750851656,23.26761884099451,3.40618525955521,0.07081783787758471,0.32313244451776757,0.023397808003761778,0.03299130191287025
327.87325750851653,23.34752802986736,3.1816383347979516,0.13358722541249726,0.11542317785178964,0.04522551785075365,-0.04251008633239346
327.97325750851655,23.361112879997865,3.1929681021514713,0.13810977719757367,0.11117216921854933,0.04522551785075365,-0.04251008633239346
328.0732575085166,23.166116818949217,3.323392286095659,-0.03274981311769296,0.2079591673425403,-0.01860874429052918,-0.00554885186632538
328.17325750851654,23.162748793915995,3.344160458570574,-0.03461068754674525,0.20740428215590795,-0.01860874429052918,-0.00554885186632538
328.2732575085165,23.18730517196195,3.1848250052536384,-0.015945504518610987,0.061431344091159364,-0.01199786560674809,-0.05692045878191623
328.37325750851653,23.185650632182053,3.1906835373688462,-0.017145291079286067,0.05573929821296644,-0.01199786560674809,-0.05692045878191623
328.47325750851655,23.24710001632966,3.031056154242117,0.03429547886506977,-0.08558173989739612,0.007048093670466868,-0.10552894630011801
328.5732575085165,23.327787079385,3.0804960971190134,0.10005986105751644,-0.04743823514051508,0.030800029557432232,-0.08792009950516133
328.6732575085165,23.416243152588198,2.6866265582828746,0.16831188133717662,-0.3758031435860334,0.05437073554456964,-0.20240880663505914
328.7732575085165,23.371787816736468,2.611522737512641,0.12069015742659801,-0.42711429415663765,0.03466010691007127,-0.2138394129901261
328.87325750851653,23.158954741096515,2.752349359968879,-0.06290392806922603,-0.29694231446353103,-0.032907658696170204,-0.15961084861960367
328.9732575085165,23.15249980999611,2.721857074279438,-0.06619469393884192,-0.31290339932548594,-0.032907658696170204,-0.15961084861960367
329.07325750851646,22.93388986714798,3.4092311807645395,-0.24749006417176012,0.26404884668889406,-0.09777153705422797,0.0532655820014466
329.1732575085165,22.908652003045525,3.4359023933434423,-0.25726721787718515,0.26937540488903994,-0.09777153705422797,0.0532655820014466
329.2732575085165,23.213875147220083,3.0817319061849697,0.00742096842902263,-0.04629482666026547,0.0011186853905957288,-0.06386215796402808
329.3732575085165,23.214622837489937,3.076783112729125,0.007532836968082165,-0.052681042456666105,0.0011186853905957288,-0.06386215796402808
329.47325750851644,23.15376454125439,3.023776355101918,-0.043658079726871066,-0.09806535385246551,-0.017443252841979145,-0.07783880419562536
329.57325750851646,23.137594629868087,2.977715483523113,-0.05527385305815834,-0.13569084999154513,-0.021047119128577815,-0.08862967263630935
329.6732575085165,23.062757373161247,3.1370963959998766,-0.11498304942632465,-0.0019921252328633067,-0.041880882181948714,-0.037556180851646796
329.77325750851645,23.096463775424166,3.282740524690975,-0.08002751102887001,0.11852080369422842,-0.027339552101165527,0.008161633878019915
329.8732575085164,23.212846232804093,3.2425814680203655,0.020728655718977005,0.07660418957152439,0.010041997708544737,-0.0071286771886139855
329.97325750851644,23.214969308364534,3.2502062435915766,0.021732855489831705,0.07589132185266283,0.010041997708544737,-0.0071286771886139855
330.07325750851646,23.636030298250844,3.3430184335266,0.3722144871649772,0.14592845540741167,0.13672203881231335,0.01840452844389522
330.17325750851643,23.67393535716139,3.3577033017095554,0.3858866910462039,0.14776890825180056,0.13672203881231335,0.01840452844389522
330.2732575085164,23.9971395669149,3.1450433888605014,0.6448889167107106,-0.03707790093557347,0.2280242702344748,-0.048385785649253
330.3732575085164,24.06276857993716,3.141093669838697,0.6676913437341633,-0.04191647950049987,0.2280242702344748,-0.048385785649253
330.47325750851644,24.019307008844812,3.0764651402582883,0.597765829860252,-0.09625993079826786,0.19447423384717943,-0.06612798773098341
330.5732575085164,24.061393287274136,3.422606894119143,0.6014899957364703,0.19341917325894414,0.18873399012811548,0.04101255631774142
330.6732575085164,23.870097318605954,3.2649204180133347,0.41028039646082654,0.05180128135200307,0.11275345754858741,-0.011192110862568883
330.7732575085164,23.90964669116321,2.999923507801703,0.4197953138867356,-0.17918368278509947,0.11209948213475535,-0.09575864168100459
330.8732575085164,23.896391591494844,2.788428478066948,0.38463394620900226,-0.34728596144913093,0.09534975161039436,-0.1524813339825986
330.9732575085164,23.93533173487378,2.7529374752521343,0.39416892137003845,-0.3625340948473856,0.09534975161039436,-0.1524813339825986
331.07325750851635,24.070838076130528,3.297440858286992,0.483471665982093,0.10147176176875965,0.12426124042833064,0.01959299631732766
331.1732575085164,24.11980654893089,3.3076859994454573,0.4958977900249289,0.10343106140049285,0.12426124042833064,0.01959299631732766
331.2732575085164,23.884762407741498,3.487553424195365,0.25751866115388483,0.24490977149941548,0.029737706322477186,0.06965121212414847
331.37325750851636,23.91066296238849,3.5123926574059188,0.2604924317861315,0.25187489271182795,0.029737706322477186,0.06965121212414847
331.4732575085163,23.741974291617836,3.107697509362057,0.10120258390150318,-0.09498575827464033,-0.028971138637223073,-0.05715748377847739
331.57325750851635,23.808192878421128,3.046089494787582,0.14569021163585788,-0.14382141067167148,-0.01167192661382924,-0.07274984364998544
331.6732575085164,23.599917532700374,3.05709723826909,-0.0409193714407868,-0.12992207705674705,-0.0787407122907473,-0.06516403051847265
331.77325750851634,23.481829491838766,2.885944535164767,-0.14671036267715135,-0.27075153253480666,-0.11511552927693196,-0.11457717160873089
331.8732575085163,23.564420157681603,2.7491907210278175,-0.07690937936486442,-0.37178117233017877,-0.08574472010112154,-0.14662710235758905
331.9732575085163,23.55630049614461,2.711279468283003,-0.08548385137497852,-0.386443882565941,-0.08574472010112154,-0.14662710235758905
332.07325750851635,23.402415556035095,3.2459668062070515,-0.21445651735466642,0.0746037265933364,-0.1292485092795946,0.024875715105608265
332.1732575085163,23.380323661753238,3.2535515574419103,-0.22738136828262148,0.07709129810389638,-0.1292485092795946,0.024875715105608265
332.2732575085163,23.134946639021678,3.208585419579325,-0.43386419779655006,0.03361736979439581,-0.20176037305648292,0.007685433292863544
332.3732575085163,23.09055141737673,3.21198558372523,-0.4540402351022029,0.03438591312368234,-0.20176037305648292,0.007685433292863544
332.4732575085163,23.182585153369264,3.5508701997622043,-0.35894493136735034,0.3109966938065719,-0.1600538750053503,0.10654537268137058
332.5732575085163,23.458364373828385,3.3977249894801185,-0.111691771641855,0.16790689901567105,-0.0639434970262394,0.050950699914874546
332.67325750851626,23.30511572412224,3.2813865427009885,-0.2360839622626163,0.06333539031629973,-0.10661967201059075,0.011662059142125605
332.7732575085163,23.27035333864646,3.352202769521167,-0.25590035685430335,0.11932500419350871,-0.11002041848957035,0.03183133341435298
332.8732575085163,23.263158836203495,3.453568176329198,-0.2511566863982278,0.1957986796853622,-0.10433292757078345,0.0580555868564951
332.97325750851627,23.237521502925826,3.47343832223201,-0.2615899791553026,0.20160423837100971,-0.10433292757078345,0.0580555868564951
333.07325750851624,23.200732300823073,3.5965565398046753,-0.2811361339040852,0.2909859175964777,-0.10781963358215124,0.08778388393836507
333.17325750851626,23.172079589264747,3.6260940509840216,-0.2919180972623028,0.29976430599031617,-0.10781963358215124,0.08778388393836507
333.2732575085163,23.43914350387339,3.6625972987884423,-0.05670460113744234,0.3134779084814027,-0.019124757558230197,0.08953258518989117
333.37325750851625,23.43337741997186,3.694392752562521,-0.05861707689326471,0.32243116700038876,-0.019124757558230197,0.08953258518989117
333.4732575085162,23.276987192847713,3.6010749969767306,-0.18578077916198094,0.22775386815717683,-0.06444209304950888,0.05239211418040058
333.57325750851624,23.453598331148513,3.7946162402047503,-0.027507101668478945,0.3748609610378497,-0.004306919749596648,0.1036922066154358
333.67325750851626,23.440607415240066,3.863524539734126,-0.03644360074944718,0.4106388550582945,-0.007383207498717262,0.11279500030177808
333.7732575085162,23.537668886418473,3.7241846848108495,0.049650922826509625,0.26791970927638215,0.024874024657959664,0.0561396218723287
333.8732575085162,23.37268247527995,3.9220205521377016,-0.0892116863340231,0.41372412409982606,-0.026182853044430413,0.10630148249215604
333.9732575085162,23.363630392381324,3.9639244719601545,-0.09182997163846673,0.4243542723490441,-0.026182853044430413,0.10630148249215604
334.07325750851624,23.439835821800795,3.4224492784768263,-0.021345375593962337,-0.04820207777323858,0.000787869714761115,-0.06759552457879232
334.1732575085162,23.437705223589973,3.4172910930766105,-0.021266588622486253,-0.054961630231115506,0.000787869714761115,-0.06759552457879232
334.27325750851617,23.770693589141334,3.4851983458519875,0.26121539778874464,-0.0018481329221603582,0.10393418267398985,-0.04635374210344165
334.3732575085162,23.797334799833585,3.484781763849254,0.271608816056146,-0.006483507132505577,0.10393418267398985,-0.04635374210344165
334.4732575085162,23.74925681659916,3.7506258037682096,0.21892527578250998,0.20823747613085244,0.0811122130090508,0.03226205079464203
334.5732575085162,23.696423024542955,3.8361230279429375,0.16373807596285248,0.26514107267091175,0.058003238035657115,0.05167204772425388
334.67325750851614,23.385576997103605,3.6037425888426653,-0.10307391752049026,0.05723597473226253,-0.04059221815999535,-0.024662249012004367
334.77325750851617,23.315220103662142,3.469053217390881,-0.15871645905910794,-0.0646129657696082,-0.05975472668569683,-0.06858258931515643
334.8732575085162,23.43533497433257,3.47036876396377,-0.05142526459742028,-0.06480519657648416,-0.018841802060582717,-0.06619740282500504
334.97325750851616,23.430098238862527,3.4635572572919995,-0.05330944480347791,-0.07142493685898241,-0.018841802060582717,-0.06619740282500504
335.0732575085161,23.286964082919745,3.4306923545226473,-0.1678202575791661,-0.10089918458278406,-0.05905124408644308,-0.07492307175585927
335.17325750851614,23.269886800941393,3.420227820705587,-0.17372538198781176,-0.10839149175837169,-0.05905124408644308,-0.07492307175585927
335.27325750851617,23.08174682629332,3.6003162665081008,-0.3224792228429459,0.04335629244551215,-0.11099885652414829,-0.01730820638040632
335.37325750851613,23.048943909726415,3.6045653547207483,-0.33357910849535694,0.041625471807472114,-0.11099885652414829,-0.01730820638040632
335.4732575085161,22.918186879325436,3.5585817016446954,-0.4253119263154226,-0.0012748646742341088,-0.14017277953009274,-0.03206307452535245
335.5732575085161,22.882373232642827,3.566179265323253,-0.4330792125719294,0.0020798515681024555,-0.13789103380655593,-0.029690577533465764
335.67325750851614,22.823908905599044,3.4768653206446687,-0.4589103016124483,-0.07437096945753896,-0.14224624813234837,-0.05601581385447576
335.7732575085161,22.99726450983472,3.659550261917229,-0.28354741150503404,0.08205451653903245,-0.07181703980358387,0.0035931831593278007
335.8732575085161,22.82668323349831,3.6346722274503405,-0.40863511406786507,0.05523873161024783,-0.11440573209119448,-0.006130401547458857
335.9732575085161,22.78524769343106,3.640165448603629,-0.42007568727698713,0.05462569145550181,-0.11440573209119448,-0.006130401547458857
336.0732575085161,23.112743066736673,4.052183585880958,-0.1224988668393325,0.3878532482516499,-0.0023303332974980925,0.11339847665576612
336.1732575085161,23.100481528386258,4.0915359030893885,-0.12273190016908224,0.39919309591722263,-0.0023303332974980925,0.11339847665576612
336.27325750851605,23.05844338523152,4.173659433288436,-0.1443209738695,0.44761554240144447,-0.009089029208279552,0.12749137737194263
336.3732575085161,23.043965842698523,4.219058444415451,-0.14522987679032814,0.4603646801386416,-0.009089029208279552,0.12749137737194263
336.4732575085161,22.794508207515005,3.9619120182854233,-0.34170877498042285,0.22324921733600214,-0.07984850465926974,0.037941642343369886
336.57325750851606,22.79951011411213,4.0403207153015765,-0.31635429223428674,0.2735500777519176,-0.06767698753153964,0.05475868217202
336.67325750851603,22.517985580111574,4.093499946858511,-0.5308427656799706,0.3000331926393729,-0.1428031767879523,0.06228464110959971
336.77325750851605,22.48335587389066,3.779698379663303,-0.5286011707754231,0.013427956749610207,-0.13666550878903796,-0.04544750161769579
336.8732575085161,22.682566194746435,4.082253810735014,-0.33220413683038896,0.25635451567752704,-0.060788679090324524,0.04310076312167498
336.97325750851604,22.649041837667955,4.108104766118367,-0.33828300473941936,0.26066459198969305,-0.060788679090324524,0.04310076312167498
337.073257508516,22.846776412419143,4.193119842241132,-0.15129413754452364,0.3125221877194069,0.009086709331121087,0.05994153081325521
337.17325750851603,22.831692432211344,4.224671768667146,-0.15038546661141133,0.31851634080073377,0.009086709331121087,0.05994153081325521
337.27325750851605,22.942674133745307,4.135180870255553,-0.03805503635592571,0.22010462281041138,0.05125680071795395,0.021287531396953246
337.373257508516,22.939124914113307,4.157297770193572,-0.032929356284132065,0.22223337595010598,0.05125680071795395,0.021287531396953246
337.473257508516,23.05159475332332,4.1172748215581505,0.06836764047368074,0.17308268584696962,0.08605269010152058,0.0029093355865535027
337.573257508516,22.593535844778046,4.35485795765781,-0.3150630249790551,0.3566413678241066,-0.05707171075706355,0.06917981441023333
337.67325750851603,22.88446100905152,4.204524336782358,-0.05214749279837393,0.21034990795480604,0.04008082525326041,0.01429170926013397
337.773257508516,22.659562730025424,4.148075650950166,-0.23766320144567285,0.14578175021837356,-0.030324710561382376,-0.009988397951110398
337.87325750851596,22.679416355376386,4.4312124952236305,-0.20431713353010356,0.3653009328603865,-0.017184459677071523,0.06891565077434822
337.973257508516,22.658898719724984,4.468087166763549,-0.2060355794978111,0.3721924979378229,-0.017184459677071523,0.06891565077434822
338.073257508516,22.977135469190923,4.17890397801472,0.07708062848952538,0.10860654938137006,0.08661394799641935,-0.028519555876416573
338.173257508516,22.98527660177985,4.189622035173471,0.08574202328916436,0.10575459379372937,0.08661394799641935,-0.028519555876416573
338.27325750851594,22.827138498960508,4.01013653129409,-0.04513922105739105,-0.05611454030637043,0.03601464982201408,-0.08631287313991129
338.37325750851596,22.822804650103876,4.004093512897752,-0.04153775607518882,-0.06474582762036353,0.03601464982201408,-0.08631287313991129
338.473257508516,23.08707696063594,4.090230405234734,0.18540676148351154,0.0031423210086017894,0.11682273709622853,-0.05888883948959204
338.57325750851595,22.977063857220358,4.046015583447307,0.08829068390177569,-0.03955199974986973,0.07710265667984699,-0.07219785835259286
338.6732575085159,22.83337597028195,4.066008272347702,-0.031271851938940685,-0.02678532772427876,0.031072014884438455,-0.06503760248805851
338.77325750851594,23.075008336255713,4.067180148308354,0.18266618569226617,-0.029735767742802833,0.10939283093101404,-0.06373035266604782
338.87325750851596,23.07897166625212,3.9870189021928315,0.1812634278366011,-0.09921550560031073,0.10493477629013372,-0.08631070361017666
338.9732575085159,23.097622682917223,3.976665798114753,0.1917569054656109,-0.10784657596132545,0.10493477629013372,-0.08631070361017666
339.0732575085159,22.740804483188477,3.8858480496949244,-0.1129571782321115,-0.18563090037771093,-0.009604496243160184,-0.11209699933656818
339.1732575085159,22.729460742884047,3.866724474660466,-0.11391762785642774,-0.1968406003113703,-0.009604496243160184,-0.11209699933656818
339.27325750851594,22.691149773640067,4.168453822675073,-0.13881941495355643,0.06176413506466247,-0.018712192704835262,-0.013972177244129136
339.3732575085159,22.67717427118119,4.174560375295316,-0.14069063422403932,0.06036691734025003,-0.018712192704835262,-0.013972177244129136
339.47325750851587,22.49317510197354,4.390999247752154,-0.28396866118869124,0.23206380744315133,-0.06987480343079502,0.04806354713401507
339.5732575085159,22.632183470119678,4.436612063856327,-0.14962330464416765,0.2553134952667833,-0.01827703949393309,0.05473274303382306
339.6732575085159,22.751553507491774,4.258032152537682,-0.03955950158745319,0.09274402181217209,0.022190663093682186,-0.0054694738123993725
339.7732575085159,22.72264596562332,4.525856863630751,-0.058942507180074,0.3122396870581641,0.01416578433014634,0.07548316978561141
339.87325750851585,22.811281816753777,4.570261714287538,0.02097914694747014,0.3302991898550668,0.04252251386016656,0.07924420078347233
339.97325750851587,22.813592344017824,4.60368785427697,0.025231398333487764,0.3382236099334158,0.04252251386016656,0.07924420078347233
340.0732575085159,22.69834146989194,4.753310547836468,-0.0667999784380696,0.4403397193916023,0.008206507183565047,0.11281600696904474
340.17325750851586,22.691702504584054,4.797908599810458,-0.06597932771971338,0.451621320088503,0.008206507183565047,0.11281600696904474
340.2732575085158,23.063090942515572,4.566181942477998,0.2521202773478912,0.2312616388635723,0.12374884871483789,0.02881331572394657
340.37325750851585,23.088921714493942,4.5894521729429805,0.2644951622193778,0.2341429704359676,0.12374884871483789,0.02881331572394657
340.47325750851587,23.316658207996092,4.8541287075086865,0.44394748186278454,0.43532206337062246,0.18419938780638814,0.09988185423794801
340.57325750851584,23.200898901594435,4.550861136161284,0.32666209357526177,0.15633972619161998,0.1346561140333873,-0.004611244324538424
340.6732575085158,22.954145036005446,4.469422472241845,0.10698388222551251,0.07608564158710726,0.05033519342234562,-0.03319750082873764
340.7732575085158,22.599591519966918,4.829929440319751,-0.20301982280799674,0.3732141677854445,-0.06669689234640667,0.07733600874485355
340.87325750851585,22.333721898760484,4.7015252442880024,-0.413503550225943,0.24457554234381565,-0.14031633037705954,0.028540356257471873
340.9732575085158,22.29166996208602,4.726125500303663,-0.42753518326364415,0.24742957796956186,-0.14031633037705954,0.028540356257471873
341.0732575085158,22.45396024358088,4.7955679751493605,-0.2705131234548574,0.28882753909756237,-0.0784797333904271,0.0428707912388957
341.1732575085158,22.426516532568435,4.824665083015318,-0.27836109679390186,0.2931146182214529,-0.0784797333904271,0.0428707912388957
341.2732575085158,22.2311759064302,4.672165072357158,-0.4306453077273823,0.14619892191147252,-0.13224521935398362,-0.011748046192280079
341.3732575085158,22.187450149560703,4.686726224317339,-0.44386982966277616,0.1450241172922449,-0.13224521935398362,-0.011748046192280079
341.47325750851576,22.303079335019,4.69543827043818,-0.32331350100604,0.13913557219936581,-0.0838417676882301,-0.013437417994035972
341.5732575085158,22.286456877762344,4.60209617007421,-0.3181097925434166,0.048605591275293014,-0.07888110525469366,-0.045687581060258636
341.6732575085158,22.20467380162489,4.557044939334678,-0.36726533144069623,0.003187797950863403,-0.09380625965282831,-0.0603219673041622
341.77325750851577,22.099170287251003,4.472362461144389,-0.43552239012327615,-0.07492151532296464,-0.11567806142858034,-0.0868387999187438
341.87325750851574,22.446260222402223,4.944778489977523,-0.1219468929630686,0.31073844198138656,0.0017665831207535204,0.054262253903194724
341.97325750851576,22.43407436602152,4.976123645445185,-0.12177023465099321,0.3161646673717073,0.0017665831207535204,0.054262253903194724
342.0732575085158,22.73005313865686,4.778246806861374,0.13519385166398024,0.13269866926710688,0.09475872742141853,-0.013433084527405884
342.17325750851575,22.74404631746036,4.791449508365443,0.14466972440611886,0.13135536081436675,0.09475872742141853,-0.013433084527405884
342.2732575085157,23.081856848257296,4.440190179955002,0.4247244676566756,-0.1822134059290904,0.1931636817340343,-0.12889846143018208
342.37325750851574,23.125295113431644,4.421324347054938,0.4440408358300834,-0.19510325207211154,0.1931636817340343,-0.12889846143018208
342.47325750851576,23.191379017396294,4.609900604536621,0.48060379187209035,-0.03633077705328868,0.19940369574651823,-0.06737587943488274
342.5732575085157,23.148733744493317,4.8024766542333275,0.4232848914070504,0.12046787244197593,0.17119789683078296,-0.00824040768050166
342.6732575085157,23.23142384321439,4.628868990088129,0.47328832901699613,-0.03296507775667507,0.18309089675461118,-0.06291336905958159
342.7732575085157,23.19472982881801,4.445023795626637,0.4183868448867421,-0.19263079040992237,0.15589415462425313,-0.11933908146453331
342.87325750851574,23.09162065907828,4.273803847710159,0.3128623207058762,-0.32882596469630376,0.11214672557719668,-0.16380128409918773
342.9732575085157,23.123467624776744,4.2401022448200445,0.3240769932635921,-0.34520609310621697,0.11214672557719668,-0.16380128409918773
343.07325750851567,23.257564183264634,4.267255082607264,0.42000899244120854,-0.30556581468544364,0.14294632449283154,-0.14246948593956069
343.1732575085157,23.30027981413123,4.235986153709014,0.43430362489049495,-0.31981276327940295,0.14294632449283154,-0.14246948593956069
343.2732575085157,22.900959711987547,4.650034640158281,0.07547526894985883,0.04478357407223316,0.006830891380690901,-0.0034543720821088447
343.3732575085157,22.90854139333943,4.654495725705092,0.07615835808792769,0.04443813686402239,0.006830891380690901,-0.0034543720821088447
343.47325750851564,23.15892868580845,4.803706250015077,0.2789458120368857,0.16316435441890764,0.07995457694752185,0.0392200808432494
343.57325750851567,23.323651402184655,4.638449152104641,0.4018818229093531,0.015844816214611052,0.12191705120502834,-0.015469572830540339
343.6732575085157,23.210961980674988,4.964715101648567,0.2863140175113692,0.28131052574528453,0.07571038179159634,0.08018914902849145
343.77325750851566,23.075276598521025,4.828685614582562,0.15192978009487063,0.14929205418986174,0.022975908836032205,0.028670052336257475
343.8732575085156,22.69419543179053,4.769436975570881,-0.17521143785105703,0.09114402791359127,-0.0960203104023463,0.006838126917937209
343.97325750851564,22.676194186453408,4.7785855689968315,-0.18481346889129385,0.09182784060538515,-0.0960203104023463,0.006838126917937209
344.07325750851567,22.632345572867276,4.832616947661689,-0.2137693940003735,0.12918118630823736,-0.10265396010686592,0.01993305168615713
344.17325750851563,22.61045536366671,4.845634731550939,-0.2240347900110566,0.1311744914768524,-0.10265396010686592,0.01993305168615713
344.2732575085156,22.509683395032383,4.922672165059563,-0.29747242971386384,0.1922209852566858,-0.12504440551162707,0.042952830549671445
344.3732575085156,22.47931093003343,4.942109027737985,-0.3099768702650294,0.19651626831165392,-0.12504440551162707,0.042952830549671445
344.47325750851564,22.509460073508333,4.93693530194118,-0.2710495723643317,0.18021833318469008,-0.10643581052047667,0.035572364378818694
344.5732575085156,22.431904469895834,5.030304250241355,-0.3237493369820849,0.24632019738189567,-0.1217896736388879,0.058188795612509225
344.6732575085156,22.36880775861851,5.146896828567644,-0.3609935905367072,0.3275086960973745,-0.13085501357380347,0.08519036644182712
344.7732575085156,22.407692371832663,5.403693994773958,-0.30888448153647785,0.5263226159355734,-0.10663609390120937,0.15519896011285733
344.8732575085156,22.27360705947431,5.241266840831239,-0.404871850182682,0.36464939204117464,-0.1374557924022838,0.09179709203723262
344.9732575085156,22.232432595494043,5.27819076549553,-0.4186174294229057,0.37382910124489477,-0.1374557924022838,0.09179709203723262
345.07325750851555,22.320986489634375,5.150598987503058,-0.3214202985825666,0.24782021281872635,-0.09682147665298263,0.043568721885861625
345.1732575085156,22.288360352392846,5.175598852394366,-0.33110244624786705,0.2521770850073135,-0.09682147665298263,0.043568721885861625
345.2732575085156,22.49717796259568,4.75889355700582,-0.13998607640872704,-0.10840601219181031,-0.024457402004330546,-0.08760652774694085
345.37325750851556,22.483057067944788,4.747614923147908,-0.14243181660915927,-0.11716666496650141,-0.024457402004330546,-0.08760652774694085
345.47325750851553,22.698171645961384,4.799005047800401,0.046188746768712666,-0.07366748077415618,0.044672585951893946,-0.0688769656444078
345.57325750851555,22.51153177995601,4.9528436659257995,-0.11066718685013917,0.053862401899097224,-0.014223252925392643,-0.020270937495566452
345.6732575085156,22.48213108123371,5.2125749405564274,-0.1272911361387999,0.26103797061671374,-0.01972121085968229,0.05467703984169521
345.77325750851554,22.528601432805992,5.225304070114616,-0.07815267778046277,0.2548915497875981,-0.0007343189802550276,0.05040425787693363
345.8732575085155,22.468236907628874,4.97281297741415,-0.12189673155768702,0.031513275788985246,-0.016508534877516575,-0.03132674994981384
345.97325750851553,22.455964691798716,4.9758076712433,-0.12354758504543904,0.02838060079400315,-0.016508534877516575,-0.03132674994981384
346.07325750851555,22.60611134955591,5.266419763391911,0.0098371236432553,0.26232135835395837,0.0322708969322225,0.05373368999016838
346.1732575085155,22.607256416404894,5.292920567677249,0.013064213336476449,0.2676947273529734,0.0322708969322225,0.05373368999016838
346.2732575085155,22.380121224892143,5.300263936516286,-0.17515329941115165,0.25149136683058204,-0.037316343925067,0.04448147223023985
346.3732575085155,22.3624193132314,5.325635480560501,-0.1788849338036592,0.25593951405360704,-0.037316343925067,0.04448147223023985
346.47325750851553,22.56676569682758,5.342434377115223,0.0025727175958103463,0.2529716189154482,0.029687271347023855,0.04182361422646496
346.5732575085155,22.428235821652972,5.138847822107497,-0.1115114358563254,0.06653713258135677,-0.013046370980224271,-0.027104333444156782
346.67325750851546,22.385361292667618,5.165087463705345,-0.13916765464442565,0.08004143061238193,-0.022576924273150188,-0.021295318848814353
346.7732575085155,22.424043113433882,4.894276318179785,-0.0959919330963282,-0.15926178454875267,-0.005699022902369115,-0.10855040287028417
346.8732575085155,22.364915987795893,4.986042063099663,-0.1377008040119196,-0.0812600437161119,-0.020558783193442738,-0.07675635851250734
346.9732575085155,22.351043113478738,4.9775322769354915,-0.13975668233126315,-0.08893567956736001,-0.020558783193442738,-0.07675635851250734
347.07325750851544,22.76867418075887,5.09050285251647,0.2174705115001085,0.005101036271608286,0.10942285500583548,-0.03997738068320216
347.17325750851546,22.790968346183917,5.090813069240215,0.22841279700069453,0.0011032982032871605,0.10942285500583548,-0.03997738068320216
347.2732575085155,23.22381757934281,5.31956894196667,0.5929177067700541,0.18858210400181755,0.2409421659950745,0.029575846280970805
347.37325750851545,23.28431406084977,5.338575031598251,0.6170119233695534,0.1915396886299136,0.2409421659950745,0.029575846280970805
347.4732575085154,23.113924234160834,5.765146505844659,0.44686287835399885,0.5294394919252878,0.17066271805189587,0.1496168079327692
347.57325750851544,23.229784997750464,5.718010364423554,0.523174552974901,0.460507022035227,0.19229201790993783,0.11928028890926469
347.67325750851546,23.15383580999038,5.7064290695146545,0.4348369975349701,0.4245603844745789,0.15338844375664207,0.10212893254540899
347.7732575085154,23.44072585741944,5.823434352298065,0.6593131772318869,0.4977781295082121,0.2310801470570024,0.12530812156758248
347.8732575085154,23.247484212784425,5.874164486063632,0.4660623611224682,0.5105763955140747,0.15292941867952498,0.1254038198298318
347.9732575085154,23.29485509599008,5.925849144714201,0.48135530299042417,0.5231167774970608,0.15292941867952498,0.1254038198298318
348.07325750851544,23.006842075467194,5.614951354509011,0.21503501968833788,0.234875347416982,0.05071567053807859,0.017158777661777896
348.1732575085154,23.02859915578871,5.638524683139011,0.220106586742144,0.2365912251831592,0.05071567053807859,0.017158777661777896
348.27325750851537,22.859749103917192,5.388427675651246,0.06440590160849281,0.0018535743879414081,-0.007926376562024436,-0.07076552982326947
348.3732575085154,22.86615006219523,5.3882592054409235,0.0636132639522902,-0.005222978594387148,-0.007926376562024436,-0.07076552982326947
348.4732575085154,22.931305924063288,5.848776206143178,0.1118062659759338,0.3671543423372591,0.009797191736914474,0.06522809949099123
348.5732575085154,22.939670643931077,5.666795135350519,0.11037232024235935,0.19143921244641957,0.008916011433381478,-0.0006699957126403283
348.67325750851535,22.894273667594625,5.804588558611834,0.0642521648521924,0.2889271148400838,-0.008086689061266233,0.03427957182813646
348.77325750851537,22.653361768120856,5.595136022470337,-0.14970806992318345,0.08938383861315133,-0.08726962494444146,-0.04039259154372127
348.8732575085154,22.55320571060223,5.411717565278168,-0.2288698218450327,-0.07240767399096988,-0.11271129550684936,-0.09683827954322016
348.97325750851536,22.529755171940202,5.403992606481357,-0.24014095139571381,-0.0820915019452886,-0.11271129550684936,-0.09683827954322016
349.0732575085153,22.06495305400325,5.566767345363717,-0.6191279258111663,0.04994510658483553,-0.24610879440844674,-0.04584450883710956
349.17325750851535,22.00180971745008,5.571532633478015,-0.6437388052520165,0.045360655701123534,-0.24610879440844674,-0.04584450883710956
349.27325750851537,21.74437953989881,5.720758943960956,-0.8320748299808722,0.1676750554990216,-0.30648867208770836,0.0018170563255350963
349.37325750851534,21.65963961354031,5.73753553479248,-0.8627236971896326,0.16785676113157505,-0.30648867208770836,0.0018170563255350963
349.4732575085153,21.96819885301919,5.683831771642006,-0.5633577527108725,0.11005984349418635,-0.18708551449228167,-0.018962079013880428
349.5732575085153,21.77225639741912,5.4741447632922675,-0.6988964869344263,-0.07538523068714899,-0.2297378543465014,-0.0853342113769798
349.67325750851535,22.099074044078353,5.811002818344832,-0.39070331201957464,0.19959074304542898,-0.10996499207251748,0.016234551902857247
349.7732575085153,22.02764229564554,5.868974733908668,-0.42911906584977483,0.23349302525446347,-0.1201508758680207,0.028109780742454404
349.8732575085153,21.88219365534327,5.663945764009624,-0.5258531177687009,0.04869825853861984,-0.15075211707919853,-0.03901785202197161
349.9732575085153,21.82885458298099,5.668620500603376,-0.5409283294766242,0.04479647333642179,-0.15075211707919853,-0.03901785202197161
350.0732575085153,22.0682517590752,5.688262895130347,-0.3122212041214004,0.050401109416573255,-0.06285387794202577,-0.036453931167486076
350.1732575085153,22.036715369273363,5.693120736416166,-0.3185065919156009,0.04675571629982589,-0.06285387794202577,-0.036453931167486076
350.27325750851526,22.010220308887536,5.835012382270607,-0.31444403844844515,0.15748461940284977,-0.05751391286022795,0.004929047796794079
350.3732575085153,21.978488335478385,5.850785489449879,-0.32019542973446924,0.1579775241825293,-0.05751391286022795,0.004929047796794079
350.4732575085153,21.75989886853204,5.787628561569826,-0.48104649697262564,0.0935171183648859,-0.11363076093748176,-0.0183497669718998
350.57325750851527,21.799648717164878,5.8252061927186665,-0.4179137103338431,0.1152438765370624,-0.08643382621095756,-0.009829732949631952
350.67325750851523,21.97010590670228,5.90000060496034,-0.24952612320149167,0.16632114145211174,-0.022407191621165654,0.008821126975007603
350.77325750851526,21.78904283078664,5.842660630494853,-0.3862260222687444,0.10421746878526407,-0.07235696598906363,-0.014351047602740941
350.8732575085153,21.7289433703254,6.028676378293673,-0.41101045055431135,0.2469976405901612,-0.0786957234978123,0.037250944303844034
350.97325750851525,21.687448846652494,6.0535623970742,-0.4188800229040899,0.2507227350205443,-0.0786957234978123,0.037250944303844034
351.0732575085152,21.658481197149268,6.210667165488401,-0.4173078998488097,0.36278436379272544,-0.07572416438441026,0.07606158686827606
351.17325750851523,21.616371786342455,6.247325909802023,-0.4248803162872525,0.3703905224795548,-0.07572416438441026,0.07606158686827606
351.27325750851526,21.930995997067964,6.083528215526023,-0.13093181635896048,0.21061091956744504,0.03447705923459408,0.015529495210583909
351.3732575085152,21.918075200728246,6.104666954958812,-0.12748411043550226,0.2121638690885029,0.03447705923459408,0.015529495210583909
351.4732575085152,21.7747866213768,6.15210790429323,-0.23286836968251287,0.23522027760119582,-0.0048995985045574494,0.02323618535692309
351.5732575085152,21.559962204269503,6.153701350315893,-0.39470762108469565,0.21920153650286706,-0.06380496572285418,0.016603501940485623
351.67325750851523,21.52271066349796,6.204985098094145,-0.39897533489198783,0.24493601330607218,-0.0630408374449019,0.025228187086644947
351.7732575085152,21.616961741588128,6.157031177639765,-0.28938149153097464,0.18570060207864492,-0.019986318499365135,0.002507624384859814
351.87325750851517,21.6453844967709,5.99534345027385,-0.2436244384782408,0.03795590174024448,-0.0027365416113649434,-0.05044696443758964
351.9732575085152,21.621008370215012,5.998886805625688,-0.24389809263937737,0.032911205296484364,-0.0027365416113649434,-0.05044696443758964
352.0732575085152,21.766587492907917,5.757702028411131,-0.1001257280863681,-0.1731517131629381,0.050076264919108056,-0.12255262687235746
352.1732575085152,21.756825301423877,5.739774093960482,-0.095118101594459,-0.18540697585016966,0.050076264919108056,-0.12255262687235746
352.27325750851514,21.71740219244332,6.086906115524575,-0.11818895834140056,0.10484678300121636,0.039075308998279136,-0.01376726671561265
352.37325750851517,21.705778673154168,6.097321957491121,-0.11428142744157176,0.10347005632965478,0.039075308998279136,-0.01376726671561265
352.4732575085152,21.815535447865503,5.998853959699089,-0.009637363291484062,0.012659499737343868,0.07552294628398762,-0.045819729348146876
352.57325750851516,22.045744747578084,5.992362841504036,0.19235949514645606,0.0018138746874970875,0.14651072890546257,-0.04808469537970698
352.6732575085151,21.915201908544383,5.866029932236758,0.08172808990814687,-0.1068154058919234,0.10119992561024557,-0.08527905849778164
352.77325750851514,22.031318467424523,5.699420557220477,0.1844515273228915,-0.24767084315575078,0.1356008581415678,-0.13396173573410525
352.87325750851517,22.074917528779366,5.758893653300086,0.21835353048118344,-0.19135896534094649,0.14294853907998534,-0.10901934135514885
352.97325750851513,22.097467624522878,5.739212660059222,0.2326483843891771,-0.20226089947645765,0.14294853907998534,-0.10901934135514885
353.0732575085151,22.054714704859656,5.711406889544116,0.19035041155862528,-0.21912197654639648,0.12218808349861052,-0.11120252630545487
353.1732575085151,22.074360686433018,5.6889386792579435,0.2025692199084891,-0.2302422291769445,0.12218808349861052,-0.11120252630545487
353.27325750851514,21.946307248337114,5.883630131188184,0.08865217043864433,-0.061532651184691964,0.0759389789725513,-0.04665673510542849
353.3732575085151,21.95555216027584,5.87724358239419,0.09624606833589687,-0.06619832469523322,0.0759389789725513,-0.04665673510542849
353.4732575085151,21.60694207355757,6.1424573994706435,-0.1947442749659204,0.15288630475743223,-0.03209223642987735,0.03353381729629511
353.5732575085151,21.8677128368311,5.986910331758921,0.0382875601350004,0.013956219482227791,0.054154602236213004,-0.01791655282325104
353.6732575085151,22.03520936481702,6.432249172430133,0.17971124837940608,0.37724282140039894,0.10334457802869823,0.1128746934463203
353.7732575085151,21.964204881099015,6.4826742822528685,0.11290989349311435,0.39885808600783235,0.07468966252031523,0.11667424081162857
353.87325750851505,22.02563661660237,6.402611904628406,0.16174044726428052,0.31157343047118985,0.08962983473002746,0.08126797503179993
353.9732575085151,22.04225881050245,6.434175587550691,0.1707034307372853,0.3197002279743717,0.08962983473002746,0.08126797503179993
354.0732575085151,21.630801357516866,6.253883403633059,-0.17996803695887534,0.15126620986453587,-0.04119102824437905,0.01752622387182129
354.17325750851506,21.612598598679764,6.269097655738866,-0.18408713978331184,0.1530188322517174,-0.04119102824437905,0.01752622387182129
354.27325750851503,21.454119436750116,6.078618472547073,-0.31479095205723523,-0.0225097275593749,-0.08986806497872264,-0.04826610533018369
354.37325750851505,21.42219100121949,6.076126169264484,-0.32377775855510954,-0.027336338092394368,-0.08986806497872264,-0.04826610533018369
354.4732575085151,21.57888156321476,6.449278081667786,-0.1749711413786225,0.27716719166944537,-0.03277658796843242,0.06259566556460885
354.57325750851504,21.701933704001345,6.57374307188236,-0.05969833431718724,0.3636658085354824,0.010503792491395415,0.09161048312122981
354.673257508515,21.76444007303204,6.452725904026733,-0.0016935188994159052,0.24305128739635684,0.031102453154643463,0.0451176884146123
354.77325750851503,21.788679509247846,6.6043646563831775,0.022321267755635796,0.35572856654543855,0.03886820870895765,0.08491127158009784
354.87325750851505,21.714615838976986,6.426076554884959,-0.03736284405778886,0.18829898260469344,0.01590582407136732,0.021964686956539345
354.973257508515,21.710959083691563,6.445016276580205,-0.03577226165065267,0.19049545130034662,0.01590582407136732,0.021964686956539345
355.073257508515,21.618748485200822,6.355989534388288,-0.10924395072304302,0.10341392558448863,-0.011584406685856634,-0.01012187405504844
355.173257508515,21.607766168095083,6.366280317576464,-0.11040239139162895,0.10240173817898356,-0.011584406685856634,-0.01012187405504844
355.27325750851503,21.49933635069333,6.771522266833993,-0.19265613814453428,0.4359605093642716,-0.0409441875150946,0.11252755945659863
355.373257508515,21.479866015941308,6.8156809555676885,-0.19675055689604234,0.4472132653099276,-0.0409441875150946,0.11252755945659863
355.47325750851496,21.267396437933463,6.859189586174402,-0.36119626539082994,0.4570059707696493,-0.09896112991214752,0.11200428751707085
355.573257508515,21.277952038680095,6.8640250392792925,-0.3313517438975707,0.4337385627196743,-0.08445262699104303,0.09954055579898866
355.673257508515,21.34912511011415,6.745511976322942,-0.25262153193218895,0.31018199791285267,-0.0529239500069603,0.051709659035904056
355.773257508515,21.554106278285932,6.66184484501008,-0.05923302230224311,0.21753882205212594,0.020883330124549244,0.015724295734892833
355.87325750851494,21.41161954496074,6.7734680394597,-0.17072929988269547,0.2928261838067718,-0.02014443849883934,0.04210040112680687
355.97325750851496,21.39444589277997,6.802961159846018,-0.17274374373257986,0.29703622391945345,-0.02014443849883934,0.04210040112680687
356.073257508515,21.7147298549908,6.671182692038079,0.10784887194207868,0.1687671261998961,0.08253002186804556,-0.0052558931708036865
356.17325750851495,21.725927392294345,6.688033125192209,0.11610187412888041,0.1682415368828159,0.08253002186804556,-0.0052558931708036865
356.2732575085149,21.6638233506386,6.435500897840054,0.061373598206158765,-0.04930743863130766,0.05938259338161574,-0.0817784361123216
356.37325750851494,21.670257623426128,6.430161261796361,0.06731185754432169,-0.05748528224254168,0.05938259338161574,-0.0817784361123216
356.47325750851496,21.69365095302508,6.2859695854458515,0.0868758948798571,-0.17918374455390257,0.0643125567043568,-0.12246343632010204
356.5732575085149,21.50016083467102,6.332129334510895,-0.07729797725076452,-0.13760436339529483,0.0020280706319474595,-0.1029998013614741
356.6732575085149,21.364569513470087,6.40192512195127,-0.18353285583675263,-0.07878202780859898,-0.036467153198862436,-0.07823636053715588
356.7732575085149,21.41701321209298,6.168168506370342,-0.1260006137896983,-0.2784892168977872,-0.013739994527372963,-0.14882941838055153
356.87325750851494,21.41567033568052,6.08875804148198,-0.11796167339115271,-0.3350914157732992,-0.010339957178400985,-0.1637570794111277
356.9732575085149,21.403822468555518,6.054430114507607,-0.11899566910899245,-0.3514671237144064,-0.010339957178400985,-0.1637570794111277
357.07325750851487,21.661061846478614,5.834669879002223,0.10664208044980172,-0.5203371087587879,0.07238190604065911,-0.2187849272460016
357.1732575085149,21.672087964053798,5.781542243490102,0.11388027105386928,-0.5422156014833931,0.07238190604065911,-0.2187849272460016
357.2732575085149,21.57521307381806,5.880871048462438,0.02983739019277475,-0.437049754356403,0.039114447171283165,-0.1732878783528559
357.3732575085149,21.578392385073194,5.836299633635048,0.03374883490990173,-0.45437854219168267,0.039114447171283165,-0.1732878783528559
357.47325750851485,21.656897025272215,5.729784257250838,0.1000508789206294,-0.5212254682760536,0.06168808415998285,-0.191034834703359
357.57325750851487,21.59499811448154,6.043318237418587,0.04538088844107092,-0.23528943867476665,0.039477067578515566,-0.08073111369486437
357.6732575085149,21.442682961288064,6.018757252659548,-0.08139704648779919,-0.24387920065617616,-0.007802359876747496,-0.0809162065512215
357.77325750851486,21.40429224737284,6.20822686127894,-0.10821780393611846,-0.06963954378543948,-0.017476062871957618,-0.013837385998717408
357.8732575085148,21.260359761449312,6.247831526391476,-0.22052105914602058,-0.03273531836489078,-0.057409743679002236,-0.00013748362666318736
357.97325750851485,21.23802060681631,6.244557307136853,-0.2262620335139221,-0.0327490667275571,-0.057409743679002236,-0.00013748362666318736
358.07325750851487,20.767777578269015,7.000816655817198,-0.6051681148268196,0.5914898075891057,-0.19265286846956747,0.22353668114947578
358.17325750851484,20.70629750244401,7.061083319981836,-0.6244334016737698,0.6138434757040457,-0.19265286846956747,0.22353668114947578
358.2732575085148,20.92438525774072,7.145604286190493,-0.40640819957118535,0.6546152412365079,-0.10596387234345526,0.23022552489903825
358.3732575085148,20.883214618421874,7.2122169379386545,-0.41700458680553326,0.677637793726417,-0.10596387234345526,0.23022552489903825
358.47325750851485,20.974506210920698,7.161118956067475,-0.31642995669258617,0.6019606625545871,-0.06574091860241502,0.19485224472961482
358.5732575085148,21.070137234422187,7.307940539980982,-0.2154990737041396,0.6927120726769027,-0.026493023800061015,0.22062243227040404
358.6732575085148,21.005341298908206,7.104951149614994,-0.25403519988086815,0.49001806722230007,-0.039472179690250776,0.14010229914233244
358.7732575085148,20.509595421775188,7.174045073638427,-0.6632128524717312,0.5205300307582602,-0.19000982829594748,0.14617320942956982
358.8732575085148,20.51152244084848,7.341059720122925,-0.6247031028115733,0.6289267171832595,-0.16923644171096233,0.17972861475046714
358.9732575085148,20.44820594835879,7.404851034914982,-0.6416267469826638,0.6468995786583002,-0.16923644171096233,0.17972861475046714
359.07325750851476,20.22117591898238,7.013991921821278,-0.7942666483218297,0.2872760876059914,-0.2185736895095662,0.0437715641314617
359.1732575085148,20.14065638570263,7.042938388402541,-0.8161240172727913,0.29165324401913856,-0.2185736895095662,0.0437715641314617
359.2732575085148,20.662829188543938,6.8094037764020765,-0.32890386859979026,0.07648188968451432,-0.03282133120014263,-0.03585733271052451
359.37325750851477,20.62977469502797,6.816872678706972,-0.3321860017198034,0.07289615641346309,-0.03282133120014263,-0.03585733271052451
359.47325750851473,20.667473973493994,6.746789618258361,-0.2762848970063819,0.005825882531755833,-0.011408154506952647,-0.058609750531276844
359.57325750851476,20.708589234226796,6.721430681712793,-0.21946121836160987,-0.02137592430383732,0.009753511450671038,-0.066326695563475
359.6732575085148,20.793536340911142,6.76803725629808,-0.1295507833298557,0.012340920083110794,0.04191858474918354,-0.05187126549901722
359.77325750851475,20.812843600266657,6.725197372016902,-0.09773181450485238,-0.030131266538792573,0.05218168414780922,-0.0655882639635549
359.8732575085147,20.790701414991137,6.963379088958638,-0.10301036267647867,0.16159143890757716,0.04839017703109373,0.005359296135959188
359.97325750851473,20.780642329608643,6.97956502933008,-0.0981713449733682,0.1621273685211732,0.04839017703109373,0.005359296135959188
360.07325750851476,21.018924018697973,7.681037594435026,0.11286245157389103,0.7288624132738275,0.12296575842275423,0.20904729254428225
360.1732575085147,21.030825092647472,7.754969072225105,0.12515902741616225,0.7497671425282486,0.12296575842275423,0.20904729254428225
360.2732575085147,20.60835002161712,7.167499478366309,-0.22919717782916685,0.2078831044934764,-0.010829335268415112,0.0024960075570961693
360.3732575085147,20.585376157157857,7.188300268853446,-0.2302801113560086,0.2081327052491861,-0.010829335268415112,0.0024960075570961693
360.47325750851473,20.77406907696253,7.5479099556630445,-0.05503799242490189,0.4870012747886053,0.052967098349230655,0.102351108178082
360.5732575085147,20.832072931972583,7.603072808391209,0.003540633655220832,0.5021878939635523,0.0724192497180671,0.10414159686231107
360.67325750851467,20.626507198390758,7.312527259111832,-0.16092215409547064,0.23200172496690583,0.01031895780789003,0.0036150221670257082
360.7732575085147,20.816651866195834,7.272115845854565,0.017826307230834934,0.17821610164051022,0.07633826832801277,-0.016305450979577286
360.8732575085147,20.640362844868257,7.139737559737545,-0.12285239044432178,0.05334376724857784,0.02276646922863957,-0.06040287231502171
360.9732575085147,20.628191438169974,7.144769922100827,-0.1205757435214586,0.04730348001707773,0.02276646922863957,-0.06040287231502171
361.07325750851464,20.48895512046633,7.294159458381222,-0.2256041597706794,0.15976795891614934,-0.01642531638435881,-0.018113986915169196
361.17325750851467,20.466312577907335,7.310045684338265,-0.22724669140911566,0.157956560224632,-0.01642531638435881,-0.018113986915169196
361.2732575085147,20.476834338723656,7.3527340532495105,-0.1957727897000523,0.17594457906977204,-0.002920534803041601,-0.011692639428504192
361.37325750851466,20.457242457079644,7.370270047959339,-0.19606484318035636,0.17477531512692202,-0.002920534803041601,-0.011692639428504192
361.4732575085146,20.722180413780215,7.4115720746852665,0.040568471853752584,0.19324761187175554,0.08280179072056126,-0.004653240684822555
361.57325750851464,20.63123561598164,7.487388873567955,-0.03153879829290532,0.2398058845064397,0.053453956773279576,0.012350712800851042
361.67325750851467,20.42036168824857,7.331247948653408,-0.19931767484415522,0.09289651049574357,-0.009159745970612324,-0.04072283032406214
361.77325750851463,20.59634247572449,7.282271675421084,-0.03133195003436223,0.039414767264790575,0.05358496050224511,-0.05890033864423935
361.8732575085146,20.74803544731542,7.293526600450178,0.10247985816967706,0.03977058709854338,0.09998343598625117,-0.056665495709015655
361.9732575085146,20.75878335031232,7.297220331681489,0.11247820176830445,0.034104037527640525,0.09998343598625117,-0.056665495709015655
362.07325750851464,21.00014591442135,7.406578436749555,0.31415565790161604,0.11615805082850844,0.16948810098399905,-0.025123612779740626
362.1732575085146,21.03240892071642,7.418068623768503,0.33110446800001014,0.11364568955053524,0.16948810098399905,-0.025123612779740626
362.2732575085146,20.93461876581313,7.590306415169059,0.24466160438685153,0.23959735686570766,0.1338636539740511,0.01980777102407235
362.3732575085146,20.959754244521694,7.614365189710756,0.2580479697842597,0.24157813396811534,0.1338636539740511,0.01980777102407235
362.4732575085146,21.205496300718828,7.9176828707804665,0.4539979853772871,0.47306105693518885,0.19991728406429637,0.10205974391770417
362.5732575085146,21.252548772043937,7.486161634480936,0.4745399374105719,0.08443382427516175,0.2001181595963845,-0.04216021747870288
362.67325750851455,20.958848730321773,7.37613148418744,0.20974943311492908,-0.01701634731926035,0.09711395578554848,-0.07699487385050446
362.7732575085146,20.8727840140477,7.276199972991212,0.12678198328182144,-0.10797920787787818,0.06268501296247592,-0.10762707773507585
362.8732575085146,20.74669719704983,7.219654411719121,0.017462431102064625,-0.15585729558273181,0.020933583003018105,-0.12090741516147872
362.97325750851456,20.74854810807505,7.2034641450850465,0.01955578940236572,-0.16794803709887557,0.020933583003018105,-0.12090741516147872
363.07325750851453,21.13136455064477,7.241791464952068,0.337933366052576,-0.13406148459961023,0.13519807267937667,-0.10438578752854023
363.17325750851455,21.16583387761343,7.227863387554461,0.35145317332051673,-0.14450006335246662,0.13519807267937667,-0.10438578752854023
363.2732575085146,21.27648315865102,7.37791353223352,0.4243620685726818,-0.014864680715995544,0.15586157313354992,-0.05294975628279209
363.37325750851454,21.31969867337394,7.376162315380507,0.4399482258860315,-0.02015965634427295,0.15586157313354992,-0.05294975628279209
363.4732575085145,20.957889732150957,6.882557920506335,0.11701116201188533,-0.42952366400767966,0.03337997504259223,-0.19776528706963414
363.57325750851453,20.86055500405855,6.689755256163163,0.028346121344228977,-0.5731604804219533,-0.0002084758058555694,-0.24255374900273505
363.67325750851455,20.856698450345938,6.5454346782835495,0.02275655558699972,-0.6679527762814136,-0.0022225091940596456,-0.26782397975001504
363.7732575085145,20.941266849624927,6.5012900372392295,0.09347418005095426,-0.6743205384033392,0.02413069905536312,-0.26031353111160976
363.8732575085145,20.766983094500183,6.519359504129979,-0.056828842505910776,-0.6290896735833503,-0.031031707840344567,-0.23481503691243727
363.9732575085145,20.76114505171039,6.455276461587068,-0.05993201328994594,-0.6525711772745993,-0.031031707840344567,-0.23481503691243727
364.07325750851453,20.857461407508538,6.687877544900698,0.023092787550039715,-0.42561592028813916,0.0003591124795694241,-0.1438205480383048
364.1732575085145,20.85977248182594,6.644596850131708,0.023128698797996644,-0.43999797509196475,0.0003591124795694241,-0.1438205480383048
364.27325750851446,20.740227847751907,6.916249367540816,-0.08649021673417254,-0.19164783216612238,-0.04164223938131062,-0.04893275997101118
364.3732575085145,20.73137061488158,6.896839920524344,-0.09065444067230455,-0.19654110816322462,-0.04164223938131062,-0.04893275997101118
364.4732575085145,20.777911065733154,6.9219533533369475,-0.04834754393133687,-0.16441593825813153,-0.02482845300090344,-0.035665606422445366
364.5732575085145,20.719426971801784,6.993703791110453,-0.0959252337371322,-0.0944538816031277,-0.0412916698499822,-0.009077312968827592
364.67325750851444,20.598127411411838,7.10712227493945,-0.19286513913349207,0.005692853699056789,-0.07485844769993039,0.02712599239631021
364.77325750851446,20.521448082958685,7.1360124878904765,-0.24949675969207044,0.03239038116101715,-0.09311544148427245,0.03594993482693551
364.8732575085145,20.44847295635422,7.136085368992472,-0.29833530153790666,0.03323850542480955,-0.1073929435810923,0.03496707138432226
364.97325750851445,20.418102461482533,7.139584054891873,-0.3090745958960122,0.03673521256324058,-0.1073929435810923,0.03496707138432226
365.0732575085144,20.695451018128097,7.4820221821971105,-0.06071933104834762,0.3185302336915107,-0.013086349097879216,0.13468751994543415
365.17325750851444,20.68931365327777,7.514548643165996,-0.06202796595813584,0.3319989856860572,-0.013086349097879216,0.13468751994543415
365.27325750851446,20.479902617428703,7.560498705395441,-0.2412824973464475,0.3544052679506045,-0.079972452145931,0.137610198315411
365.3732575085144,20.455374505433337,7.596627283182065,-0.24927974256103785,0.3681662877821409,-0.079972452145931,0.137610198315411
365.4732575085144,20.51625856150202,7.6996286766972375,-0.18549650891229016,0.43579239650964985,-0.05400144864408626,0.15691507154477755
365.5732575085144,20.326669005496896,7.519042093365726,-0.33476986458286134,0.26431377309764637,-0.1065266517851105,0.08923347300287127
365.67325750851444,20.4223548486276,7.247337255319252,-0.23746675213738572,0.027746391898569287,-0.0674823809695776,0.0012851011269987417
365.7732575085144,20.004960408280436,7.525085757103862,-0.5832196093466988,0.26186477613564146,-0.19341803107758582,0.08736887671656354
365.87325750851437,19.925232583487677,7.5598239263335945,-0.6195480716454443,0.277263661931042,-0.1995537630163993,0.08975262122304822
365.9732575085144,19.862280007508037,7.587999055632821,-0.6395034479470888,0.2862389240533489,-0.1995537630163993,0.08975262122304822
366.0732575085144,19.784099045050187,7.607536344577178,-0.6735525550149809,0.28817824929460367,-0.20548794998357933,0.08744813409003811
366.1732575085144,19.715716349798793,7.636791410177078,-0.6941013500133318,0.2969230627036045,-0.20548794998357933,0.08744813409003811
366.27325750851435,20.152735694266045,7.636226964424507,-0.27843525263504226,0.2786935251658919,-0.04376085780765698,0.07729116472743008
366.37325750851437,20.124673364713498,7.66448277276474,-0.28281133841580897,0.2864226416386367,-0.04376085780765698,0.07729116472743008
366.4732575085144,20.113224975863343,7.498025624550617,-0.272990213858109,0.13338241463683498,-0.03862414368627674,0.019672550174718056
366.57325750851436,20.090681865730392,7.456546061148517,-0.27268308119901125,0.08965663537270009,-0.037101926287984754,0.0031497343116881835
366.6732575085143,19.846888695125568,7.2079178973391675,-0.45646960460397834,-0.12183178665686059,-0.10222997391116447,-0.07272996958760417
366.77325750851435,20.077966863222745,7.264921331870768,-0.2277353047848183,-0.06991938527336183,-0.013460556399907092,-0.05095593954403824
366.87325750851437,20.271578654211787,7.359907230861157,-0.049187644069753095,0.008914327702303325,0.0515186492591313,-0.020925005789423003
366.97325750851434,20.26691748305111,7.360694038602439,-0.04403577914384172,0.006821827123361738,0.0515186492591313,-0.020925005789423003
367.0732575085143,20.189471130259836,7.314764533270945,-0.10165256267342763,-0.03420603081527465,0.02833144203603355,-0.035068221064022555
367.1732575085143,20.17944753120267,7.3111685890840965,-0.09881941846982363,-0.037712852921677704,0.02833144203603355,-0.035068221064022555
367.27325750851435,19.923445229449666,7.387746870810424,-0.30091948492014076,0.02245686283705974,-0.04579220163332459,-0.012964350111930527
367.3732575085143,19.893124319949496,7.389927735343569,-0.30549870508347166,0.021160427825867127,-0.04579220163332459,-0.012964350111930527
367.4732575085143,19.633083812524482,7.843106553162251,-0.5009624121568016,0.39087540262071147,-0.11485640622613708,0.1200035587833228
367.5732575085143,19.41626665425565,8.11862659305415,-0.652426176226913,0.599100333973186,-0.16595959165017776,0.19095928714180554
367.6732575085143,19.674571820872632,8.032427041865937,-0.39901705301652723,0.4972817542552983,-0.0683070918038564,0.14764101513301106
367.7732575085143,19.260579656565785,8.162909117941915,-0.7279918665419101,0.5801370549801368,-0.18797928776206307,0.17269144748392312
367.87325750851426,19.322581704072835,8.066767210323466,-0.6339753790894271,0.4701411106589035,-0.14722972017316605,0.1271544402224488
367.9732575085143,19.258448017563012,8.114417093590479,-0.6486983511067471,0.4828565546811513,-0.14722972017316605,0.1271544402224488
368.0732575085143,19.520644017473234,7.976147320419402,-0.3862445251402441,0.3391711466429376,-0.04576792656717471,0.07042542186706402
368.17325750851427,19.481790725326388,8.010416562193019,-0.39082131779696,0.34621368882964165,-0.04576792656717471,0.07042542186706402
368.27325750851423,19.725341267264064,8.371191304592045,-0.15944220629711137,0.6280500728565956,0.03973695201812081,0.17085207250487022
368.37325750851426,19.709595731394437,8.434850572240244,-0.15546851109529838,0.6451352801070865,0.03973695201812081,0.17085207250487022
368.4732575085143,19.72611228847518,8.509106545526326,-0.1249640782183097,0.6695302109005751,0.04933607829840625,0.17347182658365431
368.57325750851425,19.56115926781969,8.539355298609216,-0.24868261207691875,0.65561589587194,0.002367780038779091,0.16216752215288685
368.6732575085142,19.657631149438963,8.454202350340406,-0.14745470369268565,0.5472503654004326,0.038893153032447364,0.11753525031980987
368.77325750851423,19.621841097833478,8.447156790440632,-0.16187188599344862,0.505938681940281,0.032092535734080815,0.09801280937425563
368.87325750851426,19.558571349123955,8.399888532996231,-0.1979262956387142,0.43499634757978983,0.017910152386248785,0.06912175509520159
368.9732575085142,19.538868270322023,8.44373377652967,-0.19613528040008993,0.4419085230893076,0.017910152386248785,0.06912175509520159
369.0732575085142,19.705006319334984,8.559846526628188,-0.03678239202537667,0.5033472448931636,0.07573933313704398,0.08749634686786156
369.1732575085142,19.70170677679813,8.610618732851856,-0.02920845871167055,0.5120968795799518,0.07573933313704398,0.08749634686786156
369.27325750851423,19.753260941445483,8.425875851624752,0.022219473208683473,0.32948164940521496,0.09127104818408038,0.019766248626833207
369.3732575085142,19.755939244007273,8.458922847808397,0.0313465780270884,0.3314582742678976,0.09127104818408038,0.019766248626833207
369.47325750851417,19.77519432789554,8.16907254670626,0.053515671281859516,0.0677186862894737,0.0959897897237793,-0.07546459400283342
369.5732575085142,20.01383794837072,8.14201629677182,0.25925826450939427,0.032339469868254075,0.1675978613435055,-0.08552904970046055
369.6732575085142,20.1410951192033,8.30049572647318,0.3596666074624124,0.1517790781976333,0.19785096106302363,-0.039675044435998875
369.7732575085142,19.97842745566011,7.95451320938689,0.20739084922976114,-0.1593573967369619,0.13393267108204038,-0.15268106584089114
369.87325750851414,19.743711150402845,7.880376239191698,0.007918654937715094,-0.22177989485737332,0.057043778716651075,-0.16955348454972954
369.97325750851417,19.7447882347902,7.8573504822832065,0.0136230328093815,-0.23873524331235013,0.057043778716651075,-0.16955348454972954
370.0732575085142,19.750775189458267,8.005838593146816,0.020283333527701203,-0.11177588379175792,0.05666960980460704,-0.11756721432666895
370.17325750851415,19.75308687086006,7.994073168696011,0.025950294508159975,-0.1235326052244208,0.05666960980460704,-0.11756721432666895
370.2732575085141,19.969211506849582,8.236603881121198,0.21355438998935086,0.0812028482963483,0.12374631697302364,-0.03816765957252548
370.37325750851414,19.991185677433386,8.244533327652972,0.22592902168665605,0.07738608233909489,0.12374631697302364,-0.03816765957252548
370.47325750851417,20.026171447903213,8.18465739113427,0.24810686204057916,0.018119451278695086,0.12729323070753756,-0.058040505572448164
370.57325750851413,19.533406432969162,8.188486428961665,-0.17575626658377486,0.01423518727063137,-0.03209785458645581,-0.05734630173706882
370.6732575085141,19.196121216471376,8.080737230686239,-0.4449520077821129,-0.08102414847555275,-0.12829676044957739,-0.08941900829465141
370.7732575085141,19.314251029139214,7.873109883066835,-0.3170579620660247,-0.2593759208324287,-0.07601979315632545,-0.15174410427496937
370.87325750851414,19.43317219125003,7.630366360474419,-0.1991580176941737,-0.451917331072128,-0.030687385359495216,-0.21520818871037964
370.9732575085141,19.41310295255382,7.5840985864236705,-0.20222675623012218,-0.47343814994315864,-0.030687385359495216,-0.21520818871037964
371.0732575085141,19.77786961855219,7.382487913109601,0.11626419617060722,-0.6183750953802084,0.08592621424199917,-0.25875610385680436
371.1732575085141,19.789925669240464,7.319356623052282,0.1248568175948091,-0.6442507057658947,0.08592621424199917,-0.25875610385680436
371.2732575085141,19.38614263373747,7.30508766636699,-0.21557224684994308,-0.6257868590721759,-0.04095364777715668,-0.2422917326706412
371.3732575085141,19.3643806408136,7.241297521796442,-0.21966761162765736,-0.6500160323392318,-0.04095364777715668,-0.2422917326706412
371.47325750851405,19.65110666268752,7.195885557773235,0.03342676256577638,-0.6571381948564796,0.05210056023636231,-0.23616069899693296
371.5732575085141,19.681162639670585,7.188522132494677,0.06092323451971091,-0.6312212915812223,0.060236880524657636,-0.21824934318995515
371.6732575085141,19.627032597885393,7.316761369308092,0.01656839180128897,-0.49481407683744794,0.0420165217629567,-0.16156182601339913
371.77325750851406,19.82933326275718,7.502129086945914,0.19352920013329816,-0.31043256300236227,0.10619422146377647,-0.08778494946314525
371.87325750851403,19.48645484266088,7.538315814581399,-0.09734303458813753,-0.26365731432776474,-0.002707238648559679,-0.06790713972630737
371.97325750851405,19.47670700300882,7.511610547449985,-0.09761375845299357,-0.270448028300397,-0.002707238648559679,-0.06790713972630737
372.0732575085141,19.396283200676077,7.569667389274553,-0.15818765639045868,-0.20717087430660375,-0.024932307834391692,-0.04284327834156064
372.17325750851404,19.380339773497866,7.548736085452192,-0.160680887173897,-0.21145520214075836,-0.024932307834391692,-0.04284327834156064
372.273257508514,19.3426594869163,7.829823364061108,-0.18348432686600694,0.03061343686700794,-0.03296750609882533,0.044782761482648356
372.37325750851403,19.3241462166992,7.833108621555222,-0.1867810774758902,0.03509171301527379,-0.03296750609882533,0.044782761482648356
372.47325750851405,19.39443309338763,8.279965547292113,-0.11586786574889721,0.4039990376214348,-0.006117487511008369,0.17539159785097108
372.573257508514,19.291744322487475,8.412604479720196,-0.1932070380460566,0.4975560698955667,-0.034129120014813955,0.20288001767651728
372.673257508514,18.846108482672353,8.55142943479198,-0.5513336681086902,0.5902417567978104,-0.16241811736893957,0.2288168771827511
372.773257508514,18.69568422881738,8.55496268267886,-0.6490092589065074,0.5649285763853479,-0.1926696694971758,0.21108621157911492
372.87325750851403,18.581834683740496,8.229368153549629,-0.7081567712245939,0.27149070512998524,-0.20707487614803644,0.09853762489435378
372.973257508514,18.509983632237322,8.257009912187089,-0.7288642588393904,0.2813444676194173,-0.20707487614803644,0.09853762489435378
373.07325750851396,19.04136558379663,8.34826591267852,-0.2420769064409016,0.34130173182766405,-0.022458812335059475,0.11611962635374641
373.173257508514,19.017045599090856,8.382976683993064,-0.24432278767440807,0.3529136944630413,-0.022458812335059475,0.11611962635374641
373.273257508514,18.986785389239067,8.46441849374902,-0.25416323902790555,0.4064773708265412,-0.02601094173454599,0.13241925230625254
373.373257508514,18.96123901062761,8.505728327093191,-0.2567643332013593,0.4197192960571619,-0.02601094173454599,0.13241925230625254
373.47325750851394,18.658444261450697,8.268592936783403,-0.4899873222023556,0.20287632677942752,-0.10945259792038017,0.049958426351710855
373.57325750851396,18.881646158286376,8.048634999009709,-0.2711431667724624,0.007767840871464515,-0.0255611239860654,-0.02240023894368824
373.673257508514,18.886076291613353,8.160572875049565,-0.24733595920650098,0.09701517282905577,-0.016026325321759405,0.010375597616797412
373.77325750851395,18.802707232692768,8.063809699778819,-0.29940898400338883,0.007410003411324764,-0.03477539628635663,-0.022971436679908704
373.8732575085139,18.70634235713706,8.182204457239024,-0.35794696362673284,0.10179666228839912,-0.05466371549275122,0.011623211787697527
373.97325750851394,18.670274342196915,8.192442239526804,-0.3634133351760092,0.10295898346716914,-0.05466371549275122,0.011623211787697527
374.07325750851396,18.616931165087205,7.956182439487517,-0.38325811539516036,-0.1018507380737744,-0.05998928380584394,-0.0630655116351841
374.1732575085139,18.57830540712867,7.945682038121967,-0.3892570437757427,-0.10815728923729066,-0.05998928380584394,-0.0630655116351841
374.2732575085139,18.538230060104876,7.779004471433007,-0.39371295594807104,-0.2410377423017448,-0.058792811999933484,-0.10805168129550581
374.3732575085139,18.498564800450062,7.75436043879635,-0.39959223714806574,-0.2518429104312978,-0.058792811999933484,-0.10805168129550581
374.47325750851394,18.25172413763085,8.03942682808572,-0.5774773453996984,-0.007050803736982785,-0.12102650014795388,-0.016447395674135654
374.5732575085139,18.363859913039256,8.258915379007886,-0.4459437415958125,0.1745851413698792,-0.06858780521670774,0.04982776096046433
374.67325750851387,18.48343692713412,8.287461681095962,-0.3158642534851706,0.1884793202440197,-0.019061462457048817,0.05302031886378992
374.7732575085139,18.275991288805116,8.120465357358176,-0.4692659690837927,0.03540730768995174,-0.07534002604978496,-0.005244748168894399
374.8732575085139,18.000177354749162,8.02406125298523,-0.6667150991317441,-0.04714675839366459,-0.14393905426444942,-0.03459594039668397
374.9732575085139,17.932786149564688,8.019173597443883,-0.6811090045581841,-0.05060635243333181,-0.14393905426444942,-0.03459594039668397
375.07325750851385,18.276921907650454,8.33853110959234,-0.3498044744415033,0.21316408265453496,-0.018325988074340424,0.06127679850150326
375.17325750851387,18.241849830265924,8.360153901850305,-0.3516370732489378,0.21929176250468668,-0.018325988074340424,0.06127679850150326
375.2732575085139,18.270887969350248,8.152935983170826,-0.2958558630045362,0.03539934498137116,0.0036788583494663796,-0.007202091400210881
375.37325750851386,18.241320777341553,8.156439907211961,-0.2954879771695897,0.034679135841350316,0.0036788583494663796,-0.007202091400210881
375.4732575085138,18.30374184789984,8.281977749322532,-0.21856080656799026,0.13437995368046393,0.03137888883490561,0.028788106242261392
375.57325750851385,18.25678615273492,8.486688699595573,-0.23670146315434337,0.29628778954469326,0.023610521693540158,0.08629374889064051
375.67325750851387,18.334245279724833,8.594851465378163,-0.15026079370593365,0.36913208524473434,0.0540195226693338,0.10929908913296675
375.77325750851384,18.417412336114825,8.613610677794123,-0.06045637916732334,0.36414838012741,0.08537390062658479,0.103444545280771
375.8732575085138,18.37826613901849,8.277471083040522,-0.079783625842064,0.06821440479996546,0.0753089467312502,-0.006145627376369242
375.9732575085138,18.370664321167936,8.284261795383639,-0.07225273116893727,0.0675998420623284,0.0753089467312502,-0.006145627376369242
376.07325750851385,18.362716929348036,7.830264458602747,-0.06702110166832757,-0.31195557488855225,0.07410161419400647,-0.14199723142687476
376.1732575085138,18.356385327252173,7.798358914956768,-0.059610940248929455,-0.3261552980312349,0.07410161419400647,-0.14199723142687476
376.2732575085138,18.387325728178045,8.035691906821247,-0.019230821115405555,-0.10947419891235848,0.08675579099041016,-0.05690438795129028
376.3732575085138,18.385836425021456,8.024459964990253,-0.010555242016362567,-0.1151646377074888,0.08675579099041016,-0.05690438795129028
376.4732575085138,18.511276611526966,8.249467368500286,0.10308016984168311,0.07389828144851839,0.1247314666518599,0.01289386103149473
376.5732575085138,18.14085877883125,8.420019748735497,-0.20573268704216546,0.21089353726917956,0.007436436477543093,0.06196574107028352
376.67325750851376,18.056892799732925,8.729396275285831,-0.2577867529467833,0.45386150878607634,-0.01165886453898236,0.1467903657568
376.7732575085138,18.061733058448386,8.608435613194711,-0.23251112312471167,0.32635932005852203,-0.001836197370683643,0.09448256082353831
376.8732575085138,17.730940151925417,8.626767318904724,-0.4882850129497976,0.3236764861600484,-0.09415766952106479,0.09014190828021176
376.97325750851377,17.681640862282848,8.659585677062118,-0.49770077990190087,0.3326906769880665,-0.09415766952106479,0.09014190828021176
377.07325750851373,17.729776139978917,8.739121462286672,-0.42451342499478584,0.37995863866960194,-0.06407520541517528,0.1040101940900425
377.17325750851376,17.68700442145235,8.777637377124092,-0.43092094553630483,0.39035965807860856,-0.06407520541517528,0.1040101940900425
377.2732575085138,17.592351009846205,8.823411485252986,-0.4735897891664088,0.4068869881673154,-0.07538072745466494,0.10649182612893537
377.37325750851375,17.544615127292307,8.864632643200348,-0.48112786191187273,0.4175361707802053,-0.07538072745466494,0.10649182612893537
377.4732575085137,18.001753754766312,8.795003099360839,-0.06767711682288596,0.33614493673680224,0.07693787274630216,0.07350518093913963
377.57325750851373,18.240738561366108,8.863123905535204,0.14673845113564193,0.3719006552291171,0.15240781925863517,0.08377663485141024
377.67325750851376,18.10547660543245,8.80314102581309,0.036541517957852564,0.3000395288838146,0.10704087154372487,0.055030657477776405
377.7732575085137,17.979140087931945,8.849408407132824,-0.0652581053016356,0.3191481856354191,0.06524725838401749,0.060036090499697506
377.8732575085137,17.986256621479505,8.776879851966484,-0.047666365952644126,0.23916109868867824,0.06924476180718848,0.02926756649481465
377.9732575085137,17.981836208693274,8.800942299667831,-0.0407418897719237,0.24208785533816038,0.06924476180718848,0.02926756649481465
378.07325750851373,17.74935208667544,8.690109039415443,-0.22183309635727994,0.12973826231375782,0.0018649872113344831,-0.013163073026201344
378.1732575085137,17.727178101975774,8.703017050281684,-0.22164659763614655,0.12842195501113812,0.0018649872113344831,-0.013163073026201344
378.27325750851367,17.721258354695735,8.430965820211437,-0.20962264216362952,-0.10633995314095429,0.005671802794596843,-0.09660968926377665
378.3732575085137,17.70032444949334,8.419848776451019,-0.2090554618841697,-0.11600092206733416,0.005671802794596843,-0.09660968926377665
378.4732575085137,18.085375990135518,8.556461222389562,0.12949012941521915,-0.0033732976860675733,0.12795628229577663,-0.05278230793778424
378.5732575085137,17.939072297279665,8.792784719580022,0.007576738049605331,0.1884818598869134,0.07877674025649985,0.018502051432306807
378.67325750851364,17.966784187937662,8.840099945430326,0.03756267520480723,0.21366125103215428,0.08677261627064123,0.02685985760530904
378.77325750851367,17.833575665488045,8.936105402251066,-0.07218760432467858,0.2797490102694666,0.04277837977528439,0.0501850722556495
378.8732575085137,17.487493393719696,8.996090029281106,-0.34971690271904826,0.31084035216756006,-0.05901285697006827,0.0595142517697647
378.97325750851365,17.452226639162955,9.027471635756699,-0.3556181884160531,0.3167917773445345,-0.05901285697006827,0.0595142517697647
379.0732575085136,17.411065762607574,9.073972617579583,-0.3651067830756115,0.3366319430910931,-0.06008648583701651,0.06501818997487593
379.17325750851364,17.37425465187082,9.107960902838576,-0.37111543165931454,0.3431337620885822,-0.06008648583701651,0.06501818997487593
379.27325750851367,17.253457753721126,9.35417677509764,-0.4545697774105242,0.5316512387255299,-0.09038351999847508,0.13251863714231646
379.37325750851363,17.207548858380097,9.408004492155886,-0.4636081294103686,0.544903102439757,-0.09038351999847508,0.13251863714231646
379.4732575085136,17.380039114373382,9.520731200236318,-0.2900536520742341,0.6055041830574359,-0.024319332559348233,0.14948826716736827
379.5732575085136,17.28810990422961,9.4528691047603,-0.3453963220444737,0.5129853820584315,-0.04363597377899266,0.11062746810025152
379.67325750851364,17.221176739632206,9.379010725011746,-0.37654200667344867,0.4206908819579313,-0.05332222763822217,0.07359917932160029
379.7732575085136,17.13796216919403,9.270078295723076,-0.420914120625974,0.29923942586969904,-0.06782502140507476,0.026210079874227868
379.8732575085136,17.386642719335725,9.069528767480456,-0.18575427833807612,0.11254240435871044,0.01956669896618421,-0.04153022932622527
379.9732575085136,17.368165124996743,9.080575356769698,-0.18379760844145726,0.10838938142608696,0.01956669896618421,-0.04153022932622527
380.0732575085136,16.947238262493688,8.89975718978949,-0.5196350072980463,-0.04994526575991432,-0.10337257486000899,-0.09591814855231977
380.1732575085136,16.8947578988896,8.894283072470738,-0.5299722647840437,-0.059537080615143026,-0.10337257486000899,-0.09591814855231977
380.27325750851355,17.06458592560164,8.996693165547743,-0.3452960759856361,0.02112105018588238,-0.030239950100094448,-0.06336269685173151
380.3732575085136,17.029905118252568,8.998488457082072,-0.3483200709956462,0.014784780500707789,-0.030239950100094448,-0.06336269685173151
380.4732575085136,16.896780341936708,9.205300590208768,-0.4330572570908511,0.17757731342379432,-0.05980472321705162,-0.002748110285401388
380.57325750851356,16.816803726940385,9.030572066501295,-0.469680935049922,0.017155616970939848,-0.07099193862690259,-0.06065797642816366
380.67325750851353,16.985593468447842,9.012121074844574,-0.2968923803774127,-0.005241509317577892,-0.005932095376361676,-0.06650876262175949
380.77325750851355,16.90718622090363,8.969465296775045,-0.33945136854889113,-0.04746227832485943,-0.021521816921694793,-0.07959475908324684
380.8732575085136,16.795370970371792,8.91803229078514,-0.40623194637485444,-0.09342320009794987,-0.044866166734915724,-0.0931921417507281
380.97325750851354,16.754523444900645,8.908224010066595,-0.4107185630483445,-0.1027424142730195,-0.044866166734915724,-0.0931921417507281
381.0732575085135,17.111777598694566,9.03918925321548,-0.08044198128995247,0.0040801595372914595,0.07707875806322764,-0.0516653498857197
381.17325750851353,17.104118794355887,9.03933894241978,-0.07273410548362796,-0.0010863754512816853,0.07707875806322764,-0.0516653498857197
381.27325750851355,17.061234310675523,9.07985070869744,-0.09337735422713506,0.020601383901246873,0.06727938731726496,-0.04394981159791047
381.3732575085135,17.052232972189397,9.081691098029575,-0.08664941549541086,0.016206402741457324,0.06727938731726496,-0.04394981159791047
381.4732575085135,17.196344005015305,9.09824936266319,0.047000523648700755,0.024276982368962047,0.11320122803733218,-0.03948224130954599
381.5732575085135,17.10344817869888,9.049004820912767,-0.024380495400753443,-0.02250090774558941,0.0830087116439406,-0.05496964974385786
381.67325750851353,16.931434741969,8.662231324175647,-0.15757608631048772,-0.3439222668464153,0.031833811085063515,-0.16815126058979366
381.7732575085135,16.81181776185289,8.51607083127339,-0.24404904256280863,-0.45513371254473706,-0.0014723107058617763,-0.20287922318529483
381.87325750851346,16.83411813717452,8.684832307746891,-0.20537341046399463,-0.2986768980319149,0.01255085175512702,-0.13963779206418223
381.9732575085135,16.813643550386892,8.654266428983371,-0.20411832528848164,-0.3126406772383363,0.01255085175512702,-0.13963779206418223
382.0732575085135,17.02186833674392,8.84382538157293,-0.009912021459677012,-0.14411333405337956,0.08309554706297653,-0.07413490126730121
382.1732575085135,17.021292612333266,8.829043373661262,-0.001602466753382192,-0.15152682418010716,0.08309554706297653,-0.07413490126730121
382.27325750851344,17.146323198627023,9.029566610106755,0.10032415602078791,0.024393860272663426,0.11405764618766272,-0.006827232320671152
382.37325750851346,17.156925902460042,9.031971859972417,0.11172992063955678,0.023711137040596155,0.11405764618766272,-0.006827232320671152
382.4732575085135,17.34121768736822,8.931077224398383,0.26680048505395226,-0.061870197120448986,0.16603722444721894,-0.037254304008959446
382.57325750851345,17.200858398006698,9.011924230891214,0.14197455441588586,0.006976079991431926,0.11440411487306153,-0.011012033628978426
382.6732575085134,17.377864492863626,9.006860547745504,0.28845731789826373,0.0011832843561060738,0.1632447631358046,-0.012692821756448236
382.77325750851344,17.281320927609286,8.86536220360022,0.1960019103929085,-0.12054396107127709,0.12283450140165303,-0.05700874061980357
382.87325750851346,17.178617280761138,9.02104420122067,0.10612823597289424,0.011694730311284516,0.08593444207310655,-0.007652274999774812
382.9732575085134,17.18965977656879,9.0221754128768,0.11472168018020196,0.010929502811307296,0.08593444207310655,-0.007652274999774812
383.0732575085134,16.804654805311504,9.05621059815917,-0.20859326688274327,0.038532048589631114,-0.034574486523050306,0.0028531013690247242
383.1732575085134,16.78362260619061,9.06007806852498,-0.2120507155350491,0.03881735872653365,-0.034574486523050306,0.0028531013690247242
383.27325750851344,16.831368755553825,9.34803191226899,-0.1586045545564814,0.27419055191879443,-0.014168475445723576,0.08753066785410725
383.3732575085134,16.815437457720954,9.375888620800131,-0.16002140210105328,0.28294361870420215,-0.014168475445723576,0.08753066785410725
383.47325750851337,16.50733576526916,9.540031628284193,-0.4045829018191334,0.40305990845540024,-0.10214100938601528,0.12744247243538237
383.5732575085134,16.326055845514215,9.312476489101325,-0.533008604887103,0.1923999289317933,-0.1452976775432209,0.046658454478768346
383.6732575085134,16.26445719789077,9.293357371750032,-0.5538405626017304,0.16533558011279628,-0.1475769850240868,0.03529094197784311
383.7732575085134,16.320796298642502,9.363545887809122,-0.47166510800024414,0.21437343853691043,-0.11156762419258659,0.05203340257225796
383.87325750851335,16.084526416632396,9.391074887028445,-0.639522011002985,0.2243642212870553,-0.168169104600505,0.0537464081196382
383.97325750851337,16.019733370009078,9.413780041197755,-0.6563389214630393,0.22973886209902034,-0.168169104600505,0.0537464081196382
384.0732575085134,16.10522326050723,9.028056964432398,-0.5464573174579934,-0.10459161888291046,-0.12227009284049783,-0.06894039075276788
384.17325750851336,16.04996617829725,9.017253100590349,-0.558684326742039,-0.11148565795818491,-0.12227009284049783,-0.06894039075276788
384.2732575085133,16.420015613863704,9.294725258218232,-0.21165602589049384,0.1241530721982777,0.008893573270050241,0.019367892740038715
384.37325750851335,16.398894479141,9.307237404901763,-0.2107666685634886,0.12608986147228202,0.008893573270050241,0.019367892740038715
384.47325750851337,16.409565237806184,9.059791051332432,-0.18348126060324438,-0.08592485088944164,0.018443968228213686,-0.05731083741649335
384.57325750851334,16.3826399911414,9.148366826874833,-0.18894076137030538,-0.01056859027209167,0.015777462751062694,-0.02798927274628184
384.6732575085133,16.35690752841937,9.082962715752146,-0.1931208085166622,-0.06615796725584204,0.013695046685934811,-0.046901734862040884
384.7732575085133,16.136431929248268,8.814834777479483,-0.365198493243556,-0.2931883606409933,-0.05073824809668555,-0.1286996573830372
384.87325750851335,15.938738007580714,8.98021763688731,-0.5040132024348352,-0.14568693835392252,-0.0990466415599976,-0.0713168109603883
384.9732575085133,15.887841454129447,8.965292358997122,-0.5139178665908315,-0.15281861944995892,-0.0990466415599976,-0.0713168109603883
385.0732575085133,15.744285936903841,8.686408547067579,-0.5992960683967384,-0.37642007799107174,-0.12613024221724492,-0.14890963733111198
385.1732575085133,15.683725678853067,8.648021991081807,-0.6119090926184658,-0.39131104172418635,-0.12613024221724492,-0.14890963733111198
385.2732575085133,15.75069309916345,8.565150678109356,-0.5159664037596302,-0.4443673704949223,-0.08647430451886262,-0.1633809093143294
385.3732575085133,15.69866408726491,8.519897036513308,-0.5246138342115135,-0.46070546142634966,-0.08647430451886262,-0.1633809093143294
385.47325750851326,15.824342750337088,8.799278286930525,-0.3845809226298567,-0.20871722598059528,-0.03268004534483572,-0.06721462014660494
385.5732575085133,16.088703540642058,8.772595408297004,-0.1325871135390302,-0.2199942344415689,0.060510886724410226,-0.0688619271436414
385.6732575085133,16.234748177527777,8.862774874815312,0.005812894372751719,-0.1343652492988367,0.1083774035395108,-0.03571786782996037
385.77325750851327,16.249788821538825,9.248644511836815,0.02864646893022299,0.20201371466409376,0.11283369437992737,0.08934841654768735
385.87325750851323,16.277842636508847,9.248466802224323,0.060395668752877024,0.19385130348690485,0.12022613380746118,0.0832308101243393
385.97325750851326,16.28448333405317,9.26826808662364,0.07241828213362587,0.20217438449934066,0.12022613380746118,0.0832308101243393
386.0732575085133,16.375190086491294,9.60816383044628,0.15173329806116154,0.4736540547224575,0.14411852523884217,0.17772682549830557
386.17325750851325,16.3910840089236,9.656417870046,0.16614515058504084,0.491426737272282,0.14411852523884217,0.17772682549830557
386.2732575085132,16.17663305857555,9.480101576193697,-0.01839219962005983,0.3291017030489791,0.07043930693494999,0.1148843149200931
386.37325750851323,16.175146035148217,9.513586168073203,-0.01134826892656323,0.340590134540991,0.07043930693494999,0.1148843149200931
386.47325750851326,16.06091834311273,9.687607720910446,-0.09875929807308641,0.4667126129561748,0.03626441521483205,0.15596836005916043
386.5732575085132,16.01813813463863,9.938680245913806,-0.12300739222611975,0.6517327903110316,0.026087985283488758,0.2172326362452559
386.6732575085132,16.233048969810113,9.709872269632918,0.0686189703472849,0.43085528538991363,0.09444980085185574,0.13031960804309922
386.7732575085132,15.926601336772997,9.698722234229187,-0.19239288251627062,0.3971797514472093,-0.006021269933995654,0.11313614012081791
386.87325750851323,15.934005128874853,9.817594053272947,-0.1708269313923353,0.4730114248595958,0.0019860364702452334,0.13622149181378435
386.9732575085132,15.916932365917976,9.865576303217958,-0.17062832774531084,0.4866335740409696,0.0019860364702452334,0.13622149181378435
387.07325750851317,15.82408871739609,9.723751866158324,-0.23812457441531898,0.34306203951459735,-0.023757098151851647,0.0798777994052798
387.1732575085132,15.800157474463795,9.758457459106818,-0.24050028423050468,0.35104981945512714,-0.023757098151851647,0.0798777994052798
387.2732575085132,16.10675081526578,9.72029944682286,0.03337803841302564,0.2955239598249571,0.07644728190179265,0.05628508308419158
387.3732575085132,16.11047085551659,9.750133268220766,0.041022766603202296,0.3011524681333743,0.07644728190179265,0.05628508308419158
387.47325750851314,15.643825921574946,9.652094564502926,-0.34359738072341633,0.20115456334192522,-0.06547866533377764,0.01842931125942781
387.57325750851317,15.582579495688748,10.083606537897541,-0.3725213862734801,0.5452235731851799,-0.0736477417085808,0.1421798691087147
387.6732575085132,15.468402594322873,10.218988619578292,-0.4436102021522717,0.6253389290647132,-0.09669475963264068,0.16578795543900826
387.77325750851315,15.806902429707003,10.159125754241668,-0.1228650391171138,0.5370559785272964,0.02604982855746013,0.12720981161386236
387.8732575085131,15.384296564430581,9.982100156375008,-0.46138461442612977,0.3598327615510239,-0.09716738697105576,0.059245451606687344
387.97325750851314,15.337672266053103,10.018379659788152,-0.47110135312323753,0.365757306711694,-0.09716738697105576,0.059245451606687344
388.07325750851317,15.503016050243048,9.548841489741926,-0.2998657501017689,-0.04554149041682572,-0.030689167089176503,-0.09052192168450687
388.17325750851313,15.472876029397435,9.543834731091824,-0.30293466681068554,-0.05459368258527332,-0.030689167089176503,-0.09052192168450687
388.2732575085131,15.725340299243397,9.324825424758988,-0.0659519024334547,-0.24547539358636905,0.05744740582039372,-0.15755023802340107
388.3732575085131,15.719032346029152,9.299490134210227,-0.06020716185141402,-0.2612304173887127,0.05744740582039372,-0.15755023802340107
388.47325750851314,15.605283379165144,9.211794133316971,-0.14439668903468403,-0.32697574518225975,0.02490815252958345,-0.1754664152919821
388.5732575085131,15.450850519470379,9.315071283537453,-0.25995471131644404,-0.23065454059338805,-0.018189093561835804,-0.1342912671822227
388.6732575085131,15.547591542358141,9.105120076185148,-0.15953464135719744,-0.3971867506227622,0.018787587854890743,-0.18914126900798806
388.7732575085131,15.444076467852554,9.139484802375083,-0.23320852318672083,-0.3522531302113337,-0.00927920055096143,-0.16565198267841527
388.8732575085131,15.259658503120031,8.989160644042823,-0.36798564926231353,-0.46263037492927467,-0.05762672075084819,-0.19921908164989038
388.9732575085131,15.222571804590059,8.941901511141662,-0.3737483213373964,-0.4825522830942569,-0.05762672075084819,-0.19921908164989038
389.07325750851305,15.457449173100162,8.975141067456475,-0.15131229014578232,-0.4336420192820652,0.025305726253656347,-0.17427654332369108
389.1732575085131,15.442444472716849,8.930905482811639,-0.1487817175204161,-0.4510696736144383,0.025305726253656347,-0.17427654332369108
389.2732575085131,15.46010451274966,9.266080976919584,-0.11542268473632572,-0.14482448241069854,0.037550313140357866,-0.0553830124345836
389.37325750851306,15.448749995841734,9.251321613616346,-0.11166765342229121,-0.150362783654155,0.037550313140357866,-0.0553830124345836
389.47325750851303,15.329618026424297,9.317536003424092,-0.19796134640339708,-0.08885206415561399,0.004969648159570253,-0.03135310972565381
389.57325750851305,15.100620247747859,9.39683775059446,-0.37373717676357704,-0.01848092407425887,-0.059383988789156766,-0.004772831689746557
389.6732575085131,15.244981355862649,9.44065820824923,-0.22815617603064423,0.01860952850760812,-0.004584101256872836,0.008686011397924836
389.77325750851304,15.193854346793279,9.761223391440325,-0.2529971691327543,0.2906498776044266,-0.013641902435187012,0.10844882371931121
389.873257508513,14.991569828798024,9.721597501161158,-0.40139668986824173,0.24465685327285605,-0.06675236772976062,0.08811152470662222
389.97325750851303,14.951096397972542,9.746503744111982,-0.40807192664121933,0.2534680057435203,-0.06675236772976062,0.08811152470662222
390.07325750851305,14.87164729072269,9.346382507550356,-0.44617863131397106,-0.08709552068042715,-0.07800169021425593,-0.03688959582009128
390.173257508513,14.826639419140237,9.337488507503217,-0.453978800335394,-0.09078448026243502,-0.07800169021425593,-0.03688959582009128
390.273257508513,14.912842142507175,9.29313540670394,-0.35846024630368484,-0.12934243721698174,-0.04248159450058228,-0.05108417245873098
390.373257508513,14.876783709904295,9.279945742119944,-0.362708405753744,-0.134450854462856,-0.04248159450058228,-0.05108417245873098
390.47325750851303,15.210565263691063,9.216988463136474,-0.058672127630696,-0.18006848640272388,0.06905926360685449,-0.06560239326403633
390.573257508513,15.329236722784126,9.125989571675852,0.05286640624648063,-0.24708888158035863,0.10725851511578367,-0.08746506966289067
390.67325750851296,15.420081659559324,9.131876762825327,0.13436278673064495,-0.2303201084844259,0.1328540298698892,-0.0783240835525496
390.773257508513,14.967216956008407,9.251137370463944,-0.25484153937331255,-0.11673207718931532,-0.01666548354444669,-0.03365407414308961
390.873257508513,14.845724410069774,9.05681695895223,-0.3362313824643263,-0.26990613499928323,-0.045462244595742815,-0.08725744369850617
390.973257508513,14.811873960600375,9.029390058233817,-0.3407776069238991,-0.27863187936913086,-0.045462244595742815,-0.08725744369850617
391.07325750851294,14.162822801833792,9.60721980213572,-0.8573746923408568,0.21336644972741725,-0.23083123881381878,0.09284587993959713
391.17325750851296,14.075931176405618,9.629020676508166,-0.880457816222244,0.22265103772137906,-0.23083123881381878,0.09284587993959713
391.273257508513,14.041262225081145,9.858320157716506,-0.8543718420011657,0.40795805077106234,-0.21197177315952698,0.1576688509160037
391.37325750851295,13.95476518201526,9.899904307048176,-0.8755690193171112,0.42372493586265736,-0.21197177315952698,0.1576688509160037
391.4732575085129,13.91697541026957,9.982316073466626,-0.854447376063113,0.47177213909819826,-0.19666033675480427,0.16923789242963289
391.57325750851294,13.996242395118605,9.95679001756479,-0.7345157673275579,0.42749905117643294,-0.145696057271734,0.1471088141426851
391.67325750851296,14.043926648938736,9.76460525483849,-0.6476480817849539,0.2484448099425199,-0.10900932166293613,0.07769141835175045
391.7732575085129,13.878451439349586,9.59041805173598,-0.7448841883861737,0.08651278923794845,-0.14108167615806375,0.015259157776223206
391.8732575085129,13.897098241170044,9.48134717088357,-0.6810014350712875,-0.008669596134359274,-0.11291066388827783,-0.019344256592207933
391.9732575085129,13.828433544343456,9.480383489987172,-0.6922925014601179,-0.010604021793580507,-0.11291066388827783,-0.019344256592207933
392.07325750851294,14.02679088114007,9.406324523526651,-0.47751673841839454,-0.07338868144757324,-0.030337099199156836,-0.04139955554242468
392.1732575085129,13.978887521802251,9.398778657604185,-0.4805504483383092,-0.0775286370018143,-0.030337099199156836,-0.04139955554242468
392.27325750851287,14.437453258027741,9.576524110005433,-0.06372515144788557,0.07683655944104131,0.12099547302287951,0.01704380752105055
392.3732575085129,14.431685720248066,9.584292984987146,-0.05162560414559487,0.07854094019314675,0.12099547302287951,0.01704380752105055
392.4732575085129,14.153765993191092,9.274904925802199,-0.2671288273139791,-0.18072757582313645,0.03864617078179636,-0.07648706361789465
392.5732575085129,14.007065699122649,9.176699826983318,-0.3645160999679608,-0.2547322451597618,0.0016811510481189312,-0.10048169157126798
392.67325750851285,14.289450944522379,9.090150966815841,-0.09896188380839893,-0.31458296976511124,0.09766310799678854,-0.11832372452178364
392.77325750851287,14.293384244800512,9.141420988001153,-0.07769646225662727,-0.2555123228392666,0.10193487276513051,-0.09223883673933286
392.8732575085129,14.537885722987877,9.048955843592914,0.1417358967653725,-0.3192915012155261,0.17751380878637274,-0.11175938922685606
392.97325750851286,14.55294688170834,9.016467896525239,0.15948727764400372,-0.3304674401382079,0.17751380878637274,-0.11175938922685606
393.0732575085128,14.50188798664018,9.500043736966122,0.1189841379991264,0.08199093164024278,0.15596399848566064,0.039645028861138874
393.17325750851285,14.514566220432524,9.508441055274455,0.134580537847696,0.08595543452635757,0.15596399848566064,0.039645028861138874
393.27325750851287,13.831180211312278,9.463133244788565,-0.4400029789706401,0.04503872086755487,-0.06023540152674567,0.023449163044024276
393.37325750851284,13.786878736407594,9.46775436269054,-0.44602651912331265,0.0473836371719565,-0.06023540152674567,0.023449163044024276
393.4732575085128,13.77876906167008,9.30406148246718,-0.42141505142055496,-0.08888724668845316,-0.04915130305189902,-0.026229775664095564
393.5732575085128,13.441077441303314,9.519794744948337,-0.6751233635591778,0.09549577407219265,-0.13998066831515588,0.04139247188897559
393.67325750851285,13.442964926524645,9.506579475285243,-0.630771892568231,0.08074788471784308,-0.11887744246801461,0.03462605379029301
393.7732575085128,13.551138018470802,9.302641498282512,-0.49454216193939193,-0.09635398532473019,-0.06385379547561561,-0.03180276856715638
393.8732575085128,13.682663432465047,9.528904390312492,-0.35025007636000055,0.09426030646173716,-0.009427758852145827,0.03753930115564073
393.9732575085128,13.647591286034778,9.538518117464447,-0.35119285224521535,0.09801423657730209,-0.009427758852145827,0.03753930115564073
394.0732575085128,13.831451992034108,9.24188439110397,-0.17119037724188266,-0.1516257918135793,0.05567236261583082,-0.053627764967282776
394.1732575085128,13.814611316123004,9.226453673097781,-0.16562314098030148,-0.15698856831030575,0.05567236261583082,-0.053627764967282776
394.27325750851276,13.43883510763854,9.527433380420797,-0.4650859748228691,0.11100035611817528,-0.05632116077309756,0.04793056844303842
394.3732575085128,13.392044904352378,9.538773068874832,-0.47071809090018013,0.11579341296248022,-0.05632116077309756,0.04793056844303842
394.4732575085128,13.72731022489485,9.669207062384423,-0.15777981920313316,0.2181365165215386,0.05894127251644297,0.0828918267263976
394.57325750851277,13.853151317496934,9.852922152226439,-0.032820266101564466,0.36079104896810393,0.10240965446747605,0.13147896845581453
394.67325750851273,14.093121074903587,9.688091586839638,0.1794721540154581,0.2082130071019349,0.17548542575505602,0.07210676089260709
394.77325750851276,14.110468107753286,9.936678085775645,0.1957471056395312,0.4089389203646882,0.1750123038699888,0.1433001076660661
394.8732575085128,13.826907744762794,9.944655914921677,-0.03941440344214147,0.39565780450903604,0.0837482817408515,0.13342050845556863
394.97325750851275,13.823385045827285,9.984888797914843,-0.03103957526805918,0.4089998553545883,0.0837482817408515,0.13342050845556863
395.0732575085127,13.709209607437032,9.947338444546736,-0.11729594519312689,0.3550774918007821,0.049012218914012785,0.10871402641509997
395.17325750851273,13.697725074012288,9.983389763858897,-0.1123947233017245,0.36594889444229456,0.049012218914012785,0.10871402641509997
395.27325750851276,13.683565414633774,9.700008548010365,-0.10330698849364875,0.1078041683718941,0.05246149160977815,0.010763079561462614
395.3732575085127,13.673497023242462,9.710842780245358,-0.09806083933267272,0.10888047632804,0.05246149160977815,0.010763079561462614
395.4732575085127,13.843997483405794,9.935146882489521,0.05709109585069833,0.28542781672356804,0.1066991305247969,0.07365067718916699
395.5732575085127,13.678878209384871,10.05434719672806,-0.07661094473824415,0.36791814004382273,0.053991846448793394,0.10081632255459974
395.67325750851273,13.750334401784361,9.955326916454394,-0.005580901602551633,0.26592230469814143,0.07772850111583637,0.06066396788217992
395.7732575085127,13.682486409984877,9.9588619542267,-0.056141982676796064,0.2521095352626662,0.05605823135230656,0.05335051600520089
395.87325750851267,13.5920789976413,9.696530403245255,-0.121240726292507,0.021163523799479157,0.030519114828205532,-0.031193741678860694
395.9732575085127,13.580107520586187,9.698490786916809,-0.11818881480968575,0.018044149631592378,0.030519114828205532,-0.031193741678860694
396.0732575085127,13.445155929576927,9.691708487773353,-0.21819668138195794,0.008709189439467054,-0.00688999297987368,-0.03322795019076988
396.1732575085127,13.42330181147384,9.692413266966344,-0.21888568067994507,0.005386394420391199,-0.00688999297987368,-0.03322795019076988
396.27325750851264,13.353305531668108,9.988647899986038,-0.25722197815295905,0.2510826270308336,-0.019837890213056233,0.05763504129283631
396.37325750851267,13.32748414440174,10.01404433789559,-0.25920576717426513,0.25684613116011856,-0.019837890213056233,0.05763504129283631
396.4732575085127,13.062540362073447,9.657417822522577,-0.4601189588287989,-0.052043487388229906,-0.09181283791780671,-0.055134449466771485
396.57325750851265,13.295762096704145,9.67064165374727,-0.23365984857127423,-0.04199437949554939,-0.005785289798692014,-0.049506957246868315
396.6732575085126,13.10735090126634,9.5549877867168,-0.37159446451744316,-0.1383780031973092,-0.05546274454647594,-0.08226329472889055
396.77325750851264,13.163510609725856,9.834809819668118,-0.2964674616502564,0.10364228576893865,-0.025493708571457267,0.009801260732711065
396.87325750851267,13.091268909168697,9.805997673441624,-0.33431154829185966,0.07241978277865325,-0.03824247290912,-0.0017212342753613625
396.97325750851263,13.057646541974979,9.81323104554811,-0.33813579558277035,0.07224765935111718,-0.03824247290912,-0.0017212342753613625
397.0732575085126,13.479679996054518,9.895375387442355,0.03672625718611868,0.13462181412517066,0.09853005267142512,0.020950046541771076
397.1732575085126,13.483845272036488,9.908942319087583,0.04657926245326344,0.13671681877934824,0.09853005267142512,0.020950046541771076
397.27325750851264,13.186261390562217,9.913640425224779,-0.19507857389688005,0.1333884996319113,0.007677842719366797,0.019582868373406906
397.3732575085126,13.166791922386132,9.927077189529832,-0.19431078962494364,0.13534678646925133,0.007677842719366797,0.019582868373406906
397.4732575085126,13.307073735665773,9.880985308280453,-0.06059716753492715,0.08818712631137843,0.0557791771518799,0.001979337784954488
397.5732575085126,13.110545805963168,9.952450369301955,-0.21572321077702916,0.14050176194811687,-0.002890592901608556,0.020824982022228704
397.6732575085126,12.888889407182178,9.674086179571933,-0.38254602108174157,-0.09792081171690042,-0.06312070765461432,-0.06533725159011536
397.7732575085126,12.832184632173183,9.56417902913165,-0.40448875788246347,-0.18937175990035116,-0.06892728956470003,-0.09657789906635844
397.87325750851255,12.813292001962305,9.276092577893198,-0.3931796698241173,-0.4195950030435253,-0.06235263184380342,-0.17549891911274737
397.9732575085126,12.773662271820665,9.233255582993273,-0.39941493300849906,-0.437144894954804,-0.06235263184380342,-0.17549891911274737
398.0732575085126,12.612814081776772,9.698354326607703,-0.5077268898886862,-0.032984406276987156,-0.09974660840829222,-0.023639742805745545
398.17325750851256,12.561542659745879,9.694937687265977,-0.517701550729512,-0.035348380557560906,-0.09974660840829222,-0.023639742805745545
398.27325750851253,12.63384357621196,10.133617958282484,-0.41614260286712984,0.3292821349762484,-0.05717261718187763,0.10880719267489583
398.37325750851255,12.591943452839327,10.16709020774349,-0.4218598645853189,0.3401628542437405,-0.05717261718187763,0.10880719267489583
398.4732575085126,12.351267553415774,10.133513321682198,-0.5926028691135906,0.2950069187465872,-0.11688083050513944,0.08872404534139423
398.57325750851254,12.354342068491048,10.204620931157407,-0.551281678741236,0.33812927260673364,-0.09752821552355503,0.10110898792464369
398.6732575085125,12.468544749496557,10.223177749914392,-0.41968115812017615,0.33528113560180683,-0.04640507701284002,0.09646634375462114
398.77325750851253,12.265426985974285,10.031617009151503,-0.5630208300236283,0.1529727734626904,-0.09792994844080259,0.02584700219078341
398.87325750851255,12.533043685571187,9.85127298147065,-0.30319806616200856,-0.0051631083621078155,-0.0005423454225349095,-0.03166079012766793
398.9732575085125,12.502721167227882,9.850598366683801,-0.303252300704262,-0.00832918737487353,-0.0005423454225349095,-0.03166079012766793
399.0732575085125,12.614580601766106,9.36342897776201,-0.18351321977781127,-0.4128637315365402,0.04319247390710183,-0.17595634335782984
399.1732575085125,12.596445242157856,9.321262822891557,-0.1791939723871001,-0.4304593658723272,0.04319247390710183,-0.17595634335782984
399.27325750851253,12.824599800719849,9.334054822328344,0.029854191050536043,-0.4001847511539787,0.11727965240551999,-0.1584527190806992
399.3732575085125,12.828171618086929,9.293244083617559,0.04158215629108404,-0.41603002306204323,0.11727965240551999,-0.1584527190806992
399.47325750851246,12.804379649585643,9.28432474022201,0.02955041173033069,-0.4043443939744645,0.10868311590668063,-0.1485858356408902
399.5732575085125,12.8517670674709,9.435429177973047,0.07739506303805686,-0.25921477097699025,0.12218243064476575,-0.09073334852035161
399.6732575085125,12.872165293355309,9.222713275627827,0.09964164781108814,-0.4214951642549858,0.12580937213986054,-0.14562059998939664
399.7732575085125,12.820477007125877,9.247272640258279,0.05854051108450767,-0.3786701693443464,0.10586720468928917,-0.1245081720474953
399.87325750851244,12.687010245639494,9.162772421348393,-0.047102188417792026,-0.42889408679811225,0.06388410746403694,-0.13802384985752075
399.97325750851246,12.682619447335034,9.119192893419283,-0.04071377767138688,-0.44269647178386745,0.06388410746403694,-0.13802384985752075
400.0732575085125,12.047100205283392,9.24047895991133,-0.5605429241121391,-0.32058867252489065,-0.12661041718054847,-0.0895223107967936
400.17325750851245,11.990412860786295,9.207972481104868,-0.5732039658301896,-0.32954090360456695,-0.12661041718054847,-0.0895223107967936
400.2732575085124,11.811647289383894,9.509131969228887,-0.6923046584165867,-0.05472505321337202,-0.16678391989859181,0.014620569249273033
400.37325750851244,11.741582903942726,9.503732566753795,-0.7089830504064497,-0.05326299628844438,-0.16678391989859181,0.014620569249273033
400.47325750851246,11.683600207047597,9.454585205397313,-0.7142135126956082,-0.08789989672464107,-0.16264192715830741,0.0016829539987872379
400.5732575085124,11.661562447764112,9.94471396101973,-0.6881870258971159,0.3273870754786918,-0.1472024543056729,0.15179181776697817
400.6732575085124,11.750189490128253,10.034942889497232,-0.571240100925326,0.3892099964843122,-0.09958250499074423,0.16850218784272825
400.7732575085124,11.950556119083025,10.302398232136524,-0.3588311801987786,0.5998198243516577,-0.01697609583819723,0.23978543789386264
400.87325750851244,12.023306668183348,10.232155223141277,-0.27017283483768867,0.5159040511975024,0.01566127637162544,0.20117953009894804
400.9732575085124,11.996367691081447,10.284751525911503,-0.26860670720052665,0.5360220042073903,0.01566127637162544,0.20117953009894804
401.07325750851237,11.798730995712042,10.174878578710096,-0.4106423619814559,0.42042848982499986,-0.036673663236478325,0.15241082988220295
401.1732575085124,11.757483391197704,10.217683481842018,-0.41430972830510454,0.4356695728132236,-0.036673663236478325,0.15241082988220295
401.2732575085124,11.849113147972956,10.173307344170798,-0.30261178839373903,0.3825860408656318,0.006325377561658248,0.1292279939710125
401.3732575085124,11.8188835960214,10.212212088227202,-0.3019792506375734,0.39550884026272864,0.006325377561658248,0.1292279939710125
401.47325750851235,11.93223918558039,9.75503481860814,-0.18184962819816794,-0.0006134712799960604,0.049560798304387546,-0.017370928886826786
401.57325750851237,12.070649100024768,9.806134392253947,-0.045171531124712505,0.04029018191160336,0.09764984611997829,-0.001951834777096281
401.6732575085124,11.955740144102972,9.510847999405467,-0.12770077160065008,-0.20599039297771937,0.06426987518783409,-0.09011324783494006
401.77325750851236,12.004045052911557,9.816653095938785,-0.06890861427701561,0.0631428196578378,0.08372283048874649,0.012214820976858845
401.8732575085123,12.018274919685629,9.943403699091792,-0.04333080994765332,0.16318805619267399,0.08993761735517702,0.0475751704357119
401.97325750851235,12.01439152677764,9.959960380563242,-0.03433704821213358,0.16794557323624626,0.08993761735517702,0.0475751704357119
402.07325750851237,12.238649764166482,9.976254945760054,0.16483807166267977,0.17045133844174037,0.15902969643834153,0.04632360251500626
402.17325750851234,12.255928719814936,9.993531697616799,0.1807410413065085,0.17508369869323942,0.15902969643834153,0.04632360251500626
402.2732575085123,12.16921951754305,10.151635163156753,0.10974809011684523,0.29641443165180975,0.12787319559642638,0.0885072673910889
402.3732575085123,12.180833692532719,10.181719142658896,0.12253540967649078,0.30526515839092067,0.12787319559642638,0.0885072673910889
402.47325750851235,12.23784857930887,9.85967103873029,0.17205892357840458,0.02379138779239058,0.14116477357161203,-0.01554301325192671
402.5732575085123,12.13444504162018,10.04145557849832,0.08396760367106126,0.17157613416130363,0.1038507713064405,0.038458687992174445
402.6732575085123,12.033576318389464,9.68123469758727,0.0029701725559065145,-0.13501201161313553,0.07080054019994553,-0.07275596489332115
402.7732575085123,11.751852198262362,9.782148793797402,-0.2333363917146541,-0.04461370856902505,-0.019614310436282728,-0.03682219605026362
402.8732575085123,11.686850905419035,10.167861881419539,-0.2698462910005596,0.27217443716853645,-0.032093523543929636,0.0778460249079583
402.9732575085123,11.659705808701268,10.195468555260923,-0.27305564335495147,0.2799590396593296,-0.032093523543929636,0.0778460249079583
403.07325750851226,11.425059969001149,9.828764761923468,-0.4528638733500043,-0.038962161957373766,-0.09711608754557256,-0.03975209976008943
403.1732575085123,11.37928800122841,9.824669785228929,-0.46257548210456373,-0.04293737193338361,-0.09711608754557256,-0.03975209976008943
403.2732575085123,11.475012647035634,10.544901167971531,-0.3537686411587513,0.552505711662499,-0.054259642173009735,0.17605255578194906
403.37325750851227,11.439364484708905,10.601032001916671,-0.3591946053760504,0.5701109672406879,-0.054259642173009735,0.17605255578194906
403.47325750851223,11.3253911788002,10.608253574602358,-0.4293827307631745,0.5460449325330031,-0.0776913375470699,0.16111785516672908
403.57325750851226,11.110689162943268,10.468821472789474,-0.5815351133835831,0.40003814723461545,-0.13040274528131052,0.10249501832362598
403.6732575085123,11.211836096573382,10.748911980912823,-0.4614343228187774,0.6072625973080698,-0.08224973377443927,0.17306235137138232
403.77325750851224,11.292902502301194,10.515312007303283,-0.35965929867500745,0.3733687877738997,-0.04138621623300728,0.08064703487740192
403.8732575085122,11.295197592077658,10.397672400092661,-0.33182721705317403,0.25387232083129424,-0.0298381147021513,0.035004086079438015
403.97325750851223,11.261865679798822,10.423234652606194,-0.33481102852338984,0.25737272943923883,-0.0298381147021513,0.035004086079438015
404.07325750851226,11.424996781818873,10.279346090916096,-0.1717872746275379,0.1204864731231838,0.03083192886623483,-0.015521651472482537
404.1732575085122,11.407972214000457,10.291317129971048,-0.16870408174091547,0.11893430797593607,0.03083192886623483,-0.015521651472482537
404.2732575085122,11.215418438443148,10.090042257133467,-0.312512591750389,-0.062094992050254406,-0.022458316178915874,-0.08104429349406919
404.3732575085122,11.184054887687209,10.083427536460968,-0.3147584233682811,-0.07019942139966318,-0.022458316178915874,-0.08104429349406919
404.47325750851223,11.111015058810663,9.999618154211385,-0.3515171559863765,-0.14112292199906906,-0.03494548103110835,-0.10355821172431226
404.5732575085122,10.888680378653898,10.012957986006606,-0.5125656750288216,-0.12820635649792003,-0.09246525335633912,-0.09514280736899608
404.67325750851217,10.987469796456933,10.180930200007372,-0.39653224485997474,0.011316125577957557,-0.04715536241640566,-0.04174958669965296
404.7732575085122,10.682882901725256,10.363401990546688,-0.6293979119252585,0.16163440716955288,-0.13191006317168863,0.015087750704627256
404.8732575085122,10.530550563715815,10.261944288110104,-0.7163348871779098,0.06651851570437725,-0.15854776113624375,-0.01948573817469268
404.9732575085122,10.458124336192368,10.268498710989666,-0.7321896632915288,0.06456994188690865,-0.15854776113624375,-0.01948573817469268
405.07325750851214,10.688838325120283,10.284259619590971,-0.49402006202891474,0.07182747346845568,-0.0665323933313758,-0.01578726202868555
405.17325750851217,10.639103656950724,10.291363430627674,-0.5006733013620538,0.07024874726558676,-0.0665323933313758,-0.01578726202868555
405.2732575085122,10.75960608795452,10.41300936816923,-0.3650619938932995,0.16455179035843706,-0.015063381926031566,0.019016917920395632
405.37325750851215,10.723024571655573,10.42955963179467,-0.36656833208590217,0.16645348215047598,-0.015063381926031566,0.019016917920395632
405.4732575085121,10.82450923363973,10.299887944575262,-0.25299461969451453,0.0479445241623003,0.026573905036096766,-0.02413742150646141
405.57325750851214,10.976359377732562,10.236150500501491,-0.10120107247001837,-0.011390810867577341,0.08102050342331504,-0.04472053691040477
405.67325750851217,11.07678050002154,9.821264018002163,-0.0014240245931078383,-0.355856998427013,0.11417651887274498,-0.16652526128382883
405.77325750851213,10.980586961062734,9.818752092303441,-0.07328745216875299,-0.3436560921002823,0.08323871952555709,-0.1559102190143669
405.8732575085121,11.015425364409497,9.637135816859086,-0.03026437305132214,-0.47949463885006327,0.09577238086881318,-0.1989362558657017
405.9732575085121,11.012877789008709,9.58819167169474,-0.020687134964438646,-0.499388264436638,0.09577238086881318,-0.1989362558657017
406.07325750851214,10.726685172187953,9.711198200093579,-0.24572359899067248,-0.37584746042349965,0.011501646316095487,-0.14741422180790636
406.1732575085121,10.702170320520475,9.672876382942201,-0.2445734343590633,-0.39058888260428526,0.011501646316095487,-0.14741422180790636
406.2732575085121,10.866643646579845,9.895902925740119,-0.0845554509538295,-0.17671062399105023,0.06944368213594604,-0.06195090951216506
406.3732575085121,10.85853531989514,9.877922108793449,-0.07761108274023332,-0.18290571494226815,0.06944368213594604,-0.06195090951216506
406.4732575085121,10.993135361118222,9.958912713355941,0.04757483745586565,-0.10719632514210917,0.11222483669539494,-0.032596913255380625
406.5732575085121,11.160357669329722,10.221662655505032,0.19520078269273045,0.11722013888122804,0.1620229852723511,0.04973185414603205
406.67325750851205,11.421282617839742,9.935811494395667,0.41166909925873035,-0.12267209070709738,0.2344530192691901,-0.037992495811611224
406.7732575085121,11.398536506033755,9.635608749368451,0.3790156672216907,-0.3713350639010519,0.21361309516876748,-0.12807670955123313
406.8732575085121,11.050733951629812,9.853715100961466,0.07893071905558255,-0.17407424679673622,0.0975038562829402,-0.05291163218312478
406.97325750851206,11.059114542816783,9.836043118120882,0.08868110468387325,-0.17936541001504688,0.0975038562829402,-0.05291163218312478
407.07325750851203,10.935751728359312,9.840803014170042,-0.015229560215304822,-0.16666792299517907,0.05551359802725382,-0.0467047806667658
407.17325750851205,10.93450634032792,9.823902697967187,-0.009678200412578178,-0.17133840106185672,0.05551359802725382,-0.0467047806667658
407.2732575085121,10.740461531146106,9.942773124297322,-0.16515730508765264,-0.06534005936200038,-0.0027661895796693417,-0.007426530037515554
407.37325750851204,10.723931969689449,9.936201985710937,-0.1654339240456195,-0.06608271236575168,-0.0027661895796693417,-0.007426530037515554
407.473257508512,10.665837831393047,9.771457631691662,-0.20029439861525103,-0.1968473697766504,-0.015279026627032281,-0.054025512115831294
407.57325750851203,10.260916067045391,9.962335610561501,-0.5260287569576596,-0.026826311518743637,-0.1336402548835267,0.009408489212062617
407.67325750851205,10.035719766776769,9.902466418583739,-0.6824997251780403,-0.07294222071513463,-0.1853976165606216,-0.007449847098644807
407.773257508512,9.872051046172079,9.999007659359084,-0.7824844395197642,0.014705671500483316,-0.21565331953998232,0.025069477121904587
407.873257508512,9.777961075747907,10.112410508814932,-0.8163195126864308,0.10900209710564261,-0.22008525887503244,0.05791287629680293
407.973257508512,9.69522869818487,10.123600282906983,-0.838328038573939,0.11479338473532422,-0.22008525887503244,0.05791287629680293
408.07325750851203,9.808113777832407,10.067631007108169,-0.6961350935617726,0.06402033113740306,-0.1607968157495699,0.03740458002905362
408.173257508512,9.737696284397506,10.074220063122052,-0.7122147751367242,0.06776078914030714,-0.1607968157495699,0.03740458002905362
408.27325750851196,9.624389685729422,9.899668224740603,-0.7635680525517587,-0.0798696265811788,-0.1738162902303053,-0.017440569317903176
408.373257508512,9.547163799023078,9.891594059235894,-0.7809496815747933,-0.0816136835129695,-0.1738162902303053,-0.017440569317903176
408.473257508512,9.310206025587407,10.049672862495196,-0.9298777227412502,0.05343139443927991,-0.22141129634526005,0.031583705258034
408.573257508512,9.457493517007519,9.895925302007512,-0.7486548528148279,-0.07591315536428295,-0.1471672078963653,-0.01632997323451093
408.67325750851194,9.685277835201775,9.996662196165968,-0.5108397431559402,0.011587088053510957,-0.05583424365312585,0.015602488944970974
408.77325750851196,9.520979548837168,9.967548927996997,-0.6137649590288837,-0.01267968562246911,-0.09199540814787822,0.006100848656366438
408.873257508512,9.49748598301857,10.013362770249556,-0.5910977203000939,0.026557832035818848,-0.08048484477962584,0.019922217112017825
408.97325750851195,9.437973786764683,10.016118164538696,-0.5991462047780537,0.02855005374701995,-0.08048484477962584,0.019922217112017825
409.0732575085119,10.08679415509541,10.030383469482329,-0.013547133991438984,0.043046633874109966,0.13522879866626847,0.025269849331707922
409.17325750851194,10.086115585689598,10.0348144821164,-2.4254124809061986e-05,0.045573618807281335,0.13522879866626847,0.025269849331707922
409.27325750851196,9.978549373700355,10.293201368705287,-0.07239809504225818,0.2630614068086664,0.10534553703742575,0.10409883628971096
409.3732575085119,9.971836291881319,10.320028003567591,-0.06186354133851919,0.27347129043763396,0.10534553703742575,0.10409883628971096
409.4732575085119,9.984328754750289,10.467847758155811,-0.03621546182627264,0.38253089020739295,0.11081378464337492,0.1394542084471884
409.5732575085119,10.119350481529338,10.424749524386872,0.09120572482692314,0.3282077232494395,0.15328709864167023,0.11476796637051007
409.67325750851194,10.233906793636589,10.496871266487984,0.19365896374362315,0.3715254853717337,0.18479735017127263,0.12617516325530986
409.7732575085119,10.374698263627819,10.563026047053798,0.3160022106735799,0.40828626076516267,0.22338124595860698,0.13505735486031611
409.87325750851187,10.100240805077567,10.378418291508424,0.0830476216349017,0.2361624375622856,0.13116725383791433,0.06863682568169764
409.9732575085119,10.109201403510248,10.402377719393067,0.09616434701869611,0.24302612013045694,0.13116725383791433,0.06863682568169764
410.0732575085119,9.561619641759364,10.496933937239096,-0.36010296987978657,0.30783335330482814,-0.0400348097193762,0.0895295196835896
410.1732575085119,9.525409170722801,10.528164920167985,-0.36410645085172283,0.316786305273184,-0.0400348097193762,0.0895295196835896
410.27325750851185,9.43267004075065,10.463393470298845,-0.415951707180457,0.2373874824935127,-0.05766050321245956,0.05541693117082416
410.37325750851187,9.390786567516532,10.487409303204057,-0.42171775750170426,0.2429291756105964,-0.05766050321245956,0.05541693117082416
410.4732575085119,9.190954303158598,10.29157346014649,-0.5585127243525421,0.06720711105173428,-0.10506827345755515,-0.009546738893360843
410.57325750851186,9.236175816438893,10.071615224468358,-0.48342338435511606,-0.12231621644885844,-0.07381884173495962,-0.07773404993860945
410.6732575085118,9.422920483431787,9.855004959465287,-0.29481655948280333,-0.29780764502009033,-0.0029357783066085025,-0.1378199326033014
410.77325750851185,9.535837080560256,9.650621653522517,-0.17236065624250513,-0.4595852874414916,0.04266400065682599,-0.19226683676229855
410.87325750851187,9.988705041323165,9.636449208967958,0.22243178038788758,-0.4519275167948892,0.18372546827966216,-0.1826472497988138
410.97325750851184,10.011866846703343,9.59034322103949,0.24080432721584752,-0.4701922417747643,0.18372546827966216,-0.1826472497988138
411.0732575085118,10.042147109406626,9.737182481169125,0.2662633718602228,-0.32656745534725723,0.18701893744383813,-0.12415209160654318
411.1732575085118,10.069708541279875,9.703904975176359,0.2849652656046109,-0.33898266450791437,0.18701893744383813,-0.12415209160654318
411.27325750851185,10.095166548811795,9.607278065015505,0.29767783342400955,-0.4020740691723846,0.1840915568324924,-0.14220214434550643
411.3732575085118,10.125854789938348,9.566359647376554,0.3160869891072525,-0.4162942836069304,0.1840915568324924,-0.14220214434550643
411.4732575085118,9.98388711679617,9.532266026413387,0.1892091590833919,-0.423732240341815,0.1315250530375102,-0.13977143035645426
411.5732575085118,9.89141546422397,9.682951138420997,0.10795965708559996,-0.2764935801787702,0.09706078701706675,-0.08147503852464207
411.6732575085118,9.823492953901166,9.741421140571449,0.05173817387194262,-0.21349987635224874,0.07321682388431691,-0.05598831881468721
411.7732575085118,9.949328101816112,10.079047333514508,0.1627455178631698,0.08661856394778608,0.11173465067685512,0.05648362960118144
411.87325750851176,9.90637566128761,10.036670957436824,0.12423113275519997,0.0501345159895373,0.09378695855763863,0.04140813705282685
411.9732575085118,9.919267709355921,10.041891449721044,0.13360982861096596,0.05427532969482092,0.09378695855763863,0.04140813705282685
412.0732575085118,9.69811693572651,10.291556843749541,-0.052860570832112104,0.260274232325787,0.022853841454543968,0.1140846007750657
412.17325750851177,9.692945147850574,10.318154689985986,-0.05057518668665849,0.2716826924032897,0.022853841454543968,0.1140846007750657
412.27325750851173,9.27703622968676,10.105967694655533,-0.3925821124771919,0.08205304430817828,-0.10232711557553313,0.04097752369831181
412.37325750851176,9.237266382861153,10.114377886704844,-0.4028148240347475,0.0861507966780104,-0.10232711557553313,0.04097752369831181
412.4732575085118,9.289053717820442,10.514626891997473,-0.335964559610986,0.4121633249656561,-0.07443760758051438,0.15634954047454216
412.57325750851174,9.042505567165247,10.163544098879939,-0.522506021753269,0.10073507341410132,-0.13982256072499316,0.038081948780262054
412.6732575085117,9.082847294323809,10.125173766415207,-0.45883444198233514,0.06455679205310255,-0.11173756644984717,0.02375657892301377
412.77325750851173,8.723515848006993,10.245615548604743,-0.7396957925169592,0.16383046876807006,-0.2119228752858119,0.059404904897061815
412.87325750851176,8.735774462553321,10.344827289371,-0.6883432067299414,0.23752649558522604,-0.18571902371056212,0.08364866547827698
412.9732575085117,8.6660115467618,10.368998182256906,-0.7069151091009913,0.24589136213305088,-0.18571902371056212,0.08364866547827698
413.0732575085117,8.700488575651185,10.112064028632894,-0.637997703148044,0.023299521956130026,-0.15428624189597606,0.0011027358331804262
413.1732575085117,8.635917374126885,10.114399494507675,-0.6534263273376452,0.023409795539448094,-0.15428624189597606,0.0011027358331804262
413.27325750851173,8.492792404882879,9.955789853001997,-0.7337436653525815,-0.1081736132521185,-0.17798383596252917,-0.045907859286790496
413.3732575085117,8.418528119167833,9.944742952380356,-0.7515420489488284,-0.11276439918079598,-0.17798383596252917,-0.045907859286790496
413.47325750851167,8.52435665628712,10.062323443643239,-0.6179122905434412,-0.011193305987257774,-0.12319539113070044,-0.007860180163754865
413.5732575085117,8.443464225499026,10.215830825586583,-0.64580558518639,0.11671063673410424,-0.12888105469720204,0.03867471422709966
413.6732575085117,8.758841430188658,10.298251504319987,-0.3418884442608765,0.1785885740303783,-0.014302380833798992,0.05945727516751727
413.7732575085117,8.738714267378207,10.281828771520846,-0.33113690821424646,0.15510861004155913,-0.009777015815026838,0.04863170148141265
413.87325750851164,8.991419054389647,10.267139806465195,-0.09453032327017195,0.13497918325532413,0.0760405353941916,0.03968904425777922
413.97325750851167,8.982346224739599,10.28083617001202,-0.08692626973075107,0.13894808768110295,0.0760405353941916,0.03968904425777922
414.0732575085117,8.995307288414255,10.572361079885663,-0.06002967936521468,0.37134617277878745,0.08345077411273771,0.12164806698912468
414.17325750851165,8.9897215743483,10.610103937498474,-0.051684601953943754,0.38351097947769575,0.08345077411273771,0.12164806698912468
414.2732575085116,8.790406638249102,10.569487814285122,-0.21081345039288207,0.3309211972691121,0.021297842886474336,0.09863304415998267
414.37325750851164,8.769431782424242,10.603073099232839,-0.20868366610423417,0.34078450168511265,0.021297842886474336,0.09863304415998267
414.47325750851167,8.683947548135203,10.45332603772223,-0.26044205932362985,0.19906246160566676,0.0018004799692473046,0.04430591096673975
414.57325750851163,8.38110034438617,10.218462946492716,-0.49347542749354284,-0.008672270015699578,-0.08334102754803169,-0.03241406648516483
414.6732575085116,8.426193440088154,10.255145515337121,-0.4228522709452564,0.01909255155609285,-0.05478462526058231,-0.02130591870842488
414.7732575085116,8.391745565822578,9.96650478817266,-0.4213394097160148,-0.23019758641690247,-0.05218744264830493,-0.11223475475792617
414.87325750851164,8.509557625004739,9.853698371363263,-0.2934102124912261,-0.3146719799427437,-0.0040932254158137504,-0.13844483021179244
414.9732575085116,8.480196137628546,9.821538949217942,-0.29381953503280733,-0.32851646296391823,-0.0040932254158137504,-0.13844483021179244
415.0732575085116,8.326663881311173,9.492112579913107,-0.3989198646300154,-0.5868589054725358,-0.042344198661088656,-0.2264058430464545
415.1732575085116,8.286560173854857,9.432294660150607,-0.4031542844961252,-0.6094994897771864,-0.042344198661088656,-0.2264058430464545
415.2732575085116,8.527158259187997,9.822923019682825,-0.16420794461936558,-0.2517743560106494,0.04823353497188319,-0.08780087520566258
415.3732575085116,8.510978632400926,9.79730657970574,-0.1593845911221789,-0.26055444353121265,0.04823353497188319,-0.08780087520566258
415.47325750851155,8.759720151982531,9.890150664136481,0.06561191848790073,-0.1711894436147368,0.12789471721772483,-0.0526263584659201
415.5732575085116,8.86141185249528,9.865561218699197,0.15800985035740492,-0.18244897593177367,0.15695815799018067,-0.05479486440317586
415.6732575085116,8.513504297901724,9.756015862427533,-0.12969092197527787,-0.26276930781573066,0.04722898172696893,-0.08160699921096878
415.77325750851156,8.90935999646051,9.834802404061046,0.22720536070762745,-0.1811765991000297,0.17805665081657174,-0.048587141764531536
415.87325750851153,8.65026065419172,9.78802853332324,0.010050688409146217,-0.20936159165324766,0.09318689330807224,-0.056933569803771365
415.97325750851155,8.651731657499175,9.766807706308892,0.019369377739955562,-0.2150549486336261,0.09318689330807224,-0.056933569803771365
416.0732575085116,8.364250065466724,9.739712296300285,-0.2147008349200515,-0.22586660607907455,0.004553992655281822,-0.05897238622893025
416.17325750851154,8.342802751938002,9.716830773761242,-0.21424543565452345,-0.23176384470196557,0.004553992655281822,-0.05897238622893025
416.2732575085115,8.502289791240704,10.145487898844056,-0.06232332810677367,0.1368162472873027,0.05960438352547204,0.07599489738351994
416.37325750851153,8.496355480347653,10.159549498059707,-0.05636288975422511,0.14441573702565644,0.05960438352547204,0.07599489738351994
416.47325750851155,8.34763465621535,10.366328933473724,-0.16978352863835916,0.3098831268214098,0.016410935612230296,0.13257365479508426
416.5732575085115,8.349775750474238,10.37111586217685,-0.15210347967254914,0.3007880731059802,0.02226643425632259,0.12449091500206962
416.6732575085115,8.278085221365002,10.35098771844429,-0.19698242261445897,0.27144585829841006,0.005229798408386482,0.10951895507997511
416.7732575085115,8.097083960153258,10.324201462833685,-0.3355133290523205,0.2360380736653516,-0.046426847493444987,0.09246344651745515
416.87325750851153,7.903097952416578,10.077041693503059,-0.4733003011344305,0.02261770079513362,-0.09451974481207642,0.012790568379212955
416.9732575085115,7.855295323579091,10.079367416424468,-0.48275227561563494,0.023896757633054478,-0.09451974481207642,0.012790568379212955
417.07325750851146,7.882715629304937,10.104285873408296,-0.4268493032874089,0.044004137540978656,-0.07034273271526437,0.019635488025412342
417.1732575085115,7.83967898531261,10.108784464602522,-0.43388357655893695,0.04596768634352034,-0.07034273271526437,0.019635488025412342
417.2732575085115,7.846368102644834,9.845207510064416,-0.40032721914454494,-0.17626307110851172,-0.05605142032885045,-0.061727265034019624
417.3732575085115,7.806055123628749,9.8272725666284,-0.4059323611774281,-0.1824357976119116,-0.05605142032885045,-0.061727265034019624
417.47325750851144,7.896291891414721,9.877097351183906,-0.3023744047487006,-0.13237466126325592,-0.01655495475330767,-0.04157343969356137
417.57325750851146,7.675985896895675,10.08516416856962,-0.46409244293213303,0.047777329076290447,-0.07499055596017881,0.02507368148159577
417.6732575085115,7.619105171452712,10.19730846779554,-0.47999563655693644,0.13845707886460104,-0.07803007314387406,0.05666191072788805
417.77325750851145,7.647254137264118,10.094804267888408,-0.42182792687613657,0.044871547134328255,-0.05352284030839555,0.020147668115302428
417.8732575085114,7.6311779435587015,10.063958702899518,-0.40526060959921734,0.01779671752661665,-0.04560528593128091,0.009739054307213625
417.97325750851144,7.590423856169114,10.065787069923715,-0.40982113819234645,0.018770622957338234,-0.04560528593128091,0.009739054307213625
418.07325750851146,7.554314949954821,10.255494436101024,-0.4118426271316855,0.17642225785925844,-0.04514937248968033,0.06651095408818657
418.1732575085114,7.512904940379219,10.273469216657386,-0.416357564380652,0.18307335326807483,-0.04514937248968033,0.06651095408818657
418.27325750851145,7.53146361576782,10.086665460666143,-0.37479304814722786,0.02326979822513134,-0.029674361277561616,0.007556695696374342
418.3732575085114,7.493835939146723,10.089030223967137,-0.377760484274983,0.024025467794768517,-0.029674361277561616,0.007556695696374342
418.4732575085114,7.498031821701406,10.190170354532565,-0.34565833297851234,0.10595274451176132,-0.016985780869260392,0.03664803515061098
418.5732575085114,7.4421443705299986,10.11087373402823,-0.3652487682779393,0.034670471125723946,-0.023517736536281454,0.009546820040258305
418.6732575085114,7.501085140527169,10.172093168550777,-0.2880390654506188,0.08306920274088987,0.005257192444627794,0.026543905608453298
418.7732575085114,7.462138127047499,10.243224457336614,-0.29627861550889223,0.13907249602876728,0.002001012953907558,0.04617071633047438
418.87325750851136,7.214898072496482,10.13906757737958,-0.4769442630444178,0.046573635204896255,-0.06332929945554315,0.011421446488838131
418.9732575085114,7.166886999694752,10.143782048132513,-0.4832771929899735,0.04771577985378033,-0.06332929945554315,0.011421446488838131
419.0732575085114,6.895020981260487,9.79275168910313,-0.6754886489150107,-0.24367922716348986,-0.13060528631165413,-0.09341315939202234
419.17325750851137,6.826819089937451,9.76791670058983,-0.6885491775461716,-0.2530205431026889,-0.13060528631165413,-0.09341315939202234
419.27325750851134,6.713722893430344,9.840748401043365,-0.7429868564526697,-0.1840343776696186,-0.1470193121388218,-0.06611870736428241
419.37325750851136,6.638689111224365,9.822014369739577,-0.7576887876665552,-0.19064624840604835,-0.1470193121388218,-0.06611870736428241
419.4732575085114,6.868020870241239,9.651775147667173,-0.5177502649197951,-0.321313590078786,-0.05488746478626308,-0.11057932534381561
419.57325750851135,6.96355100180214,9.892927985709662,-0.39890357230103834,-0.10452518423929859,-0.009495107448631225,-0.02818901896102076
419.6732575085113,7.3383224608959745,9.701475200160596,-0.05465778393716962,-0.25604437553808196,0.11535137172368926,-0.08146169622420703
419.77325750851134,7.557575281870345,9.62499376962823,0.15007114872885297,-0.3071388856901531,0.18712026471417353,-0.09726218896748519
419.87325750851136,7.402527476114139,9.769221448564483,0.026672999533663328,-0.17284511707623967,0.1357888090191489,-0.04573007387589289
419.9732575085113,7.4058737201125995,9.751708286487485,0.04025188043557359,-0.1774181244638274,0.1357888090191489,-0.04573007387589289
420.0732575085113,7.4360284311331455,9.963743406023355,0.07481919183462413,0.007799134926095472,0.14332985147373986,0.022476258553827618
420.1732575085113,7.444226999573979,9.964635700808733,0.08915217698200137,0.010046760781478745,0.14332985147373986,0.022476258553827618
420.27325750851134,7.168088322461993,10.095758015492422,-0.14135539804587907,0.12416295963817378,0.0527776018730277,0.06397016949486695
420.3732575085113,7.154216670666775,10.108494162303709,-0.1360776378585781,0.1305599765876583,0.0527776018730277,0.06397016949486695
420.47325750851127,7.306464967577073,9.972747054707021,0.00707304327992081,0.014316927683600204,0.10266161169768359,0.02001682285287283
420.5732575085113,7.40100726465896,9.734203236671231,0.09596248983197077,-0.18343645060590444,0.13136538506302226,-0.0522155455043751
420.6732575085113,7.365303891341182,9.723771726534022,0.07084584581263319,-0.18193809117626297,0.11753039029978728,-0.0498081002321756
420.7732575085113,7.2260270137488725,9.630210150851408,-0.04406045187205829,-0.250842911410146,0.07047815262469317,-0.07332544332387551
420.87325750851124,7.506623720484722,9.740279894944933,0.19956020009537143,-0.14691785925279727,0.1559303591891014,-0.033516112923130996
420.97325750851127,7.52735939229021,9.725420528455034,0.2151532360142851,-0.15026947054511114,0.1559303591891014,-0.033516112923130996
421.0732575085113,7.717733500551188,9.997121744252176,0.371571090049001,0.08468760320185567,0.20713393075009448,0.05255075885230468
421.17325750851126,7.755926279209826,10.00585325836662,0.3922844831240034,0.08994267908708435,0.20713393075009448,0.05255075885230468
421.2732575085112,7.4539372898136795,10.085386834913232,0.12537181548944698,0.1508402927458402,0.1023029515669528,0.07188638069944057
421.37325750851124,7.466985986120462,10.100830296091317,0.13560211064614458,0.1580289308157859,0.1023029515669528,0.07188638069944057
421.47325750851127,7.307602436496427,9.976351368141417,0.0014126238036276636,0.0495529323171943,0.05005021205566372,0.0304329793991807
421.57325750851123,6.936439283804175,9.90469235309248,-0.3066162296559839,-0.011277365494784867,-0.06423213254969694,0.007335987095821565
421.6732575085112,6.776048170073553,9.790686069253848,-0.42075621727195817,-0.10338126489026277,-0.10318996326608681,-0.02592354517771484
421.7732575085112,6.6185443123716405,9.712272767112166,-0.5301211590732631,-0.16379345696743683,-0.13998419800717385,-0.047195191823624666
421.87325750851124,6.582697422472765,9.219754080808393,-0.5292718601275062,-0.5592125459013059,-0.13462107032520523,-0.18699228209333602
421.9732575085112,6.529097131108407,9.162897864807814,-0.5427339671600221,-0.5779117741106331,-0.13462107032520523,-0.18699228209333602
422.0732575085112,6.936457519683982,9.521544781171983,-0.1699759855790119,-0.2525493206371183,0.005505207097754816,-0.0634347019910834
422.1732575085112,6.919487447161566,9.49597267559831,-0.1694254648692363,-0.2588927908362281,0.005505207097754816,-0.0634347019910834
422.2732575085112,6.842195759988949,9.618205497611907,-0.21360776549123464,-0.1497181529219328,-0.00911095847246339,-0.023882146465798407
422.3732575085112,6.820789428647471,9.603114271587389,-0.21451886133848067,-0.1521063675685118,-0.00911095847246339,-0.023882146465798407
422.47325750851115,6.92725147682938,9.482482924920767,-0.10889020811117836,-0.24109532165237207,0.02943634909805331,-0.05491924917320894
422.5732575085112,6.711359450987254,9.38728807572939,-0.27878509121358835,-0.3055053545248752,-0.03366350262783289,-0.07622431380829213
422.6732575085112,6.778478804514595,9.558749464676954,-0.20293711310052492,-0.14672273599818914,-0.005014126395713678,-0.01660881101204814
422.77325750851116,6.725203926967755,10.060374725299164,-0.2318442581248362,0.2910423301714174,-0.015566473393336956,0.14505393091084287
422.87325750851113,6.524695812798457,10.15633806167311,-0.38070988752501567,0.3598412254582811,-0.06877578406138872,0.16448081083382465
422.97325750851115,6.48628094512564,10.193144588273114,-0.3875874659311561,0.3762893065416673,-0.06877578406138872,0.16448081083382465
423.0732575085112,6.477745051705769,10.3006785733302,-0.3703636588569728,0.4507092046942232,-0.060418953644475255,0.18557517774387672
423.17325750851114,6.440406591051862,10.346677369688326,-0.37640555422141825,0.46926672246860457,-0.060418953644475255,0.18557517774387672
423.2732575085111,6.2643265630971205,9.859845736875563,-0.5062259546834403,0.046066832067848555,-0.10769262031297022,0.026667133509605284
423.37325750851113,6.2131655045272005,9.864585755749898,-0.5169952167147398,0.04873354541880969,-0.10769262031297022,0.026667133509605284
423.47325750851115,6.521677640790732,10.00415078838128,-0.22740201526841944,0.16206225479661066,0.0009819763787153601,0.0663276232330163
423.5732575085111,6.144903203253601,9.847948478908823,-0.5255809104073867,0.024966439682945304,-0.1079129652344561,0.014354694391979249
423.6732575085111,6.0252869396757305,10.065197180556602,-0.5917408980494658,0.20290937377668095,-0.1279381108850195,0.0775894415256698
423.7732575085111,6.347693544684752,9.951924249107238,-0.27508882729082496,0.09667893466066477,-0.005553402928792375,0.03565328285376874
423.87325750851113,6.050341589299115,9.86812809759147,-0.4998875937364712,0.023367288562673425,-0.08655211706356547,0.008145760041880234
423.9732575085111,5.999920069340168,9.870505555247945,-0.5085428054428248,0.02418186456686117,-0.08655211706356547,0.008145760041880234
424.07325750851106,5.873729886481706,9.663411947464317,-0.5784248337531008,-0.1464964802237983,-0.10840180759465089,-0.05310248603869864
424.1732575085111,5.81534539406841,9.64849678701174,-0.5892650145125684,-0.15180672882766938,-0.10840180759465089,-0.05310248603869864
424.2732575085111,6.048154995680359,9.912080557050627,-0.3530385649534425,0.0715986444332691,-0.01794923564679915,0.02865954337010719
424.3732575085111,6.012761393006793,9.919383719210801,-0.3548334885181218,0.07446459877027885,-0.01794923564679915,0.02865954337010719
424.47325750851104,6.181900048326332,10.094625196539065,-0.18618432335696136,0.2152088415077439,0.043719397598191566,0.07807416299129764
424.57325750851106,5.946591542114346,9.928082304985448,-0.36455739497277057,0.06621285816793734,-0.022997114751405555,0.021373317016240685
424.6732575085111,6.228164296806468,9.96088602476719,-0.10204115992430497,0.08978919766964175,0.07277863491124137,0.029053956697336517
424.77325750851105,6.376835058268356,9.825062006410112,0.04186152264383277,-0.030652422881667644,0.1235329150636075,-0.016324831182963056
424.873257508511,6.095873440288785,9.678246855816804,-0.18328475996574076,-0.1502314072724942,0.037745962727970414,-0.05852753362228516
424.97325750851104,6.077733694105847,9.662931077421439,-0.17951016369294287,-0.15608416063472405,0.037745962727970414,-0.05852753362228516
425.07325750851106,6.115932093690876,9.494490758571999,-0.13054504338360118,-0.2893496239564594,0.05372035283976983,-0.10473253854180165
425.173257508511,6.1031461911167195,9.465032133483653,-0.12517300809962603,-0.299822877810636,0.05372035283976983,-0.10473253854180165
425.273257508511,5.974293516141589,9.511637147549486,-0.22396402933490345,-0.24693312402209813,0.014022656544366838,-0.08203696416223774
425.373257508511,5.951967226490816,9.486533650326459,-0.22256176368046646,-0.25513682043832375,0.014022656544366838,-0.08203696416223774
425.47325750851104,5.8102521536832015,9.262252978684739,-0.32067998526541475,-0.42647094449689577,-0.021985001297028357,-0.14050177485945314
425.573257508511,5.479274356487312,9.524114338432307,-0.5746166298131726,-0.18657013443171505,-0.11388951291409369,-0.04867190469397001
425.67325750851097,5.465086643901661,9.353823843555386,-0.549511258045403,-0.3159084037929956,-0.10069064330179155,-0.0932643371703602
425.773257508511,5.358791374095071,9.253944119276225,-0.6034012614220816,-0.382950009034614,-0.11696953195416726,-0.11449747767369976
425.873257508511,5.763050794005993,8.74467898760701,-0.22848359321632628,-0.7805793271348266,0.02267909782490546,-0.2526772568029158
425.973257508511,5.740315830173493,8.66535766860954,-0.2262156834338365,-0.8058470528151096,0.02267909782490546,-0.2526772568029158
426.07325750851095,5.558947968108107,8.878030054913605,-0.3559240668825213,-0.5882707064445757,-0.025004447575564647,-0.16545331520945894
426.17325750851097,5.523230539181969,8.818375717693087,-0.3584245116400783,-0.6048160379655253,-0.025004447575564647,-0.16545331520945894
426.273257508511,5.788088290182619,9.035872036950508,-0.10517997601951715,-0.3933922799792192,0.0690312374840043,-0.08411742031958902
426.37325750851096,5.777915448768091,8.996112221851002,-0.09827685227111907,-0.40180402201117527,0.0690312374840043,-0.08411742031958902
426.4732575085109,5.642352163832271,9.136998209615191,-0.19634923436391322,-0.2609592350638799,0.03104989112096844,-0.03062491841045705
426.57325750851095,5.492169488269984,9.327795104128844,-0.30336119638921955,-0.08342850405470889,-0.00915158346461157,0.034678439402883
426.67325750851097,5.3652419399012095,9.2178791025596,-0.3846389421380975,-0.16361540499362928,-0.038216249525462334,0.004708677787849818
426.77325750851094,5.07608532131552,9.300734195584893,-0.6043745734660368,-0.07873389237409192,-0.11842539485080479,0.03576295752983946
426.8732575085109,5.388469046220085,9.214702000054872,-0.30587341457364436,-0.1394699699409838,-0.006326498844453576,0.012751202835107445
426.9732575085109,5.357850072268492,9.200818759074945,-0.30650606445808987,-0.13819484965747275,-0.006326498844453576,0.012751202835107445
427.07325750851095,5.440901185293671,9.695638650479413,-0.21168420059713655,0.2822899305485607,0.02842449454985732,0.16328611459187134
427.1732575085109,5.419874887706714,9.724684074107218,-0.20884175114215178,0.2986185420077423,0.02842449454985732,0.16328611459187134
427.2732575085109,5.364799922868713,9.627593218362714,-0.2374187590777564,0.2013229457719662,0.016252064537983682,0.12014819600534486
427.3732575085109,5.341139307283622,9.648326253919942,-0.23579355262395765,0.2133377653725034,0.016252064537983682,0.12014819600534486
427.4732575085109,5.143697988207802,9.889257160463796,-0.37899439683548614,0.40545719310174494,-0.03614766765317979,0.18469643493369006
427.5732575085109,5.126815295521689,10.024925469983799,-0.3647503353512439,0.5023052679306856,-0.029627770193368718,0.2130384439281295
427.67325750851086,5.178606193830223,9.861751279190285,-0.2941190980144422,0.3472746148901323,-0.003011087972477903,0.14986566323032996
427.7732575085109,5.296856892102247,9.739127279187565,-0.16713291406724518,0.22772167247059164,0.04427442691004482,0.10036920992489524
427.8732575085109,5.031810945835917,9.781126312564261,-0.3692786547048939,0.2531311624178339,-0.030341638815557653,0.10586970333780513
427.97325750851087,4.994731372171363,9.806968777322725,-0.37231281858644866,0.2637181327516108,-0.030341638815557653,0.10586970333780513
428.07325750851084,4.788781187685411,9.985996300866582,-0.5148481730912786,0.3996911250193767,-0.08059733281640294,0.15089242353305313
428.17325750851086,4.736893383712189,10.026719875486194,-0.5229079063729207,0.4147803673726854,-0.08059733281640294,0.15089242353305313
428.2732575085109,4.910806795649569,9.903634179965882,-0.3390387988832427,0.2893102428589495,-0.01022637592373913,0.09921413086206021
428.37325750851085,4.876851783881638,9.933061274906077,-0.34006143647561626,0.29923165594515216,-0.01022637592373913,0.09921413086206021
428.4732575085108,4.781009911574986,9.634038918456994,-0.3925262569294566,0.03821732795411192,-0.028838749822540536,0.0021126456141898897
428.57325750851084,4.746324013132538,9.800056021161984,-0.39144119278062417,0.17337457023555572,-0.027389770315189077,0.050909745136751235
428.67325750851086,4.921214849909839,9.735804240009388,-0.21590797715578305,0.11117459915961884,0.03708577626654247,0.026802402497874103
428.7732575085108,5.080833537230864,9.664708194433809,-0.05616996703786228,0.0437793226164469,0.09504860895079377,0.0010219490294923646
428.8732575085108,4.925764620964389,10.184442884467503,-0.1712695296630822,0.4669667110940364,0.05004038617339939,0.15240701207309978
428.9732575085108,4.908887869928944,10.231901590637282,-0.16626549104574112,0.4822074123013499,0.05004038617339939,0.15240701207309978
429.07325750851084,4.982073383084832,10.145447180366352,-0.08804049633867213,0.3859146930263141,0.07617364952098092,0.11238453211724117
429.1732575085108,4.973650201698572,10.184600572329556,-0.08042313138657664,0.3971531462380344,0.07617364952098092,0.11238453211724117
429.27325750851077,4.413772002573332,9.807862073021875,-0.5477150828263759,0.05917308270737986,-0.09995943111700001,-0.014550797888973559
429.3732575085108,4.358500697135096,9.81370662730317,-0.5577110259380782,0.05771800291848217,-0.09995943111700001,-0.014550797888973559
429.4732575085108,4.284147964278617,10.155322027503269,-0.5827619991648819,0.3325235662921994,-0.10540651430774613,0.08445909523167619
429.5732575085108,4.311295361287638,10.224054415808903,-0.5208894607374781,0.37013928885146663,-0.07896992137927053,0.09500703666591731
429.67325750851074,4.288756650566711,9.97605188358245,-0.5038607934740627,0.14491242832896617,-0.06995508014203179,0.010914626206922656
429.77325750851077,4.273093101910809,9.917979111261074,-0.48062655118902214,0.08420743056918346,-0.05872513505599843,-0.011820001295812461
429.8732575085108,4.591315120124612,9.69871288587553,-0.1818359414249662,-0.10384887402598404,0.05132188684562749,-0.07868591575557271
429.97325750851076,4.57338813541635,9.687934568894159,-0.1767037527404052,-0.11171746560153863,0.05132188684562749,-0.07868591575557271
430.0732575085107,4.990184816417746,9.65682535593441,0.1921284350873443,-0.1349202667005778,0.18353474525582114,-0.08398326792336128
430.17325750851074,5.010315333652764,9.642913412924733,0.2104819096129306,-0.14331859349291584,0.18353474525582114,-0.08398326792336128
430.27325750851077,5.318803046286719,9.434687998221246,0.4724710089242723,-0.3184931976098796,0.2731319506135302,-0.1459225786367742
430.37325750851073,5.367415806932198,9.402109065567085,0.499784203985616,-0.33308545547355206,0.2731319506135302,-0.1459225786367742
430.4732575085107,5.50574250270735,9.105525331010003,0.5995195859982707,-0.5635975662287936,0.299335131488198,-0.22330675219361962
430.5732575085107,5.267540549237675,9.062910719618248,0.376998230262904,-0.5735625714252629,0.2071689582457997,-0.21883526781916554
430.67325750851074,5.508952636016624,8.869125443119385,0.5664187178293272,-0.706716726101934,0.2681838373796637,-0.25869856783372036
430.7732575085107,5.629181022139419,8.935880572477677,0.6468882300033408,-0.6145393527688463,0.2881145089921147,-0.21526954636706097
430.8732575085107,5.658920739730524,8.970256169417187,0.6454562295845142,-0.5565100604557527,0.2771903061747289,-0.18680334702254794
430.9732575085107,5.724852314219865,8.913671146636485,0.6731752602019934,-0.5751903951580117,0.2771903061747289,-0.18680334702254794
431.0732575085107,5.500392075529715,9.13107035924752,0.4566517255584531,-0.3668577905039644,0.18875706749638135,-0.10538371450727811
431.1732575085107,5.547001033423026,9.0938576616246,0.4755274323080848,-0.3773961619546886,0.18875706749638135,-0.10538371450727811
431.27325750851065,5.230450209107811,9.289423036421198,0.1893899784798763,-0.18262773560516257,0.07808597316210256,-0.028126868585563486
431.3732575085107,5.249779636821614,9.271019628517749,0.19719857579608832,-0.18544042246371956,0.07808597316210256,-0.028126868585563486
431.4732575085107,5.2925982796803375,9.420806273652774,0.22391427022945873,-0.049700772843310564,0.08492677853447947,0.021529325178976697
431.57325750851066,5.10875884413445,9.427691784455499,0.058300210435103875,-0.03777295771395458,0.02136392543665594,0.025063968653881632
431.67325750851063,4.693723446346231,9.53789315849618,-0.28997184125737024,0.05834225013100864,-0.1053679873329994,0.05859982790700284
431.77325750851065,4.490425682160549,9.493804406264278,-0.45028883290639427,0.021469791154564922,-0.16100931168297603,0.042878763304322755
431.8732575085107,4.534558305781024,9.170015572607829,-0.3916185862826348,-0.2419999380590873,-0.13400129918777587,-0.052928186717310054
431.97325750851064,4.4947264406568355,9.145550937868341,-0.40501871620140784,-0.2472927567308165,-0.13400129918777587,-0.052928186717310054
432.0732575085106,4.468836379380913,8.9232953167654,-0.40748214490312007,-0.41569999990089984,-0.13052759904109223,-0.11164015702191221
432.17325750851063,4.427435526895386,8.881167115990191,-0.42053490480723227,-0.4268640156030936,-0.13052759904109223,-0.11164015702191221
432.27325750851065,4.336507620164321,8.69359396247928,-0.4731685558999235,-0.5547288031465986,-0.14468837661082523,-0.15290481984348825
432.3732575085106,4.288467322691291,8.637356558065422,-0.4876373935610011,-0.5700192851309421,-0.14468837661082523,-0.15290481984348825
432.4732575085106,4.1265494802965295,8.754155967763788,-0.5957165958093318,-0.4417452254172924,-0.17855768404657774,-0.1014522865882623
432.5732575085106,4.139936626935401,9.0371037407592,-0.5513525808884472,-0.17928606036040612,-0.15584249794447247,-0.0028772571195597313
432.67325750851063,3.87161396165413,9.06155560479393,-0.743740948030987,-0.1447172614619109,-0.21978708702513422,0.009610280016705062
432.7732575085106,3.892297296254429,9.09755821798929,-0.6828399370165319,-0.10084482222946435,-0.18899838741782696,0.025397186644397336
432.87325750851056,3.7720514354690238,9.203895250429433,-0.7441398866315116,-0.002831472331422131,-0.20431368347275944,0.05955882099795812
432.9732575085106,3.6966158783884913,9.20390989730128,-0.7645712549787922,0.0031244097683750353,-0.20431368347275944,0.05955882099795812
433.0732575085106,3.5569151501187615,9.268967210259243,-0.834801607751316,0.06243551641248817,-0.22179198070923015,0.07878097550798241
433.1732575085106,3.472326029440113,9.275604666778028,-0.8569808058222315,0.07031361396328373,-0.22179198070923015,0.07878097550798241
433.27325750851054,3.4070395550053414,9.291138760174466,-0.8640107647352512,0.08652233986604976,-0.21709547840776802,0.08223599619726965
433.37325750851056,3.319553001139757,9.30020217414206,-0.8857203125760329,0.0947459394857786,-0.21709547840776802,0.08223599619726965
433.4732575085106,3.1988418972326693,9.419049933121338,-0.9332852484747821,0.19258085966443145,-0.22645025542276145,0.1143520702401348
433.57325750851055,3.023706775962384,9.475012926946901,-1.023898207537816,0.2340806764279666,-0.25126397505308745,0.1252235743661081
433.6732575085105,3.2371635755173904,9.498861161139333,-0.7850747817973751,0.24645014699585333,-0.15580147543191925,0.1251688018243208
433.77325750851054,3.1779248036017496,9.839554406651171,-0.7833752735388412,0.5273829725918125,-0.14938231603304583,0.22391776733464197
433.87325750851056,3.052388441304752,9.863613334060156,-0.8369196858460588,0.5253108745077022,-0.163327210865957,0.21516429335872714
433.9732575085105,2.9678798366658454,9.917220242977702,-0.8532524069326489,0.5468273038435676,-0.163327210865957,0.21516429335872714
434.0732575085105,2.994094795747755,9.883568367748916,-0.7764414573900653,0.4953329476124948,-0.12972818067352937,0.1891322906220169
434.1732575085105,2.9158020091053625,9.934047323963288,-0.7894142754574212,0.5142461766747007,-0.12972818067352937,0.1891322906220169
434.27325750851054,3.366537571496718,9.940503812232231,-0.35504863368983386,0.49194538654027187,0.03377895222711494,0.17338517048266044
434.3732575085105,3.331201602888882,9.990565276738653,-0.3516707384671235,0.509283903588532,0.03377895222711494,0.17338517048266044
434.47325750851047,3.2539169230963227,9.77694876371234,-0.3835008079367298,0.30834533529287006,0.021040305330384212,0.09515618120940324
434.5732575085105,3.130681837615033,9.737205442256005,-0.45300081305409,0.2587407277764273,-0.005100881741105498,0.07377802987087666
434.6732575085105,3.074841222542785,9.799614349527664,-0.4622633906844315,0.2958537212430628,-0.008266386878124726,0.08443082155097202
434.7732575085105,3.224967576283068,9.74133919803678,-0.2938128135359978,0.22917062530785426,0.054617818890697736,0.05679225351533425
434.87325750851045,3.4748918689496096,9.761752729355996,-0.05644721033177397,0.2325614194500548,0.13838353569113518,0.05597342480623065
434.97325750851047,3.469939065594887,9.785288738425038,-0.0426088567626573,0.23815876193067914,0.13838353569113518,0.05597342480623065
435.0732575085105,3.7407888611824087,9.488432651864029,0.2020535332752646,-0.019286097541243937,0.22255373587741425,-0.03807529242738768
435.17325750851046,3.7621069831893146,9.486313665647769,0.22430890686299843,-0.023093626783981407,0.22255373587741425,-0.03807529242738768
435.2732575085104,3.9908705792359513,9.4197230821747,0.4070304055378767,-0.0765977031263006,0.277667973072445,-0.05503729887370154
435.37325750851045,4.032961959655111,9.4117881253677,0.4347972028451275,-0.08210143301367201,0.277667973072445,-0.05503729887370154
435.47325750851047,3.9315852673704477,9.445665186567458,0.3407998438834599,-0.05276594996445745,0.23361229973423037,-0.042551167263456445
435.57325750851044,3.93381578358014,9.437138521981923,0.336343887884384,-0.05954826564609854,0.22345680702066753,-0.04346501427852501
435.6732575085104,3.7824023403117324,9.47594293342416,0.20372963835534239,-0.02691559524584152,0.16741258581574958,-0.03021702737700254
435.7732575085104,3.6752698239139394,9.24571515516237,0.10984905694817707,-0.22343591495522896,0.1263180621729016,-0.10140425965634833
435.87325750851045,3.719065444058848,9.173402852377988,0.14922492436840973,-0.2741826119288539,0.13597825424785037,-0.11593368065681714
435.9732575085104,3.734667827766923,9.145404922781829,0.1628227497931901,-0.28577597999453164,0.13597825424785037,-0.11593368065681714
436.0732575085104,3.606156168716761,9.435327856304982,0.053778127183118404,-0.03276821042773142,0.09118175361341326,-0.020489168207557584
436.1732575085104,3.6119898902031413,9.43194858942117,0.0628963025444618,-0.03481712724848764,0.09118175361341326,-0.020489168207557584
436.2732575085104,3.66752069643521,9.335117229892901,0.11451671576133755,-0.1104043772403808,0.10709493745241368,-0.04595803454269901
436.3732575085104,3.6795078426986016,9.323847001996153,0.12522620950657526,-0.11500018069464912,0.10709493745241368,-0.04595803454269901
436.47325750851036,3.6174727073352404,9.552396975410156,0.07341268097468846,0.07801227829232818,0.0844733883039461,0.024863392353609327
436.5732575085104,3.5106131830349487,9.4856589454903,-0.014709704558221993,0.01837473986252072,0.04921773257039336,0.0023991063306156198
436.6732575085104,3.483225658284655,9.28546356288834,-0.03156516547069092,-0.14750411875160221,0.04134157950806883,-0.057113834881630174
436.77325750851037,3.365604575921503,8.90357911476361,-0.12626921797985677,-0.46539365519677195,0.00462451552705527,-0.1719627109867237
436.87325750851033,3.372091568496228,9.195741041705094,-0.10994041462804656,-0.20382245398930138,0.010355582500953052,-0.07221629581908101
436.97325750851036,3.3611493049459256,9.174997714827064,-0.10890485637795101,-0.21104408357121113,0.010355582500953052,-0.07221629581908101
437.0732575085104,3.4898759424334407,9.355203075217258,0.008850502550431582,-0.05270836410729201,0.05273677980495908,-0.012948221585068332
437.17325750851035,3.491024676587508,9.349867497698606,0.014124180530925692,-0.0540031862657984,0.05273677980495908,-0.012948221585068332
437.2732575085103,3.358184549792563,9.272745654346519,-0.09698645349047269,-0.11447399750042903,0.009380411408885209,-0.03422735195950935
437.37325750851033,3.348532806500558,9.261127117836676,-0.09604841234958396,-0.11789673269638073,0.009380411408885209,-0.03422735195950935
437.47325750851036,3.5155462163841698,9.332460469608636,0.05190387020393268,-0.05281759698324956,0.0625718562002101,-0.009676757855224712
437.5732575085103,3.2344882586325268,9.333152399701031,-0.18326604013235323,-0.04877460238735753,-0.02556829989845641,-0.0078648759050717
437.6732575085103,3.150357132503887,9.071091440088603,-0.24049075882067786,-0.2609818384945061,-0.04533998695622875,-0.08360749448177222
437.7732575085103,3.134636751211327,8.723294206389596,-0.23765063619388502,-0.5427440657346189,-0.042600600203485064,-0.184190613936003
437.87325750851033,2.9256614999805453,8.622403976678322,-0.3956618053552351,-0.5986769742696081,-0.09813686430219587,-0.1976135278095083
437.9732575085103,2.8856046351235247,8.561548211612335,-0.40547549178545134,-0.6184383270505521,-0.09813686430219587,-0.1976135278095083
438.07325750851027,2.9800298794907563,8.37298388607701,-0.3003088189072951,-0.7411206711315557,-0.05593100697420808,-0.2343781386338869
438.1732575085103,2.9497193425651487,8.297699928270667,-0.3059019196047172,-0.7645584849949497,-0.05593100697420808,-0.2343781386338869
438.2732575085103,2.8454603070623614,8.650909210633928,-0.37242093193703457,-0.42856019806179035,-0.07792606183937813,-0.1041049972229744
438.3732575085103,2.8078285835594743,8.60753266584165,-0.38021353812096975,-0.43897069778408426,-0.07792606183937813,-0.1041049972229744
438.47325750851024,2.468548334149736,8.72394159491601,-0.6385114897975459,-0.31711601184984217,-0.16856177934993744,-0.05670207458614113
438.57325750851027,2.372517567026911,8.844003742193406,-0.6817688509557701,-0.19626687460029293,-0.17820031806187178,-0.010952085149155556
438.6732575085103,2.3002215291086663,8.744283832887518,-0.7022759280056696,-0.26316871250490137,-0.17917213934367945,-0.03452766353799769
438.77325750851026,1.904547106735778,9.022854550988523,-0.9999322250414302,-0.007023451439656429,-0.28309144104314027,0.06097723136181786
438.8732575085102,2.0817937510042843,8.934978016872815,-0.7966510061903574,-0.07274290707103367,-0.1994389481820215,0.03528016537970423
438.97325750851024,2.00113145564432,8.927880126992608,-0.8165949010085641,-0.06921489053306246,-0.1994389481820215,0.03528016537970423
439.07325750851027,2.338831009818235,8.960185338264665,-0.4827837953564613,-0.03420737744985288,-0.07039426282522146,0.04639312219280277
439.17325750851023,2.2902006589684794,8.956996566130645,-0.48982322163898107,-0.029568065230574186,-0.07039426282522146,0.04639312219280277
439.2732575085102,2.8279004585553777,8.643143653034262,-0.0006103932706861236,-0.28358967275977803,0.11129347731148433,-0.04710343095241175
439.3732575085102,2.8283958866148664,8.614549168603515,0.01051895446046484,-0.2883000158550203,0.11129347731148433,-0.04710343095241175
439.47325750851024,2.81445199757925,8.587992116540105,0.008699414827856416,-0.29094737330082754,0.10660842081151345,-0.04636407124368984
439.5732575085102,2.913850210086286,8.599352710469194,0.10192099158332678,-0.2617300084984307,0.13674967738005006,-0.034122388269246906
439.6732575085102,2.530037443972002,8.513299189989315,-0.21293454800256187,-0.31423499219383627,0.017930338744790136,-0.05171012776759684
439.7732575085102,2.6744366889486826,8.296148195231797,-0.06840385726608747,-0.4772350756797496,0.07095545580338655,-0.10977470152447635
439.8732575085102,2.7053655566287085,8.310858844126553,-0.030213150888209323,-0.436505740335489,0.08218730363780001,-0.09127337335515635
439.9732575085102,2.7027551780580774,8.266751903226243,-0.021994420524432123,-0.4456330776710015,0.08218730363780001,-0.09127337335515635
440.07325750851015,2.403771736844591,8.483672445798156,-0.26271089357897276,-0.23799042922393493,-0.00830634634149515,-0.01320186791556599
440.1732575085102,2.3774591157549803,8.45980739353618,-0.2635415282131225,-0.23931061601549183,-0.00830634634149515,-0.01320186791556599
440.2732575085102,2.4522454035152985,8.316734899977,-0.18029758104397292,-0.33995928887200455,0.022067233640666192,-0.049198613767111085
440.37325750851016,2.4343259815791107,8.282492978020976,-0.17809085767990707,-0.34487915024871396,0.022067233640666192,-0.049198613767111085
440.47325750851013,2.1862993635353214,8.251643306234365,-0.3676563387842326,-0.34660458060728333,-0.047318157383197945,-0.04805375190743157
440.57325750851015,2.1513962955800148,8.412954698254694,-0.3706196202572923,-0.18815153005986068,-0.04667250124593411,0.010981261830972124
440.6732575085102,2.2748459776628738,8.361912470459288,-0.2414861050562664,-0.21359524799053606,0.0017191034618998999,0.001472503636061221
440.77325750851014,2.4346735069132563,8.279049834603075,-0.08274769181520547,-0.2657917519333365,0.060624423630509724,-0.017784517703418375
440.8732575085101,2.3878389628730505,8.289166892618434,-0.10898419241827217,-0.23737091197593793,0.048957759001570136,-0.006978841325450864
440.97325750851013,2.3771853324262286,8.265394907214208,-0.10408841651811404,-0.23806879610848317,0.048957759001570136,-0.006978841325450864
441.07325750851015,2.207485701389658,8.301432058690407,-0.23281078188463797,-0.18934317346100543,0.0003875731334726275,0.01078664886937759
441.1732575085101,2.1842065610668695,8.28255167458866,-0.23277202457129073,-0.18826450857406804,0.0003875731334726275,0.01078664886937759
441.2732575085101,2.1547442853507803,8.464504844416156,-0.23444690831903067,-0.016804522455844333,0.0007422922906545684,0.07335212562806706
441.3732575085101,2.131303305980325,8.46319115279871,-0.2343726790899652,-0.00946930989303596,0.0007422922906545684,0.07335212562806706
441.47325750851013,2.2775467861005994,8.384625728381701,-0.09302444958426566,-0.06626987456373493,0.051856851764342106,0.05036630913098786
441.5732575085101,2.2509340443837416,8.47643907460694,-0.10264109236490224,0.020464565735575597,0.04645282082244668,0.07990862082305242
441.67325750851006,2.0269764969176975,8.237300943946842,-0.2760630690912272,-0.17017204514322073,-0.017948607515438704,0.008749261919527532
441.7732575085101,2.2671638939229344,8.299761294494868,-0.04696208600043822,-0.10170108973384955,0.06782608864565201,0.03361752355556037
441.8732575085101,2.0945683069168703,8.366872795377473,-0.18000245547082191,-0.03503190524277942,0.017320788909846584,0.05626969798878162
441.9732575085101,2.076654665314343,8.36365095334314,-0.17827037657983785,-0.029404935443903175,0.017320788909846584,0.05626969798878162
442.07325750851004,2.1159369176453593,8.622298508399734,-0.12825273812900378,0.19119800165730635,0.03501444156894194,0.13335419288223996
442.17325750851006,2.1032867160403006,8.64208507952988,-0.1247512939721088,0.2045334209455334,0.03501444156894194,0.13335419288223996
442.2732575085101,2.441308086655707,8.261862186408107,0.17162623719841655,-0.1172712018174751,0.14132892746052336,0.011800580432703725
442.37325750851005,2.459177355012845,8.250194069128527,0.18575912994446406,-0.11609114377420512,0.14132892746052336,0.011800580432703725
442.47325750851,2.241368320327707,8.360695769905071,0.0024883058641881886,-0.014534573064555493,0.06990599044247002,0.0477748244551312
442.57325750851004,2.2932551841499444,8.196898433923153,0.05268934033575419,-0.14503417967336255,0.08568124760061765,-0.001142006481493707
442.67325750851006,2.016608033189799,8.278865784556773,-0.1737601557177624,-0.06582661723906577,0.0006826320986093315,0.02727544113487716
442.77325750851,1.9139589046696346,8.256102995974755,-0.2471939908267539,-0.0769839780890927,-0.02662240746203087,0.02216724981917867
442.87325750851,1.7681328576149444,8.214047377740897,-0.3503973039457472,-0.10306428967612696,-0.06293873440925951,0.012042223630609254
442.97325750851,1.7327784335483154,8.203801159891436,-0.35669117738667455,-0.10186006731306577,-0.06293873440925951,0.012042223630609254
443.07325750851004,2.0117551427974596,8.064133827126414,-0.09954925674929202,-0.20579016756043225,0.03272380332205635,-0.025267472104187637
443.17325750851,2.001963836139144,8.043428473009856,-0.0962768764170875,-0.20831691477085015,0.03272380332205635,-0.025267472104187637
443.27325750850997,2.1635459222251656,8.219917891240252,0.05535276896125135,-0.05006210869275523,0.08809113062504417,0.03190834517046644
443.37325750851,2.1695216547744174,8.215071222096826,0.06416188202375778,-0.04687127417570786,0.08809113062504417,0.03190834517046644
443.47325750851,1.8791456584173416,8.119412850797012,-0.1745064770867833,-0.11862722076025488,-0.0014490674653174912,0.0050479400774404055
443.57325750851,1.6966159228195474,7.948954516069538,-0.3137239973196372,-0.25010301387030737,-0.05222166949319421,-0.042676860271903344
443.67325750850995,1.5127168678752778,7.836907432417003,-0.4456888055011097,-0.32575581988615177,-0.09806056868938101,-0.06825096287672773
443.77325750850997,1.635460087491908,8.086062456090374,-0.31086152319712285,-0.09254536932598681,-0.04433123118431245,0.02005698731012094
443.87325750851,1.9373027573934631,8.227020441214123,-0.03841337555871536,0.032697084624367045,0.05568073921805161,0.06415260739209296
443.97325750850996,1.9337398235336831,8.230610912713518,-0.0328453016369121,0.03911234536357415,0.05568073921805161,0.06415260739209296
444.0732575085099,1.7520732590176258,8.098504566233588,-0.1781970872667162,-0.0682558414036051,0.0004755023181267637,0.02291592141730401
444.17325750850995,1.734255927802541,8.091793561700312,-0.17814953703490352,-0.06596424926187418,0.0004755023181267637,0.02291592141730401
444.27325750850997,1.4852064556615145,7.913455928805038,-0.3778064468168753,-0.20653622697615945,-0.07382081315728602,-0.02872093469276895
444.37325750850994,1.4470567069140536,7.892658701433965,-0.3851885281326014,-0.20940832044543536,-0.07382081315728602,-0.02872093469276895
444.4732575085099,1.3418673032314496,8.029721802071238,-0.4477735455882797,-0.08221845093664339,-0.09379387088144449,0.01789236825948922
444.5732575085099,1.2255701251365965,8.012566126529244,-0.5170130991876929,-0.0879370505424302,-0.1156476085470413,0.015177499333801373
444.67325750850995,1.2629626828041915,7.765970360671328,-0.45393668384533065,-0.28199959670718167,-0.08865220022731768,-0.054890192093914075
444.7732575085099,1.36372645172277,8.020919360466008,-0.33644287598491335,-0.04630293650793724,-0.04171152323839227,0.0338408864596334
444.8732575085099,1.2458525133638418,8.211061292567145,-0.4104439356631758,0.11684324324705149,-0.0669347050319492,0.0910057189846923
444.9732575085099,1.204473446272355,8.223200645486777,-0.41713740616637224,0.12594381514552278,-0.0669347050319492,0.0910057189846923
445.0732575085099,1.5696508388183168,8.064861138471093,-0.08311763627334195,-0.008330021502225025,0.05681849373450974,0.038954639300574107
445.1732575085099,1.561623167659658,8.064222909517374,-0.07743578689989292,-0.004434557572168943,0.05681849373450974,0.038954639300574107
445.27325750850986,1.4482919500236493,7.907511844516833,-0.16169833640646977,-0.13510559150646728,0.02376374075730329,-0.010939898160305057
445.3732575085099,1.4322409350867853,7.893946585875382,-0.1593219623307389,-0.13619958132249804,0.02376374075730329,-0.010939898160305057
445.4732575085099,1.1549327339610933,7.834422977359673,-0.3746675648309813,-0.17500016242225758,-0.05501057651714686,-0.02445367822759358
445.57325750850987,1.0306646621969162,7.699178477578433,-0.4530667816171839,-0.27531317364211727,-0.08162422193242083,-0.05984307786421497
445.67325750850983,0.6600396278063742,7.832023205834772,-0.7316776552839409,-0.14919227643375296,-0.17943707468930925,-0.01251567871289324
445.77325750850986,0.7958028349489212,7.840939578361916,-0.5687649113191965,-0.13010713879102703,-0.11225133885124373,-0.005033900280156343
445.8732575085099,1.0182598645419756,8.052663615424628,-0.347369572835367,0.05390929335025725,-0.02822676133483805,0.06098955158279768
445.97325750850985,0.9833817734517766,8.058359492517564,-0.3501922489688499,0.060008248508534937,-0.02822676133483805,0.06098955158279768
446.0732575085098,0.9381594722729146,8.137564159113396,-0.3619513275972636,0.1280151878329873,-0.03161229764591248,0.08371042959597394
446.17325750850983,0.9018062780249504,8.150784230044678,-0.3651125573618556,0.1363862307925866,-0.03161229764591248,0.08371042959597394
446.27325750850986,0.9171465820420622,8.027977470546094,-0.32478615252649623,0.02184405229323629,-0.01582438241496621,0.036732339776211556
446.3732575085098,0.8845888448773489,8.030345537474298,-0.3263685907679923,0.025517286270856192,-0.01582438241496621,0.036732339776211556
446.4732575085098,0.7989494665493118,7.962388354270519,-0.3720153302347607,-0.028947690658948023,-0.03176735381264429,0.015896009337410325
446.5732575085098,0.8628676370549904,8.158943949175613,-0.28986514933752267,0.138528588630046,-0.0006162202150813284,0.0758814115697451
446.67325750850983,0.8573647663743011,8.264051892902268,-0.27037691476592457,0.22083358395686242,0.006454359164985969,0.10264912583782974
446.7732575085098,1.026415448234407,8.145852522607486,-0.10074552797862354,0.11128491913268031,0.06923036392207171,0.058570273499521056
446.87325750850977,1.0031035562825399,8.293660666335297,-0.10511172719073218,0.2291106111587178,0.06515259190795973,0.09863403280456959
446.9732575085098,0.9929181465230041,8.317064897615198,-0.09859646799993473,0.238974014439177,0.06515259190795973,0.09863403280456959
447.0732575085098,0.9020780585182292,8.228550198624001,-0.15859414808291364,0.1567658950927181,0.04140206768038404,0.06583984616982184
447.1732575085098,0.8864256540483451,8.244555987364118,-0.15445394131487664,0.16334987970969803,0.04140206768038404,0.06583984616982184
447.27325750850974,0.8120739259352466,7.95078844010883,-0.204532822596044,-0.09447588429270537,0.020365190120050294,-0.031501747082454554
447.37325750850977,0.7917224696262378,7.941183342944144,-0.2024963035840385,-0.09762605900095155,0.020365190120050294,-0.031501747082454554
447.4732575085098,1.084525912515027,7.970009164174717,0.06010508319949428,-0.06891122613184544,0.11464055858405049,-0.02008154998740027
447.57325750850976,1.2713265013205652,7.8516747841676215,0.22340140667920771,-0.1635622742275571,0.1700714526017701,-0.05358165536951057
447.6732575085097,1.0410154130207718,7.926259442243716,0.029399159092663704,-0.09392970177948594,0.09375587171977705,-0.026715820753762286
447.77325750850974,1.0060060803519966,7.955434425387885,0.0056612296210339945,-0.06366732339524889,0.08145464627688563,-0.0145995713985487
447.87325750850977,0.9495914022659169,7.856659465598311,-0.033888518467812476,-0.1409311877035861,0.06422671247875492,-0.04172313762099111
447.97325750850973,0.9465236839815304,7.8423577311398525,-0.027465847219939173,-0.1451035014656838,0.06422671247875492,-0.04172313762099111
448.0732575085097,1.0369969750712482,8.021059110743378,0.05681634283395558,0.008464461152849101,0.09254283849016283,0.014463956459132721
448.1732575085097,1.0431413235470959,8.021977876640959,0.06607062668297396,0.009910856798762703,0.09254283849016283,0.014463956459132721
448.27325750850974,0.6652475119212986,8.146370898280077,-0.24795920152045395,0.12094674774881306,-0.025218286211542953,0.0560474516613782
448.3732575085097,0.6403255003382041,8.158745810313262,-0.2504810301416074,0.12655149291494897,-0.025218286211542953,0.0560474516613782
448.4732575085097,0.3274861777968982,8.095922577681328,-0.49251436962056633,0.06985166547715305,-0.11187630780365143,0.033717926167533274
448.5732575085097,0.2756793442366936,7.622769701487565,-0.5053836380838875,-0.32641599912240615,-0.11249023975395656,-0.11079357907639822
448.6732575085097,0.13995118847737653,7.72355574649589,-0.5870746819924099,-0.22733733820785948,-0.13796694293371722,-0.07132887723726472
448.7732575085097,-0.10561797562639649,7.835554417549695,-0.7613378383917982,-0.11951308785441069,-0.19757807235963232,-0.029036686117013905
448.87325750850965,-0.10075473783787414,7.7554991971331955,-0.7129580078698537,-0.17820843150175522,-0.17296615335151824,-0.048999630627604186
448.9732575085097,-0.1729153693916337,7.737433355829878,-0.7302546232050096,-0.18310839456451675,-0.17296615335151824,-0.048999630627604186
449.0732575085097,0.059714507494993976,7.868803203915116,-0.49227564536048546,-0.06574083320511642,-0.08056379118438155,-0.005448344182307798
449.17325750850966,0.010084124003040588,7.8622018788736945,-0.5003320244789209,-0.06628566762334702,-0.08056379118438155,-0.005448344182307798
449.27325750850963,0.13698132455363668,8.206299871957798,-0.34469911448355633,0.22313145953892452,-0.01678547996010002,0.09890375672089008
449.37325750850965,0.10242748570547267,8.2291075366953,-0.3463776624795667,0.23302183521101577,-0.01678547996010002,0.09890375672089008
449.4732575085097,0.2848211455517168,8.323420517191927,-0.16728481600747458,0.30090543491254934,0.048619691377793026,0.11968812487100519
449.57325750850964,0.3553335283549455,8.401849893084442,-0.08912744717766502,0.3525966725570648,0.07537836129668511,0.13405194042471083
449.6732575085096,0.10694393667412914,8.365630453925549,-0.28123882248810084,0.3066815534337854,0.003171407197954376,0.11280011965740844
449.77325750850963,0.5455038802122447,8.058678174854858,0.12131181068892186,0.03017573076668312,0.15259573215418082,0.0069250628877906145
449.87325750850965,0.45332954474488035,8.213751973385198,0.049248986504902295,0.155672510736781,0.12105410783157675,0.051581560270114166
449.9732575085096,0.4588597139345264,8.229577132260221,0.06135439728805584,0.16083066676379068,0.12105410783157675,0.051581560270114166
450.0732575085096,0.42891091693674255,8.18952626668986,0.04355260610934333,0.11807294315419661,0.1104042738776627,0.033989078500572846
450.1732575085096,0.43381819891706647,8.201503506397787,0.05459303349711211,0.12147185100425467,0.1104042738776627,0.033989078500572846
450.27325750850963,0.2628315090063425,8.03017354794904,-0.08164276363021138,-0.029603708291549315,0.05713984018315915,-0.022349594566697002
450.3732575085096,0.2549529318442397,8.027101429147054,-0.07592877961189741,-0.03183866774821825,0.05713984018315915,-0.022349594566697002
450.47325750850956,0.00018539049037198316,8.022922274365959,-0.2762516055277247,-0.034800258507788964,-0.01740664929493027,-0.022610014171946774
450.5732575085096,-0.08342438404371658,8.076875755260156,-0.32508584208145486,0.010820391462921311,-0.034599561042318865,-0.0052957840810816635
450.6732575085096,0.1550733159763054,8.33073495227049,-0.10282186286325398,0.2181428249385218,0.047037815430373726,0.0691683154312331
450.7732575085096,0.2722987403554757,8.064299288197864,0.011581392517656688,-0.02052757688527158,0.08778969247109802,-0.021182074148533833
450.87325750850954,0.27812005551622954,7.713280923146833,0.023871116031385878,-0.3090470658276657,0.08905780804584856,-0.12365995973350251
450.97325750850956,0.28095245615959813,7.681757916765392,0.03277689683597276,-0.3214130618010188,0.08905780804584856,-0.12365995973350251
451.0732575085096,0.3676798768207001,7.768059389858071,0.10964845967439135,-0.232386694024276,0.11334465589993993,-0.086374118868999
451.17325750850955,0.3792114460676348,7.7443888498613065,0.12098292526438148,-0.24102410591117296,0.11334465589993993,-0.086374118868999
451.2732575085095,0.1484746904576082,7.672413804372718,-0.07892845448936202,-0.2879284049061827,0.034471545969785536,-0.0998784538809698
451.37325750850954,0.14075420273851919,7.643121571612689,-0.07548129989238268,-0.297916250294282,0.034471545969785536,-0.0998784538809698
451.47325750850956,0.09868200768728544,7.630505075632723,-0.10092257087286795,-0.2933684097281527,0.0240193810676139,-0.09466896513046033
451.5732575085095,0.15149858428821708,7.677581084388859,-0.045621279448709036,-0.23886209623686325,0.04333186643901238,-0.07153595184541624
451.6732575085095,-0.22602314420119468,7.792323547313571,-0.3519121689387601,-0.13174283791752117,-0.06901126903134681,-0.03059708838312577
451.7732575085095,0.15478270207042344,7.782472611561346,4.301314382232184e-05,-0.13184428070676688,0.0642990164918767,-0.029508756199284055
451.87325750850954,0.08945592697548405,7.950972298833151,-0.04809091927875378,0.014482105117677578,0.044590075748758624,0.023904475882440695
451.9732575085095,0.08486978542635396,7.952540031724331,-0.043631911703879436,0.01687255270592083,0.044590075748758624,0.023904475882440695
452.07325750850947,-0.09040486626987254,7.88614505700058,-0.180857055164495,-0.03766437953102159,-0.006467961777754107,0.0032709570414012103
452.1732575085095,-0.10852291159521493,7.882394973832684,-0.18150385134227054,-0.037337283826881396,-0.006467961777754107,0.0032709570414012103
452.2732575085095,-0.007090943859071301,7.580540985953707,-0.0841866742210433,-0.2839409949008921,0.02851802949377624,-0.08572602622788267
452.3732575085095,-0.015367021133703977,7.551718256332489,-0.08133487127166665,-0.29251359752367745,0.02851802949377624,-0.08572602622788267
452.47325750850945,-0.08673348546444434,7.45262392140462,-0.13124990171702244,-0.358173184403627,0.00942638178427211,-0.10618560434649953
452.57325750850947,0.023757316654464622,7.330570017833089,-0.026200976974926286,-0.4401031946061278,0.04743348414463777,-0.1319721596052353
452.6732575085095,-0.09497607870252632,7.538681705255774,-0.11830531049831282,-0.24546629696927386,0.012406668492259298,-0.057514472250116286
452.77325750850946,-0.5775576030615536,7.416488940045106,-0.5228708713860081,-0.3340672560426767,-0.13834487950091037,-0.08799441849721058
452.8732575085094,-0.524070466812057,7.28205787973916,-0.448221539475461,-0.425442846989918,-0.10638373908573483,-0.11754117580964211
452.97325750850945,-0.5694245394550422,7.238925889161109,-0.4588599133840369,-0.4371969645708849,-0.10638373908573483,-0.11754117580964211
453.07325750850947,-0.6927104531701611,7.487232947706428,-0.5329110394979665,-0.2082499964914087,-0.12917357695992193,-0.031240904978853103
453.17325750850944,-0.7466474250047387,7.4662517435324,-0.5458283971939543,-0.21137408698929297,-0.12917357695992193,-0.031240904978853103
453.2732575085094,-1.0655517980449858,7.859023039462361,-0.7849520109548102,0.13035429838631285,-0.21291564870716737,0.09358209480463858
453.3732575085094,-1.145111577384021,7.872526379775019,-0.8062435758255317,0.13971250786677883,-0.21291564870716737,0.09358209480463858
453.47325750850945,-1.158925406688636,7.6808859767514255,-0.7710219671315789,-0.020410977459510034,-0.19246853200088926,0.03284103412863653
453.5732575085094,-1.522590294127864,7.311293751361564,-1.0308863975281033,-0.3230846645737423,-0.28031314915199296,-0.07779474032205938
453.6732575085094,-1.4500331043810246,7.567722890433354,-0.911547181428847,-0.09314785435242638,-0.2270137792636272,0.007368395150773588
453.7732575085094,-1.1660514929060881,7.526479390971023,-0.6099302669701068,-0.11961284100491072,-0.10653390173140431,-0.0026390289234599507
453.8732575085094,-0.9728040089147033,7.601328462705454,-0.4088417373016225,-0.04859772691209485,-0.0300508425405117,0.02286547618299617
453.9732575085094,-1.0138384368575541,7.596583017395162,-0.41184682155567265,-0.046311179293796016,-0.0300508425405117,0.02286547618299617
454.07325750850936,-0.8624175469580455,7.501297472691976,-0.2535606640308037,-0.11904415932586113,0.02853801084720091,-0.0041274875181780794
454.1732575085094,-0.8876309233068956,7.489372419321796,-0.25070686294608296,-0.11945690807767903,0.02853801084720091,-0.0041274875181780794
454.2732575085094,-0.6614460965428128,7.485880647356723,-0.03662395773600734,-0.1208602281769861,0.10557979597069533,-0.006729633776334981
454.37325750850937,-0.6645805933365592,7.473760976370147,-0.026065978138941404,-0.12153319155461938,0.10557979597069533,-0.006729633776334981
454.47325750850933,-0.7329433401533914,7.4102526093998895,-0.07069644833141306,-0.16441333749328504,0.08561197957486182,-0.021856394455864653
454.57325750850936,-0.7201356538880719,7.184786488131568,-0.045749288150100396,-0.34042726414864144,0.09159416339940091,-0.08471351975984706
454.6732575085094,-0.4305202688264796,7.025076601355687,0.2079067575405226,-0.4518723433315995,0.18002104355323012,-0.12160441054508787
454.77325750850935,-0.34187905585753436,7.053979205175112,0.28361521392126304,-0.40046691967182474,0.2014581761112633,-0.09821882749920584
454.8732575085093,-0.44118379394005375,7.011475936626274,0.19682047929696422,-0.4119023929158152,0.1628303002865509,-0.09879618993679935
454.97325750850933,-0.42068759450891974,6.969791716384999,0.21310350932562303,-0.4217820119094974,0.1628303002865509,-0.09879618993679935
455.07325750850936,0.0003555689109275839,7.1012912252678335,0.5601657348706605,-0.2886806380364386,0.28217056914794114,-0.047610661921656715
455.1732575085093,0.05778299524371326,7.072185108154592,0.588382791785445,-0.29344170422860266,0.28217056914794114,-0.047610661921656715
455.2732575085093,-0.05495266786684763,7.165196253098551,0.4745591506070693,-0.19837526357767152,0.23133766207392467,-0.01211091781495418
455.3732575085093,-0.006340064495759759,7.145298172151705,0.49769291681446703,-0.19958635535916722,0.23133766207392467,-0.01211091781495418
455.47325750850933,-0.08775669429458641,6.989900211758204,0.41063752442756696,-0.3121341704380245,0.19146995613159476,-0.05201322509942817
455.5732575085093,-0.10476489631881239,7.113285428507683,0.3800524792087204,-0.18848520729794674,0.17331379257142557,-0.005420356467042808
455.67325750850927,-0.10339819555029969,6.977823242172925,0.36616538801055315,-0.28488326842504713,0.16202303591409073,-0.039761292383610286
455.7732575085093,-0.22366995317655528,7.0719940521349045,0.24644325045083076,-0.18431060096047544,0.11152893672809841,-0.001298281164723844
455.8732575085093,-0.1438203604947999,7.200006036873986,0.30301376849801964,-0.0642106197289251,0.12793418541920998,0.04172141686370643
455.9732575085093,-0.11287931271791267,7.193793581985414,0.31580718703993627,-0.060038478042555875,0.12793418541920998,0.04172141686370643
456.07325750850924,-0.23798326645372053,7.2273426703183565,0.19843233246904254,-0.023894648290116734,0.08104851800264086,0.05307845170888092
456.17325750850927,-0.21773479061679837,7.225218597747888,0.20653718426930848,-0.018586803119227436,0.08104851800264086,0.05307845170888092
456.2732575085093,-0.6057368010270442,6.842842137441476,-0.12248896644125784,-0.32723081993414205,-0.03996020446832311,-0.05967272792187055
456.37325750850925,-0.6181854986935074,6.809820691808464,-0.1264849868880888,-0.33319809272632706,-0.03996020446832311,-0.05967272792187055
456.4732575085092,-0.3152398927016885,7.005335729696441,0.13245067289763807,-0.1507241436156782,0.055171503987949726,0.007863295402134693
456.57325750850924,-0.3900712306860915,6.891006703451543,0.063531263406724,-0.232557058198171,0.027996219531408007,-0.022012211419574466
456.67325750850927,-0.30788037765536586,7.029623433553642,0.12934009794436835,-0.10157828115937231,0.050784705837310096,0.02570023816273447
456.77325750850923,-0.3316143038741979,7.029646399249069,0.10259463908308343,-0.09045402739554942,0.03896254466985782,0.028847299179385437
456.8732575085092,-0.5153070401937754,6.772746632025778,-0.05486463540324531,-0.29116724172307124,-0.019320503301679927,-0.0440025383787512
456.9732575085092,-0.5208901062506096,6.743409895161571,-0.05679668573341374,-0.29556749556094736,-0.019320503301679927,-0.0440025383787512
457.07325750850924,-0.5418377399262613,6.992569942178422,-0.06978501423432645,-0.07144263717922714,-0.022894809690703025,0.03768239253877167
457.1732575085092,-0.548930715398145,6.985614090423195,-0.07207449520339597,-0.06767439792535125,-0.022894809690703025,0.03768239253877167
457.2732575085092,-0.8042018163931571,7.111405099959584,-0.27826752981351666,0.04264312346811748,-0.09595558554511466,0.07521912718585302
457.3732575085092,-0.8325083473022409,7.116045507942326,-0.2878630883680303,0.050165036186704495,-0.09595558554511466,0.07521912718585302
457.4732575085092,-0.8508626871533043,7.016700558768424,-0.2883734685881329,-0.02845015682480631,-0.09266846344625614,0.04434818757450932
457.5732575085092,-1.016192856220114,6.984984896969296,-0.4122448106914215,-0.04822167832581447,-0.13450824992825972,0.03559506121515757
457.67325750850915,-1.0594156896985683,7.018903090685389,-0.42679921303061924,-0.0129566569454488,-0.13490737977314826,0.04695373232893826
457.7732575085092,-1.049335521014592,6.866786558239936,-0.3942332296777753,-0.1368055560461295,-0.11779792811506815,-0.00033710166256755575
457.8732575085092,-1.0283942949333464,7.115732214133822,-0.355354553284258,0.07876880464316759,-0.09949963979489827,0.07681010626362755
457.97325750850916,-1.0644272484607342,7.123993145129455,-0.36530451726374447,0.08644981526952772,-0.09949963979489827,0.07681010626362755
458.07325750850913,-1.1342970855496595,7.1379985789977605,-0.4016524312708538,0.09639604857812162,-0.10879661917216052,0.07712847713155463
458.17325750850915,-1.175006311772615,7.148023826241233,-0.4125320931880723,0.10410889629127884,-0.10879661917216052,0.07712847713155463
458.2732575085092,-1.1052405171021338,7.148584435559802,-0.31816364526858065,0.0972821588046304,-0.06720848906768773,0.07018909794951969
458.37325750850914,-1.1373929240743192,7.158663596930009,-0.32488449417534715,0.10430106859957997,-0.06720848906768773,0.07018909794951969
458.4732575085091,-1.0306977536595046,7.0544876326900345,-0.21544053253426393,0.016778289754933753,-0.025178723464157865,0.036306014277163026
458.57325750850913,-0.981294617951267,7.0596166355182515,-0.15807951100032694,0.02312940049481816,-0.00331814881437904,0.03728976322545246
458.67325750850915,-1.077046790273532,7.064988084139988,-0.224941405750881,0.029219748695374137,-0.027380024083724558,0.03813573738233537
458.7732575085091,-0.8319660617420342,7.253734128132963,0.0030684621013146824,0.1910023318605503,0.05833970188475708,0.09625179393619158
458.8732575085091,-0.8437891556892185,7.243436051728371,-0.0014211881825091643,0.17609745862567444,0.05461071861947965,0.08747464072916408
458.9732575085091,-0.843658220914372,7.261483170794588,0.004039883679440043,0.18484492269859285,0.05461071861947965,0.08747464072916408
459.07325750850913,-1.2327785427199363,7.609130281143346,-0.3177281737606377,0.46526546231467675,-0.06454086420784778,0.18522190432326496
459.1732575085091,-1.2648740644170282,7.656582936896414,-0.3241822601814203,0.4837876527469969,-0.06454086420784778,0.18522190432326496
459.27325750850906,-1.2735413673375646,7.715382778077019,-0.3126728538899174,0.5079920788995292,-0.058630796449561,0.18665824391323776
459.3732575085091,-1.3051018067088114,7.76711527718655,-0.3185359335348748,0.5266579032908573,-0.058630796449561,0.18665824391323776
459.4732575085091,-1.1709159263184614,7.836312913118406,-0.18590958543686445,0.5581521196801033,-0.008523727371130184,0.1912558503840111
459.5732575085091,-1.2480957260025252,7.371849194332916,-0.23608700384774844,0.1435835968945216,-0.026531305220009592,0.034430023490853445
459.67325750850904,-1.4503176409059917,7.2495383113766865,-0.387303599935987,0.03451730484985114,-0.08026212269488994,-0.0058770354491672686
459.77325750850906,-1.3055133799848322,6.957352590620198,-0.23679055714363337,-0.2176248914777042,-0.021366924729237388,-0.09842275173849913
459.8732575085091,-1.0505413842101303,6.9076511928882,-0.007251647299020589,-0.24999999941968842,0.06231635734543749,-0.10648527522303945
459.97325750850905,-1.0509549671533052,6.882118766570125,-0.0010200115644789657,-0.26064852694198876,0.06231635734543749,-0.10648527522303945
460.073257508509,-1.16440060892903,6.672534765983397,-0.08984218120164762,-0.4204354348017639,0.02780134939407943,-0.15958305120470279
460.17325750850904,-1.1732458203022262,6.629693307247187,-0.08706204626223905,-0.4363937399222378,0.02780134939407943,-0.15958305120470279
460.27325750850906,-1.538274813034825,6.528232002063979,-0.38217948767552823,-0.501243915335427,-0.08030432006792688,-0.17767013560473208
460.373257508509,-1.5768942834027042,6.47721925985243,-0.39020991968231816,-0.5190109288958942,-0.08030432006792688,-0.17767013560473208
460.473257508509,-1.307822541746076,6.346193298476082,-0.14138639914718384,-0.6011203612694991,0.012628396550509957,-0.20073001100677118
460.573257508509,-1.1145884881555626,6.503371953329311,0.034534217904857036,-0.4395614087703514,0.07639242313023697,-0.13505104327434703
460.67325750850904,-1.0105010594448858,6.641678159696577,0.1256211554390154,-0.30265748732468983,0.10657287741310384,-0.08116620202976516
460.773257508509,-0.8582432565066312,6.683388051932018,0.25622656918577585,-0.2491794267304788,0.15113199069987088,-0.058505808287905664
460.87325750850897,-0.8828689225240283,6.551991567742567,0.22895037213394637,-0.34220491000681946,0.13582056490815167,-0.08969805586185303
460.973257508509,-0.8592947824860874,6.517322586462568,0.24253242862476462,-0.3511747155930068,0.13582056490815167,-0.08969805586185303
461.073257508509,-1.1937355414124815,6.680570987128301,-0.04464519358926801,-0.19522052102117443,0.02655675105194428,-0.030193498820804902
461.173257508509,-1.1980672770161471,6.660897967532087,-0.041989518484074485,-0.1982398709032539,0.02655675105194428,-0.030193498820804902
461.27325750850895,-1.1661003736061424,6.523448527749778,-0.007491413837199622,-0.29534654694314444,0.03860077340589414,-0.06320381699856667
461.37325750850897,-1.166656511122833,6.493597853970464,-0.00363133649660933,-0.30166692864300254,0.03860077340589414,-0.06320381699856667
461.473257508509,-1.4618351127764615,6.237731555786099,-0.24539687697540802,-0.49334480713984774,-0.05026940246306373,-0.12963465469190552
461.57325750850896,-1.4817664514712379,6.522297646881659,-0.2463295355131086,-0.2279467637598875,-0.048774662912480025,-0.02897782534384767
461.6732575085089,-1.6460693965691113,6.608770425504112,-0.36726237247310506,-0.14088707518904492,-0.09074830639619486,0.00324992179003699
461.77325750850895,-1.5725286736303146,6.422233273428426,-0.2809040953753318,-0.2873248870207704,-0.05529619221488982,-0.05074342442914748
461.87325750850897,-1.4247252997518765,6.2974957050888305,-0.14001865642877392,-0.3710076590670175,-0.0024097747842628525,-0.07887048312085665
461.97325750850894,-1.4387392142686704,6.260000586766537,-0.14025963390720012,-0.37889470737910047,-0.0024097747842628525,-0.07887048312085665
462.0732575085089,-1.574526927300451,6.655417726026467,-0.24404073875508234,-0.028374622752707586,-0.04046941181036397,0.050077414973902556
462.1732575085089,-1.5991333482350167,6.652830650826065,-0.24808767993611966,-0.02336688125531619,-0.04046941181036397,0.050077414973902556
462.27325750850895,-1.977740862905561,6.406322622204087,-0.5469578862249119,-0.2199966197305694,-0.14726741380286426,-0.022369880841631155
462.3732575085089,-2.0331729885970473,6.384211110826829,-0.5616846276051933,-0.22223360781473173,-0.14726741380286426,-0.022369880841631155
462.4732575085089,-1.9637187841341799,6.299667677071119,-0.47120419205418723,-0.2756312007758785,-0.10920224617268875,-0.04070548580827836
462.5732575085089,-2.0521692985602797,6.579784796497338,-0.5164849051801594,-0.023526853550921052,-0.1217465664727309,0.0519285600301288
462.6732575085089,-2.064931224141356,6.587718135515924,-0.4957845059884482,-0.010090431084703321,-0.1098566740417172,0.054881861987080595
462.7732575085089,-2.205213070957884,6.346694664023101,-0.5844763930140359,-0.2090815660774157,-0.1387234880429627,-0.020345119796022874
462.87325750850886,-2.102797181246499,6.427160647219266,-0.46407864192931797,-0.12780803718522216,-0.09022393724517212,0.009463517355445896
462.9732575085089,-2.1496561651256676,6.414427161087519,-0.4731010356538372,-0.12686168544967735,-0.09022393724517212,0.009463517355445896
463.0732575085089,-1.8396589649248498,6.574547637064619,-0.18258545541412283,0.017096711603607477,0.01863098978693705,0.060982347203573095
463.17325750850887,-1.8578243555173213,6.576562219960997,-0.18072235643542975,0.023194946323962705,0.01863098978693705,0.060982347203573095
463.27325750850883,-1.712429366453773,6.131869165518194,-0.04086314210215842,-0.34141242676518907,0.06912253525036112,-0.07268523691186246
463.37325750850886,-1.7161700679877379,6.097364496657107,-0.03395088857712074,-0.348680950456377,0.06912253525036112,-0.07268523691186246
463.4732575085089,-1.3448435346114753,5.721142752657244,0.28466881545323475,-0.6363829128936945,0.18190187883838407,-0.17319063094798132
463.57325750850885,-1.2067335452709955,5.599168636135891,0.394466787376063,-0.70151982178799,0.21534603038679087,-0.19048178863832485
463.6732575085088,-1.526190819676895,5.9009657137135045,0.11636103491173107,-0.4139730422505092,0.10697536746318566,-0.08064249824382691
463.77325750850883,-1.5548343109061298,5.870033688961124,0.09187949673373776,-0.4127884984959751,0.09390681493903018,-0.07723991052970938
463.87325750850886,-1.4081064730375539,5.755898214732539,0.2151893117581312,-0.4800081054715978,0.13505541621414152,-0.09852817044534809
463.9732575085088,-1.3859122647806779,5.707404763333169,0.22869485337954074,-0.4898609225161292,0.13505541621414152,-0.09852817044534809
464.0732575085088,-1.0217875824913554,5.647495997747693,0.527176685869268,-0.5078923630049891,0.23857031462526582,-0.10135220843425774
464.1732575085088,-0.9678770623312898,5.596200000405011,0.5510337173318001,-0.5180275838484172,0.23857031462526582,-0.10135220843425774
464.27325750850883,-1.325594115266864,5.613491169160439,0.22367710998281465,-0.46795486266953096,0.10964183789180652,-0.07893454030134818
464.3732575085088,-1.3026781950791315,5.566301010191996,0.23464129377199155,-0.4758483166996631,0.10964183789180652,-0.07893454030134818
464.47325750850877,-1.6919500567127927,5.606354831084878,-0.09849713876503252,-0.41134236898855275,-0.014858449583772498,-0.05298709825407356
464.5732575085088,-1.6508302172852842,5.846490218107171,-0.05697867182160184,-0.18239005888623752,0.000841556038749941,0.0317191710680012
464.6732575085088,-1.8863306110345341,6.0157997049244285,-0.24818081232237996,-0.025148494829335753,-0.06834078985141998,0.08691544950836373
464.7732575085088,-1.59898522584796,6.041260846045238,0.014341598756669344,0.006980050199268849,0.03172151837298268,0.09553781174836104
464.87325750850874,-1.550124486234632,6.11550347566587,0.05679814921643421,0.07651916116991307,0.04591139153257704,0.11700129728448513
464.97325750850877,-1.5442151143553242,6.123740398269286,0.06138928836969296,0.08821929089836425,0.04591139153257704,0.11700129728448513
465.0732575085088,-2.231450085888098,6.453298410278184,-0.5137780779742541,0.3639247999976941,-0.164516853857527,0.2118333895073959
465.17325750850875,-2.2836504779547933,6.490750057225477,-0.5302297633600012,0.3851081389484265,-0.164516853857527,0.2118333895073959
465.2732575085087,-1.8289578130055613,6.601900921401909,-0.11200544028397005,0.46912848625431086,-0.004038247865022521,0.23547582125282435
465.37325750850874,-1.840178548273286,6.649991149133616,-0.1124092650704724,0.49267606837959865,-0.004038247865022521,0.23547582125282435
465.47325750850877,-1.847704282493028,6.867052958004088,-0.10970298972763727,0.6532508304241329,-0.0029129778385566744,0.28458540951383793
465.57325750850873,-1.7705662700744433,6.6982520157057595,-0.03575098518433753,0.485720706768853,0.02419175218555015,0.21371498763320912
465.6732575085087,-1.7617381185973457,6.864403808848785,-0.023108288863937006,0.6028862246713449,0.027889284039564692,0.24803370944504133
465.7732575085087,-2.0712408918532654,6.942881248752956,-0.2852164327617586,0.6421124387797433,-0.07051641054788127,0.2533398056978492
465.87325750850874,-1.7981369519909194,6.860393891739457,-0.041294103956703694,0.5459722224614153,0.02013761302254112,0.20987485056972913
465.9732575085087,-1.8021656743214758,6.916040488238428,-0.03928034265445027,0.5669597075183811,0.02013761302254112,0.20987485056972913
466.0732575085087,-1.695018976435585,6.375935952862334,0.056866992685336064,0.0940569794825728,0.054675196067454565,0.03222803331092336
466.1732575085087,-1.6890589011867125,6.3855027909771485,0.06233451229208276,0.09727978281366587,0.054675196067454565,0.03222803331092336
466.2732575085087,-1.6433186118292415,6.060371106076076,0.09968804902775036,-0.1817534468400533,0.06599176229098741,-0.07083934563261805
466.3732575085087,-1.633019848115015,6.041841564663914,0.10628722525684685,-0.1888373814033127,0.06599176229098741,-0.07083934563261805
466.47325750850865,-1.6977997042791269,5.959358264500999,0.04982609359546721,-0.24793487556430277,0.0431758170230196,-0.08948064363889462
466.5732575085087,-1.834465126368739,5.517038861282691,-0.06537631365015291,-0.6039133973391053,-0.00045851673334462717,-0.2149684873950602
466.6732575085087,-1.3352734365525905,5.628782498145676,0.3555382016338924,-0.4829992830792238,0.15178984766054895,-0.1639489950922008
466.77325750850866,-1.4399410813980176,5.636246421103124,0.24920243032511208,-0.45124306803432607,0.10664875240319802,-0.14623442622385174
466.87325750850863,-1.361354817731895,5.761961636777167,0.304025941779071,-0.3250131325444981,0.12259924340585057,-0.09583536275088872
466.97325750850865,-1.3303392273369514,5.728981146708955,0.31628586611965886,-0.33459666881958916,0.12259924340585057,-0.09583536275088872
467.0732575085087,-1.5813661201783094,6.127761404345911,0.09410428831773218,0.013377742490126066,0.03813641594659728,0.032796857434286335
467.17325750850864,-1.5717650092668065,6.129263162882094,0.09791792991239061,0.01665742823355358,0.03813641594659728,0.032796857434286335
467.2732575085086,-2.1153781495564052,6.244207946829023,-0.3657367839459574,0.11524750566212524,-0.1328687184248896,0.06760290888105593
467.37325750850863,-2.1526161715431344,6.2560707119396435,-0.3790236557884494,0.12200779655023238,-0.1328687184248896,0.06760290888105593
467.47325750850865,-2.009143521019086,6.557864142844019,-0.24074359157326525,0.3666537129720467,-0.07803005630589611,0.1528594625812727
467.5732575085086,-1.9867465532729354,6.465400443501222,-0.2090659201652669,0.27386179487021783,-0.06361645859731943,0.1137779990766361
467.6732575085086,-1.7190041784975583,6.432224401580762,0.025102532767551936,0.23497835385826696,0.023375849950283842,0.09577163959263149
467.7732575085086,-2.025181718723982,6.275408074723105,-0.2387268153162906,0.09070553272978012,-0.0755015808127056,0.03917095274521227
467.87325750850863,-1.9902044777670502,6.324201327497188,-0.1970530723223914,0.12707274788099798,-0.057721471222898724,0.05078200299682919
467.9732575085086,-2.010198392355397,6.337162512300267,-0.2028252194446793,0.13215094818067916,-0.057721471222898724,0.05078200299682919
468.07325750850856,-1.7478558731944944,6.176747501230738,0.029821715358119467,-0.004597341194540566,0.029338902211875184,0.00025830773666893
468.1732575085086,-1.7447270071476222,6.176289058649966,0.03275560557930765,-0.0045715104208736675,0.029338902211875184,0.00025830773666893
468.2732575085086,-2.05216791440596,6.275761600156566,-0.22096607871408225,0.07109873635238942,-0.06291460174521939,0.025525458351331493
468.3732575085086,-2.0745790952860865,6.2829991010835595,-0.22725753888860203,0.07365128218752169,-0.06291460174521939,0.025525458351331493
468.47325750850854,-2.0171433221183355,6.293239636276786,-0.1665441714631552,0.07846362684938595,-0.038671483841866916,0.02633535453396431
468.57325750850856,-2.0980859428762733,6.1065829628428565,-0.22441106706765576,-0.08084878175233647,-0.05838570080014651,-0.032225059661816956
468.6732575085086,-2.227919380438965,6.054814499223696,-0.3193977612677407,-0.11985491416655299,-0.09062782417191519,-0.045044736010341695
468.77325750850855,-2.282385168377182,6.293824183203919,-0.34748573775314406,0.0894223973773868,-0.09769542752696818,0.03360457856561649
468.8732575085085,-2.3097182342457736,6.186288544563276,-0.35068628071396196,-0.0029792402362419797,-0.09532264654773198,-0.0006602718241371514
468.97325750850854,-2.3452634755499164,6.185987319180531,-0.3602185453687373,-0.00304526741865571,-0.09532264654773198,-0.0006602718241371514
469.07325750850856,-2.2929542690346376,5.812336758859539,-0.2967756995917076,-0.31176928127989323,-0.06917480178044151,-0.1117444619780694
469.1732575085085,-2.3229777130027003,5.780601108421671,-0.30369317976974936,-0.32294372747769634,-0.06917480178044151,-0.1117444619780694
469.2732575085085,-2.540201435703725,6.148368003951738,-0.46042091065612395,-0.00041315257252835525,-0.12182934018667135,0.009057563723253628
469.3732575085085,-2.5868526734702812,6.1483719765131015,-0.4726038446747939,0.0004926037997972136,-0.12182934018667135,0.009057563723253628
469.47325750850854,-2.5691559036238734,5.8965986847833465,-0.43019592883493585,-0.2057400260460394,-0.10207774232471124,-0.06517939325287701
469.5732575085085,-2.4208122041030977,5.740502989246346,-0.2787506077875569,-0.3247477185338086,-0.0430614625017269,-0.10585621647565752
469.67325750850847,-2.7365946732336672,5.851530297699507,-0.5225256128711764,-0.2169125428390602,-0.12966995332993578,-0.06343132985698649
469.7732575085085,-2.5575004950636884,5.520115991545638,-0.33552989119744275,-0.4865517491440349,-0.055386497164649384,-0.16029671847304577
469.8732575085085,-2.441837007249047,5.342446622363367,-0.2168246095478284,-0.6078394515470115,-0.010508487350191616,-0.19795933071645527
469.9732575085085,-2.4635720106405734,5.280672880555104,-0.2178754582828472,-0.6276353846186502,-0.010508487350191616,-0.19795933071645527
470.07325750850845,-2.275070464988705,5.3303204650319564,-0.04102655754972788,-0.5507695872420085,0.05462395779084184,-0.16238976058128918
470.17325750850847,-2.2789000009547244,5.274431557504836,-0.035564161770642456,-0.5670085633001412,0.05462395779084184,-0.16238976058128918
470.2732575085085,-2.5978885454717533,5.310449617038729,-0.29995262020629465,-0.4957675589468302,-0.045002620961236375,-0.12805408863961681
470.37325750850846,-2.6281088205971788,5.260232590700865,-0.30445288230241674,-0.5085729678107875,-0.045002620961236375,-0.12805408863961681
470.4732575085084,-2.80563909919067,5.471166280676933,-0.4312295401178892,-0.3055525406920901,-0.08924362842892511,-0.050703610088975545
470.57325750850845,-2.837990422072787,4.981260790410644,-0.4307028930743447,-0.6926146354894909,-0.0857932556222534,-0.18883361563210022
470.67325750850847,-2.879043275483315,5.151210593707035,-0.4372458848791103,-0.5140451797253633,-0.0850567765893828,-0.11809508341773699
470.77325750850844,-2.8260360067816004,5.471376453821191,-0.3620092472568057,-0.2091558375141845,-0.05394763434781013,-0.0015830639016999465
470.8732575085084,-2.939745826220337,5.486182656143851,-0.43159745240459196,-0.17998134233408516,-0.07713487476707756,0.008912571687545598
470.9732575085084,-2.9832912458346414,5.468229084768876,-0.4393109398813015,-0.1790900851653304,-0.07713487476707756,0.008912571687545598
471.07325750850845,-3.0628460817146497,5.3580975104792845,-0.47783756340342115,-0.2560945502683922,-0.08868560628712904,-0.019555537790010548
471.1732575085084,-3.111073266086411,5.332390277763504,-0.48670612403213104,-0.25805010404739254,-0.08868560628712904,-0.019555537790010548
471.2732575085084,-2.9347838670362982,5.277838316184889,-0.30130455311820264,-0.2866359692366892,-0.016519380629071004,-0.029966804126049025
471.3732575085084,-2.964996919251271,5.2490248852405825,-0.3029564911811101,-0.2896326496492948,-0.016519380629071004,-0.029966804126049025
471.4732575085084,-3.066422538311864,5.589507353329415,-0.3637628487308778,0.011329402180212713,-0.037922130512798774,0.0789698914809738
471.5732575085084,-3.072901259966445,5.425619920822434,-0.342206693229502,-0.11840745578686271,-0.02866795317106649,0.02920084575741768
471.67325750850836,-2.860896243041739,5.484173436793868,-0.1400010889283027,-0.05773012609672082,0.04550040060980788,0.04989268900098506
471.7732575085084,-2.979702256331637,5.544447500824665,-0.22598212601431572,0.0032511373185171357,0.011869324769710664,0.07049188077670347
471.8732575085084,-3.05756459277608,5.634259648661917,-0.27077451459421026,0.0834766098540191,-0.004738813744292893,0.09667525141739967
471.97325750850837,-3.084665738304213,5.643090685904403,-0.27124839596863937,0.09314413499575577,-0.004738813744292893,0.09667525141739967
472.07325750850833,-2.648220865995563,5.32894733178742,0.1166681178646352,-0.16376048762383233,0.13647078747039612,0.0010716652646955704
472.17325750850836,-2.635871700271745,5.312576641351356,0.13031519661167792,-0.16365332109736275,0.13647078747039612,0.0010716652646955704
472.2732575085084,-2.765034399191033,5.25142375050134,0.021009402811992296,-0.2060196217355271,0.09084887278031237,-0.01574262985477643
472.37325750850835,-2.7624792145459334,5.230743075178521,0.030094290090020435,-0.2075938847210042,0.09084887278031237,-0.01574262985477643
472.4732575085083,-3.0442142739969063,4.931040273639993,-0.19827879970939088,-0.4385089953926744,0.004933843347667666,-0.09793679460325988
472.57325750850833,-3.4045289641520458,5.019086926209493,-0.4846654830491603,-0.3381497858353922,-0.09980027461158729,-0.058104992433900125
472.67325750850836,-3.278160194980531,5.225646238288441,-0.34870090828610406,-0.14608866126235134,-0.047016619130294014,0.012783579454354106
472.7732575085083,-3.108986111465943,5.276851981999078,-0.17732886328461736,-0.08885823752523161,0.018392391535451434,0.03336808164026818
472.8732575085083,-2.940498140708978,5.387901411377582,-0.020797950690846313,0.012804135862132963,0.07426839580008496,0.06855017289802212
472.9732575085083,-2.9422065937990625,5.389524575828286,-0.01337111111083613,0.019659153151936733,0.07426839580008496,0.06855017289802212
473.07325750850833,-2.67359321164441,5.118969229281755,0.21912280168119047,-0.1988535963277404,0.1558869679303962,-0.012499163556640012
473.1732575085083,-2.6509014966366466,5.099021373831205,0.23471149847422476,-0.20010351268340398,0.1558869679303962,-0.012499163556640012
473.27325750850827,-2.857245033868178,5.25244919292872,0.05571425757315236,-0.05762140152253535,0.08474240070855563,0.0393122505983075
473.3732575085083,-2.8512498961073187,5.246883614029456,0.06418849764400986,-0.05369017646270371,0.08474240070855563,0.0393122505983075
473.4732575085083,-2.82555909944921,4.983006662069892,0.08835587801806277,-0.2625198649606861,0.09042035951050381,-0.03693978107176487
473.5732575085083,-2.986105536344458,5.192272475617092,-0.045686911799278467,-0.07009741994214318,0.03818297982190318,0.03397683888958137
473.67325750850824,-2.916695575583969,5.460806649431271,0.019550747789823054,0.15970937427273224,0.06039646612789025,0.1150891185784812
473.77325750850827,-2.625249498020914,5.680061943775549,0.2748500768031134,0.34371810337033576,0.15299308097959352,0.17855099107236946
473.8732575085083,-2.6632221357377137,5.364832125562877,0.23511179131565285,0.07382990203409384,0.1331130140987954,0.07559291468587337
473.97325750850825,-2.639045391535663,5.372593080339714,0.24842309272552784,0.0813891935026786,0.1331130140987954,0.07559291468587337
474.0732575085082,-2.9011701557427507,5.187078954412826,0.018883041127345825,-0.07261503981227174,0.044312215063070884,0.01713811654774955
474.17325750850824,-2.8990602905547003,5.179903141014336,0.02331426263365392,-0.0709012281574964,0.044312215063070884,0.01713811654774955
474.27325750850827,-2.9076563785492655,5.031138892758104,0.01027934353229376,-0.18132607976823417,0.03567175174133766,-0.021799884686625477
474.37325750850823,-2.9064500854373296,5.012897285357854,0.013846518706426308,-0.18350606823689597,0.03567175174133766,-0.021799884686625477
474.4732575085082,-2.6844612334411613,5.161150743793919,0.20094141810394853,-0.04857972669618885,0.10207419491222898,0.02733807041621037
474.5732575085082,-3.1421071683499617,5.129204882699112,-0.19177596553084508,-0.06849814877694964,-0.04502551194920214,0.019146917944907197
474.67325750850824,-3.351440204413399,5.028803683789043,-0.35437251686128357,-0.14357895538711318,-0.10220322945048241,-0.008437132857617609
474.7732575085082,-3.2488859978135833,4.968033993474323,-0.2452138857410276,-0.1838819556129668,-0.05785555587356263,-0.02295401917414898
474.8732575085082,-3.3068936882730506,5.031709416755556,-0.2785894789131927,-0.11871185174455023,-0.0678213221198373,0.0011859649278118944
474.9732575085082,-3.3350917427749756,5.019844161405738,-0.28537161112517795,-0.11859325525176902,-0.0678213221198373,0.0011859649278118944
475.0732575085082,-3.305910784011146,5.4355809143721405,-0.24408229101708223,0.2330510996321741,-0.05049662480475724,0.12716571214855416
475.1732575085082,-3.3305714962368698,5.459521852896093,-0.24913195349755624,0.2457676708470252,-0.05049662480475724,0.12716571214855416
475.27325750850815,-3.3200388554351052,5.38192877655843,-0.22033455734813714,0.17179072697187658,-0.03707977929417158,0.09548719994745275
475.3732575085082,-3.342257710066395,5.39958528525536,-0.22404253527755513,0.18133944696662402,-0.03707977929417158,0.09548719994745275
475.4732575085082,-3.2278933362804434,4.971767838973647,-0.11372186485191284,-0.17625893211977442,0.0041770982391328496,-0.03609576686052049
475.57325750850816,-3.2153075020102384,4.828144271040474,-0.09313717858242083,-0.28455479145073953,0.011539653982563423,-0.07395081848328389
475.67325750850813,-2.9445113517268253,4.661624889002373,0.14112632750448512,-0.40516029312086066,0.09584817582984495,-0.11450905937325918
475.77325750850815,-2.9205372226756006,4.528027859467521,0.1587979597353019,-0.49533339959497025,0.09885231855405459,-0.1434705871756922
475.8732575085082,-2.9773951877114433,4.401123831020653,0.10782007779011264,-0.5726100937064481,0.07686802211035976,-0.16598758130856836
475.97325750850814,-2.966228839821884,4.3430328837434855,0.11550688000114599,-0.5892088518372993,0.07686802211035976,-0.16598758130856836
476.0732575085081,-3.034652465355463,4.175757155326352,0.054859152585788426,-0.6946997368563803,0.05175076767652978,-0.19797847637941102
476.17325750850813,-3.0289077962585,4.1052972892588,0.06003422935344258,-0.7144975844943259,0.05175076767652978,-0.19797847637941102
476.27325750850815,-2.901823006860146,4.213243105963392,0.1728063848470521,-0.5865090386295907,0.09266879955016699,-0.14516774672652377
476.3732575085081,-2.884079024377696,4.153866363366821,0.18207326480206565,-0.6010258133022381,0.09266879955016699,-0.14516774672652377
476.4732575085081,-2.730495185946554,4.490386176824989,0.3036695637067104,-0.28875981220718144,0.13331087632513655,-0.028051072660804657
476.5732575085081,-2.790841422869279,4.464177097833577,0.2400134430277259,-0.2892292221061582,0.10520440165085278,-0.027206473519704268
476.67325750850813,-3.0042582247376473,4.710631112062739,0.05247415818069739,-0.06542652669650662,0.033572315705674,0.05394673055276707
476.7732575085081,-2.8773331357980374,5.0453577711222035,0.1605639172388889,0.23014959182545644,0.07247903907474072,0.16070312129551875
476.87325750850806,-2.888103441672905,5.008628329823285,0.14521497361896002,0.19651223949576074,0.06431685735720769,0.14291711026936596
476.9732575085081,-2.8732603600242195,5.028994139324213,0.15164665935468225,0.2108039505227006,0.06431685735720769,0.14291711026936596
477.0732575085081,-3.046394647800238,4.600866533526031,-0.0011946941937779395,-0.14398936646209576,0.00607223531482913,0.01086078403356325
477.1732575085081,-3.046483756043042,4.586521900799994,-0.0005874706622952336,-0.1429032880587398,0.00607223531482913,0.01086078403356325
477.27325750850804,-2.7631226486361857,4.592050460184266,0.23859595634884065,-0.12533228777638253,0.09314360714957984,0.01683438233773987
477.37325750850806,-2.738797334965548,4.579601403318314,0.24791031706380076,-0.12364884954260816,0.09314360714957984,0.01683438233773987
477.4732575085081,-2.809999037241481,4.507598835097245,0.17691285920424193,-0.17108120436581806,0.06408586673781261,-0.0007683762942609779
477.57325750850805,-2.9406965638349587,4.572744563193294,0.058034282461019215,-0.10271547524030504,0.01834605407510522,0.023980777388947223
477.673257508508,-3.1087877793792766,4.778094070584844,-0.08495371344169254,0.07686497366353393,-0.03403180832586488,0.08745731340459806
477.77325750850804,-2.758061077202816,4.501226773612391,0.2214127975529761,-0.15690901970913507,0.08104346004735744,-0.0017645541502394613
477.87325750850806,-2.8890795432489496,4.578030668620761,0.10188934504914018,-0.08114332568465912,0.03494316741262158,0.02540847684960174
477.973257508508,-2.878715892906976,4.570043378436545,0.10538366179040115,-0.07860247799969981,0.03494316741262158,0.02540847684960174
478.073257508508,-3.0082019502009727,4.356353252029787,-0.009968551252788957,-0.2459501602594111,-0.008641058705231935,-0.03563004203859761
478.173257508508,-3.009242010619778,4.3315800857936475,-0.010832657123312347,-0.24951316446327168,-0.008641058705231935,-0.03563004203859761
478.27325750850804,-2.977690673861091,4.430824234562868,0.004932115343080301,-0.15167284234777967,-0.005623733970786429,0.00046605208565217264
478.373257508508,-2.977225580996637,4.415659280588524,0.00436974194600185,-0.15162623713921447,-0.005623733970786429,0.00046605208565217264
478.47325750850797,-3.120322529729642,4.305773188152991,-0.11567632494618807,-0.2294829844982245,-0.0488543096275779,-0.027453967657890273
478.573257508508,-3.306350759021733,4.706292922581113,-0.2673385731412893,0.12023269639268432,-0.10243956082438853,0.0999976138923514
478.673257508508,-3.3446884417781377,4.925817796767133,-0.2868149669706059,0.30042661715116414,-0.10577864843610392,0.160970585502478
478.773257508508,-3.439361216435673,4.606696555055631,-0.3538165964456698,0.018709701385329888,-0.12673931705184904,0.05140622324765538
478.87325750850795,-3.5110960710297907,4.7650502711963245,-0.3961769933964979,0.15210602460287034,-0.13746233156050555,0.09729768354984711
478.97325750850797,-3.5514010820272524,4.780747362074364,-0.4099232265525516,0.16183579295785727,-0.13746233156050555,0.09729768354984711
479.073257508508,-3.4052350165242644,4.957665573261632,-0.2662654528008671,0.3042067098381873,-0.08022581110914213,0.1450767309412711
479.17325750850796,-3.4322626908598877,4.988811627900146,-0.2742880339117786,0.31871438293230947,-0.08022581110914213,0.1450767309412711
479.2732575085079,-3.348117941348965,4.872964023345823,-0.18560611883653014,0.20856469255530727,-0.044248940528002226,0.09966968791741675
479.37325750850795,-3.3668997979352624,4.8943188410409455,-0.19003101288933136,0.2185316613470512,-0.044248940528002226,0.09966968791741675
479.47325750850797,-3.288731784423891,4.872708393126182,-0.11336651204410363,0.1923439151598583,-0.014909864051879503,0.08671208952447909
479.57325750850794,-3.1300466013505397,4.652697872518621,0.028448278271223523,0.0015904894539068156,0.03740818036631566,0.014599204730860058
479.6732575085079,-2.825255239077468,4.280558124000302,0.28336735702525273,-0.30310905609030026,0.12825160023963939,-0.09508406817831752
479.7732575085079,-3.0641024292005596,4.154887047954452,0.06534689173859311,-0.3933618265548747,0.04249555958663828,-0.12478954029037359
479.87325750850795,-3.081636928146075,4.102060207650808,0.04941596184583857,-0.4164038873272733,0.035206189134956316,-0.128569149231
479.9732575085079,-3.0765193010158183,4.059776973171941,0.052936580759332996,-0.4292608022503689,0.035206189134956316,-0.128569149231
480.0732575085079,-3.0369850766735165,4.320922980787435,0.08352679393887434,-0.19115568523148851,0.044652374366453064,-0.038506966490823726
480.1732575085079,-3.0284091354077947,4.3016148774318275,0.08799203137552067,-0.19500638188057176,0.044652374366453064,-0.038506966490823726
480.2732575085079,-2.809622318074937,3.8846732557131287,0.2674408800723989,-0.5343765792499873,0.1080633181052334,-0.16125430533894244
480.3732575085079,-2.7823379134771806,3.830429326261454,0.27824721188291857,-0.550502009783876,0.1080633181052334,-0.16125430533894244
480.47325750850786,-2.667203218560276,3.62455961835251,0.3612984202807539,-0.6899996799088702,0.13420234604925507,-0.2054700579562764
480.5732575085079,-2.6767149447856102,3.3613150469423165,0.335700422363027,-0.8713132314092357,0.1199575774924299,-0.263603996167734
480.6732575085079,-2.4591336004836184,3.5551303893582724,0.5003640699796517,-0.6655991105838386,0.17517283848191706,-0.1804620528789776
480.77325750850787,-2.5942683868964687,3.458738526705759,0.3575224632412587,-0.7082636605197205,0.11560167042660426,-0.1895190262373328
480.87325750850783,-2.606849793253534,3.578321106947232,0.32843216228004707,-0.5701187154269682,0.10091836089203174,-0.13330785043464707
480.97325750850786,-2.5735019852210614,3.5206426961523487,0.3385239983692525,-0.583449500470436,0.10091836089203174,-0.13330785043464707
481.0732575085079,-2.7994463816508777,3.142130852735621,0.13375188095778254,-0.86128365450815,0.02366400182470775,-0.22859755880235288
481.17325750850785,-2.785952873545981,3.0548594994908247,0.1361182811402525,-0.8841434103883775,0.02366400182470775,-0.22859755880235288
481.2732575085078,-2.9761041628869327,3.15740044721062,-0.04109475109076029,-0.7555702465160309,-0.044102003000530354,-0.17616970353406503
481.37325750850783,-2.9804341480110126,3.080962574041329,-0.04550495139081433,-0.7731872168694414,-0.044102003000530354,-0.17616970353406503
481.47325750850786,-3.2305931142238418,3.1249800317708476,-0.2542264691193487,-0.6902917996871132,-0.11802418942835792,-0.14014676290343847
481.5732575085078,-3.522609795163329,3.3958640046802957,-0.4901365179150009,-0.4208984619636178,-0.199841358292133,-0.037665093579200004
481.6732575085078,-3.556814632583005,3.723178953192204,-0.49696238914567176,-0.12079009600651969,-0.19508242034776213,0.07119971244165334
481.7732575085078,-3.341120755256552,3.936841252623633,-0.28688312162330365,0.07812669665327908,-0.10979375275221184,0.14176086212969446
481.87325750850783,-3.3813630363930276,4.064168935300274,-0.30700874954019985,0.18983841314609665,-0.11309746031607801,0.17666030499172336
481.9732575085078,-3.412629398648617,4.084036078139835,-0.3183184955718038,0.20750444364526296,-0.11309746031607801,0.17666030499172336
482.07325750850777,-3.3958319788425637,4.189267261361131,-0.29168107741443816,0.2940482845031946,-0.10018079277334455,0.2013856913229421
482.1732575085078,-3.425500990547881,4.219679018268073,-0.3016991566917749,0.31418685363549337,-0.10018079277334455,0.2013856913229421
482.2732575085078,-3.6956822924178154,4.076666405847708,-0.5156856590279554,0.1862380990268221,-0.17527574650923414,0.14723358909264944
482.3732575085078,-3.748127237053139,4.096026383695846,-0.5332132336788729,0.200961457936082,-0.17527574650923414,0.14723358909264944
482.47325750850774,-3.602913917346855,4.226434836921666,-0.3847101342930354,0.30580122355994227,-0.11520393750051554,0.17953068250087553
482.57325750850777,-3.459618526121345,4.021883346891215,-0.24260749269840837,0.12736598210618696,-0.05911927035903437,0.10851574707553607
482.6732575085078,-3.192691893495613,3.9816148320348224,-0.005895114381008948,0.0941913093497647,0.028630448027154753,0.09274310748161298
482.77325750850775,-3.1554243958177803,3.7160500654927207,0.029474503362206618,-0.13093287079114296,0.04070620205898656,0.0065090037034641335
482.8732575085077,-3.263350966702864,3.881963122237338,-0.058771399476648764,0.016649090345793115,0.007360655264970026,0.0590827364529078
482.97325750850774,-3.2691913033742055,3.883923444954182,-0.05803533395015159,0.02255736399108524,0.007360655264970026,0.0590827364529078
483.07325750850777,-3.379069553832941,3.6888378377890723,-0.14370878391340156,-0.13427191935395086,-0.023836759042811018,0.0006909975374223519
483.17325750850773,-3.3935596160194903,3.675414100841369,-0.14609245981768185,-0.13420281960020863,-0.023836759042811018,0.0006909975374223519
483.2732575085077,-3.0888505237072708,3.631680894358498,0.12552895149369062,-0.15513581266813406,0.07758980695609537,-0.005727107162573561
483.3732575085077,-3.0759096795231184,3.6161386775558686,0.1332879321893019,-0.15570852338439153,0.07758980695609537,-0.005727107162573561
483.47325750850774,-3.1387562491585914,3.6022083446887363,0.07729989346604468,-0.15490850594836925,0.05452540155256359,-0.005235130940100647
483.5732575085077,-3.254741350627704,3.556343076648524,-0.021706907786511867,-0.18068329408058592,0.016389406000003423,-0.014366110624940077
483.6732575085077,-3.392205943332851,3.584461994072699,-0.13275197882993178,-0.14408626597262456,-0.02436492104047127,-0.0007403551350644456
483.7732575085077,-3.315327207674986,3.816544060962275,-0.057377402005164745,0.06559978185541777,0.0045408430663190745,0.07642939423823428
483.8732575085077,-3.239032636497188,3.9976688959626587,0.01123484421133175,0.2162404700859326,0.02916017558015047,0.12759573980404845
483.9732575085077,-3.2377633511981547,4.019930921670264,0.014150861769345803,0.22900004406633312,0.02916017558015047,0.12759573980404845
484.07325750850765,-2.6032670304655454,4.112113909641424,0.5489370905608648,0.2973817761423461,0.22296877166695678,0.14731029259278328
484.1732575085077,-2.547258477551111,4.14258863871863,0.5712339677275655,0.3121128054016278,0.22296877166695678,0.14731029259278328
484.2732575085077,-2.817326695762134,4.000611396753177,0.3087923307766021,0.1800093858057336,0.11670872304694477,0.09360963320939975
484.37325750850766,-2.78586391906925,4.019080383499791,0.3204632030812926,0.1893703491266704,0.11670872304694477,0.09360963320939975
484.47325750850763,-2.6070913774903373,3.7056995098932477,0.45381324365287534,-0.07495486377674918,0.16073364674779456,-0.004477588866073093
484.57325750850765,-2.613090443861778,3.639852698911056,0.425921669479413,-0.12393525372815939,0.14468293563102,-0.022027216266432666
484.6732575085077,-2.731344364961051,3.7311478430593015,0.3059029044817346,-0.040795885937001286,0.09604311985447807,0.00854704559135425
484.77325750850764,-2.704131527969086,3.7900546284140444,0.3121821892511894,0.013622157820042597,0.09480791702694735,0.028252746483783984
484.8732575085076,-2.652998350788404,3.826093932818007,0.3378203231026247,0.04480010430834886,0.10064409229566618,0.03839767965358588
484.97325750850763,-2.6187130980166553,3.830765931647111,0.34788473233219364,0.04863987227370832,0.10064409229566618,0.03839767965358588
485.07325750850765,-3.2288979199242958,3.8951304379954306,-0.180470230177323,0.10401606312119656,-0.09447969742514367,0.05761811633910025
485.1732575085076,-3.247417341429147,3.905820134889242,-0.18991819991983414,0.10977787475510462,-0.09447969742514367,0.05761811633910025
485.2732575085076,-3.3560993780640893,3.9473481290076866,-0.27091808828537434,0.14191489796591783,-0.11959577594480049,0.06749147176751291
485.3732575085076,-3.3837891657723573,3.9618770761631192,-0.2828776658798571,0.14866404514267065,-0.11959577594480049,0.06749147176751291
485.47325750850763,-3.655878908096673,3.8669824607086984,-0.49733018072872204,0.06486721024724554,-0.1928600514946751,0.03504042153881987
485.5732575085076,-3.754393066482683,3.972378812545904,-0.5569017537400802,0.15052330035701889,-0.20756749858469534,0.06474698803172958
485.67325750850756,-3.7943236300146004,3.907835342628092,-0.5636766597834573,0.09128914968410871,-0.20251069747193404,0.0412064398220367
485.7732575085076,-3.6569696938614356,3.4820895276732275,-0.4160811988912781,-0.27483220240790407,-0.14015797198446125,-0.09500385142768586
485.8732575085076,-3.4886350524755727,3.338958894183499,-0.25503119879855424,-0.37888498646723634,-0.07692265350550458,-0.12883585757752938
485.9732575085076,-3.5145227856229466,3.3004262162489013,-0.2627234641491021,-0.3917685722249849,-0.07692265350550458,-0.12883585757752938
486.07325750850754,-3.2420979057875337,3.6733229714763227,-0.02135866479029782,-0.06292659951380156,0.013222346412958403,-0.005712564456541266
486.17325750850756,-3.244167660534499,3.667001748702658,-0.02003643014900168,-0.06349785595945581,0.013222346412958403,-0.005712564456541266
486.2732575085076,-3.284160544336265,3.791298856176493,-0.05674336144407846,0.04421454524045749,-0.0023371602251425205,0.03332883279669886
486.37325750850755,-3.289846566281797,3.795886954864521,-0.056977077466592634,0.047547428520126236,-0.0023371602251425205,0.03332883279669886
486.4732575085075,-2.97306414617057,3.6665230545662375,0.21129760042028145,-0.059557121240673944,0.09481226743178069,-0.006251175114281873
486.57325750850754,-2.722474109733203,3.7707305766975203,0.41369913924228513,0.031505161038077364,0.1652435765352367,0.026903419399191254
486.67325750850756,-2.8734017912310144,3.827946067596002,0.26947129334696746,0.07853645580946339,0.10710446895147313,0.04278880388112184
486.7732575085075,-3.2321857927411104,3.459305408245707,-0.05275172709700403,-0.23775322525465542,-0.016575830042556736,-0.0751468640979391
486.8732575085075,-3.43513046035036,3.3454363501744666,-0.21862349199220285,-0.31892316834388557,-0.07589144880596634,-0.10150161686466876
486.9732575085075,-3.457372266793615,3.313036525255747,-0.22621263687280121,-0.32907333003035477,-0.07589144880596634,-0.10150161686466876
487.07325750850754,-3.801593460334755,3.4936070167230255,-0.49927433417720996,-0.16133778305599697,-0.17143053370965183,-0.03721955746061521
487.1732575085075,-3.8523780464210065,3.4772871406301284,-0.5164173875481692,-0.1650597388020572,-0.17143053370965183,-0.03721955746061521
487.27325750850747,-3.7881080341610485,3.880942232849874,-0.4378895239873525,0.16551254637535856,-0.13725261567770033,0.07938009272063047
487.3732575085075,-3.8325832496381826,3.8978903879510174,-0.45161478555512563,0.1734505556474234,-0.13725261567770033,0.07938009272063047
487.4732575085075,-3.6953464467254777,4.219191555441458,-0.31290288461612176,0.43103840192063814,-0.08209909561241563,0.16885285799089633
487.5732575085075,-3.4532050657474,4.361075305866282,-0.09040145680340107,0.5294111079401033,0.0021289534777096247,0.1983190919722112
487.67325750850745,-3.3987567472580387,4.165005017883602,-0.03735095862051787,0.34369365878938146,0.021238682662637887,0.12467993045527422
487.77325750850747,-3.301815134208342,3.92462285743063,0.0514573028246399,0.12182501564849352,0.053440767217752955,0.0384685827316754
487.8732575085075,-3.376907963795706,3.9630253443668892,-0.010106938480773322,0.14703963356637487,0.0292728893980564,0.0461142287860529
487.97325750850746,-3.377772293196793,3.977959878867452,-0.007179649540968679,0.1516510564449786,0.0292728893980564,0.0461142287860529
488.0732575085074,-3.146177969795028,3.940341128419044,0.18792758290426542,0.11265680258619319,0.09851888620722704,0.030480878864790516
488.17325750850745,-3.126892617073561,3.95175921307199,0.19777947152499037,0.11570489047267293,0.09851888620722704,0.030480878864790516
488.27325750850747,-3.25171061863956,3.413386461405884,0.08951418539457345,-0.3408268943962175,0.056540167651074294,-0.13626884429354783
488.37325750850744,-3.2424764992618504,3.3786224277448067,0.09516820215967896,-0.3544537788255676,0.056540167651074294,-0.13626884429354783
488.4732575085074,-2.7836943354992325,3.392168414975088,0.4746475477571674,-0.3272293784957295,0.19179447464299748,-0.1216280279559391
488.5732575085074,-2.9390046990849408,3.377171143358261,0.32218153457380333,-0.3241375253411317,0.1291301840620135,-0.11611187269765215
488.67325750850745,-2.9618850075593075,3.3798872174286414,0.28869432494750674,-0.30638807657334605,0.11234865454056503,-0.10559326715790827
488.7732575085074,-3.1878504028558603,3.173939870280073,0.0797961158823424,-0.4656809578696814,0.030572182224306896,-0.1603116432547225
488.8732575085074,-3.24735597559942,3.0400890747434635,0.026639373345614076,-0.5527100333231199,0.01026720108823179,-0.18571556524328506
488.9732575085074,-3.244640702259417,2.9838894935849223,0.02766609345443749,-0.5712815898474526,0.01026720108823179,-0.18571556524328506
489.0732575085074,-3.004913161211981,2.874065589164221,0.22600101194420527,-0.6342974105574678,0.08168855435984337,-0.20215316952176748
489.1732575085074,-2.981904617245769,2.809625082260888,0.23416986738018683,-0.6545127275096376,0.08168855435984337,-0.20215316952176748
489.27325750850736,-3.166306296663893,2.9854463556180475,0.06469937419684889,-0.4667043954962746,0.016200662254294153,-0.1251176828155493
489.3732575085074,-3.159755355932935,2.938150327654331,0.06631944042227868,-0.4792161637778324,0.016200662254294153,-0.1251176828155493
489.4732575085074,-2.953303760355003,3.4669330409230863,0.23424296417697432,-0.016926593481892068,0.07637116747056116,0.0450478146943033
489.57325750850737,-3.00194760948334,3.578742048835001,0.1808411364030975,0.08182991641436083,0.05408708176399176,0.07912968249005942
489.67325750850733,-2.7635150737979624,3.665726485291205,0.3694381355467659,0.15420715714327166,0.12034062928315009,0.10222435430695931
489.77325750850736,-2.7930043356673395,3.4908792872525343,0.32369314590222387,0.0020817779356918894,0.0988764894508973,0.0424973558840011
489.8732575085074,-3.0713685233298262,3.4231686220598445,0.07491938565301141,-0.04960186119745688,0.005445694620000774,0.022483709490628917
489.97325750850734,-3.0638493562914277,3.4183208544875536,0.0754639551150113,-0.047353490248394754,0.005445694620000774,0.022483709490628917
490.0732575085073,-3.250929486261454,3.1164870136769505,-0.08886963552051987,-0.2907413514330876,-0.0549851161336122,-0.06589771528666682
490.17325750850733,-3.2600913753941763,3.087083389957202,-0.09436814713388234,-0.2973311229617558,-0.0549851161336122,-0.06589771528666682
490.27325750850736,-3.0147141128358146,3.211798221168923,0.11907800180353957,-0.18038693208550435,0.026097555605134118,-0.022680738286225938
490.3732575085073,-3.0026758248774392,3.193646124268948,0.12168775736405209,-0.18265500591412617,0.026097555605134118,-0.022680738286225938
490.4732575085073,-2.8540146524184715,3.003337165269254,0.23783316130488408,-0.3263199094713912,0.06717606007277782,-0.07335637864810368
490.5732575085073,-3.058049783410251,2.940650844746196,0.05233131848057434,-0.3583570913965041,-0.002999378015997603,-0.08228857302868584
490.67325750850733,-3.398457784849942,3.2050620759061155,-0.23566055165843267,-0.1193883584058377,-0.10704866527857854,0.006271291251750799
490.7732575085073,-3.658046550525712,3.09927374626368,-0.4493383083308049,-0.19865130123685812,-0.1824503602219969,-0.023119890960151664
490.87325750850727,-3.443592416101046,3.066487708408736,-0.25124790569867106,-0.21147598851028673,-0.10430808130020423,-0.02688146309861883
490.9732575085073,-3.4692387470774197,3.0452057022422094,-0.26167871382869384,-0.21416413482014923,-0.10430808130020423,-0.02688146309861883
491.0732575085073,-3.3243161736712517,2.7828255241949456,-0.1289948574423875,-0.41843818921066017,-0.05245241109391386,-0.10009808979086357
491.1732575085073,-3.3374779214709553,2.7404812148249396,-0.1342400985517771,-0.4284479981897431,-0.05245241109391386,-0.10009808979086357
491.27325750850724,-3.175756620942941,2.586276157007213,0.0017437527636345687,-0.5318042568195938,-0.002715314675081494,-0.1341694009938993
491.37325750850727,-3.1755958222399525,2.5324248843202715,0.0014722212961263575,-0.5452211969189867,-0.002715314675081494,-0.1341694009938993
491.4732575085073,-3.5678526939840483,2.468522100465472,-0.3255057353366453,-0.5658011693088887,-0.1209214599450068,-0.13673658194803362
491.57325750850725,-3.356561299359009,2.5357058784827724,-0.1316522543768596,-0.47592813646294146,-0.04573487148149058,-0.09929361200315061
491.6732575085072,-3.354924379967376,2.5735662225657294,-0.12371440351824545,-0.41519078230978607,-0.04120990690661301,-0.07397688171700116
491.77325750850724,-3.079944138876774,2.430250794633561,0.12001823655057577,-0.508899657355169,0.05086437869792877,-0.10573036194569503
491.87325750850727,-3.1192323228486596,2.328388880998701,0.08226619636245108,-0.5608848279095685,0.035390740528383216,-0.12054813072146538
491.97325750850723,-3.1108287495097753,2.271697657554156,0.0858052704152882,-0.5729396409817109,0.035390740528383216,-0.12054813072146538
492.0732575085072,-3.190991752048661,2.1942747174692783,0.014424846627749687,-0.6027398174579744,0.00803771435353312,-0.12736513957970025
492.1732575085072,-3.189509078814118,2.1333639100255684,0.015228618063103182,-0.6154763314159474,0.00803771435353312,-0.12736513957970025
492.27325750850724,-2.648147178417104,2.13110299450179,0.46779774276016906,-0.5805362235002681,0.17216541693339962,-0.11072984642053435
492.3732575085072,-2.6005065770564366,2.0724957229196805,0.48501428445350314,-0.5916092081423178,0.17216541693339962,-0.11072984642053435
492.4732575085072,-2.6181775997829466,2.2707281590725317,0.44641856325891477,-0.3905442453229763,0.1519718977779804,-0.03470108146666839
492.5732575085072,-2.710267163982323,2.3663014857598355,0.3457796943389657,-0.2818528770302082,0.10968249254347634,0.00585703535082599
492.6732575085072,-2.505514390816331,2.696858571119004,0.4979413868564155,0.013662274334234847,0.16074780055651425,0.11151709393415675
492.7732575085072,-2.8674422706948355,2.633064615606263,0.1584492814473838,-0.0311100650331713,0.02865949156756012,0.09094289908228784
492.87325750850715,-3.070376931378568,2.6297169947144514,-0.020631519849455486,-0.02258333130875095,-0.0370612882145126,0.09073982052985649
492.9732575085072,-3.0726253898045868,2.627912360686225,-0.02433764867090759,-0.013509349255763237,-0.0370612882145126,0.09073982052985649
493.0732575085072,-3.394040381392342,2.626330323420855,-0.2931795139647364,-0.007054564622588892,-0.13293429454040573,0.0892454789609408
493.17325750850716,-3.424023004261507,2.6260710943534007,-0.30647294341877246,0.001869983273502144,-0.13293429454040573,0.0892454789609408
493.27325750850713,-3.6838704771716713,2.9157023037050007,-0.5161606379389143,0.25644365798593327,-0.20573198219203465,0.1795429094371847
493.37325750850715,-3.736515200876535,2.9422443840507864,-0.5367338361581224,0.2743979489296558,-0.20573198219203465,0.1795429094371847
493.4732575085072,-3.836449404409334,2.7184181324702266,-0.5949675706199998,0.08497048547621139,-0.21935799770670517,0.1052187309982839
493.57325750850714,-3.4298842622763956,2.945430175101975,-0.22332334600043502,0.27687017011384835,-0.07566988080457232,0.1708057997671626
493.6732575085071,-3.483397726375335,2.925670080865011,-0.2565299208876737,0.25423815218507617,-0.0849429275364646,0.1565785482937273
493.77325750850713,-3.538420289810352,2.932590807716561,-0.2899725528936058,0.25348415716155426,-0.09421089955137922,0.15054070582282011
493.87325750850715,-3.4165093983012955,2.6833497885008994,-0.17358243037422902,0.04249222130102572,-0.0487667739017587,0.06965867672834129
493.9732575085071,-3.4341114752082214,2.687947304014642,-0.1784591077644032,0.04945808897385748,-0.0487667739017587,0.06965867672834129
494.0732575085071,-3.513720181251662,2.7573554000861695,-0.23561384995006188,0.1076558460036767,-0.06797277208157272,0.08762005882408984
494.1732575085071,-3.537621430107081,2.76855908498066,-0.2424111271582207,0.11641785188608768,-0.06797277208157272,0.08762005882408984
494.27325750850713,-3.5799249976223018,2.5134405491115137,-0.2612785473222392,-0.09251641713236597,-0.0715786936340507,0.010171489062853097
494.3732575085071,-3.6064107458226866,2.5042397648435943,-0.26843641668564183,-0.09149926822608101,-0.0715786936340507,0.010171489062853097
494.47325750850706,-3.297684872273763,2.5553164108821385,0.0041006555153278515,-0.04099306750471073,0.029618155730329082,0.027908021037754763
494.5732575085071,-3.315459050759296,2.6678071485029866,-0.008382475031579208,0.058690455167340325,0.023979517877537895,0.06294488399930007
494.6732575085071,-3.4321940940260527,2.617056501351748,-0.10255438061050809,0.018174172615961697,-0.01094681720741298,0.04617467391194331
494.7732575085071,-3.227101750195175,2.5171235397935803,0.08201207596778456,-0.06399165555513223,0.05802379508916145,0.01424750711430503
494.87325750850704,-3.0054236244843717,2.4720054139896734,0.26499394548279737,-0.09441226402920593,0.12202259812115712,0.002852847643434178
494.97325750850706,-2.9783141169454797,2.462578451824968,0.27719620529491584,-0.09412697926486244,0.12202259812115712,0.002852847643434178
495.0732575085071,-2.93527916666295,2.43296191074373,0.30100589025386026,-0.11291529489471652,0.12605092042721225,-0.004645407185538672
495.17325750850705,-2.904548323035439,2.4216471542183347,0.3136109822965772,-0.11337983561327022,0.12605092042721225,-0.004645407185538672
495.273257508507,-3.4916603512228743,2.5029320828706045,-0.19867423805630202,-0.037596966835919496,-0.06654855434805444,0.022698756231479107
495.37325750850704,-3.5118605178002493,2.4992858799681694,-0.20532909349110898,-0.03532709121277107,-0.06654855434805444,0.022698756231479107
495.47325750850706,-3.2959172969099195,2.692194047542771,-0.014815625692224667,0.12840419718537321,0.004789214558699517,0.08056540360829503
495.573257508507,-2.891352996593666,2.9421458706349006,0.3277357427118763,0.3334142680566234,0.12967295534876833,0.15178472553273098
495.673257508507,-2.718858318414368,2.887230550912268,0.45646426357877634,0.2754051616397012,0.17154021554818077,0.12556488231776247
495.773257508507,-2.3816761930929835,2.7079961581803977,0.724161356652207,0.11146751669853672,0.26461359217194785,0.06063351975418117
495.87325750850704,-2.3749494437554692,2.558309291005198,0.6949286835799604,-0.014756645581058847,0.24449641380989662,0.013299427260414012
495.973257508507,-2.304234093328448,2.556900123583395,0.7193783249609418,-0.013426702855017899,0.24449641380989662,0.013299427260414012
496.07325750850697,-2.363938159965811,2.157006372494521,0.6345533025840309,-0.34041330319671426,0.20531530669923778,-0.10452728962072391
496.173257508507,-2.299456253173897,2.122442405726738,0.6550848332539593,-0.35086603215878903,0.20531530669923778,-0.10452728962072391
496.273257508507,-2.725392449623443,2.021845386595447,0.253528800459463,-0.4181311899850215,0.04916801475582061,-0.12584033394993643
496.373257508507,-2.6997937295037264,1.97940306592721,0.2584456019350434,-0.4307152233800109,0.04916801475582061,-0.12584033394993643
496.47325750850695,-2.477583827657018,1.8104946693647042,0.42665254025452426,-0.5462711774557978,0.10824826586246683,-0.16274475415374737
496.57325750850697,-2.7299604141043248,2.19781648526959,0.18844936149990038,-0.19414468531896079,0.01733317127969676,-0.02952923353129852
496.673257508507,-2.6618865274991754,2.146062095414576,0.23108768356484255,-0.22356569767307807,0.03212724831406138,-0.03901156856096758
496.77325750850696,-2.6914539127600943,2.1359234104420537,0.18875897864671523,-0.21690377507496894,0.01520922053795375,-0.03512546124681222
496.8732575085069,-2.7059274935107385,1.9913775861511147,0.1624999563200338,-0.32113204680184176,0.005174858272971648,-0.07116278115624225
496.97325750850695,-2.689651623587366,1.9589085675651419,0.16301744214733108,-0.3282483249174676,0.005174858272971648,-0.07116278115624225
497.07325750850697,-3.2596220803471314,1.8729559980453734,-0.32687259747449426,-0.38075912052334376,-0.17291496074822515,-0.08797451037065972
497.17325750850694,-3.2931739148983104,1.834440213441199,-0.3441640935493109,-0.38955657156040674,-0.17291496074822515,-0.08797451037065972
497.2732575085069,-3.5248785484649985,1.7486910513241303,-0.5283216040784255,-0.4355973499692776,-0.23423643228808094,-0.10107542310906262
497.3732575085069,-3.578881891034294,1.7046259392116472,-0.551745247307239,-0.44570489228018617,-0.23423643228808094,-0.10107542310906262
497.47325750850695,-3.6821385065667407,2.0549558945619295,-0.6142271617923597,-0.13062711585293985,-0.2483681644197044,0.015468733467605092
497.5732575085069,-3.693867309617589,2.300904686708696,-0.596150733235708,0.08636609991065311,-0.23270140548404872,0.09337514305702484
497.6732575085069,-3.6445717093959193,2.4903316353638165,-0.5277974391692809,0.24396332693459263,-0.1995640387502368,0.14648998135700514
497.7732575085069,-3.4896097776934734,2.6080077432559525,-0.36783573844518885,0.3373676032403994,-0.13272688612298805,0.17546367826537804
497.8732575085069,-3.406724561783929,2.533689607346262,-0.2811001824832939,0.26548453528712307,-0.09660302130172893,0.14346473105780347
497.9732575085069,-3.435317595138757,2.5609553845302537,-0.2907604846134635,0.27983100839289854,-0.09660302130172893,0.14346473105780347
498.07325750850686,-3.178082300939963,2.3698220529817213,-0.06105816606596446,0.11296140451138013,-0.009821144403133496,0.07838846295718768
498.1732575085069,-3.1842372232685765,2.3815101357476482,-0.06204028050627803,0.12080025080710069,-0.009821144403133496,0.07838846295718768
498.2732575085069,-2.887753671106377,2.440517328385705,0.19266980419207397,0.1694518632648652,0.08372919418979673,0.09373421971165605
498.37325750850687,-2.8680680447162277,2.4579311858107435,0.20104272361105077,0.1788252852360276,0.08372919418979673,0.09373421971165605
498.47325750850683,-2.834729587144388,2.4656035513697914,0.22008592894928228,0.17941633763132636,0.08758982645867619,0.09058667953691703
498.57325750850686,-2.700184633475215,2.4470074885285897,0.32328754235359075,0.1576969269582426,0.12206892328273203,0.07945718170940692
498.6732575085069,-2.509067876988263,2.484259187637,0.46715819267185515,0.18297824058389683,0.16968763843358492,0.0856677518806899
498.77325750850684,-2.6991467408548635,2.224172001454584,0.27929605092435666,-0.045717625679811705,0.09359571577656657,-0.001620059435980245
498.8732575085068,-2.6796318168780733,2.0333283690508765,0.2812732464781103,-0.1987954965343422,0.0909291360892367,-0.05633522839369369
498.97325750850683,-2.6510498465498094,2.0131671432554694,0.29036616008703603,-0.20442901937371286,0.0909291360892367,-0.05633522839369369
499.07325750850686,-3.3268125068785945,2.235130148519938,-0.28897998090722327,-0.00984380728998967,-0.12236426290232326,0.015609126920235743
499.1732575085068,-3.356322326283818,2.2342238134255408,-0.3012164071974514,-0.008282894597966628,-0.12236426290232326,0.015609126920235743
499.2732575085068,-3.525849391044912,1.8301761915826227,-0.4265350743957719,-0.34642980915014776,-0.16257961436957016,-0.10841741601301585
499.3732575085068,-3.569315796556347,1.7949911235875347,-0.4427930358327326,-0.3572715507514518,-0.16257961436957016,-0.10841741601301585
499.47325750850683,-3.3461928848647124,1.6545114856867014,-0.23573367181616625,-0.45381686295573553,-0.08178083546431243,-0.1391329796500578
499.5732575085068,-3.053140068844188,1.8833017573208295,0.0231895108933866,-0.23902637007177988,0.015732441613107467,-0.05643261442380443
499.67325750850677,-2.8555152394448227,1.9180365938306791,0.1872657868873902,-0.19622663773330576,0.07450476971709288,-0.03907765174202067
499.7732575085068,-2.9079580789404904,1.9888812928133692,0.13305236762434053,-0.12298284662737674,0.05159746278754969,-0.010693956583941705
499.8732575085068,-2.9336251361788657,1.9881191528239264,0.10560783791495003,-0.11453758507171778,0.03982050916332053,-0.007289495723422856
499.9732575085068,-2.9228652498415575,1.9766289468381413,0.10958988883128072,-0.11526653464405982,0.03982050916332053,-0.007289495723422856
500.07325750850674,-2.4681423195992482,2.0180317688460376,0.48330780523927325,-0.07190978009843817,0.1737427621847115,0.008656385535733552
500.17325750850677,-2.418942825264386,2.010884072763871,0.5006820814577484,-0.07104414154486462,0.1737427621847115,0.008656385535733552
500.2732575085068,-2.980599724445506,1.7120600034854163,0.0008359122372168142,-0.3150190671189006,-0.015443425579042006,-0.08048106743895786
500.37325750850675,-2.9805933503496798,1.6801556914363425,-0.0007084303206868596,-0.32306717386279366,-0.015443425579042006,-0.08048106743895786
500.4732575085067,-3.059387254273599,1.8447973098012382,-0.06773371937803996,-0.16881224882754503,-0.03913518575918647,-0.02231278966449665
500.57325750850674,-2.8383567166274823,1.7639620466212718,0.12044184120653977,-0.2241637016091116,0.030992656996052054,-0.041521294075748796
500.67325750850677,-2.8926673927585966,1.702289947552616,0.06817972754941322,-0.26042071254502563,0.010970155783933285,-0.05302304030035197
500.77325750850673,-2.7551149131771226,1.7587113002843524,0.1819130026634779,-0.1953232606038532,0.05281300915726404,-0.02712330076127447
500.8732575085067,-2.862456510566222,1.551317401448468,0.08264448255001905,-0.3521518583826985,0.01504868664539978,-0.08226798853712033
500.9732575085067,-2.854116818877991,1.5156908756675045,0.08414935121455937,-0.36037865723641244,0.01504868664539978,-0.08226798853712033
501.07325750850674,-2.7290448530020965,1.720714543290916,0.18477050937221895,-0.16582354913367217,0.05147453475535802,-0.008442500376095702
501.1732575085067,-2.7103104293911042,1.7040899758756742,0.189917962847753,-0.16666779917128147,0.05147453475535802,-0.008442500376095702
501.2732575085067,-2.773022635703629,1.3118474640797262,0.12981319324210086,-0.4764833156757845,0.02871109915140118,-0.11922129349263359
501.3732575085067,-2.759897760883659,1.2636030260446736,0.13268430315724164,-0.48840544502505057,0.02871109915140118,-0.11922129349263359
501.4732575085067,-2.619238859046698,1.364873582694101,0.2415018700204739,-0.376384605765717,0.06704374680137509,-0.07480099556482314
501.5732575085067,-2.4089630542242593,1.2090409721253144,0.40473419012258455,-0.48189703639829895,0.12418893793523093,-0.11024994703991829
501.67325750850665,-2.45938343101323,1.3494033732799096,0.3409781371843642,-0.3374436005190035,0.09663881217984882,-0.05454896429715013
501.7732575085067,-2.5818258774093876,1.5809370342241844,0.21529934095257627,-0.11692195614327527,0.046360830373363575,0.02858674360497218
501.8732575085067,-2.9442145751581337,1.3041131238871113,-0.09933189748778994,-0.3318442405047083,-0.06896135743236731,-0.04933795020743448
501.97325750850666,-2.954492571694071,1.2706820100856149,-0.10622803323102431,-0.33677803552545005,-0.06896135743236731,-0.04933795020743448
502.07325750850663,-2.9712639089727975,1.0102094646566964,-0.11956037393877728,-0.5288698481626207,-0.07172533772251491,-0.11665774711289903
502.17325750850665,-2.983578573055291,0.9567391911048575,-0.1267329077110304,-0.5405356228739133,-0.07172533772251491,-0.11665774711289903
502.2732575085067,-2.6864903083256766,0.9553103251954947,0.13023205770856366,-0.5156694323287314,0.02553242394873001,-0.10560393667627041
502.37325750850664,-2.673339440435081,0.9032153622792581,0.13278530010343578,-0.5262298259963548,0.02553242394873001,-0.10560393667627041
502.4732575085066,-2.3977299518465878,0.9146889701022356,0.3536503973358602,-0.48364235667698624,0.10452016596827313,-0.08655611222433192
502.57325750850663,-2.120306327690153,1.1299873733901742,0.5675958745377708,-0.27255719607652373,0.17881151802951822,-0.007096816786350657
502.67325750850665,-2.1519697806725997,1.1056807568901514,0.5111313510112905,-0.27081298721663205,0.15192298324776232,-0.006217697322471618
502.7732575085066,-2.361344168530479,1.131840817912025,0.30114781619838044,-0.22610134006259452,0.068273194023236,0.010460253809226388
502.8732575085066,-2.5024700502084927,1.4811580820529435,0.16537335836705327,0.08024078352809141,0.01676416748254464,0.11969893617491076
502.9732575085066,-2.4858488935343708,1.4897806550866293,0.1670497751153081,0.09221067714558522,0.01676416748254464,0.11969893617491076
503.07325750850663,-2.418847162595872,1.600412726971132,0.20882544990891844,0.18622730825670436,0.030813182209458112,0.1488779534720577
503.1732575085066,-2.39781055169394,1.6197798475641558,0.2119067681298632,0.20111510360390505,0.030813182209458112,0.1488779534720577
503.27325750850656,-2.7414757763202955,1.6356920442354008,-0.09347082433418251,0.21433188826949964,-0.08209063103649589,0.14895504705292018
503.3732575085066,-2.7512333119088987,1.6578700082976205,-0.10167988743783396,0.22922739297479505,-0.08209063103649589,0.14895504705292018
503.4732575085066,-2.834808233506838,1.5359668446401549,-0.17066620656740958,0.1244042572629217,-0.10408054186018269,0.10604871896877674
503.5732575085066,-2.8493509157086305,1.3440413570626921,-0.17850941095523326,-0.03547485629828859,-0.10314416700678422,0.04440090888974096
503.67325750850654,-2.9239413388275404,1.118392573969843,-0.23562330488338107,-0.21382622441965615,-0.1200700926322216,-0.021085112969779114
503.77325750850656,-2.610423786555985,0.662478259482057,0.043425229920048054,-0.5856197736494699,-0.011946878100049893,-0.1570905019354909
503.8732575085066,-2.730204064239548,0.6676991547862252,-0.06087823808556779,-0.5483205479178153,-0.049190683883564554,-0.13812349171000254
503.97325750850655,-2.7365378414675203,0.6121764825359128,-0.06579730647392257,-0.5621328970888108,-0.049190683883564554,-0.13812349171000254
504.0732575085065,-2.8842033344956115,1.034585894525473,-0.19023123605897538,-0.17933999552019803,-0.09305334204916915,0.004702952239391697
504.17325750850654,-2.9036917248117593,1.016675409734646,-0.1995365702638944,-0.17886970029625876,-0.09305334204916915,0.004702952239391697
504.27325750850656,-2.7981945014298226,1.1962919051876963,-0.10265444627290332,-0.01405058058805387,-0.05424762579200209,0.06415683754941388
504.3732575085065,-2.8087311841860694,1.1952076313166382,-0.10807920885210168,-0.00763489683311467,-0.05424762579200209,0.06415683754941388
504.4732575085065,-3.1058383638664435,1.113194740570979,-0.35165241796336444,-0.06830327010206363,-0.1404124750212285,0.04011437808067381
504.5732575085065,-3.1507251414700956,1.2520401655408722,-0.37329254921875804,0.05675088935743756,-0.14318667398815296,0.0838839948911155
504.67325750850654,-3.0007416384398677,1.5555426617284542,-0.23110008552910932,0.30966444399171295,-0.08658143133810556,0.17148644492754067
504.7732575085065,-3.0693904871009683,1.710080021964173,-0.2786362279183939,0.43123895391709877,-0.10102408443224822,0.20990423030955974
504.87325750850647,-3.137407884990644,1.5441943377691727,-0.321690622334729,0.27977839975917135,-0.11292663398656876,0.14819915896650962
504.9732575085065,-3.1701415803940574,1.5729131735399289,-0.3329832857333884,0.29459831565582567,-0.11292663398656876,0.14819915896650962
505.0732575085065,-3.0164016058519243,1.4765629192869916,-0.1878997264031941,0.2050414922913328,-0.05628583666679709,0.11070131349123907
505.1732575085065,-3.0354730076755714,1.4976205750835736,-0.1935283100698719,0.21611162364045294,-0.05628583666679709,0.11070131349123907
505.27325750850645,-2.986033126983205,1.2671559856346366,-0.14016412762634722,0.017204865764729897,-0.03451968735728482,0.034816286148320136
505.37325750850647,-3.0002221381826297,1.2690505536418515,-0.14361609636207648,0.020686494379562704,-0.03451968735728482,0.034816286148320136
505.4732575085065,-2.870598220882255,1.386492646294826,-0.02704124558312933,0.11890911851080431,0.008907397545212019,0.06877080001918273
505.57325750850646,-2.7942719151057047,1.0898240181467316,0.04039491128521567,-0.13123707868125056,0.03320178516909812,-0.024170024514987995
505.6732575085064,-2.651497811748882,1.1692075833564017,0.15905668306499313,-0.057496388114063636,0.07491727740841739,0.0031138780086539634
505.77325750850645,-2.7652139980041275,1.0542262025184235,0.054501032474136485,-0.15015151633964763,0.03329318547099693,-0.031088066553846928
505.87325750850647,-2.8308546111892494,0.7421007846794906,-0.0013914735983704687,-0.39704956955772447,0.011901737234544876,-0.11831884423360167
505.97325750850644,-2.830934249862914,0.701804233502564,-0.000201299874916387,-0.4088814539810806,0.011901737234544876,-0.11831884423360167
506.0732575085064,-2.7191471603605195,0.8633865549284191,0.09319330898379062,-0.2557684847740133,0.04504375745019007,-0.059744879472794395
506.1732575085064,-2.7096026106748874,0.8375109820536478,0.09769768472881066,-0.2617429727212941,0.04504375745019007,-0.059744879472794395
506.27325750850645,-2.567571659233903,0.7256798686703639,0.21468660009214363,-0.34684606654770533,0.08646877808474016,-0.09062708406728937
506.3732575085064,-2.545670655334273,0.6905421265952691,0.2233334779006147,-0.3559087749544312,0.08646877808474016,-0.09062708406728937
506.4732575085064,-2.604442746470594,0.8216054435628766,0.1640915654211184,-0.22754090609035807,0.06190583230575132,-0.04137292100105916
506.5732575085064,-2.4197923518093467,0.8992798021203265,0.31176419241497494,-0.14794451753347704,0.11355806865924106,-0.011094428692876506
506.6732575085064,-2.398740780387793,0.6370031385956765,0.314219671987854,-0.3524851541929073,0.11033909514225172,-0.08397474638155164
506.7732575085064,-2.227703378300792,0.9972135095217053,0.4451163047308878,-0.0240004793665239,0.15486648244778986,0.03996261399887131
506.87325750850636,-2.0633382952228443,1.1172392640234774,0.5595695769475232,0.08033892941610497,0.19061410467031864,0.07586662085907714
506.9732575085064,-2.0064282670047273,1.1256524900693854,0.5786309874145594,0.08792559150201441,0.19061410467031864,0.07586662085907714
507.0732575085064,-1.8216742582840986,1.0662244008374508,0.7028783994157377,0.04122480061323166,0.22877039430562593,0.056981088895769465
507.17325750850637,-1.7502425663710213,1.0706317863432513,0.7257554388462925,0.04692290950280666,0.22877039430562593,0.056981088895769465
507.27325750850633,-1.9002006151396618,0.480508853017101,0.5631801570073005,-0.44533034410326694,0.161887702985765,-0.1239056015017444
507.37325750850636,-1.8430731609239899,0.4353562905992552,0.5793689273058806,-0.4577209042534442,0.161887702985765,-0.1239056015017444
507.4732575085064,-1.9682610658950677,0.46045683285678163,0.44241307730808854,-0.4113156657939845,0.10647821654879194,-0.10283359620395673
507.57325750850634,-2.035044404260426,0.800287642676593,0.3590743748323036,-0.10419120952785929,0.07216563504154126,0.011942561209292546
507.6732575085063,-1.9116065052439868,0.6851576491314072,0.4388491092065784,-0.1891380281095214,0.09840768466308347,-0.018917941417680672
507.77325750850633,-2.20054186761206,0.5320696317649433,0.16139916093912468,-0.3051279673741176,-0.008316947221596219,-0.060894113064954764
507.87325750850636,-2.2369873563670675,0.7603183382056025,0.11689831180317733,-0.09853351889340393,-0.024090633057390686,0.015206776333381258
507.9732575085063,-2.225417978352041,0.7505410201979323,0.11448924849743909,-0.09701284126006633,-0.024090633057390686,0.015206776333381258
508.0732575085063,-1.8569393277402295,1.0282595814549527,0.4102780965168245,0.14108167050676734,0.08405339483178532,0.10008353829855288
508.1732575085063,-1.8154912511143786,1.0428681661971255,0.41868343600000496,0.1510900243366249,0.08405339483178532,0.10008353829855288
508.27325750850633,-2.1122921486862203,0.8228894406615181,0.1449939490386426,-0.03761567106470515,-0.01795461861331748,0.027458514933865488
508.3732575085063,-2.0978825268754275,0.8192651661297181,0.14319848717731146,-0.03486981957131954,-0.01795461861331748,0.027458514933865488
508.47325750850626,-2.024623719222372,1.117419107438433,0.19055066057415834,0.2158353407330599,-0.00017243844938303818,0.11632540665841867
508.5732575085063,-2.106431547939202,1.2257917828929221,0.10555740715723433,0.2991969018203968,-0.031195463096472288,0.14226295742729766
508.6732575085063,-2.0694777449099018,1.2921722029611615,0.12454088538118684,0.3428159228677581,-0.02320148172068568,0.15279305911930846
508.7732575085063,-2.1696471714511376,1.2112932186892222,0.025247534057289495,0.2594465697105463,-0.05922572060567697,0.1165006808216428
508.87325750850624,-2.0401692764426302,1.168374082959464,0.12508179539270506,0.21408372293516398,-0.021025414523037432,0.09610076174836821
508.97325750850626,-2.027766223975972,1.1902629590617273,0.12297925394040084,0.22369379911000298,-0.021025414523037432,0.09610076174836821
509.0732575085063,-1.996694462556914,0.9228535964251303,0.13615542626780772,-0.005534122326354325,-0.01561527188950569,0.010448414565076277
509.17325750850625,-1.9831569962895854,0.9223524262653204,0.1345938990788577,-0.004489280869847054,-0.01561527188950569,0.010448414565076277
509.2732575085062,-1.7913338530864855,0.8272388747594462,0.28346399478338385,-0.08332712072797308,0.03934478719522813,-0.01874418835310889
509.37325750850624,-1.7627907296721645,0.8188124417448814,0.28739847350290754,-0.08520153956328438,0.03934478719522813,-0.01874418835310889
509.47325750850626,-1.9458699190471458,0.4823353267933876,0.11480750578472032,-0.35671364800719607,-0.024524151271186054,-0.11538046098270821
509.57325750850623,-1.644160088104877,0.4049284645149644,0.3569756708900069,-0.40249773096202124,0.06478188143097993,-0.1277639887986513
509.6732575085062,-1.450069628283954,0.572230780230593,0.49502715881103787,-0.24410214912485126,0.11236788064012596,-0.06644070743931788
509.7732575085062,-1.3072522315837098,0.4493831447245013,0.586210079535453,-0.3342311140550822,0.14206679216705928,-0.09715440786403731
509.87325750850624,-1.3614491801413886,0.6135815755494779,0.5060634278311518,-0.18130756508084656,0.10798553230554622,-0.03896018577301775
509.9732575085062,-1.3103029096967633,0.5952560181125345,0.5168619810617027,-0.18520358365814701,0.10798553230554622,-0.03896018577301775
510.0732575085062,-1.384674350923293,0.5121422706211196,0.4212110970323313,-0.24242833619756296,0.06917845913222216,-0.058176460587028835
510.1732575085062,-1.342207348924389,0.4876085546984225,0.4281289429455551,-0.24824598225626718,0.06917845913222216,-0.058176460587028835
510.2732575085062,-1.6639200086763835,0.5826271543438188,0.12896422095405255,-0.15269098969199252,-0.04222436253499984,-0.021115769818009826
510.3732575085062,-1.6512347083936574,0.5672524765255348,0.12474178470055401,-0.15480256667379277,-0.04222436253499984,-0.021115769818009826
510.47325750850615,-1.4998294102543328,0.4319289377445537,0.23636991643945024,-0.2553875121919009,-0.0003082935051639188,-0.05640794022060962
510.5732575085062,-1.5828570700414268,0.16416169576946374,0.14647568436730932,-0.46234001389856405,-0.03311560666974271,-0.1292031994860593
510.6732575085062,-1.6565381730791107,-0.07004826743797135,0.06977901753540157,-0.6292806898044894,-0.05965673324953838,-0.18438181916359309
510.77325750850616,-1.6492029444214327,-0.10295928697179951,0.06437843233965077,-0.6213906523085868,-0.05944681062044323,-0.17469579091110665
510.87325750850613,-1.9510227231789878,0.07782263161968939,-0.19751204225889715,-0.4387137336218744,-0.1518967009934895,-0.10308092316282481
510.97325750850615,-1.97153341090985,0.033435853641677615,-0.21270171235824956,-0.4490218259381592,-0.1518967009934895,-0.10308092316282481
511.0732575085062,-2.0679178505190228,0.3431836298162381,-0.2905455290106839,-0.1668668602261307,-0.17477350975530134,0.0018612193553562417
511.17325750850614,-2.0978462709688572,0.32650624989040755,-0.3080228799862081,-0.16668073829059515,-0.17477350975530134,0.0018612193553562417
511.2732575085061,-2.2077691856763644,0.4271762290445289,-0.3880480131101432,-0.07016384498683731,-0.19666848728407815,0.036342787700867754
511.37325750850613,-2.2475573294238083,0.420341558484348,-0.4077148618385555,-0.06652956621674971,-0.19666848728407815,0.036342787700867754
511.47325750850615,-2.5034473232740084,0.19284110517332917,-0.6056717844856729,-0.24467170641940786,-0.2611758882853542,-0.028804616606675132
511.5732575085061,-2.532821049265252,0.5211995430640777,-0.6044087676708968,0.04613645182563478,-0.2511797822313875,0.07739456810663423
511.6732575085061,-2.4613881659393106,0.583728334900333,-0.518712415561426,0.1011748589962403,-0.21110166118046494,0.0943396710888746
511.7732575085061,-2.480453039798305,0.44020502376246856,-0.5106361331594629,-0.020536751639925396,-0.20025928865366108,0.04609182905531955
511.87325750850613,-2.3360798775481775,0.46862658530938395,-0.3674024345195273,0.008902307370588204,-0.1412884633993786,0.054976262773657095
511.9732575085061,-2.3735265633171143,0.46979169736031057,-0.38153128085946036,0.01439993364795204,-0.1412884633993786,0.054976262773657095
512.073257508506,-2.6246503589921395,0.06216391638728807,-0.5714406905934948,-0.3166696712169377,-0.2046458077100384,-0.06565424392473779
512.1732575085061,-2.68281765709012,0.03016867804592651,-0.5919052713645265,-0.32323509560942043,-0.2046458077100384,-0.06565424392473779
512.273257508506,-2.051905307131563,0.6490184623238335,-0.030654044759099747,0.21355765219828315,0.007624918150662907,0.13123113005461803
512.3732575085061,-2.0549325870167205,0.6710303831939401,-0.029891552944033284,0.22668076520374794,0.007624918150662907,0.13123113005461803
512.4732575085061,-1.8805072269659597,1.0838702605170998,0.11855546226579264,0.5601450625647011,0.061058878678674045,0.2460391825594568
512.573257508506,-1.728210527605093,1.166998185603168,0.24272545977833718,0.6062851338952296,0.10416170030906885,0.2538267566885412
512.6732575085061,-1.6275872426201905,1.1813153358445054,0.3162608703375479,0.5925477156465923,0.12698998032431888,0.23981177295078887
512.773257508506,-1.6572843413193659,1.1653175754547014,0.27555650891258,0.5514706507663861,0.10715135155032567,0.21587715124699847
512.873257508506,-1.620032828889522,1.1077929604646688,0.29388460462629595,0.4796728263524754,0.10990122041646574,0.18246266167105463
512.9732575085061,-1.5900948623247684,1.1566725564083395,0.3048747266679575,0.49791909251960575,0.10990122041646574,0.18246266167105463
513.073257508506,-1.079272755169209,0.6084594312407544,0.7153412973377498,0.020368207027697552,0.25447372999529994,0.003854259645999239
513.173257508506,-1.0064662567854405,0.6105155232417546,0.7407886703372856,0.020753632992297565,0.25447372999529994,0.003854259645999239
513.273257508506,-1.2237517575202252,0.24763908740294105,0.519367637021588,-0.2812413936782716,0.1642337605715582,-0.10515388055185038
513.373257508506,-1.1709938250152574,0.21898917863238115,0.5357910130787288,-0.2917567817334471,0.1642337605715582,-0.10515388055185038
513.4732575085061,-1.2174539543745941,0.33312518596981167,0.4682374857735149,-0.18397894784719246,0.13384995029553926,-0.0627584125356309
513.573257508506,-1.2243739252120336,0.3634096608927482,0.43577969070311867,-0.14948749967379932,0.11711367361786013,-0.04801676915324912
513.6732575085059,-1.2712302169965188,0.10600354966572208,0.37172806507170636,-0.35343721521677335,0.08971253880751831,-0.11936262350258262
513.773257508506,-1.201515611413419,0.23719789148535134,0.40836133010077513,-0.2231462046995148,0.09998860338265352,-0.06703787788656093
513.873257508506,-1.2429364117467863,0.19018050137243223,0.34958097330516424,-0.2498549006863174,0.07514494021432946,-0.07419587900491022
513.973257508506,-1.20760258971519,0.16482403190877007,0.3570954673265989,-0.2572744885868101,0.07514494021432946,-0.07419587900491022
514.073257508506,-1.4220002559073626,-0.09615521122370338,0.15511274902358035,-0.457837508691723,-0.0009282396054295441,-0.14342696241588174
514.1732575085059,-1.406493622203046,-0.14265609690491216,0.1550199250630375,-0.47218020493329815,-0.0009282396054295441,-0.14342696241588174
514.273257508506,-1.5350002563701752,-0.23150484401703253,0.030595767163801548,-0.5164630887941357,-0.04717364188850621,-0.15311159399882227
514.373257508506,-1.5321765478632399,-0.28391671086639186,0.02587840297495522,-0.531774248194004,-0.04717364188850621,-0.15311159399882227
514.4732575085059,-1.7682095038964418,-0.19081601949877952,-0.17731951628860582,-0.42615536199073695,-0.11898619138018332,-0.10977110672132191
514.573257508506,-1.5299488556438698,-0.09362804267578306,0.02695621599591838,-0.320352189801295,-0.04006530222534384,-0.06754280780230812
514.6732575085059,-1.5448559330192682,-0.15959684067199167,0.008464316658748387,-0.35472857370984356,-0.04530421288880564,-0.07743857459065356
514.7732575085059,-1.5351618233117925,-0.03350355066792787,0.011755188113511356,-0.22465450589026947,-0.04239870797581028,-0.02673600724093353
514.873257508506,-1.492437595745536,-0.09448135197561867,0.04222262548316881,-0.2588356168300154,-0.029862120478632414,-0.03800978021335165
514.9732575085059,-1.4883646437996159,-0.12055496255966308,0.03923641343530829,-0.2626365948513471,-0.029862120478632414,-0.03800978021335165
515.073257508506,-1.65542388603281,-0.18011988218521793,-0.10436645038898655,-0.2928251017358447,-0.080312402944819,-0.04724129289780253
515.1732575085059,-1.6662620930864225,-0.20963859882326435,-0.11239769068346114,-0.29754923102562064,-0.080312402944819,-0.04724129289780253
515.2732575085058,-1.4049457312338685,0.10916562078074486,0.11236748802145839,-0.016955339035069975,0.005491554869758421,0.05459003093968352
515.373257508506,-1.3936815246573584,0.10774303703193472,0.11291664350843499,-0.011496335941094175,0.005491554869758421,0.05459003093968352
515.4732575085059,-1.4583465456933848,0.24494372458747227,0.05020099853016385,0.10751874405935753,-0.01739837816565357,0.09528773912214812
515.5732575085059,-1.5571686540351366,0.2511764131077151,-0.03895234889043045,0.11289090517138785,-0.04931128483888916,0.09378468840574485
515.6732575085059,-1.4058464442273426,0.1008246591408688,0.08552148996294352,-0.011015264761695866,-0.0025095045098690247,0.046034750769006975
515.7732575085058,-1.5032284881305074,0.22822144966821917,-0.006026134354220803,0.10274094131132386,-0.03642498921971738,0.08619152778874309
515.873257508506,-1.7714468511995385,0.49233692040238364,-0.23193264504475675,0.3194009465294649,-0.11670872132546603,0.16063109230321787
515.9732575085059,-1.7952236593106192,0.5250801705168157,-0.24360351717729273,0.33546405575977206,-0.11670872132546603,0.16063109230321787
516.0732575085058,-1.510388005015251,0.2646652068142145,0.0029975921333591244,0.10839975702930099,-0.023145368989610327,0.0732832591488662
516.1732575085059,-1.510203972646863,0.27587159881290474,0.0006830552343949341,0.1157280829441976,-0.023145368989610327,0.0732832591488662
516.2732575085058,-1.592196280630777,0.07372897436028884,-0.07033309661673787,-0.052783256164549285,-0.04813894030207833,0.010321316978932968
516.3732575085058,-1.599470284993963,0.0685022553287274,-0.0751469906469468,-0.05175112446665575,-0.04813894030207833,0.010321316978932968
516.4732575085059,-1.619893579389557,-0.01668147569509431,-0.090508245906609,-0.1165612449795544,-0.05195509700323018,-0.013276088281532991
516.5732575085058,-1.7879169417693315,0.10937538712271366,-0.22941885992815125,-0.003249437994896908,-0.10077178065242076,0.028178063054806426
516.6732575085059,-1.7011534638421364,0.23879499023800965,-0.14776019704710325,0.10612688587934395,-0.06759376001989692,0.06635322423907372
516.7732575085058,-1.4338496652864603,-0.02533868042854168,0.08890380380198758,-0.12132185856910091,0.022834745926700845,-0.019765204420302912
516.8732575085057,-1.3468014146769003,-0.052505464146236344,0.15604937304543046,-0.135560111255063,0.04626350971677995,-0.024152602365127694
516.9732575085059,-1.3309651598237513,-0.0661822382835871,0.16067572401711477,-0.13797537149157907,0.04626350971677995,-0.024152602365127694
517.0732575085058,-1.3775690618571743,-0.11257025590509871,0.11258834334014305,-0.16778391073281357,0.02709403055382066,-0.034158869797270563
517.1732575085058,-1.3661747573703882,-0.1295194413273703,0.11529774639552573,-0.1711997977125414,0.02709403055382066,-0.034158869797270563
517.2732575085058,-1.3502746608098608,0.03174314621082921,0.12987528008913543,-0.029937956230781014,0.03375392456844516,0.01708542811892762
517.3732575085057,-1.3371183631781172,0.028834777728348308,0.1332506725459769,-0.028229413418889807,0.03375392456844516,0.01708542811892762
517.4732575085059,-1.1307928724166547,-0.11051931315964456,0.2971787224233689,-0.1388755770816938,0.09184372410922559,-0.023181717256296853
517.5732575085058,-1.2955614012595702,-0.23394679647526231,0.14212189899411468,-0.23224007592727625,0.031882581049176864,-0.05610449688046466
517.6732575085057,-1.5275163221133066,-0.36757458588767206,-0.05972686445235719,-0.328392502381233,-0.042272977577527945,-0.0885416463063754
517.7732575085058,-1.4778022387162315,-0.4131940208313455,-0.015774078167498977,-0.34774552679589926,-0.024374725270310704,-0.0924041275055238
517.8732575085057,-1.4243319421014775,-0.1346277219335663,0.027639870423690517,-0.09936505205353688,-0.007812785348357394,-0.00022421932904946595
517.9732575085058,-1.4216070189858496,-0.1445653482355675,0.0268585918888546,-0.09938747398644183,-0.007812785348357394,-0.00022421932904946595
518.0732575085058,-1.3006093780528365,0.0242106354530168,0.12537904468752362,0.046858989983274243,0.02833124566903912,0.05201858142475023
518.1732575085057,-1.2879298173557505,0.029156627358463243,0.12821216925442494,0.05206084812574453,0.02833124566903912,0.05201858142475023
518.2732575085058,-1.2487910035508403,-0.16613347581576707,0.15106812111574663,-0.10633135561655506,0.03507407117553235,-0.0061910748316920325
518.3732575085057,-1.233508821083402,-0.1767975667515713,0.15457552823329668,-0.1069504630997237,0.03507407117553235,-0.0061910748316920325
518.4732575085056,-1.2558365976353345,-0.08424894672152324,0.12647665548643022,-0.02263558899446086,0.023638555307708448,0.02424867345502926
518.5732575085058,-0.98263194660088,-0.23039098126310936,0.34825954091024547,-0.1400257849140414,0.10374401103220963,-0.01907701631535597
518.6732575085057,-0.965545387495883,-0.15337857124509818,0.3434362707615661,-0.06702366841450308,0.09824748268341807,0.007759828328178616
518.7732575085057,-1.034302122414088,-0.4599710917228651,0.2639726735481532,-0.32147913644005005,0.06507806491916171,-0.08613862356587022
518.8732575085057,-1.0644266666162419,-0.2763483864487865,0.2232347862243421,-0.1525994867369799,0.04801250133434633,-0.022629271498950276
518.9732575085056,-1.0418631254871569,-0.2917214814799652,0.22803603635777236,-0.15486241388687286,0.04801250133434633,-0.022629271498950276
519.0732575085058,-1.3742528760560933,-0.35551185205602825,-0.06590059280894903,-0.19644703572067987,-0.060860667578375244,-0.036641233987843094
519.1732575085057,-1.3811472386748735,-0.37533976179801726,-0.07198665956678102,-0.20011115911946084,-0.060860667578375244,-0.036641233987843094
519.2732575085056,-1.2633471769897502,-0.41972376037836,0.03569094127160795,-0.22315052053109807,-0.017020501992066853,-0.043439371213478475
519.3732575085057,-1.259863185372545,-0.44225600928756825,0.03398889107239894,-0.22749445765245185,-0.017020501992066853,-0.043439371213478475
519.4732575085056,-1.1435974232295485,0.03288453480234528,0.1263312545858729,0.17780945406834076,0.017005849413570168,0.10337556871687807
519.5732575085057,-1.4777537764748943,-0.10579713859457858,-0.16420906374790797,0.05753211494224861,-0.08968540133896244,0.0561446086925028
519.6732575085057,-1.289728656209035,0.0755359048677735,-0.0026277666807001136,0.20727532702304932,-0.02800279223916162,0.10777950784768564
519.7732575085056,-1.3402529375103214,0.23608226529884163,-0.048629087309211574,0.3365767425433004,-0.04405139726671115,0.1513837337937975
519.8732575085057,-1.3725334646644547,0.1294967361281231,-0.07563794663002217,0.23595907986701564,-0.05221606123569709,0.10996480663176933
519.9732575085056,-1.380358339633628,0.15364246814796104,-0.08085955275358712,0.24695556053018258,-0.05221606123569709,0.10996480663176933
520.0732575085055,-1.0654455276039188,-0.12810812898317614,0.1819011125467791,0.004927599643214254,0.044451285359810536,0.0191129241684947
520.1732575085057,-1.0470331599224163,-0.1275198043980113,0.1863462410827662,0.006838892060066331,0.044451285359810536,0.0191129241684947
520.2732575085056,-0.934980380110891,-0.35874204857240866,0.27066226227193874,-0.1839000783059979,0.07399724827882173,-0.05045955999750032
520.3732575085056,-0.9075441676422967,-0.3773843542030002,0.2780619870998226,-0.18894603430574908,0.07399724827882173,-0.05045955999750032
520.4732575085056,-0.5191166371955376,-0.4372681850382965,0.585408892245973,-0.22749440911457944,0.18252159074344254,-0.062466593889852234
520.5732575085055,-0.5884916913459544,-0.17233839551673474,0.4951233198210467,0.005882505946774967,0.1428966573486943,0.024182416388073696
520.6732575085057,-0.7404325807350844,-0.45840834065327024,0.341132836908791,-0.22748547481007714,0.08203492450506525,-0.060289264059025946
520.7732575085056,-0.5367564342459058,-0.6164105446976031,0.49513351510941944,-0.3483550929793287,0.1361966153383577,-0.10253861512746087
520.8732575085055,-0.8882176768696424,-0.8691508200067022,0.1749373371259102,-0.5370800384827845,0.015619373799246383,-0.16639775440192928
520.9732575085056,-0.8706458462880311,-0.9236908126270659,0.17649927450583697,-0.5537198139230002,0.015619373799246383,-0.16639775440192928
521.0732575085055,-0.9004803166852859,-0.843137948400867,0.13943757150620278,-0.4586982701469676,0.001906234216874244,-0.1265880576851025
521.1732575085056,-0.8865270283635781,-0.8896407157039999,0.13962819492789025,-0.47135707591548076,0.001906234216874244,-0.1265880576851025
521.2732575085056,-1.1334210609459305,-0.8961210578416373,-0.07778200174839843,-0.4426519424975225,-0.07694512570986502,-0.109671019467901
521.3732575085055,-1.1415839867493118,-0.9409346071886878,-0.08547651431937793,-0.4536190444443026,-0.07694512570986502,-0.109671019467901
521.4732575085056,-0.9516506478833263,-1.1416042565347941,0.07240562257945579,-0.5918616662245502,-0.017037588015589106,-0.1552856805768686
521.5732575085055,-0.7624452684401382,-0.9850028322252614,0.22407853666556654,-0.4271979960192497,0.0389571371692071,-0.09012732067398271
521.6732575085055,-0.4834057691634046,-0.8472660603569512,0.44142690336517526,-0.28747106737325195,0.11615636978836566,-0.036840538427186556
521.7732575085056,-0.5289621565522736,-0.7055098026441823,0.3752279362853402,-0.14590460437954186,0.0872492924284177,0.016596444444178668
521.8732575085055,-0.5338126723762062,-0.825590538997235,0.3483738554066018,-0.23091681307940623,0.07439783845501045,-0.01441580592913514
521.9732575085055,-0.4986032976432629,-0.8487542993348266,0.3558136392521046,-0.23235839367232008,0.07439783845501045,-0.01441580592913514
522.0732575085055,-0.4466903870456851,-0.6542530178889646,0.3767841966540639,-0.05477389555723913,0.07936044058944496,0.049733574330250746
522.1732575085055,-0.40861516517736646,-0.6594817395730328,0.38472024071300115,-0.049800538124218585,0.07936044058944496,0.049733574330250746
522.2732575085056,-0.4266749047208337,-0.2571977552802957,0.34523914297420394,0.3006528003838855,0.06219774030371217,0.17659526261207442
522.3732575085055,-0.3918400017219267,-0.22624949892887572,0.3514589170045695,0.31831232664507686,0.06219774030371217,0.17659526261207442
522.4732575085054,-0.16046161895103267,-0.6420891355285218,0.5208039726865094,-0.03292288066262469,0.12121834490419661,0.044385955758330764
522.5732575085055,-0.20853417287587117,-0.7996746836380695,0.4480365661385699,-0.15704875292953502,0.09022699769606488,-0.002103559812230933
522.6732575085055,0.1197527714955999,-0.6869157348599123,0.6926492817343057,-0.05162909989324908,0.17543263079722873,0.03573895819706612
522.7732575085055,0.4996229904813638,-0.5628829929800413,0.9771554281547357,0.06173474729799247,0.2746057463623302,0.07613016559976055
522.8732575085055,0.26026768043222104,-0.45923451620849365,0.7233353860769619,0.149058738947801,0.17300469318631745,0.10465172856751785
522.9732575085054,0.3334662425057815,-0.44380538367089045,0.740635855395578,0.15952391180454326,0.17300469318631745,0.10465172856751785
523.0732575085055,0.2255375944512681,-0.4326311590983949,0.6030437337163709,0.16399966987843306,0.11623205388086918,0.10206446232180719
523.1732575085055,0.2864231280922536,-0.4157208697989584,0.6146669391044473,0.1742061161106045,0.11623205388086918,0.10206446232180719
523.2732575085054,0.12226248177149983,-0.47019182845291524,0.4351055813996311,0.11618428876507836,0.046247327612640596,0.07515835810384104
523.3732575085055,0.16600427654958613,-0.4581976077858713,0.43973031416090147,0.12370012457547272,0.046247327612640596,0.07515835810384104
523.4732575085054,0.15203757520773478,-0.613417885261203,0.39592158937959837,-0.00692086215376948,0.02872354516695129,0.025651081645173192
523.5732575085054,0.13648051273602818,-0.8035376335856792,0.3522098655532046,-0.1620758829301208,0.011716639125125397,-0.0313812579523915
523.6732575085055,0.4482045853402733,-0.8528344297295323,0.5834881239464152,-0.1922905382504497,0.09493908806774075,-0.041081570067413725
523.7732575085054,0.534883283918102,-0.4916825604390304,0.6169911600253866,0.12747000941304468,0.1038581554818616,0.07806820510016675
523.8732575085055,0.3119709099669457,-0.6828137683012407,0.3904048622947095,-0.032420312943798525,0.018261726677957155,0.018064113889386432
523.9732575085054,0.3511027048297708,-0.6859654790261709,0.39223103496250356,-0.030613901554861524,0.018261726677957155,0.018064113889386432
524.0732575085053,0.2660417445331039,-0.995693569737712,0.2895092580739972,-0.28127181076547947,-0.019843298060177494,-0.0724887531391917
524.1732575085055,0.294893453850242,-1.0241831945799953,0.2875249282679767,-0.2885206860794085,-0.019843298060177494,-0.0724887531391917
524.2732575085054,0.2250896659326809,-0.8547069206629853,0.2073895662100307,-0.12816774693644897,-0.047037139799180235,-0.01123172920995423
524.3732575085054,0.24559343685469268,-0.8675798540026829,0.20268585223011162,-0.12929091985744465,-0.047037139799180235,-0.01123172920995423
524.4732575085054,0.053676615466409616,-1.085307518224238,0.021511260554881853,-0.2987961027782841,-0.11088633466648545,-0.07157867049954046
524.5732575085053,-0.16475000161165668,-1.2396533034446653,-0.17494646118103618,-0.4092183491807615,-0.17856084448583343,-0.10891955521168428
524.6732575085055,-0.2332697818149903,-1.2745794903715706,-0.23453164343785057,-0.4147329958220641,-0.19365297046163277,-0.10699310542699565
524.7732575085054,0.11157725142375823,-1.1610377695221756,0.06438533566478126,-0.29306346291190166,-0.07541539166479463,-0.058295229685469574
524.8732575085053,0.2021578426805943,-1.2421040212526122,0.12708762600995208,-0.34114671777967726,-0.05004269751731241,-0.07341413236642022
524.9732575085054,0.21461639179401962,-1.2765857636924596,0.12208335625821401,-0.3484881310163293,-0.05004269751731241,-0.07341413236642022
525.0732575085053,0.3894619762054841,-1.1694708398924016,0.25233291835396027,-0.2381682433949776,-0.0011936042924319517,-0.031071078187110437
525.1732575085053,0.41468930001942367,-1.1934430196228405,0.25221355792471706,-0.24127535121368937,-0.0011936042924319517,-0.031071078187110437
525.2732575085054,0.4860870214954856,-0.9857430293034285,0.28713371876476323,-0.05203713009154998,0.010517663252186032,0.03831039806980397
525.3732575085053,0.5148529816881966,-0.99075519032223,0.2881854850899809,-0.04820609028457307,0.010517663252186032,0.03831039806980397
525.4732575085054,0.1936777909310841,-1.5109562070384002,-0.002213176881581772,-0.46838608633504614,-0.09493245652684229,-0.11365220819110469
525.5732575085053,-0.07097929355649499,-1.3694310576243056,-0.2340929912941555,-0.32255029332150353,-0.17612130074972754,-0.05680758305548646
525.6732575085052,-0.0664604733965946,-1.2299126278245225,-0.22772534345656742,-0.1867675134600747,-0.1674485556357253,-0.0061275107868605655
525.7732575085054,-0.24551038457331154,-1.3824329063880685,-0.37844817088648336,-0.3012514252121878,-0.21721956769855172,-0.04802017592140947
525.8732575085053,0.18515807415361218,-1.2309888259101645,-0.009886217641860276,-0.15679451779341524,-0.07624555833252036,0.005386495159971631
525.9732575085053,0.18378822459776314,-1.2466413452137097,-0.017510773475114046,-0.15625586827741797,-0.07624555833252036,0.005386495159971631
526.0732575085053,0.1014529582406827,-1.4624250038336872,-0.09253146930715139,-0.321547042337026,-0.10080402148512799,-0.05438296917133324
526.1732575085052,0.09169579120255125,-1.4948516229132167,-0.10261187145565502,-0.3269853392541544,-0.10080402148512799,-0.05438296917133324
526.2732575085054,-0.3530627760223369,-1.099668813005778,-0.4837597193378534,0.02148232756758083,-0.2378290319001173,0.07296998263857024
526.3732575085053,-0.4026278931155766,-1.0971557303358297,-0.5075426225278434,0.028779325831431217,-0.2378290319001173,0.07296998263857024
526.4732575085052,-0.45906275647656763,-1.3790851518061076,-0.5350651357545438,-0.19845187188565366,-0.2391820658572211,-0.011083291660913153
526.5732575085053,-0.34508654607359407,-1.353021573460793,-0.41687201584208144,-0.16131567244286757,-0.18730009108819495,0.002746109557673137
526.6732575085052,-0.11045274702016837,-1.3848801695132984,-0.2048187078211826,-0.17398291842534874,-0.1038328924623574,-0.0018903801938165666
526.7732575085053,-0.207007154006199,-1.3100143626850373,-0.2803234509009602,-0.0956496531787104,-0.12802463547166323,0.026997606341695072
526.8732575085053,0.0647184092567732,-1.396733799447878,-0.04346519323788414,-0.15640176283398416,-0.037844968959355574,0.004293750168276184
526.9732575085052,0.06018266508819231,-1.4123525069804208,-0.04724969013381626,-0.15597238781715694,-0.037844968959355574,0.004293750168276184
527.0732575085053,0.2939963622075355,-1.0003019635318513,0.1503006138586384,0.19766905932668702,0.035714594442330896,0.1313255148331081
527.1732575085052,0.309204996565597,-0.9798784300250363,0.15387207330286826,0.21080161080998588,0.035714594442330896,0.1313255148331081
527.2732575085051,0.7863165847351318,-1.2121850068910254,0.5510806903651134,0.012303955712517169,0.18080121085877882,0.05470947951396005
527.3732575085053,0.8423286598260147,-1.2106810639222014,0.5691608114510159,0.01777490366392064,0.18080121085877882,0.05470947951396005
527.4732575085052,0.6579395799684409,-1.5804132677331493,0.38557629584808645,-0.2825120438937332,0.10783662398785282,-0.05487202369490709
527.5732575085052,0.5639471458185714,-1.5870907635220233,0.2842326014492795,-0.26982054595885735,0.06690119090424386,-0.04829852026092346
527.6732575085052,0.8943926185786029,-1.6693130005456311,0.5420412273642224,-0.3198696380117805,0.1577229996399509,-0.06449855584738756
527.7732575085051,0.9141146684361212,-1.437746862990127,0.5274127865099311,-0.1017684787190179,0.1464295338790651,0.018112707761890237
527.8732575085053,1.0105202739733032,-1.2437270516457681,0.57773666221205,0.06760656590035306,0.1593177994402133,0.0780690779028621
527.9732575085052,1.0690905291916555,-1.2365760496662255,0.5936684421560569,0.07541347369063217,0.1593177994402133,0.0780690779028621
528.0732575085051,1.0014423157144643,-1.2172446930413017,0.5019546912999854,0.09108255955250862,0.12002765384874733,0.08047877098216756
528.1732575085052,1.0522379231137766,-1.2077340432311263,0.5139574566848765,0.09913043665073636,0.12002765384874733,0.08047877098216756
528.2732575085051,0.7415950963063415,-1.0475308663765857,0.2146160165853562,0.2306742173043648,0.0047018314002443135,0.12480656363503614
528.3732575085052,0.7630802071218832,-1.0238394118279686,0.21508619972538073,0.24315487366787125,0.0047018314002443135,0.12480656363503614
528.4732575085052,0.8864906223067522,-1.2195385391880833,0.3003807839955077,0.07418031366505808,0.035392276123990075,0.05977427610765404
528.5732575085051,0.9927646046611335,-1.1541114945261233,0.36799948003396865,0.12817550375578426,0.05878639569218443,0.07713772460888926
528.6732575085052,0.6539598457843171,-1.1130971426870775,0.060987992416892345,0.15875522794958416,-0.0543763004625176,0.08532957461723906
528.7732575085051,0.5062896573957135,-1.381735196141197,-0.07675286222246872,-0.07518826155067054,-0.10352516646972565,-0.0038763712563278374
528.873257508505,0.653202990265389,-1.5234930084389264,0.041803378537273936,-0.18576537314211058,-0.05696218012128855,-0.043303514517583276
528.9732575085052,0.6570985172185149,-1.5422860633257514,0.03610716052513731,-0.19009572459387483,-0.05696218012128855,-0.043303514517583276
529.0732575085051,0.2840785828149657,-1.4300046482887194,-0.28584249866075895,-0.08592151182073039,-0.17220238338194893,-0.004311988866623737
529.1732575085051,0.25463332103197317,-1.4386183594151276,-0.30306273699895775,-0.08635271070739287,-0.17220238338194893,-0.004311988866623737
529.2732575085051,0.24115473780172758,-0.7721210720946213,-0.29932216298168335,0.47358757948953034,-0.1628504091539011,0.19798289700996974
529.373257508505,0.21040826945781846,-0.7237723996606633,-0.31560720389705865,0.4933858691905093,-0.1628504091539011,0.19798289700996974
529.4732575085052,0.44385314246659513,-0.9312809598301098,-0.11056923211411965,0.3011366308829277,-0.08277319555950904,0.12198653775906103
529.5732575085051,0.4509767354175459,-1.3008235987271857,-0.1031808313362718,-0.019706505702172004,-0.07705395750069999,0.0015570617270414533
529.673257508505,0.5560967067424352,-1.0645301531074511,-0.014477326100400648,0.17634058158624194,-0.04218583536789495,0.07173620103308594
529.7732575085051,0.5772519762750488,-1.2658523656294307,0.0009680225068968581,-0.003116908095806109,-0.03488094942050326,0.00307549238929658
529.873257508505,0.4822193063262315,-1.1455750325947744,-0.08143720282365494,0.09617727428012847,-0.0633865167602333,0.03849412184154148
529.9732575085051,0.47375865346006285,-1.1357648345575515,-0.0877758544996797,0.10002668646428349,-0.0633865167602333,0.03849412184154148
530.0732575085051,0.36993777503530056,-1.585373884222828,-0.17454034848804445,-0.2757966508834217,-0.0929145131908824,-0.09802249523378558
530.173257508505,0.35201916762055846,-1.6134436617873131,-0.18383179980712425,-0.28559890040679137,-0.0929145131908824,-0.09802249523378558
530.2732575085051,0.7845476356474973,-1.8760751349600266,0.18611419232262313,-0.4868019017523857,0.04527946669723711,-0.16642763237778485
530.373257508505,0.8033854522132284,-1.9255874632971084,0.19064213899234272,-0.5034446649901491,0.04527946669723711,-0.16642763237778485
530.473257508505,0.8314073685162859,-1.6747708483951163,0.20243981655717136,-0.2717254771071454,0.04790973901534831,-0.07741643644973785
530.5732575085051,0.8427292345212593,-1.915479116284991,0.1995121112171888,-0.45681758867076083,0.045091805135433344,-0.1415471988454221
530.673257508505,0.8460060827212048,-2.004725909073753,0.18995423510447154,-0.5062090468849112,0.0400041851804568,-0.15417094958851588
530.773257508505,0.836907786408768,-1.975399006275357,0.16956752847537776,-0.45293673696059167,0.03094469664687005,-0.12890044018082364
530.873257508505,0.6880934437614683,-1.864101073463688,0.03476109571928968,-0.33674158304674484,-0.018866332223708024,-0.08271217568057768
530.973257508505,0.6914752216722757,-1.898188792646734,0.032874462496920595,-0.3450128006147951,-0.018866332223708024,-0.08271217568057768
531.0732575085051,0.700317922958615,-1.64686437539441,0.035494384832991575,-0.117642897602692,-0.017288878992134958,0.0018236590453589302
531.173257508505,0.7037809170469503,-1.6586195468594418,0.03376549693377965,-0.11746053169815628,-0.017288878992134958,0.0018236590453589302
531.2732575085049,1.0585577838454516,-1.6728154404228275,0.3299207114070671,-0.12011437785890874,0.09198266146928769,0.0005773241545971013
531.373257508505,1.092009768293551,-1.6848239915879617,0.3391189775540084,-0.12005664544344896,0.09198266146928769,0.0005773241545971013
531.473257508505,1.109373802233964,-1.6945151567342336,0.3341564782933691,-0.11809782180337768,0.08685913354340115,0.0012586620274370286
531.573257508505,1.4689054408979751,-1.6862068190702366,0.6172284032863712,-0.10123789677642873,0.1870319240140545,0.00730977631523767
531.673257508505,1.3978523312218023,-1.6489678884531378,0.5246332780780615,-0.06159592851153417,0.1467787597117498,0.021249847678471948
531.7732575085049,1.126441606045036,-1.8644720845327538,0.25952296017831955,-0.2377079710914121,0.04284121402265775,-0.04432271746531513
531.873257508505,1.103320619288861,-1.9060809275319888,0.2228442631866608,-0.25660270104382304,0.028045080757231722,-0.0494975621077572
531.973257508505,1.1257452710112927,-1.931988685446886,0.22564877126238142,-0.26155245725459425,0.028045080757231722,-0.0494975621077572
532.0732575085049,1.4840485833961465,-1.7251462575187828,0.5081744220301291,-0.07418224474809697,0.1293580228426911,0.019579264204509676
532.173257508505,1.5355128157134441,-1.7324665856725798,0.5211102243144159,-0.07222431832764332,0.1293580228426911,0.019579264204509676
532.2732575085049,1.530247623033067,-1.4815918193500166,0.4841216955058439,0.13874277848478683,0.11083556741945116,0.093597537073392
532.3732575085049,1.57921397042076,-1.4672495538161674,0.49520525224779155,0.14810253219212816,0.11083556741945116,0.093597537073392
532.473257508505,1.7359798024957085,-1.2227862556812,0.5951204086842385,0.3459461467750834,0.14297586270977264,0.16114884190879375
532.5732575085049,1.710005016972831,-1.052468521362814,0.5367932740212711,0.47431912413499727,0.11646204405824026,0.20174189578965807
532.673257508505,1.6327130746319305,-1.006034814031171,0.43893704316547627,0.49284325347568525,0.07685839493979102,0.2011507528477489
532.7732575085049,1.801250029186254,-1.0544206878427922,0.5537249725782452,0.42898775374189313,0.11664537883757661,0.17025837272617614
532.8732575085048,2.1290401962177867,-1.1094751374008838,0.7913110410171553,0.3648986314043036,0.19825023916424767,0.1412344469048888
532.973257508505,2.2091625515154343,-1.0722791020258773,0.8111360649336071,0.37902207609481176,0.19825023916424767,0.1412344469048888
533.0732575085049,2.3023129064146652,-1.3752996658642478,0.8385493692652299,0.11011260618197258,0.2005605872665877,0.039212935266352084
533.1732575085049,2.387170646277541,-1.364092340569716,0.8586054279918933,0.11403389970860868,0.2005605872665877,0.039212935266352084
533.2732575085049,2.103439826446356,-1.271521958989676,0.5649700197743761,0.18668914430322636,0.08559806034638731,0.06445363227253734
533.3732575085048,2.160364818725473,-1.2525307763980082,0.573529825809007,0.19313450753047423,0.08559806034638731,0.06445363227253734
533.473257508505,2.3988597287466034,-1.412031266705951,0.7325530140535482,0.052256634483589,0.14003744398056306,0.011654009022776073
533.5732575085049,2.524537529919534,-1.2789982410811176,0.7901326770964172,0.15971575360335033,0.1559461316789831,0.05009031690039282
533.6732575085048,2.5786927091692817,-1.3272031166002036,0.7843869084288285,0.11175378587691943,0.14822797461474502,0.031113171882292227
533.7732575085049,2.4284133130136234,-1.3781670678245672,0.6014327158637826,0.061853826707715526,0.07475648658398304,0.011610572315694623
533.8732575085048,2.182069496897543,-1.628398103917298,0.35387637992861626,-0.1475414456857453,-0.017363327895183647,-0.0637290607385213
533.9732575085048,2.2173703182509366,-1.6434708937895686,0.3521400471390975,-0.15391435175959886,-0.017363327895183647,-0.0637290607385213
534.0732575085049,1.6285991593315072,-1.7801028978844282,-0.1679286536048901,-0.2595064294144393,-0.20464279783949088,-0.0992353680756353
534.1732575085048,1.610783079981838,-1.8065497176662257,-0.18839293338882057,-0.2694299662219938,-0.20464279783949088,-0.0992353680756353
534.2732575085049,1.9211524541974927,-1.914616836044735,0.07900615811642343,-0.34596971936331516,-0.09682053904153698,-0.12319882212116232
534.3732575085048,1.9285689673139212,-1.9498298020916398,0.06932410421227854,-0.35828960157542017,-0.09682053904153698,-0.12319882212116232
534.4732575085047,1.8247848488339717,-1.7530699615708356,-0.03213805220520681,-0.17881975444081666,-0.13002763659128017,-0.054462717017980264
534.5732575085049,1.7033124680400498,-2.145419657139836,-0.14422562950141385,-0.4956155663813785,-0.16620150061595393,-0.16704817349515083
534.6732575085048,1.7897541075610512,-2.264117598803905,-0.07619682398368587,-0.5684767365741764,-0.1355865875594865,-0.18716648848513823
534.7732575085048,1.7495295157511788,-2.263369711356619,-0.1172741900660062,-0.5373847478855731,-0.14580941669486824,-0.1688421246970545
534.8732575085048,1.5397952805780697,-2.3882732634207446,-0.2958126312474016,-0.6119998662208606,-0.205032319506747,-0.18949894974499232
534.9732575085047,1.5091888558558246,-2.4504207447914985,-0.31631586319805766,-0.6309497611953425,-0.205032319506747,-0.18949894974499232
535.0732575085049,1.97346762595162,-2.0782573992194933,0.07837703917970334,-0.29064197800832825,-0.05438051739867153,-0.060572878664470725
535.1732575085048,1.9810334272825902,-2.1076244614136215,0.07293898743984113,-0.2966992658747698,-0.05438051739867153,-0.060572878664470725
535.2732575085047,2.1317373417733183,-2.165741374929967,0.19420155281667786,-0.3268027813895508,-0.0065299384939041805,-0.06944573015789642
535.3732575085048,2.151124847362543,-2.1987688817197575,0.19354855896728657,-0.3337473544053499,-0.0065299384939041805,-0.06944573015789642
535.4732575085047,2.1803046504836043,-2.026643689999636,0.20110305257599234,-0.1714013674410306,-0.0035603750569962616,-0.008773170874321494
535.5732575085048,2.111500463969491,-2.156422980094605,0.12585177671168749,-0.26596366938504673,-0.030903113757636876,-0.042650101532537496
535.6732575085048,2.256957463257485,-2.1123649442286716,0.2334897927582152,-0.21196217472930667,0.009143902696635568,-0.021775813268411506
535.7732575085047,2.0477220476674276,-2.3203991976561937,0.03389412100626346,-0.37304123318516036,-0.0653428847698577,-0.0802349203099556
535.8732575085048,2.271078223714801,-2.249080042041395,0.2104456816865578,-0.2915595646041413,0.0007893475656634424,-0.048208877830123655
535.9732575085047,2.2921267386212656,-2.2784770428909327,0.2105246164431241,-0.2963804523871493,0.0007893475656634424,-0.048208877830123655
536.0732575085046,2.531169397481297,-2.2531812914225178,0.39332068932089104,-0.2579537635738847,0.06724580088097853,-0.03328061122329276
536.1732575085048,2.5708376954178456,-2.2791430708360583,0.40004526940899804,-0.2612818246962185,0.06724580088097853,-0.03328061122329276
536.2732575085047,2.4203722384734414,-2.4341889727956687,0.24978103318547995,-0.374153510189741,0.010972854798363373,-0.07357600356402921
536.3732575085047,2.445405206065987,-2.4719722038324714,0.2508783186653165,-0.3815111105461456,0.010972854798363373,-0.07357600356402921
536.4732575085047,2.6230625755304593,-2.207436493407661,0.37896012979013716,-0.1396337874524785,0.05691731786744683,0.015748059575338785
536.5732575085046,2.7006003023364045,-2.323018526990503,0.4178101425995616,-0.2226763676668077,0.06902273649799652,-0.01484998479870902
536.6732575085048,2.641432820652062,-2.364698174894406,0.3403977443592656,-0.2400606333590675,0.03852872352837747,-0.02054598266348044
536.7732575085047,2.5307981914198545,-2.2633714829492675,0.21938586859618495,-0.13537301624818873,-0.007856848652856664,0.018723976982787244
536.8732575085046,2.4442181249002526,-2.1243457773162446,0.12844300994071403,-0.008328727632239994,-0.04042241934688007,0.06351201231392498
536.9732575085047,2.456860313797607,-2.1248610900178995,0.12440076800602051,-0.001977526400838832,-0.04042241934688007,0.06351201231392498
537.0732575085046,2.7115896266872337,-1.5552991920977868,0.3236720508306246,0.47477093770465273,0.03354029204397353,0.2327019615076513
537.1732575085047,2.7441245332305235,-1.5066585885197719,0.3270260800350227,0.49804113385542315,0.03354029204397353,0.2327019615076513
537.2732575085047,2.5438621302115276,-1.279969822335074,0.1312111465942945,0.6682006448130716,-0.03996282488866646,0.2860207955847147
537.3732575085046,2.5567834307465023,-1.2117196538759065,0.12721486410543148,0.6968027243715171,-0.03996282488866646,0.2860207955847147
537.4732575085047,2.3941183743922414,-1.3188327313234967,-0.022642817492522893,0.5788322259068619,-0.09273715806456675,0.2334902030312842
537.5732575085046,2.5116948935966636,-1.1772092407888537,0.06943969515901637,0.6708860141940356,-0.055734046369537764,0.2583341699108023
537.6732575085045,2.7347395344756835,-1.3865735748071149,0.24397590708709624,0.4683612637905489,0.009406039695745293,0.1765236300596848
537.7732575085047,2.696070363224067,-1.290061659938056,0.19051706060739784,0.5275352989873259,-0.010802623465868546,0.19179925822250032
537.8732575085046,2.6926126123268452,-1.3684452294073866,0.17077408507396494,0.43826907465842635,-0.0175437609713868,0.1529958977484671
537.9732575085046,2.7096023020293885,-1.3238533424527912,0.16901970897682586,0.45356866443327654,-0.0175437609713868,0.1529958977484671
538.0732575085046,2.6327745033071936,-1.3818787625380866,0.0879797648980833,0.38323779619186704,-0.046594731420223884,0.12230495377827733
538.1732575085045,2.6413395061398934,-1.3429434581500446,0.08332029175606516,0.39546829156968366,-0.046594731420223884,0.12230495377827733
538.2732575085047,2.635230360341419,-1.3869250858361584,0.07587822185259288,0.3402884050344098,-0.045036176595109945,0.09864802502121693
538.3732575085046,2.642593001643696,-1.3524030052076432,0.07137460419308599,0.35015320753652257,-0.045036176595109945,0.09864802502121693
538.4732575085045,2.5879827186144513,-1.2936908540623289,0.015646974747774264,0.37910085222946355,-0.06356961368746133,0.1054871829415304
538.5732575085046,2.7673359427533972,-1.5171746140320335,0.1593441875482393,0.17171779202951692,-0.008787865672927643,0.026682027989869864
538.6732575085045,2.751265876270418,-1.4144706193664764,0.1318621142414465,0.24459983243226935,-0.018409452908969608,0.05183651239006396
538.7732575085046,3.03165038136775,-1.6019518601679708,0.36040579899810676,0.0692066598956719,0.06717533421283567,-0.014596852869024977
538.8732575085046,2.9757937023811767,-1.9291694150664374,0.29046839887855286,-0.2065085863175202,0.03948689243581972,-0.11272885089569634
538.9732575085045,3.005037976731184,-1.950383917952648,0.29441708812213124,-0.21778147140707957,0.03948689243581972,-0.11272885089569634
539.0732575085046,3.5125748776151093,-1.8674508233084233,0.6950675734942922,-0.1416661914079508,0.18272915967657533,-0.08118349617701044
539.1732575085045,3.5829952807628564,-1.8820233599300897,0.7133404894619331,-0.14978454102564448,0.18272915967657533,-0.08118349617701044
539.2732575085045,3.5305979872433078,-2.301708444239927,0.6321430691007083,-0.49219240372420053,0.14795857347950075,-0.20150549263917553
539.3732575085046,3.5945520870208645,-2.3519352120756127,0.6469389264486786,-0.5123429529881456,0.14795857347950075,-0.20150549263917553
539.4732575085045,3.8162663318775576,-2.1681874104756824,0.7918548061091123,-0.3384135039142317,0.19503749533490172,-0.1319485710583617
539.5732575085045,3.827471032075854,-2.0950167297394464,0.7532633255802115,-0.26201998890111755,0.1738281003164359,-0.09955299481204505
539.6732575085045,4.267257031434691,-2.34317753962703,1.0732912485682,-0.4540578112267014,0.2832854912164692,-0.1647850364828608
539.7732575085045,4.062792537724428,-2.2214706861255364,0.8316557566135397,-0.3276268310968508,0.18299748597372634,-0.11220930867729292
539.8732575085046,3.9694734661943185,-2.112499718572233,0.7025187177712967,-0.2220289262377767,0.12974201086933712,-0.07041009877867113
539.9732575085045,4.04037404802573,-2.135054661689883,0.7154929188582186,-0.22906993611563742,0.12974201086933712,-0.07041009877867113
540.0732575085044,3.5293343468531986,-1.9177380431391782,0.2419049081497348,-0.03987661159832747,-0.046604612450804946,-0.0005012205391148952
540.1732575085045,3.5532918146059504,-1.921728210401712,0.23724444690464797,-0.039926733652239026,-0.046604612450804946,-0.0005012205391148952
540.2732575085045,3.296827369294818,-1.7987898500774457,0.0027205331522625028,0.0655116346880378,-0.12886341405174842,0.03761799386862856
540.3732575085045,3.296455105539785,-1.7920505966392972,-0.01016580825291527,0.06927343407490152,-0.12886341405174842,0.03761799386862856
540.4732575085045,3.3350111179729773,-2.026112498854624,0.010432663112385308,-0.12531118544292763,-0.11674822335513053,-0.033467983170464066
540.5732575085044,3.4519275516514423,-2.2711724286412194,0.0968724941973711,-0.3219945026010025,-0.0809285452290589,-0.10337937668251626
540.6732575085045,3.2517884487568947,-1.9661863307316214,-0.08553859022809722,-0.05467768215214588,-0.14397406559137793,-0.003908068461043981
540.7732575085045,3.412997627516154,-2.170549047583728,0.04700774078506276,-0.22430609853535613,-0.08938644619849206,-0.06616979006450574
540.8732575085044,3.6266214653065956,-2.0435541192204165,0.21207644208761076,-0.10797846235249156,-0.02653344974029717,-0.02217870126251527
540.9732575085045,3.6476964422666835,-2.054462858961993,0.20942309711357743,-0.11019633247874612,-0.02653344974029717,-0.02217870126251527
541.0732575085044,3.234868684134159,-2.4436566199835146,-0.15586259688402657,-0.42611944518777417,-0.15819988117537348,-0.13538695922279348
541.1732575085044,3.218491425039876,-2.486945499298416,-0.17168258500156752,-0.4396581411100566,-0.15819988117537348,-0.13538695922279348
541.2732575085045,3.084503814198391,-2.5191279249292253,-0.2876435001287813,-0.44054133274132573,-0.1954375889974278,-0.13017116540317009
541.3732575085044,3.0547622762405537,-2.563832914030333,-0.3071872590285063,-0.4535584492816309,-0.1954375889974278,-0.13017116540317009
541.4732575085045,3.072592898361692,-2.659642761918183,-0.2854949614899034,-0.5075341238045478,-0.1805179091189179,-0.144850427717975
541.5732575085044,3.418141823743604,-2.7148493008702035,0.012390659238810532,-0.5251217790617867,-0.06517554181268101,-0.14597234696885572
541.6732575085043,3.381468202817996,-2.6452199924755546,-0.025413364955182725,-0.4386957167168233,-0.07649089180995639,-0.10978020826486244
541.7732575085045,3.476772147121581,-2.5238368691932784,0.05160263465253574,-0.3085810503965845,-0.045038951638703466,-0.057872871406097766
541.8732575085044,3.621140971978114,-2.2601397350217582,0.16298209579428524,-0.07231150769476648,-0.0031808556782648087,0.02873802635733886
541.9732575085044,3.6374232772791553,-2.2672271956594496,0.16266401022645868,-0.06943770505903193,-0.0031808556782648087,0.02873802635733886
542.0732575085044,3.7694378472087138,-2.2994675016647514,0.25886008845229824,-0.08849224768208479,0.03178257822855843,0.02060540492437396
542.1732575085043,3.7954827689450625,-2.30821369940833,0.2620383462751512,-0.08643170718964927,0.03178257822855843,0.02060540492437396
542.2732575085045,3.74761942495372,-2.4729194003768296,0.20409763138839437,-0.21407328810275048,0.009860507810591695,-0.026241351471956942
542.3732575085044,3.7680784906315936,-2.4944579359444443,0.20508368216945264,-0.2166974232499438,0.009860507810591695,-0.026241351471956942
542.4732575085043,3.516345364279327,-2.5758302216224043,-0.02064102841243882,-0.2683135636122977,-0.07216605526786,-0.04379974540241521
542.5732575085044,3.7979741093850072,-2.437885333294602,0.21145687779296907,-0.1354091346527249,0.015202839003293639,0.0058429398682081635
542.6732575085043,3.7534766323556195,-2.0414320843536777,0.1582738982298222,0.20224325007337685,-0.00458164201455551,0.12659939357684488
542.7732575085043,3.9900315399816253,-1.874506098409753,0.34808637774654383,0.33920368354607655,0.0661013394620688,0.1723289614957603
542.8732575085044,4.195288661051776,-2.1400103541012867,0.49608151515621285,0.10991233809762263,0.117170856526563,0.08411956910160254
542.9732575085043,4.245482666849983,-2.128598522446027,0.5077986008088585,0.11832429500777523,0.117170856526563,0.08411956910160254
543.0732575085044,4.180811254475641,-2.20767590511214,0.4237885195438355,0.05291881275974159,0.0827671409451696,0.058007045139677985
543.1732575085043,4.2236039421347105,-2.2020939886104727,0.4320652336383449,0.058719517273704114,0.0827671409451696,0.058007045139677985
543.2732575085042,3.955119767801027,-2.2309493799947417,0.1811423366278364,0.030222986167887364,-0.01083521001421997,0.044161898899872515
543.3732575085044,3.973179825413764,-2.227706271883449,0.18005881562641293,0.03463917605788064,-0.01083521001421997,0.044161898899872515
543.4732575085043,4.0611312633874155,-2.3004292051851873,0.23725744301192223,-0.023782984017393476,0.010251942145066733,0.021641071312097738
543.5732575085043,3.9768971065831176,-2.264837659619349,0.14728350504111484,0.009883925040850734,-0.022970002905898425,0.03303263248975659
543.6732575085043,4.029365895232178,-2.096602909209666,0.17649645105641953,0.15055927247782178,-0.011573828434905937,0.08224691939755416
543.7732575085042,3.9881214287885167,-2.2376227585896467,0.1246265512817207,0.025617737731292816,-0.0304128454521137,0.033255690109909926
543.8732575085044,3.8127002202595612,-2.4438883764254693,-0.034438580027729315,-0.1426329901256956,-0.0867700425352779,-0.02813640990369455
543.9732575085043,3.808822512044116,-2.458292357487544,-0.04311558428124922,-0.1454466311160625,-0.0867700425352779,-0.02813640990369455
544.0732575085042,4.025903581294594,-2.717021584452464,0.1307725447605681,-0.3490691985229232,-0.0212763396661897,-0.10015044629475374
544.1732575085043,4.038874454072338,-2.752429256536279,0.12864491079394622,-0.3590842431524122,-0.0212763396661897,-0.10015044629475374
544.2732575085042,3.836328233779911,-2.991409980704956,-0.061421927859987846,-0.5357389753224168,-0.09174089747752165,-0.15989005324150413
544.3732575085043,3.829727336506523,-3.045783328503418,-0.07059601760774209,-0.5517279806465708,-0.09174089747752165,-0.15989005324150413
544.4732575085043,3.9383855599392126,-3.293091429402021,0.016959087226797412,-0.7250733191091943,-0.05674316144932334,-0.21628546862741468
544.5732575085042,4.217661478334029,-3.252220361004244,0.24538426314664177,-0.6514654892223124,0.028721834480496117,-0.18184754737220324
544.6732575085043,4.189262502150274,-3.158687519248497,0.2040729280182391,-0.538438454794629,0.012742020311614831,-0.13484021923986533
544.7732575085042,4.273428816647,-2.8501951803571535,0.26024780751391785,-0.2430104277106401,0.03313688255860744,-0.021192927435773987
544.8732575085041,4.066780077280814,-2.9434704394872626,0.07004889705886166,-0.3016680816344885,-0.03676158418094649,-0.04142304539230957
544.9732575085043,4.073601159065805,-2.9738443628777147,0.066372738640762,-0.3058103861737251,-0.03676158418094649,-0.04142304539230957
545.0732575085042,4.064852254476857,-2.561385618584321,0.04867978444434847,0.05297430699779364,-0.042202656815346906,0.08824533614158209
545.1732575085042,4.069509219637215,-2.555646961203833,0.04445951876281282,0.061798840611953856,-0.042202656815346906,0.08824533614158209
545.2732575085042,4.285240890951861,-2.9270095138856522,0.21553728546582182,-0.23992925257913497,0.021002213111911604,-0.022977832454342612
545.3732575085041,4.306899630563983,-2.9511173283058154,0.21763750677701107,-0.24222703582456714,0.021002213111911604,-0.022977832454342612
545.4732575085043,4.2416194757797525,-2.786357113237866,0.14717707812229402,-0.08900907415022319,-0.005251065275317827,0.0327579289152532
545.5732575085042,4.613787140605043,-2.6165140380371743,0.4478247842370985,0.06285448867538312,0.10470104516979023,0.08648796459197003
545.6732575085041,4.8168020406236245,-2.5334460091892685,0.5895684763652836,0.1342774225687352,0.15217864774414824,0.10897713645200241
545.7732575085042,4.817891017694426,-2.3804047948376583,0.5542526555158112,0.26351875309436495,0.13340606414900924,0.1525151972170371
545.8732575085041,4.9995565362878125,-2.268168269321965,0.6719571327242015,0.34865243849248995,0.17110321978675874,0.1775198918204901
545.9732575085042,5.067607765659182,-2.2324154260136053,0.6890674547028813,0.366404427674543,0.17110321978675874,0.1775198918204901
546.0732575085042,5.300479622024778,-2.3926046171412656,0.8467907986794303,0.2209432559605529,0.2232941137973905,0.11884705752710951
546.1732575085041,5.3862751724616285,-2.3699160562575963,0.8691202100591491,0.23282796171325304,0.2232941137973905,0.11884705752710951
546.2732575085042,5.289566339364418,-2.4576020490338317,0.735529004883752,0.15069801819319775,0.16627776764666305,0.08451088838120108
546.3732575085041,5.363950628690958,-2.4421096927726205,0.7521567816484032,0.1591491070313102,0.16627776764666305,0.08451088838120108
546.473257508504,5.116536908368648,-2.518946374635205,0.49946939189115225,0.09097293589871974,0.0688364403718272,0.05704821134913303
546.5732575085042,5.191518201728356,-2.3386468327643053,0.5271544439094847,0.23888936810165926,0.07643061425389093,0.10847259802454853
546.6732575085041,5.204747561703988,-2.465961766380535,0.501612022312803,0.12497275855214111,0.06442844989752465,0.06377527179331725
546.7732575085041,5.373643941973449,-2.405160765307028,0.6101182016800056,0.1721840981399106,0.1023436039763098,0.07879783957323466
546.8732575085041,5.3388881941808535,-2.376178546850432,0.5403348740353835,0.1893980955010677,0.07344050545220236,0.08213773542888038
546.973257508504,5.393288884111604,-2.3568280486231985,0.5476789245805971,0.19761186904394829,0.07344050545220236,0.08213773542888038
547.0732575085042,5.654631805504672,-2.5858785733931633,0.7262638913171124,0.0007119337483240585,0.135291249061406,0.008568122046571303
547.1732575085041,5.727934650881623,-2.5857645394080984,0.7397930162232408,0.0015687459529804097,0.135291249061406,0.008568122046571303
547.273257508504,5.646402632047887,-2.715409430732351,0.6182641169937692,-0.1062854303759202,0.08499932369397928,-0.030939965325820055
547.3732575085041,5.708654040365819,-2.7261926735965867,0.6267640493631786,-0.10937942690850642,0.08499932369397928,-0.030939965325820055
547.473257508504,5.477936875756046,-2.6663190970444473,0.3906290857127424,-0.054110163970185074,-0.003512397624080635,-0.010022979047034322
547.5732575085041,5.466047741195481,-2.4509400511303623,0.34736567328814644,0.12863775642756678,-0.01917876507138385,0.0564219631536305
547.6732575085041,5.561049115827541,-2.346415608510293,0.3956907758738074,0.20941026807657076,-0.0010074311654006823,0.08333780210416507
547.773257508504,5.087132484390006,-2.452118296536867,-0.04699256940535923,0.10961907095617922,-0.1654209069345613,0.043559130830295265
547.8732575085041,5.0991787710173355,-2.5090482436579546,-0.04893003710411753,0.058059407732558244,-0.1601455875939058,0.023551852927694582
547.973257508504,5.09348503936896,-2.503124543620066,-0.06494459586349355,0.06041459302532556,-0.1601455875939058,0.023551852927694582
548.073257508504,4.8785499120769265,-3.0900308835613965,-0.2529294689832743,-0.4282958957824512,-0.22213482488691838,-0.15338232157998213
548.1732575085041,4.852146291054127,-3.1336273847476024,-0.2751429514719964,-0.44363412794047036,-0.22213482488691838,-0.15338232157998213
548.273257508504,5.0418379712810495,-2.8563205280795687,-0.1103148743138911,-0.18939705705678744,-0.15296079413222366,-0.055518273642667815
548.373257508504,5.030041679878996,-2.8755378251534656,-0.12561095372711695,-0.19494888442105548,-0.15296079413222366,-0.055518273642667815
548.473257508504,4.901875427052852,-2.8862904831363205,-0.23652372033569108,-0.193082728854861,-0.18755601218200196,-0.0528597201523489
548.573257508504,4.885389521482769,-3.008247630032683,-0.24845151417581385,-0.2835578558526969,-0.1850633176245353,-0.0836645188145516
548.6732575085041,4.982283563252614,-3.069119960240388,-0.16485448589028143,-0.3183150674216236,-0.14813568550844708,-0.09311915020236748
548.773257508504,4.932558952111085,-3.247216429395709,-0.2076793593613503,-0.4516983118109705,-0.15854150801539185,-0.13876440948771007
548.8732575085039,4.96167539504489,-3.342843256284549,-0.18141579761494958,-0.50642853103259,-0.14332821673984314,-0.15338239161837305
548.973257508504,4.942817174199669,-3.394253021345971,-0.19574861928895346,-0.5217667701944483,-0.14332821673984314,-0.15338239161837305
549.073257508504,4.593105158279414,-3.5406251165900327,-0.4858332285714275,-0.6138386984776979,-0.24352287674558598,-0.18086200220369242
549.173257508504,4.5433042210385315,-3.6029132964488353,-0.5101855162459916,-0.6319248986980712,-0.24352287674558598,-0.18086200220369242
549.273257508504,5.0037387284553105,-3.6722179529265566,-0.10163432555824861,-0.6556398921738612,-0.08516390360667261,-0.18325940405057323
549.3732575085039,4.993149476381462,-3.738698239164134,-0.11015071591890813,-0.6739658325789019,-0.08516390360667261,-0.18325940405057323
549.473257508504,5.1687807699999,-3.7209205360919166,0.03709018658530994,-0.621490099737797,-0.028809122160464808,-0.15788457678370424
549.573257508504,5.178171390317086,-3.4405503800003565,0.03911736758789796,-0.35162841457286975,-0.027017276465910626,-0.05459214314102455
549.6732575085039,5.236252527526022,-3.4120023048899455,0.08161755353003815,-0.3044808792742448,-0.010669140271734167,-0.03574549257128781
549.773257508504,5.592298136309541,-3.3649620414240404,0.38044693437299726,-0.24196283881364689,0.10073829411217283,-0.011430339265156554
549.8732575085039,5.7757665601148584,-3.079064478842543,0.5109637681696141,0.011516957314539614,0.14424337539436288,0.0796768272480323
549.9732575085039,5.827584153808804,-3.0775143989748486,0.5253881057090537,0.019484640039344657,0.14424337539436288,0.0796768272480323
550.073257508504,5.614257604891831,-3.5232826322227857,0.31825152175650995,-0.3438529546195545,0.06416863585536299,-0.05417676333929174
550.1732575085039,5.646403600246729,-3.5579388115014057,0.3246683853420404,-0.34927063095347877,0.06416863585536299,-0.05417676333929174
550.273257508504,5.519039978408777,-2.9708788253763228,0.19721731476213375,0.1694159654051827,0.015580554622533103,0.13716155335584188
550.3732575085039,5.538839612658085,-2.9532514210690417,0.19877537022438566,0.1831321207407544,0.015580554622533103,0.13716155335584188
550.4732575085038,5.594723548335637,-2.8356368227921673,0.23024768185153316,0.2779506183962767,0.026403876839368068,0.16622806877775279
550.573257508504,5.256074867997754,-2.8711906553487565,-0.07193213006860016,0.24117238410780698,-0.08487982091117205,0.14691800141278413
550.6732575085039,5.3217073302044335,-2.9222408555943225,-0.019448289704078466,0.19345847852247863,-0.06282819569501406,0.12456082219062423
550.7732575085039,5.275783874210385,-2.9730274648938937,-0.0633666872314064,0.1457037414101193,-0.07680930601067394,0.10240954458168144
550.8732575085039,5.424862759481794,-3.1543250335256476,0.05843738722264428,-0.00527622311280628,-0.030038173901400178,0.044722725580162326
550.9732575085038,5.430556307334546,-3.1546290422090273,0.055433569832506996,-0.0008039505547941146,-0.030038173901400178,0.044722725580162326
551.073257508504,5.582869327542958,-2.7289353794561735,0.17562954719273213,0.3536813036251944,0.014784786049566984,0.17020466602897225
551.1732575085039,5.600506206192462,-2.692716225763543,0.17710802579768747,0.37070177022807616,0.014784786049566984,0.17020466602897225
551.2732575085038,5.688442196818434,-2.4912470330505396,0.23175633333877166,0.5235386787008237,0.03253850214202921,0.21925505580034266
551.3732575085039,5.711780522663053,-2.437796889901381,0.235010183552979,0.5454641842808879,0.03253850214202921,0.21925505580034266
551.4732575085038,6.108808378692361,-2.3460360447894857,0.5491290006135272,0.5970935837654578,0.14501302544480554,0.22990072478560442
551.5732575085038,6.177241802602694,-2.306883671433428,0.5744104450506906,0.6020227577361057,0.14894863749955506,0.22336981903464928
551.6732575085039,6.2791463425505,-2.463276521864937,0.6256958793946389,0.44535965620306917,0.1621099830493744,0.15924207783571936
551.7732575085038,6.374640841889828,-2.775867158951666,0.6695870971340042,0.15670120187344613,0.17239281175757995,0.04718754713414337
551.8732575085039,6.362749575691876,-2.5639810797113287,0.6205778069704192,0.3223125152378727,0.14846324029218,0.1047568747887026
551.9732575085038,6.425549672590321,-2.531226043813628,0.6354241309996237,0.33278820271673343,0.14846324029218,0.1047568747887026
552.0732575085037,6.456325106867453,-2.450408658751568,0.619964753584959,0.3824335192394995,0.13684357697469374,0.11893455976268874
552.1732575085039,6.519005800110909,-2.411570634028751,0.6336491112824469,0.3943269752157846,0.13684357697469374,0.11893455976268874
552.2732575085038,6.377805442007143,-2.860184628378596,0.4783897950176959,-0.0009112781118647823,0.07626489319017414,-0.028478037546190382
552.3732575085038,6.426025745974875,-2.8604181463775133,0.48601628433671507,-0.003759081866484468,0.07626489319017414,-0.028478037546190382
552.4732575085038,6.685324461609399,-3.015010706936581,0.6687527928067359,-0.13331895031280125,0.13962171377164467,-0.07389076025120886
552.5732575085037,6.911299705862318,-2.894883655429661,0.816168131063433,-0.029356015628066834,0.18834276935184216,-0.033625350044369826
552.6732575085039,6.949300986329679,-2.7275384787255987,0.7979138924286805,0.10742242313632484,0.17492899865854192,0.0165809064259044
552.7732575085038,6.92813344963784,-2.5549002288136835,0.7276337381603748,0.2467791009976155,0.1423224912211623,0.06723956986396981
552.8732575085037,7.1871177788492,-2.9235883668613365,0.8960427510699696,-0.06971234570507184,0.19801250555306127,-0.048410859428661274
552.9732575085038,7.277712116484087,-2.930801655728997,0.9158440016253027,-0.07455343164794458,0.19801250555306127,-0.048410859428661274
553.0732575085037,6.741773104012221,-2.7554118912154393,0.4116665032679957,0.0736688280217739,0.008200742368833752,0.007131917222474832
553.1732575085038,6.782980758050875,-2.7480093488271478,0.41248657750487927,0.07438201974402153,0.008200742368833752,0.007131917222474832
553.2732575085038,6.514238887333445,-2.515059333865737,0.14823568408681706,0.2624000555643199,-0.08968041088507213,0.07479447969731669
553.3732575085037,6.528614053687688,-2.488445355910843,0.139267642998318,0.2698795035340448,-0.08968041088507213,0.07479447969731669
553.4732575085038,6.644426679113023,-2.644443729852918,0.21550365201148466,0.12656178754444286,-0.05885260479333683,0.02074982492627351
553.5732575085037,6.731014767811555,-2.480603883202425,0.2646604263780225,0.25434291828668526,-0.0387578696763117,0.0662057587035417
553.6732575085036,7.004728111421118,-2.798555852727115,0.4667494028277767,-0.021636594928540413,0.03573322453233192,-0.035037240895974556
553.7732575085038,6.77821144441328,-2.8135701445728145,0.2346976402689479,-0.035926781881304805,-0.05179832102762241,-0.039005529917010416
553.8732575085037,6.463200950948453,-2.918639041610532,-0.0515777926929321,-0.12297555521638812,-0.1533325448361802,-0.06875698132642785
553.9732575085037,6.457276508954978,-2.931280382038806,-0.0669110471765536,-0.12985125334903247,-0.1533325448361802,-0.06875698132642785
554.0732575085037,6.3742798178861575,-2.62562231344922,-0.14596556825568568,0.12717895292946257,-0.17661755258908912,0.026271203685873726
554.1732575085036,6.3588001732976585,-2.612773062137856,-0.16362732351457854,0.12980607329804755,-0.17661755258908912,0.026271203685873726
554.2732575085038,6.571615139891407,-2.854735814089932,0.007921669502520452,-0.08501426129599926,-0.10881622462913432,-0.053832606027359474
554.3732575085037,6.571863225718515,-2.863506403249661,-0.002959952960383084,-0.09039752189873031,-0.10881622462913432,-0.053832606027359474
554.4732575085036,6.768067272021127,-2.9405147737782675,0.1502184058863561,-0.15145742595262238,-0.04945743493320031,-0.07378672781004746
554.5732575085037,6.8629950904786154,-3.14981100242898,0.21280158723432627,-0.3200721700406924,-0.02480398850406141,-0.13209044868523329
554.6732575085036,6.686735041393012,-3.211065541099208,0.045996102457113705,-0.3567849840739702,-0.08423529730425565,-0.1405108002139089
554.7732575085037,6.405586172618541,-3.094900872341295,-0.20835859263491113,-0.24102376896694094,-0.17559541290637787,-0.09275346659225528
554.8732575085037,6.354424855151624,-2.7223035051405162,-0.25039192738388594,0.07575786266862598,-0.18443556413908319,0.023913712890086328
554.9732575085036,6.3284634845925645,-2.71460815030921,-0.2688354837977775,0.07814923395763244,-0.18443556413908319,0.023913712890086328
555.0732575085037,6.176083386924802,-3.005301392820784,-0.3882791904096985,-0.1684783150174244,-0.22025022090755858,-0.06627936792728467
555.1732575085036,6.136154216779332,-3.0224806211621473,-0.4103042125004343,-0.17510625181014686,-0.22025022090755858,-0.06627936792728467
555.2732575085035,6.120913123371147,-3.0795632586253086,-0.4000015507434666,-0.21083127526290202,-0.2057345424641301,-0.07581221118534895
555.3732575085037,6.079884295584422,-3.1010254472075554,-0.4205750049899077,-0.21841249638144725,-0.2057345424641301,-0.07581221118534895
555.4732575085036,6.124357676724586,-3.1303976029674296,-0.36824591004096735,-0.23187545947164487,-0.17935756100016212,-0.07792018660056943
555.5732575085036,6.148376030961945,-2.866893309989744,-0.3341660958413366,-0.0008011725898975729,-0.16036772695678944,0.008454991682427748
555.6732575085036,6.333754928288946,-2.8307230308197506,-0.16741465311196804,0.02981419456733386,-0.09425887440580856,0.01912020676653961
555.7732575085035,6.267365763004613,-2.9573600691097326,-0.21922698808275115,-0.07865695087812581,-0.11000486878041255,-0.021489241556465054
555.8732575085037,6.352104112046045,-3.3036470208034996,-0.14112438240976186,-0.3585493624365511,-0.07782004157763239,-0.12086926238697904
555.9732575085036,6.337602573597194,-3.340106303359056,-0.148906386567518,-0.370636288675238,-0.07782004157763239,-0.12086926238697904
556.0732575085035,7.013423586480089,-3.249652805220171,0.4189478726178339,-0.2766594130869123,0.1305638982672188,-0.08265978432304255
556.1732575085036,7.055971193233267,-3.2777320454505166,0.4320042624445736,-0.2849253915192278,0.1305638982672188,-0.08265978432304255
556.2732575085035,6.813219327377693,-3.3372672622141843,0.19703140636104263,-0.31796862272127047,0.03815070091340235,-0.09142403469203744
556.3732575085036,6.833113221518369,-3.369521244659779,0.20084647645238374,-0.3271110261904763,0.03815070091340235,-0.09142403469203744
556.4732575085036,7.0009145616716815,-3.3147761320042353,0.32749242554321756,-0.26395270862682463,0.08259232681445981,-0.06551195912427604
556.5732575085035,6.939638866120404,-3.364317388600144,0.25618796446585673,-0.2894899912214781,0.053545229346271164,-0.07237741726561803
556.6732575085036,7.024032111217171,-3.381604162115483,0.3102422536484903,-0.28684165675789053,0.07115843082465796,-0.06883567737799189
556.7732575085035,7.20720995276718,-3.229191421838604,0.4481966650411539,-0.13932375450613765,0.11976319674955216,-0.01203210182553853
556.8732575085035,7.07981065135789,-2.798043627233938,0.31654417215054464,0.22491725897184148,0.0678831959390869,0.1187283163552499
556.9732575085036,7.1118044845526835,-2.7749582597549454,0.3233324917444626,0.23679009060738265,0.0678831959390869,0.1187283163552499
557.0732575085035,7.0821862324606215,-2.6531254086955425,0.2780133835330441,0.32902166915169995,0.04895938804207294,0.1475687853231733
557.1732575085035,7.110232367754143,-2.6194853978537487,0.2829093223372525,0.3437785476840206,0.04895938804207294,0.1475687853231733
557.2732575085035,7.199384952972185,-2.792009100068105,0.3404452647945215,0.1830661434179383,0.06862215451962414,0.08334846227490814
557.3732575085035,7.233772590224204,-2.773285743414954,0.3473074802464777,0.19140098964542154,0.06862215451962414,0.08334846227490814
557.4732575085036,6.937010648908624,-2.610603806302198,0.07788144912509962,0.31744320727634606,-0.0313421133834217,0.12553396553291735
557.5732575085035,7.232557469466634,-2.711154279277876,0.31731522881797564,0.21939837845192522,0.05721456046214335,0.08554112764347946
557.6732575085034,7.332245256667385,-2.589092485751434,0.3793639301414643,0.3099198660069019,0.07758638554933414,0.1149063798624537
557.7732575085035,7.421127485202662,-2.830273183908498,0.430699765966134,0.0893099775842183,0.09377472741452689,0.02951768642237594
557.8732575085035,7.426099007311613,-2.7950679539652095,0.40802394293291383,0.11371078237866636,0.0821967927295298,0.03719241420639906
557.9732575085035,7.467312385568562,-2.783510913656308,0.4162436222058687,0.11743002379930711,0.0821967927295298,0.03719241420639906
558.0732575085035,7.645201094324408,-3.0004224130108414,0.5376109605430588,-0.06767116500340961,0.12315472500911927,-0.030663110325553015
558.1732575085034,7.699577964003709,-3.0073428450628037,0.5499264330439595,-0.07073747603596213,0.12315472500911927,-0.030663110325553015
558.2732575085035,7.34294735065271,-3.3191867776161166,0.2194427250687866,-0.3225942570911521,-0.0007619330677177921,-0.11934714422930837
558.3732575085035,7.36488781349423,-3.352042939046348,0.21936653176201487,-0.33452897151407207,-0.0007619330677177921,-0.11934714422930837
558.4732575085034,7.188129996745873,-3.06712901673568,0.053859441261967185,-0.08414517753986853,-0.060616735910664375,-0.025334015241006494
558.5732575085035,7.567537002987672,-2.963259566674753,0.36316492200912404,0.006852767964063702,0.05451744197326256,0.008487359256628024
558.6732575085034,7.888748008553092,-3.184687701034333,0.605529975988592,-0.1749522764754573,0.1402016696316695,-0.05694933848894192
558.7732575085034,8.153756176606393,-3.5182564593693546,0.7951712562806015,-0.4493749498687475,0.20544254787622465,-0.15581301159570882
558.8732575085035,8.125555205863934,-3.7696020648290247,0.7253373146389138,-0.6337703119074884,0.17279714184488792,-0.21621674974827054
558.9732575085034,8.198952923036982,-3.8340601797684553,0.7426170288233869,-0.6553919868822958,0.17279714184488792,-0.21621674974827054
559.0732575085035,7.757216066204107,-3.3525680592683327,0.32789898485593194,-0.2225478935972408,0.016007815602180273,-0.052302904795265226
559.1732575085034,7.790086003767681,-3.3750843631520127,0.32949976641614853,-0.22777818407676256,0.016007815602180273,-0.052302904795265226
559.2732575085033,7.612789472543115,-3.3695779938142127,0.15352274889404602,-0.19769521826729985,-0.0489446911611505,-0.03630429905233021
559.3732575085035,7.627897023976734,-3.389529037136232,0.14862827977792428,-0.20132564817253784,-0.0489446911611505,-0.03630429905233021
559.4732575085034,8.016302453432724,-3.652005163546108,0.4549511192290153,-0.40411232686068954,0.06365731343197695,-0.10768051348745553
559.5732575085034,8.065259051548203,-3.417245630923313,0.4639649883760847,-0.1854763792353666,0.0646240950538987,-0.024726949713465854
559.6732575085034,8.121470612280477,-3.68197196764683,0.4783282904385115,-0.3902524933660566,0.06748160389198025,-0.09720323608409653
559.7732575085033,8.130258356286465,-3.671366252884706,0.4511316361309736,-0.35732461822332584,0.054871562418682296,-0.0815131640912574
559.8732575085035,8.017387543706844,-3.55103963665785,0.32509033459991804,-0.23702243969698644,0.007362317066225282,-0.03555093065847662
559.9732575085034,8.049933388752137,-3.574919635280819,0.3258265663065399,-0.24057753276283086,0.007362317066225282,-0.03555093065847662
560.0732575085033,8.525794340743712,-3.414442326661089,0.6989782917804971,-0.09034797206278665,0.14305351827843857,0.020084107530207153
560.1732575085034,8.596407437513252,-3.423376703329729,0.7132836436083605,-0.0883395613097632,0.14305351827843857,0.020084107530207153
560.2732575085033,8.552728509489313,-3.159064776807019,0.6322480179144166,0.14403128704834248,0.10884150994942195,0.10429065275197773
560.3732575085033,8.616497518830517,-3.144140194838421,0.6431321689093613,0.15446035232354263,0.10884150994942195,0.10429065275197773
560.4732575085034,8.66019662727401,-3.07984950668403,0.6363997938232584,0.20463085341279463,0.10246764803336877,0.11853370694665367
560.5732575085033,8.462344372938544,-2.8386953325497766,0.4259083636419743,0.3996172630413408,0.021880591779944614,0.1847554741881426
560.6732575085034,8.552828968977181,-2.961599965284473,0.46787111712487783,0.2834265935789038,0.03626587036559683,0.13651057877463835
560.7732575085033,8.222266646055065,-3.0349682247083742,0.14609393129224607,0.2099435682270663,-0.08461724854691849,0.10445435884198995
560.8732575085032,8.096128124792168,-3.1768332226456892,0.021008280438363447,0.08625855675142552,-0.1267428448481277,0.056460842316082734
560.9732575085034,8.097595238611763,-3.167925062758954,0.008333995953533386,0.09190464098304149,-0.1267428448481277,0.056460842316082734
561.0732575085033,8.331229835321585,-2.788007608882194,0.19169635147073527,0.40040903454284354,-0.0553422235483124,0.16454308616508598
561.1732575085033,8.35012275935092,-2.7471439899970744,0.18616212911590277,0.41686334315935586,-0.0553422235483124,0.16454308616508598
561.2732575085033,8.409834273970159,-2.4263294624195764,0.21590198138861855,0.6691094203521255,-0.04234389512326156,0.2510071248352595
561.3732575085032,8.431212752633385,-2.358163484760251,0.21166759187629625,0.6942101328356286,-0.04234389512326156,0.2510071248352595
561.4732575085034,8.458064822758635,-2.2083459288600977,0.21234310115216207,0.7843975354101661,-0.04056743722493407,0.27433374188692833
561.5732575085033,8.634664680332206,-2.24118287119519,0.3393523314563247,0.7181017619145228,0.00728210246407162,0.24044084174271033
561.6732575085032,8.566485996516812,-2.2922362034393027,0.2550527558817461,0.6401405572924269,-0.023469821791579252,0.20389689921892956
561.7732575085033,8.444266917952344,-2.710349857052632,0.12547938336561307,0.24938501391955756,-0.07073271225012602,0.05263849912678689
561.8732575085032,8.498869799793242,-2.765942954306431,0.1536518937843405,0.18831924214408158,-0.05800162335800026,0.028904948264115504
561.9732575085033,8.51394498105489,-2.7469665053506978,0.14785173144853914,0.1912097369704938,-0.05800162335800026,0.028904948264115504
562.0732575085033,8.504137345263597,-2.815367873228675,0.12041683719685459,0.12274847965846376,-0.06621071636142496,0.0035284858508185073
562.1732575085032,8.515847975401465,-2.803075382833586,0.11379576556071812,0.12310132824354529,-0.06621071636142496,0.0035284858508185073
562.2732575085033,8.694156265674124,-3.170711555101308,0.2510163751126367,-0.1852832504078949,-0.012863816939985,-0.10607190544339493
562.3732575085032,8.719193584100665,-3.1897702396692966,0.24972999341863936,-0.19589044095222474,-0.012863816939985,-0.10607190544339493
562.4732575085031,8.760290498699687,-3.2468100092082937,0.2619220214680022,-0.23686127386049483,-0.007987173147847412,-0.11695402368796222
562.5732575085033,8.670849289234635,-3.1135453093003442,0.16373609064954223,-0.1174790762149131,-0.04354127765401106,-0.06955574771734616
562.6732575085032,8.593909762713919,-3.0580057306912143,0.08189128409238151,-0.06882577574658816,-0.07156726306236166,-0.049633569518901424
562.7732575085032,8.64410309574206,-3.084427145978952,0.11124752377831464,-0.09020497255722054,-0.058003187972012996,-0.05567287989422515
562.8732575085032,8.65302852126398,-3.3045405735923015,0.10386037720501506,-0.26884344754791467,-0.058576364236854785,-0.1175998699028447
562.9732575085031,8.66312167716329,-3.3320129176965816,0.09800274078133492,-0.2806034345381884,-0.058576364236854785,-0.1175998699028447
563.0732575085033,8.309966967461843,-3.1543311240570278,-0.20924599191130838,-0.1214741378031695,-0.16749765390436158,-0.05601517265074091
563.1732575085032,8.288204880001212,-3.1667586137005865,-0.2259957573017293,-0.1270756550682385,-0.16749765390436158,-0.05601517265074091
563.2732575085031,8.837375164785941,-3.095635277236052,0.24322570614898284,-0.06338599999713518,0.010960739608810485,-0.03114645442069338
563.3732575085032,8.861752539098916,-3.102129609507878,0.24432178010986538,-0.06650064543920876,0.010960739608810485,-0.03114645442069338
563.4732575085031,9.15401068274445,-3.1224420621847044,0.4683655432266528,-0.0807232866421264,0.09162577984689849,-0.03512748284544159
563.5732575085032,9.17102378353642,-2.943982762564933,0.4520159639351851,0.07111387134813259,0.0823118065505983,0.021047773100763195
563.6732575085032,9.353585783938343,-3.122581176476901,0.574240485062523,-0.07955617046778687,0.12353967739310706,-0.03368462631793706
563.7732575085031,9.194928055342361,-3.08242499358836,0.39981543072060965,-0.04183946520560297,0.054153786327593476,-0.018569586035554808
563.8732575085032,9.115592164442846,-2.998010361194221,0.30584108688087286,0.02911605217471922,0.018253337174520892,0.007483609478285993
563.9732575085031,9.146267539816778,-2.9950613379293607,0.3076664205983233,0.029864413122547142,0.018253337174520892,0.007483609478285993
564.073257508503,9.33079406384265,-3.2230603769162802,0.43680301130409305,-0.15834797802066566,0.06415566115450133,-0.05997525795886653
564.1732575085032,9.374795143278892,-3.2391950510081635,0.44321857741955195,-0.1643455038165605,0.06415566115450133,-0.05997525795886653
564.2732575085031,9.09131162363435,-3.0671125927518816,0.16954795547732887,-0.015268368801267874,-0.03914433718303647,-0.004452260077695716
564.3732575085031,9.10807069749617,-3.068661690932397,0.16563352175902432,-0.015713594809037546,-0.03914433718303647,-0.004452260077695716
564.4732575085031,9.311375140476283,-2.945287053436077,0.317363669262364,0.08661620340044517,0.01716966389326291,0.032381593803043944
564.573257508503,9.43078053761638,-3.1205557437590716,0.3928692468118506,-0.06331969181998037,0.04410839535675542,-0.023006863955618233
564.6732575085032,9.392473684452877,-3.1919235734759965,0.33250908185595324,-0.11899747560879284,0.020682723326661653,-0.042129495754833074
564.7732575085031,9.54374492627331,-2.7893797066121016,0.43621307323279074,0.22964917003035684,0.05843902406849666,0.0876858918677253
564.873257508503,9.622567595360179,-3.2245150736621264,0.47106997441535525,-0.1380260556252725,0.0689187765158801,-0.04701031473067435
564.9732575085031,9.670019186684359,-3.2385527307983266,0.4779618520669527,-0.14272708709834636,0.0689187765158801,-0.04701031473067435
565.073257508503,9.703339885010164,-3.1126431457940025,0.4725071520006146,-0.03167484402646006,0.06444855063372289,-0.005441576391505647
565.1732575085031,9.750912842963405,-3.115837838078607,0.4789520070639884,-0.032219001665610744,0.06444855063372289,-0.005441576391505647
565.2732575085031,9.24753760231004,-2.860883220266469,0.024815562584948006,0.17913712791720227,-0.10258454381806943,0.07038162700597232
565.373257508503,9.249506235849443,-2.842617599339736,0.014557108203150393,0.1861752906177931,-0.10258454381806943,0.07038162700597232
565.4732575085031,9.37792161309098,-3.0341299755587974,0.11043300740153184,0.020111309067861,-0.06418391300371067,0.008343022429348576
565.573257508503,9.787822356364682,-3.1204717585267505,0.44032138536136944,-0.05260319932041681,0.05859489532472972,-0.018252573028809286
565.673257508503,9.650322918091755,-2.8541928803488013,0.29483393958662585,0.16890273639627887,0.00385738280509932,0.0617570262554958
565.7732575085031,9.683620445211595,-2.909284009528624,0.2984905564393344,0.11356143847011953,0.005072470140765844,0.03912521071101306
565.873257508503,9.702129140187905,-2.8679860931204737,0.2895517541854723,0.14189447745649983,0.0016604733768662405,0.04786317105639416
565.973257508503,9.731092617973344,-2.8535573295195387,0.28971780152315896,0.14668079456214034,0.0016604733768662405,0.04786317105639416
566.073257508503,9.426658922943515,-3.142778340236708,0.011425020696744283,-0.0969606787728881,-0.09934644308836618,-0.04073624190457879
566.173257508503,9.427304692797748,-3.1526780893235107,0.0014903763879167004,-0.10103430296334227,-0.09934644308836618,-0.04073624190457879
566.2732575085031,9.602116299710298,-2.941175996088327,0.13108619096032884,0.07831647857501192,-0.050647032536167355,0.02529138061582873
566.373257508503,9.614971683643638,-2.933217891327754,0.1260214877067167,0.0808456166365925,-0.050647032536167355,0.02529138061582873
566.4732575085029,9.72389897668159,-2.804724639297251,0.201368455226828,0.1822959497882401,-0.021553164449295947,0.06074404894071072
566.573257508503,9.84001030122807,-2.9837283312607856,0.28016218917018126,0.024009554701867886,0.0079996987412242,0.001310411497167166
566.673257508503,9.679474343972947,-3.037810215426038,0.12398199626224955,-0.02230428074451118,-0.048775178187564605,-0.015328714972447435
566.773257508503,9.757437974068981,-3.0643535302982365,0.17582726403472484,-0.044461541664142894,-0.027703427312594103,-0.022916330963780505
566.873257508503,9.880345788813083,-3.3369326526090357,0.2607076947481249,-0.26678664387634454,0.003956809349685609,-0.10164700057777332
566.9732575085029,9.906436342334619,-3.3641195519995337,0.2611033756830931,-0.27695134393411264,0.003956809349685609,-0.10164700057777332
567.073257508503,9.616663904917104,-3.6991842857316373,-0.004822840485979887,-0.5409936226019771,-0.093319823126109,-0.19306508947408912
567.173257508503,9.615715021752877,-3.754248973439154,-0.014154822798582298,-0.5603001315493685,-0.093319823126109,-0.19306508947408912
567.2732575085029,9.87831751124855,-3.5755761470734364,0.19774822140406484,-0.38951454144722986,-0.01297716701590856,-0.12598288048738118
567.373257508503,9.898027447553904,-3.615157515620651,0.19645050470247222,-0.40211282949598515,-0.01297716701590856,-0.12598288048738118
567.4732575085029,9.767883644595525,-3.813462097948117,0.07049181874330541,-0.544210427427348,-0.05808094063811613,-0.17239453248359982
567.5732575085029,10.051870666013102,-3.7867671520975623,0.29824782539890543,-0.4932400627553858,0.02718859472603019,-0.14772954187240095
567.673257508503,9.934256329078279,-3.835980898791759,0.17812830429308027,-0.5073150559064558,-0.01723825396538508,-0.14747949358283935
567.7732575085029,10.196738427389317,-3.684791986692754,0.387365696989862,-0.3496066694844221,0.061130997220156046,-0.0840336177135126
567.873257508503,10.023635112693437,-3.476708857131239,0.2171646974029747,-0.15813486061184134,-0.002555219017755468,-0.01251583413611812
567.9732575085029,10.045338806338627,-3.492584922363089,0.2169091755011994,-0.15938644402545202,-0.002555219017755468,-0.01251583413611812
568.0732575085028,10.314845948691962,-3.376284597059177,0.42656868081885724,-0.04976701925024086,0.07438126161922712,0.027786876853423223
568.173257508503,10.357874723082002,-3.3811223645999404,0.4340068069807901,-0.04698833156489474,0.07438126161922712,0.027786876853423223
568.2732575085029,10.595247956141069,-2.773626132360514,0.605359062231543,0.4685107667910562,0.13446407114542402,0.2141998208519883
568.3732575085029,10.656456182719964,-2.725704056577137,0.6188054693460885,0.48993074887625987,0.13446407114542402,0.2141998208519883
568.4732575085029,10.934887735968323,-2.753198623664107,0.8119936149819968,0.4475658040928256,0.19949670110980866,0.19133974668545864
568.5732575085028,10.890787591056043,-2.9141735077817628,0.7255383877367293,0.29472475320178393,0.1606504223790908,0.1291527695007033
568.673257508503,11.051333311648007,-2.5271835572934482,0.8141774130059863,0.6010555210288772,0.1868981907710509,0.23427044487540627
568.7732575085029,11.058716762602401,-3.051502042111838,0.7682496522471052,0.12615668065774452,0.16289363016538191,0.0509386925790363
568.8732575085028,10.839114103667313,-3.0277247727641994,0.5375011942689064,0.1402047295007467,0.07366137847092866,0.054142607680734235
568.9732575085029,10.893232529986632,-3.0134335867757014,0.5448673321160094,0.1456189902688275,0.07366137847092866,0.054142607680734235
569.0732575085028,10.966796526054159,-2.6707482855353746,0.5708268746043225,0.42203400555754444,0.08120780864777334,0.15166108986448756
569.1732575085028,11.024285252557844,-2.6277865795302877,0.5789476554691017,0.43720011454399665,0.08120780864777334,0.15166108986448756
569.2732575085029,10.954819993470478,-2.6058822529278793,0.4825930920668215,0.43499999705609366,0.043943844458958686,0.145775061220575
569.3732575085028,11.00329902189941,-2.5616533779162083,0.48698747651271335,0.4495775031781379,0.043943844458958686,0.145775061220575
569.4732575085029,10.835888332562133,-2.5258773884359123,0.311265058516284,0.4560044126309961,-0.02122448794930981,0.14285394406160193
569.5732575085028,10.675101216744807,-2.4236996794823082,0.14754527251468091,0.5167706521529133,-0.08022041162616955,0.15966163602348682
569.6732575085027,10.840817120236725,-2.4589282300099073,0.2655141772887963,0.4606277382537808,-0.03465337740394757,0.1338281717516687
569.7732575085029,10.462380786916878,-2.4145481510663007,-0.08687149496268437,0.47200920663388035,-0.16427258223308344,0.13309188493071952
569.8732575085028,10.356131099478782,-2.455640342590468,-0.18370031709058462,0.41228660288392166,-0.1933143401229283,0.1069602153737729
569.9732575085028,10.336794496069103,-2.413876881225197,-0.20303175110288185,0.42298262442130136,-0.1933143401229283,0.1069602153737729
570.0732575085028,10.392825885601171,-2.3524171930162923,-0.15871485210557026,0.44937242536821437,-0.17047313505913414,0.11268741999351355
570.1732575085027,10.376102034715334,-2.3069165133795453,-0.17576216561146818,0.46064116736755545,-0.17047313505913414,0.11268741999351355
570.2732575085029,10.601247691220845,-2.6705908370754248,0.016870294632550627,0.12870541152576556,-0.09265148837942984,-0.011953323716077983
570.3732575085028,10.602471463242201,-2.6577800625414403,0.00760514579461607,0.12751007915415885,-0.09265148837942984,-0.011953323716077983
570.4732575085027,10.735863158604062,-2.742976085578945,0.10915513189137879,0.04581137655733449,-0.0525572969915704,-0.040805171705090446
570.5732575085028,10.347699938787585,-2.9021261537775747,-0.23210203285227612,-0.09433204095474162,-0.17522463396537202,-0.09000615569506759
570.6732575085027,10.342665171207894,-2.8666514652426724,-0.23376637902414302,-0.06603993496634462,-0.16948924270448934,-0.07664583791891572
570.7732575085028,10.133122829571564,-2.9560888032204264,-0.4104460217715387,-0.14386734350195002,-0.22882705328173825,-0.10245841157235336
570.8732575085028,10.313164832983583,-2.9818067035244726,-0.24863281962490996,-0.1629950915553529,-0.1621132536037542,-0.10563646662095233
570.9732575085027,10.287490984753097,-2.998634395013097,-0.26484414498527065,-0.17355873821743853,-0.1621132536037542,-0.10563646662095233
571.0732575085028,10.205433865440197,-3.1043016691682106,-0.3267222738112623,-0.25821812963254404,-0.178659540474605,-0.13271201062143964
571.1732575085027,10.17186834035673,-3.1307870421845476,-0.3445882278587065,-0.27148933069467596,-0.178659540474605,-0.13271201062143964
571.2732575085026,10.401926741624173,-3.1218887594962075,-0.13372759586135616,-0.25574998219482836,-0.0937004300807338,-0.12264728070421582
571.3732575085028,10.388085479887614,-3.1480769941192484,-0.14309763886944232,-0.2680147102652667,-0.0937004300807338,-0.12264728070421582
571.4732575085027,10.410358494812677,-3.0363791412607233,-0.12161858890164577,-0.1658720124049947,-0.08253887314498719,-0.08164445495255207
571.5732575085027,10.710059233056475,-2.878761292967057,0.13321867394527245,-0.028749367392986672,0.013510391547599657,-0.02910796046320787
571.6732575085027,10.759659409544652,-2.8433317599209107,0.16471078634301978,-4.7042870934045546e-05,0.02441148690605075,-0.017782390243464563
571.7732575085026,11.016240570817333,-2.9181735873938783,0.37400397543477376,-0.0654339939779742,0.10125423392351465,-0.041183736634982204
571.8732575085028,11.230553197690293,-2.9521152342316053,0.5307403420335134,-0.09187629290665049,0.15421140676723052,-0.04917151045685807
571.9732575085027,11.28439828892743,-2.961548721074546,0.5461614827102225,-0.09679344395233182,0.15421140676723052,-0.04917151045685807
572.0732575085026,11.367136663000077,-2.8875159808673865,0.5845668932333267,-0.03209595135632515,0.16258678428240336,-0.024063027817770383
572.1732575085027,11.426406286244903,-2.8908458911421127,0.6008255716615892,-0.03450225413810547,0.16258678428240336,-0.024063027817770383
572.2732575085026,11.154459503876051,-2.90842203785216,0.3306684835629787,-0.050442174824880066,0.056315105310187824,-0.029482688762256334
572.3732575085027,11.187807927758909,-2.9136136687784604,0.33629999409399874,-0.05339044370110637,0.056315105310187824,-0.029482688762256334
572.4732575085027,11.286346178420226,-2.8324122471873663,0.3957400174857702,0.014954182338453971,0.07578364464108714,-0.003931811065429312
572.5732575085026,11.634516535488004,-3.0831628931328363,0.6629907999499491,-0.19530414916554062,0.170584799277234,-0.07982003540020055
572.6732575085027,11.403721202251612,-3.2834823311922374,0.43204417796192035,-0.35160050802508935,0.08088901294702204,-0.13295444970561948
572.7732575085026,11.602225982092667,-3.108850034460643,0.5736419760023479,-0.18580261929727168,0.1304857699203505,-0.06706685347762877
572.8732575085025,11.579017290147346,-3.1809774351013194,0.5191842132631634,-0.23619428492936315,0.10610188135781504,-0.08269787435677449
572.9732575085027,11.631466220880524,-3.205010352966073,0.5297944013989594,-0.24446407236505188,0.10610188135781504,-0.08269787435677449
573.0732575085026,11.830801203315614,-3.251020115280235,0.6625893810345044,-0.2708041022244646,0.15052947351574497,-0.08935839081698604
573.1732575085026,11.89781278878666,-3.278547317456773,0.6776423283860823,-0.27973994130616525,0.15052947351574497,-0.08935839081698604
573.2732575085026,11.808905464476378,-3.45275391729543,0.5628299032088033,-0.4126081398108865,0.10388080466765892,-0.13491813958004728
573.3732575085025,11.865707858820546,-3.49468932197438,0.5732179836755598,-0.426099953768879,0.10388080466765892,-0.13491813958004728
573.4732575085027,11.709780800247637,-3.392483914290846,0.4056214766605797,-0.3199394829149323,0.039483932175573916,-0.09203559288324353
573.5732575085026,11.8208319400858,-3.548980331400315,0.4687903434859935,-0.43235251391909174,0.06110413088348182,-0.12935662273604104
573.6732575085025,11.904394732762265,-3.6982226955058404,0.5051812370970771,-0.5319141312568983,0.07205564554976689,-0.16039083635662385
573.7732575085026,11.944673881556547,-3.527490851650507,0.503251024408405,-0.35671812018633153,0.06866182734917806,-0.09003634328627738
573.8732575085025,11.836189515940262,-3.740874684650546,0.37784537788251427,-0.5112473579864054,0.02088406962300863,-0.14210718620544635
573.9732575085026,11.874078474076638,-3.7927099563802256,0.3799337848448156,-0.5254580766069533,0.02088406962300863,-0.14210718620544635
574.0732575085026,11.96119997041016,-3.54607286779249,0.4241915369082197,-0.2947124677443585,0.03651162835870651,-0.05474913329536048
574.1732575085025,12.003801682242736,-3.575817860233375,0.427842699744087,-0.3001873810738896,0.03651162835870651,-0.05474913329536048
574.2732575085026,11.816673851360358,-3.4531943819829776,0.2372329823458845,-0.17055254846809564,-0.034541065628794804,-0.003683183224718292
574.3732575085025,11.84022444426678,-3.470268052745895,0.23377887578300816,-0.17092086679056714,-0.034541065628794804,-0.003683183224718292
574.4732575085025,12.002431978130106,-3.431194287280867,0.34605886416629883,-0.12508273565057432,0.007332862112277627,0.01287688689748278
574.5732575085026,12.123680417926986,-3.374169371340705,0.4197573947830656,-0.06599348087603067,0.03397099900501298,0.03377820474676191
574.6732575085025,12.263099235042233,-3.461636396861317,0.5041226809390655,-0.12924292100641574,0.0632546914686676,0.00990863081780665
574.7732575085025,12.507881415828134,-3.410581808424338,0.6777081256153696,-0.0738499157449231,0.12538951963294742,0.029922923387242617
574.8732575085025,12.394901212721107,-3.528690598035243,0.5395039022982699,-0.16188071304703258,0.07093974791912533,-0.002646252686540486
574.9732575085025,12.44920630169048,-3.5448919006033646,0.546597877090176,-0.1621453383156864,0.07093974791912533,-0.002646252686540486
575.0732575085026,11.86161320622375,-3.1524943199519484,0.016850821705878812,0.17321687422605528,-0.12383245430205395,0.11755246614554563
575.1732575085025,11.862679126122828,-3.134584870198632,0.004467576275684681,0.18497212084059916,-0.12383245430205395,0.11755246614554563
575.2732575085024,11.88049575454911,-3.1114428498210063,0.004706820090416284,0.20549583401473911,-0.11993295253493635,0.12222868700803148
575.3732575085025,11.880366771795476,-3.0902821229844624,-0.007286475163093713,0.21771870271555893,-0.11993295253493635,0.12222868700803148
575.4732575085025,11.836632834142286,-3.0723195871511293,-0.05458691893854645,0.22630613049130274,-0.1327074852829566,0.12092577026492997
575.5732575085025,11.789871258160751,-3.2153638855616884,-0.10209621513923502,0.10004570392073574,-0.14520728744679867,0.07089667417880224
575.6732575085025,12.074600569333588,-3.0857099044553293,0.12948836278794879,0.20521817968472447,-0.05619859838575807,0.1060353670158782
575.7732575085024,11.870464111100356,-3.066438182086217,-0.0630008714666403,0.21430675255186019,-0.12561805412675714,0.10547801893729547
575.8732575085025,12.023082055748393,-3.0882258437754126,0.05703606119577898,0.18894088372516818,-0.07772221403780535,0.09262766778172439
575.9732575085025,12.028397050797777,-3.0688686170640054,0.049263839792005513,0.1982036505033322,-0.07772221403780535,0.09262766778172439
576.0732575085024,11.869704051345883,-2.6593780282495363,-0.09431660193379557,0.5287343585588155,-0.12684472176490946,0.20811419312783236
576.1732575085025,11.859638167543665,-2.6054640214279408,-0.10700107411030382,0.5495457778716271,-0.12684472176490946,0.20811419312783236
576.2732575085024,11.841883489413323,-2.6404483450570932,-0.12419485708349656,0.49501548033966775,-0.12823924336787806,0.1809633864718312
576.3732575085024,11.82882280748813,-2.5900419800907555,-0.13701878142028728,0.513111818986855,-0.12823924336787806,0.1809633864718312
576.4732575085025,11.755034362817502,-2.3137872060262596,-0.19933723625909386,0.7154596697186295,-0.14614693422409245,0.24699784693651153
576.5732575085024,11.834821975294819,-2.388281658815425,-0.1293213119044696,0.6176188510859454,-0.11525000514466205,0.20268658907528683
576.6732575085025,12.069558151662791,-2.436739980163709,0.06578724026361044,0.5464325925204789,-0.04051703051269866,0.16992237373813265
576.7732575085024,12.158932679343877,-2.4909509863717667,0.1332740486035459,0.4700697885882877,-0.013941437048985733,0.13557749255022394
576.8732575085023,12.014286194050603,-2.665964954340288,0.0006457819544741072,0.3007997933787804,-0.06134436605113037,0.07015948680977005
576.9732575085025,12.014044050415794,-2.635534177568319,-0.005488654650647298,0.307815742059767,-0.06134436605113037,0.07015948680977005
577.0732575085024,12.7074582414699,-2.942645080614157,0.5701407957871086,0.03476800134442346,0.1502027654961025,-0.03074769387114918
577.1732575085024,12.765223334876106,-2.9393220189490696,0.5851610723367223,0.031693231957307846,0.1502027654961025,-0.03074769387114918
577.2732575085024,12.716064377434746,-3.153967136905759,0.5171928217243389,-0.15016801918057365,0.12224040464680659,-0.09476684030445076
577.3732575085023,12.768394861630366,-3.169457773025324,0.5294168621890084,-0.1596447032110101,0.12224040464680659,-0.09476684030445076
577.4732575085025,12.61068777136472,-3.288245363038732,0.365744724443773,-0.2532943639630226,0.058599142668480236,-0.12493384973969593
577.5732575085024,12.630639075721065,-3.1390803527924867,0.35735281311967376,-0.12007977052005739,0.05339608902073397,-0.07224516020487251
577.6732575085023,12.705325321325335,-3.0310331296480606,0.39489215720247844,-0.028299395923231253,0.06504173882531757,-0.03677612644215603
577.7732575085024,12.649131216142084,-2.764728380402863,0.3186440344805263,0.19720583154287794,0.0343003751879961,0.04753916391369314
577.8732575085023,12.477160032035048,-2.9593906965361,0.15252383620073165,0.025763947699598697,-0.026942673567520253,-0.0155058509715112
577.9732575085023,12.492277702287288,-2.9568918310209966,0.14982956884397902,0.024213362602447226,-0.026942673567520253,-0.0155058509715112
578.0732575085024,12.888875454097859,-3.3393700762219773,0.46570100755230925,-0.2932590636194184,0.0885416693120988,-0.12860591844234182
578.1732575085023,12.935888263199606,-3.3693390121761033,0.4745551744835111,-0.3061196554636409,0.0885416693120988,-0.12860591844234182
578.2732575085024,12.796144579830417,-3.5820550492928143,0.3174335307916967,-0.46824104916782844,0.025721435350037278,-0.18211162030527772
578.3732575085023,12.828016540086308,-3.629789712311079,0.32000567432669813,-0.48645221119833965,0.025721435350037278,-0.18211162030527772
578.4732575085022,12.691184357095324,-3.5152393594307094,0.1818996956873865,-0.3697010081177843,-0.025177528567358706,-0.13374204731064337
578.5732575085024,12.532636246019955,-3.5590231452404755,0.030586613023725197,-0.38818814324111633,-0.07949969793291466,-0.1355909069611394
578.6732575085023,12.547613449593054,-3.280404244207866,0.03288825672831708,-0.14019647920939807,-0.07579200592681294,-0.04188894443926626
578.7732575085023,12.493722536233433,-3.229616659057049,-0.02364904093245642,-0.08905793410581858,-0.09397927959433082,-0.02153423931453602
578.8732575085023,12.57744884607725,-3.275742711430148,0.038893946049973774,-0.121679459651362,-0.06799358313953566,-0.03243609916151379
578.9732575085022,12.580998272766546,-3.28807283789108,0.03209458773602639,-0.12492306956751043,-0.06799358313953566,-0.03243609916151379
579.0732575085024,12.809057440057481,-3.0947396826688083,0.21365387363260377,0.04335311172617446,0.00040803090313688145,0.029621039323016463
579.1732575085023,12.830424867575239,-3.09025626629958,0.21369467672291742,0.046315215658473415,0.00040803090313688145,0.029621039323016463
579.2732575085022,12.68233571682726,-2.8570405017709213,0.07557042319637124,0.23844469794343656,-0.048755552686977406,0.09778976488409359
579.3732575085023,12.689648981383472,-2.832707083152123,0.07069486792766684,0.24822367443185928,-0.048755552686977406,0.09778976488409359
579.4732575085022,12.477860749171297,-2.8294545158644935,-0.11619981391385727,0.23986133654279868,-0.11461216786290959,0.09128804398377376
579.5732575085023,12.610313155169042,-2.7210640706795295,-0.005797603218305999,0.31883902385064605,-0.07012229203329692,0.11654572819541549
579.6732575085023,12.695386971700808,-2.9289940965300403,0.058778246486518415,0.13284244964698305,-0.04423109471543684,0.04573614330223946
579.7732575085022,12.69299654554608,-3.1403999787669488,0.04741913224199946,-0.05398377634720999,-0.046807727070855926,-0.02467895890719546
579.8732575085023,12.762374419031973,-3.1951920626604307,0.09665179773906246,-0.0969008283495205,-0.027333715082828797,-0.03915216227386452
579.9732575085022,12.771902930230457,-3.205077906306743,0.09391842623078207,-0.1008160445769034,-0.027333715082828797,-0.03915216227386452
580.0732575085021,12.407627505383958,-3.4178550568621326,-0.2189664793444342,-0.27020234826214634,-0.13934717163382238,-0.09818184811335685
580.1732575085023,12.385034121591314,-3.4453662009289525,-0.23290119650783545,-0.28002053307349545,-0.13934717163382238,-0.09818184811335685
580.2732575085022,12.417669284111218,-3.209443547929295,-0.2012389063989677,-0.06403092111663725,-0.12328681542355119,-0.01489002027924323
580.3732575085022,12.396928959394199,-3.2159210901423565,-0.2135675879413256,-0.06551992314456191,-0.12328681542355119,-0.01489002027924323
580.4732575085022,12.521872298886214,-2.9913670774350893,-0.10357278568385432,0.12311596895113124,-0.07902877094622343,0.05324941945894952
580.5732575085021,12.434737200928184,-3.062658384311089,-0.17582787541234796,0.05865752738468051,-0.10252246391550027,0.028015420137025595
580.6732575085023,12.513204450482846,-2.9839880423248974,-0.10570340176885962,0.12120292923549397,-0.07345268651778826,0.049418978774026116
580.7732575085022,12.892946164242321,-2.932923503605286,0.22368818914418576,0.15907505901412203,0.051640521462261654,0.061533856410158266
580.8732575085021,13.052723626444159,-3.23366297866133,0.3428379347388885,-0.09497993939665535,0.09281316477011167,-0.03157188971974112
580.9732575085022,13.087471485741947,-3.243318832049608,0.35211925121591237,-0.09813712836863377,0.09281316477011167,-0.03157188971974112
581.0732575085021,13.501610446397054,-3.460591716158289,0.6785763778336914,-0.2721586253886812,0.20815942285561015,-0.09292512298510162
581.1732575085022,13.570508881294717,-3.488272204312089,0.6993923201192571,-0.2814511376871935,0.20815942285561015,-0.09292512298510162
581.2732575085022,13.88752123826764,-3.654740311806947,0.9284437463992314,-0.4063981786551934,0.2844685867421885,-0.1350215695407068
581.3732575085021,13.981787955841186,-3.696055237520132,0.9568906050734244,-0.4199003356092518,0.2844685867421885,-0.1350215695407068
581.4732575085022,13.969771468398289,-3.563545353950021,0.8944770031994966,-0.28933696998506425,0.25159422624120287,-0.08338948822214448
581.5732575085021,13.834239575396822,-3.4471754523399194,0.7290318449881893,-0.17642904024318545,0.18200834383865688,-0.03954604731288476
581.673257508502,13.930772687092738,-3.576645778906265,0.7661442345680217,-0.27216419222790933,0.18884806931578602,-0.07242692126765096
581.7732575085022,13.991465400003795,-3.497282086444231,0.7704918313515686,-0.18840191659083838,0.183447691540538,-0.03894662109709657
581.8732575085021,13.907901760744338,-3.292256601153801,0.6545890114514763,-0.008351029435581424,0.13495627185581477,0.02687134888875907
581.9732575085021,13.97403544324878,-3.2929573473529157,0.6680846386370608,-0.005663894546704906,0.13495627185581477,0.02687134888875907
582.0732575085021,13.48834963680943,-2.804090328587353,0.22034393790869364,0.4019289567470984,-0.032146123220710025,0.1726971325201359
582.173257508502,13.510223299984174,-2.7630339472500802,0.21712932558662557,0.4191986699990963,-0.032146123220710025,0.1726971325201359
582.2732575085022,13.65749544553818,-2.7579157739005384,0.3173052559733731,0.40758442518093485,0.004900781573617926,0.1629350882090302
582.3732575085021,13.689250475043357,-2.7163426559414385,0.31779533413073446,0.42387793400182305,0.004900781573617926,0.1629350882090302
582.473257508502,13.545683801161909,-2.87623419066605,0.17227082832224308,0.2731451001133812,-0.04792897564679221,0.10307400864764389
582.5732575085021,13.515420082294586,-2.886524741087292,0.12766894960222747,0.25173437110551367,-0.06246243055694513,0.09160458387322748
582.673257508502,13.587751410857537,-2.98723341879955,0.17126285135753924,0.1570195366153932,-0.04443678937012138,0.05439070234465132
582.7732575085021,13.61464400750143,-3.042636579042496,0.17542852142303098,0.1017186472495804,-0.04123853217090936,0.03204475651626673
582.8732575085021,14.027327559998247,-3.117414597966895,0.499877362027315,0.03505078152806377,0.0774448386463362,0.007043577168813861
582.973257508502,14.077702520394164,-3.1138743019282478,0.5076218458919416,0.035755139244944514,0.0774448386463362,0.007043577168813861
583.0732575085021,14.086737635100668,-3.0321779809709253,0.47703202395398253,0.101463199575948,0.06268544226615218,0.030558172684270316
583.173257508502,14.134754264707352,-3.021878870149919,0.483300568180592,0.10451901684437226,0.06268544226615218,0.030558172684270316
583.273257508502,14.202726685039375,-2.9328897936717317,0.5014018185557892,0.17349288381578098,0.06575887594321628,0.05459516845073756
583.3732575085021,14.25319566127474,-2.915267529447876,0.5079777061501198,0.17895240066086218,0.06575887594321628,0.05459516845073756
583.473257508502,14.070868304335935,-2.6564441151544025,0.3201786205655864,0.38232892605629426,-0.004568226760195013,0.12552724780544616
583.573257508502,14.074482169218033,-2.425638826883278,0.295810745081665,0.5545894172986667,-0.013297669156170916,0.18327832646862333
583.673257508502,14.187152834438894,-2.2722412729172152,0.3636983507853101,0.652687715301616,0.011736116910480281,0.21185652408432917
583.773257508502,14.040688785197124,-2.0659141071126785,0.20723201276371167,0.7930088364783752,-0.04682500123041788,0.2556859034394734
583.8732575085021,14.110388694727762,-2.078292084724585,0.24344862260010885,0.7422628297635908,-0.032051880016483444,0.22837960612068686
583.973257508502,14.134573297587668,-2.002923903717692,0.24024343459846342,0.7651007903756387,-0.032051880016483444,0.22837960612068686
584.0732575085019,14.501192163901589,-2.2476676417841968,0.5240497640617854,0.5228511536558652,0.07226039297052655,0.13336589515426336
584.173257508502,14.553958442272691,-2.1947156969427657,0.5312758033588479,0.5361877431713098,0.07226039297052655,0.13336589515426336
584.273257508502,14.318048051742718,-1.9337704023235944,0.28661781523362706,0.7200903865226943,-0.02198100637507451,0.19467208354576226
584.373257508502,14.346599928234212,-1.8607880032535793,0.2844197145961191,0.7395575948772749,-0.02198100637507451,0.19467208354576226
584.473257508502,14.060526400601589,-1.9134580454510735,0.020445849359651307,0.654086099948434,-0.11669449124987656,0.1570627821360468
584.5732575085019,13.78319661138537,-2.097754477166402,-0.22610423546820907,0.46137170892382934,-0.20244466694356317,0.08169688897464829
584.673257508502,13.855506670291716,-2.0191619345570233,-0.16649633396437985,0.495889950709455,-0.17356453141190598,0.09113639954994916
584.773257508502,14.219224520448243,-1.9867688521320561,0.14474402890447324,0.4899825596197521,-0.051495239978082696,0.08561023278559746
584.8732575085019,14.22217632297525,-1.891975262917786,0.13023206331919468,0.5357884920742029,-0.05487703690636077,0.09893691736188119
584.973257508502,14.234925144122654,-1.8379017291234818,0.12474435962855111,0.5456821838104045,-0.05487703690636077,0.09893691736188119
585.0732575085019,14.6429782411523,-2.0614670256863548,0.4484871356423942,0.32494222208746554,0.06417477601492019,0.01585795020622925
585.1732575085019,14.688147828596623,-2.02889351372657,0.45490461324388765,0.3265280171080888,0.06417477601492019,0.01585795020622925
585.273257508502,14.33112262413196,-2.6539286359584993,0.12258945407319821,-0.22149687705891496,-0.05933718418297096,-0.18357887744741658
585.3732575085019,14.343084883618355,-2.676996218051606,0.11665573565490651,-0.23985476480363993,-0.05933718418297096,-0.18357887744741658
585.473257508502,14.200715532262125,-2.7381219478003693,-0.017281255678479462,-0.28800224762258775,-0.10565024174099596,-0.19425526113582878
585.5732575085019,14.266468068809212,-2.8650190715086983,0.029451059112747133,-0.3882412135219856,-0.08473214064528994,-0.22347778062569523
585.6732575085018,14.238883509441035,-2.8541215158990747,-0.004081760460168256,-0.3687897427416094,-0.09379542605287963,-0.2085029752476771
585.773257508502,14.348958279476424,-2.7039422491506215,0.08217110060666356,-0.22957136936599531,-0.058269276115947996,-0.14961446310013546
585.8732575085019,14.512590586838714,-2.7271358811434236,0.20575183853425216,-0.24411282912002208,-0.011526079725650742,-0.14946418676756876
585.9732575085019,14.533108140293516,-2.7522944849892697,0.20459923056168683,-0.25905924779678235,-0.011526079725650742,-0.14946418676756876
586.0732575085019,14.686080813932774,-2.6165890924219206,0.314281023156692,-0.13922022905924647,0.028708552871629846,-0.10080607819246575
586.1732575085018,14.717652459012772,-2.631015145718794,0.31715187844385234,-0.1493008368784839,0.028708552871629846,-0.10080607819246575
586.273257508502,14.804167566242743,-2.499930487385934,0.36616767246401866,-0.03764527812520679,0.04558661772300961,-0.05682363439352407
586.3732575085019,14.841012266577726,-2.503979133370418,0.37072633423631546,-0.04332764156455403,0.04558661772300961,-0.05682363439352407
586.4732575085018,14.955421441207259,-2.780169872043321,0.4394860319583721,-0.27235479709175375,0.06881529153355248,-0.13686885451823266
586.5732575085019,14.957636494519386,-2.951917051600882,0.4109172664148018,-0.40571333069774473,0.05587310500736956,-0.18014268471079598
586.6732575085018,14.88547045073604,-3.1974560196548842,0.3219986510211895,-0.5915088888091593,0.02169323019640919,-0.2402512327825253
586.7732575085018,14.967089597374253,-2.9955762016305485,0.36667027292675536,-0.3923816829247923,0.03748226178932419,-0.1581545390777213
586.8732575085019,15.10587333252967,-2.8845547069726702,0.45513190937826653,-0.2841901543194357,0.06808149682508892,-0.11378332223827589
586.9732575085018,15.151726930951579,-2.9135426390157786,0.46194005906076924,-0.2955684865432529,0.06808149682508892,-0.11378332223827589
587.0732575085019,14.774709209470965,-2.9616817315016184,0.11502936279811356,-0.3218195094515952,-0.060219154609157624,-0.1191306281650988
587.1732575085018,14.78591104997772,-2.994459335587573,0.10900744733720327,-0.3337325722680943,-0.060219154609157624,-0.1191306281650988
587.2732575085017,14.765880426604914,-2.563743506365161,0.07383387958913698,0.036920432599454926,-0.07180210448870897,0.018104142272595457
587.3732575085019,14.772904804041394,-2.5599609423938476,0.06665366914025629,0.038730846826716944,-0.07180210448870897,0.018104142272595457
587.4732575085018,14.786006762369684,-2.829629116698924,0.06513151289430774,-0.18449598578617782,-0.06975495534948398,-0.06254764186434134
587.5732575085018,14.88162965527652,-2.9463097098790105,0.1335245931338031,-0.2722237012058497,-0.042239410719328775,-0.0920086437919895
587.6732575085018,14.96439820769597,-3.1203925947324813,0.18725694511968574,-0.40179321586261707,-0.021278409359073814,-0.13513135918562666
587.7732575085017,15.045069931144303,-2.974350164054601,0.2386137306825552,-0.256261696590885,-0.001409590973720145,-0.07661957760781554
587.8732575085019,15.082202494579597,-2.938040360419541,0.24950831179480634,-0.21276193517297531,0.0025765440140505646,-0.05831328799773993
587.9732575085018,15.107166208479125,-2.959608120376807,0.24976596619621116,-0.218593263972744,0.0025765440140505646,-0.05831328799773993
588.0732575085017,15.062003376562261,-2.9534960000044914,0.19193918670931348,-0.19890241290432897,-0.018356298486164636,-0.04854863902590957
588.1732575085018,15.081105513740788,-2.973628984490082,0.19010355686069452,-0.20375727680692654,-0.018356298486164636,-0.04854863902590957
588.2732575085017,15.013223370591161,-2.7160901226682825,0.12799045428035913,0.02270267317784091,-0.036766491023633135,0.03508132875598281
588.3732575085018,15.025838583564083,-2.713644448706718,0.12431380517799498,0.026210806053439988,-0.036766491023633135,0.03508132875598281
588.4732575085018,14.979724662062672,-2.788031038937482,0.07204508708296414,-0.033757121044052325,-0.05434766091773473,0.012331950336643069
588.5732575085017,15.218741970037053,-2.688514062305793,0.2621409620193275,0.05303670096971812,0.01703662655870214,0.04327107501835116
588.6732575085018,15.164284680667821,-2.6739067852190037,0.19662455404743737,0.06483523394092461,-0.007274797059426085,0.04594775331753672
588.7732575085017,15.367663985182135,-2.3775310794840476,0.35427884816205496,0.3159249376483191,0.05156189874629166,0.13663207962764284
588.8732575085016,15.380856224428939,-2.582099383413351,0.3407407337332763,0.13514776254346775,0.04480935024931355,0.0670589295953496
588.9732575085018,15.41515434455356,-2.5682493125110084,0.34522166875821375,0.14185365550301185,0.04480935024931355,0.0670589295953496
589.0732575085017,15.381902393568756,-2.3038631187379917,0.2948073685120431,0.3529949628034778,0.025408925805464923,0.14005926946730432
589.1732575085017,15.411510175048994,-2.267863326110299,0.29734826109259016,0.36700088975021145,0.025408925805464923,0.14005926946730432
589.2732575085017,15.115315278945157,-2.420125324792068,0.022881239330134282,0.21806137524763042,-0.07639291669047553,0.07968961506293687
589.3732575085016,15.117221438294717,-2.3979207391920108,0.015241947661093677,0.22603033675391687,-0.07639291669047553,0.07968961506293687
589.4732575085018,15.049055832233256,-2.9605586181946006,-0.050103415936259166,-0.2476358010329847,-0.0972716377559586,-0.09292505475907481
589.5732575085017,15.355974384676593,-2.810517199531594,0.20337848701048986,-0.11109509768520796,-0.0011793241087660472,-0.04019108132082157
589.6732575085016,15.39859827460286,-2.747732768810244,0.22181589518021394,-0.05419430221802008,0.0055315695427998425,-0.018366198690158816
589.7732575085017,15.29527570599292,-2.4241351352927967,0.11416985241279966,0.22403187250208076,-0.03466297587036114,0.08466758792445181
589.8732575085016,15.3841924461,-2.485700260587353,0.17525762168309067,0.16321611727110205,-0.01134547445085687,0.05987745602530971
589.9732575085017,15.40166148089606,-2.4690792615801125,0.17412307423800472,0.16920386287363437,-0.01134547445085687,0.05987745602530971
590.0732575085017,15.486377181350612,-2.1680524508922634,0.22962795585046972,0.40999334148969374,0.009302854737008849,0.14442599500871342
590.1732575085016,15.509386491209323,-2.1263309867682887,0.23055824132416974,0.42443594099055193,0.009302854737008849,0.14442599500871342
590.2732575085017,15.68665391722263,-2.054250815262434,0.35865554644715825,0.4718641166848463,0.05497945488923725,0.15884760608696213
590.3732575085016,15.72279436914176,-2.006270165563559,0.364153491936077,0.48774887729352806,0.05497945488923725,0.15884760608696213
590.4732575085015,15.893844172176108,-1.8322059505247583,0.48151991659900906,0.6060195236618559,0.09545475834771056,0.19554199545096895
590.5732575085017,15.626772747573122,-1.9749373632951208,0.22508835257770907,0.4555765554418425,-0.0016480863797646295,0.13407022093667448
590.6732575085016,15.398179554915108,-1.9601562170723614,0.015918352167325952,0.4431283592714428,-0.07723880962826013,0.12480745013987427
590.7732575085016,15.275755183804376,-2.1821707801313126,-0.09836551349926351,0.22844063072356488,-0.11682440874006644,0.041233235775269175
590.8732575085016,15.569903502067584,-2.1326888414742857,0.1430792506488742,0.2542634383976706,-0.025392617533724612,0.04899757690058822
590.9732575085015,15.58408446404479,-2.1070175097500394,0.14053998889550404,0.259163196087725,-0.025392617533724612,0.04899757690058822
591.0732575085017,15.7449791122957,-2.3771108542292247,0.26124256977156424,0.021700198630635534,0.01944617862158188,-0.03753852142924863
591.1732575085016,15.77120060016594,-2.375128526973309,0.2631871876337207,0.017946346487714086,0.01944617862158188,-0.03753852142924863
591.2732575085015,16.028686326098367,-2.207829754090805,0.4611308052539063,0.15281402350058623,0.09139043995874258,0.01281141995674952
591.3732575085016,16.075256358823616,-2.1924842946409417,0.47026984924979304,0.15409516549626293,0.09139043995874258,0.01281141995674952
591.4732575085015,16.130529167613236,-1.8639753719690813,0.48589394909059114,0.4128194056040486,0.09373680781148218,0.10507723580736948
591.5732575085016,16.29521598531427,-2.195574246273212,0.5926845523702774,0.11263424791064587,0.1293017584715941,-0.007270769703332972
591.6732575085016,16.091131128978304,-1.9862762872927746,0.3858668259046804,0.2747585962523902,0.04982572858306651,0.05107162799729397
591.7732575085015,16.33715721477548,-1.9790514202308958,0.5694321885018442,0.2624154075826973,0.11616682972458464,0.044651725659720344
591.8732575085016,16.374382040192543,-2.0179778500839816,0.5641781890258389,0.21319672954491686,0.1100729896136297,0.02544298654163316
591.9732575085015,16.431350224043143,-1.9965309621968013,0.5751854879871919,0.21574102819907787,0.1100729896136297,0.02544298654163316
592.0732575085015,16.625044889992573,-1.9818067308780039,0.6998317697605814,0.2130410694843118,0.15139324933117548,0.023696419546393534
592.1732575085016,16.695785033215387,-1.9603841418318113,0.7149710946937196,0.2154107114389544,0.15139324933117548,0.023696419546393534
592.2732575085015,16.26335719044006,-2.007243439359962,0.3064535989477636,0.16253414503707925,-0.0028840001904900103,0.0042066609943477995
592.3732575085015,16.293988130333894,-1.9909689915512785,0.3061651989287145,0.1629548111365141,-0.0028840001904900103,0.0042066609943477995
592.4732575085015,16.408793558499177,-1.8827938863108928,0.3759849364776889,0.23892081191848447,0.022481930980882563,0.03128158352793549
592.5732575085015,16.282847611921174,-1.8973246716313803,0.24035264386670688,0.2099490589773283,-0.0278554492757065,0.01967410479795635
592.6732575085016,16.327612205864394,-1.6965908092998776,0.2549376886720364,0.3596147291514229,-0.021573043417612153,0.0725877995369608
592.7732575085015,16.745962779095283,-1.8266598749724363,0.5914870495455344,0.22527714668589385,0.10425192083123488,0.02049516291126427
592.8732575085014,16.75094596889624,-1.7504688272069295,0.5564620782000296,0.271298203105395,0.08783491874512434,0.03622871841161092
592.9732575085015,16.807031351310044,-1.7231578633042945,0.565245570074554,0.27492107494656104,0.08783491874512434,0.03622871841161092
593.0732575085015,16.6944125605374,-1.884360081270125,0.43160758617429845,0.12439863591891429,0.03596003326364516,-0.018708229646798514
593.1732575085015,16.73775311932116,-1.872013758826465,0.4352035895006638,0.12252781295423401,0.03596003326364516,-0.018708229646798514
593.2732575085015,16.43290201133482,-1.932069775129502,0.14011856637452208,0.05612453624211846,-0.07451889089709358,-0.04328968612773826
593.3732575085014,16.446541273517774,-1.9266737699359335,0.1326666772848195,0.051795567629348574,-0.07451889089709358,-0.04328968612773826
593.4732575085015,16.780425900497082,-1.809002586184837,0.39247322510805965,0.14015873812698484,0.022178287930757296,-0.010069468142957623
593.5732575085015,16.343460133941594,-1.8073414724678263,-0.006610705450406134,0.12891389638608977,-0.12432887843316309,-0.013771539046271378
593.6732575085014,16.519879482821693,-2.0312468441173284,0.12887187008221684,-0.06709800113552158,-0.07083242333840614,-0.08350048121979997
593.7732575085015,16.61184585577458,-2.1165191428601218,0.1902543360204136,-0.14194733376692634,-0.045398334847329525,-0.10796525562948145
593.8732575085014,16.28658312744761,-1.9301754025651514,-0.10023464123457429,0.012334202968002871,-0.14868570139708126,-0.04889830351749335
593.9732575085014,16.275816234817164,-1.9291864737859385,-0.1151032113742858,0.007444372616252424,-0.14868570139708126,-0.04889830351749335
594.0732575085015,16.647541567331498,-2.1720698629793986,0.19094185096247668,-0.19777136333496323,-0.03221841637973428,-0.1207554550631944
594.1732575085014,16.666474660345827,-2.1924507765881915,0.1877200093245062,-0.2098469088412717,-0.03221841637973428,-0.1207554550631944
594.2732575085015,16.725602403642547,-2.0396946322147804,0.2208043373286691,-0.08216573302097162,-0.018352071187304475,-0.07168702257405156
594.3732575085014,16.747591077019457,-2.04826964062974,0.21896913020994033,-0.08933443527837026,-0.018352071187304475,-0.07168702257405156
594.4732575085013,16.5119411723896,-2.1066187396253495,0.002775477355916732,-0.13684823859984058,-0.09590942428698736,-0.08614642619586278
594.5732575085015,16.51264503214307,-2.2964094560124777,-0.0060522810190707646,-0.2916335168415497,-0.09563080120468152,-0.13900241474967312
594.6732575085014,16.215264130180284,-2.354262081219155,-0.26224718974635514,-0.32855029256168206,-0.18482991698928605,-0.1472482117517505
594.7732575085014,16.153579193682546,-2.182877530433908,-0.3104977338653474,-0.16884621740712386,-0.19588816178836455,-0.08307664012179046
594.8732575085014,16.359960596096702,-2.439430941514715,-0.13194355228949017,-0.3735723347955833,-0.12431715385137626,-0.15335756793249516
594.9732575085013,16.34614465509851,-2.4775549628339,-0.1443752676746165,-0.3889080915888189,-0.12431715385137626,-0.15335756793249516
595.0732575085015,16.29768467094273,-2.8174403285582774,-0.183914788344729,-0.650755398575311,-0.13393727863392157,-0.241618987611317
595.1732575085014,16.278623505715103,-2.8837239633538037,-0.19730851620810896,-0.6749172973364207,-0.13393727863392157,-0.241618987611317
595.2732575085013,16.66922143087345,-2.6711157297338937,0.13802225214933367,-0.46776408285958854,-0.005903524209083397,-0.15872030664796297
595.3732575085014,16.682994138467357,-2.7186857395531585,0.1374318997284245,-0.4836361135244065,-0.005903524209083397,-0.15872030664796297
595.4732575085013,16.81284191673124,-2.6843267447018992,0.23353541963514834,-0.43082366069713357,0.029081431820829853,-0.13410426546392765
595.5732575085013,17.09429722204294,-2.864906397671281,0.4537711461663722,-0.558080889766593,0.10842334265783404,-0.17527180411104676
595.6732575085014,17.118692837434416,-2.996956214332247,0.44669767486033307,-0.6375725407147026,0.10194374906846282,-0.19747090845693088
595.7732575085013,17.236603485658424,-2.995505099192923,0.5195809662085642,-0.6009888556961133,0.12523183719930944,-0.17674708061414257
595.8732575085014,17.35422230699207,-2.655523084308057,0.5861543594132567,-0.2894859988294915,0.1447552521867906,-0.05896331702196596
595.9732575085013,17.41356151919428,-2.684766500776089,0.6006298846319226,-0.2953823305316827,0.1447552521867906,-0.05896331702196596
596.0732575085012,17.52035288325759,-2.46519774856931,0.6537604418837026,-0.09674514130006447,0.15883979781767057,0.01420172089620507
596.1732575085014,17.58652312643514,-2.4748012540948485,0.6696444216654913,-0.09532496921044202,0.15883979781767057,0.01420172089620507
596.2732575085013,17.16532362813118,-2.450307977624175,0.2763439233278508,-0.0608142195326209,0.01019075733105564,0.02752043829912102
596.3732575085013,17.193008974250628,-2.4562517973859426,0.27736299906095657,-0.05806217570270818,0.01019075733105564,0.02752043829912102
596.4732575085013,17.302312937390596,-2.3911987381911666,0.34625331928293934,0.0028520119960977752,0.034747354838013694,0.04836534614492399
596.5732575085012,17.2774951470333,-2.3853185191129915,0.2995010004784319,0.012142672913486637,0.016410471863770523,0.04997597914163623
596.6732575085014,17.436064641913106,-2.5655638966019403,0.40813383022785743,-0.13225904463666832,0.055106095436575894,-0.0035471279623903937
596.7732575085013,17.292539563638545,-2.190716360614275,0.2545207466091509,0.19764136806213273,-0.00400621341207251,0.11795218142843703
596.8732575085012,17.086009731002722,-2.185263789570006,0.06133667386565755,0.1972031322081314,-0.0736413056776883,0.11357490178669136
596.9732575085013,17.091775191860908,-2.1649756018402315,0.05397254329787867,0.20856062238681602,-0.0736413056776883,0.11357490178669136
597.0732575085012,17.14204632038713,-1.9393195364971079,0.08397105280661608,0.3886780284297104,-0.06020267577163421,0.1742871433268959
597.1732575085013,17.150142412288936,-1.8995802979374932,0.0779507852294513,0.40610674276240394,-0.06020267577163421,0.1742871433268959
597.2732575085013,17.07202152870781,-1.6569393865951634,0.004144939455289893,0.5782359727575385,-0.08373856210056618,0.2267050962905694
597.3732575085012,17.072017329842836,-1.5979822638380112,-0.004228916754759109,0.6009064823865747,-0.08373856210056618,0.2267050962905694
597.4732575085013,16.962081339451665,-1.4226109821994932,-0.1034353537420838,0.7174526044498506,-0.11660283537952294,0.2603494628835541
597.5732575085012,17.322444655571,-1.2517035353167536,0.19771514366092738,0.8249123950740146,-0.002401937786144323,0.2897930691310996
597.6732575085011,17.351227806349996,-1.2905695816479394,0.204986043258631,0.7529219267682727,0.0003145927262709087,0.25362010490759496
597.7732575085013,17.45782759869124,-1.5915997607857766,0.2792290430282684,0.45696462749236616,0.027883180501048384,0.13540824014979017
597.8732575085012,17.55896541473765,-1.465072365979615,0.3427503855312077,0.5363089170801189,0.04982048751874529,0.15895352591148965
597.9732575085012,17.59348955572837,-1.410646706642033,0.3477324342830833,0.5522042696712715,0.04982048751874529,0.15895352591148965
598.0732575085012,17.785923198244717,-1.3898029342522242,0.48570442400242814,0.5387600133986755,0.0984724167373072,0.1483239862073647
598.1732575085011,17.834986002728602,-1.3351853129813702,0.4955516656761499,0.5535924120193985,0.0984724167373072,0.1483239862073647
598.2732575085013,17.538967087581646,-1.5010039698032838,0.21217993412725172,0.3853328660605329,-0.009067937458563359,0.08253498799410575
598.3732575085012,17.560139741307058,-1.4620580082572958,0.21127314038139622,0.393586364859936,-0.009067937458563359,0.08253498799410575
598.4732575085011,17.453794285494638,-1.6917036589400742,0.10426959265897538,0.18026892087020394,-0.04745496430355455,0.003125503120943257
598.5732575085012,17.592752934123297,-1.5543225821173043,0.20801162570832296,0.2798771981579114,-0.00784835865203893,0.03903130448883286
598.6732575085011,17.64220787569296,-1.9870620505427148,0.23111025734456708,-0.09518430141293528,0.0007895539605939639,-0.09673480941969251
598.7732575085012,17.855172211291656,-2.0484423784872643,0.39482541035822966,-0.14857926529405416,0.061578197437596995,-0.11281973762387046
598.8732575085012,17.841112774697024,-1.969154560326763,0.35622861913569553,-0.0821078592572072,0.045412435069091345,-0.08499862622228332
598.9732575085011,17.876962698785906,-1.977790339383587,0.3607698626426005,-0.09060772187942781,0.045412435069091345,-0.08499862622228332
599.0732575085012,17.91666640910847,-2.11607665429258,0.3688788812945448,-0.206325544622814,0.04690341138411411,-0.12378276355682175
599.1732575085011,17.95378881429481,-2.137328122572626,0.373569222432952,-0.2187038209784849,0.04690341138411411,-0.12378276355682175
599.273257508501,17.814074875627572,-1.9117406669534067,0.23408363148269137,-0.03008644323701804,-0.0042875226386913795,-0.05259525451710868
599.3732575085012,17.837461801162682,-1.9150122875496989,0.23365487921882164,-0.03534596868873609,-0.0042875226386913795,-0.05259525451710868
599.4732575085011,17.946137183006797,-2.1488612581880293,0.3042734460197003,-0.2298018410756207,0.021418215208910782,-0.12040190940102459
599.5732575085011,17.92564597749151,-2.118218371500571,0.2634262927651233,-0.19672401736651368,0.005723808861373296,-0.1040870233384441
599.6732575085011,18.22266276413221,-2.296614293762815,0.4892783319245199,-0.33720533260592034,0.08720050404603583,-0.15068623545804627
599.773257508501,17.8345855553024,-2.342847551680841,0.12095635057765297,-0.36228079779945,-0.05286553255025758,-0.15436770549597909
599.8732575085012,18.00747695066166,-2.3476043460386933,0.24952679203910397,-0.3512471216357068,-0.004515199004097768,-0.14489625552475283
599.9732575085011,18.032407053870525,-2.3834535394798544,0.2490752721386946,-0.3657367471881689,-0.004515199004097768,-0.14489625552475283
600.073257508501,17.937267289884147,-2.415120587351583,0.1488566037039167,-0.3744805761440327,-0.0405760934839001,-0.14253537763777638
600.1732575085011,17.951950069787138,-2.453281321854228,0.14479899435552115,-0.38873411390782975,-0.0405760934839001,-0.14253537763777638
600.273257508501,17.509887727953085,-2.682270146492771,-0.24368089835597362,-0.5653523660628703,-0.18094461785937876,-0.20259323018510836
600.3732575085011,17.48461491502818,-2.7398183492499975,-0.2617753601419156,-0.5856116890813857,-0.18094461785937876,-0.20259323018510836
600.4732575085011,17.404758209489433,-3.0211098148855777,-0.32381010584096337,-0.7882133471333729,-0.19684271836603043,-0.2679434548729985
600.573257508501,17.474402675834877,-2.8141834428946297,-0.2567089716759977,-0.5761364079868709,-0.16515911963081115,-0.1815664761268713
600.6732575085011,17.5025620399856,-2.4824631071082353,-0.22773033050087935,-0.27344108469156525,-0.1487051447490261,-0.06661953443522813
600.773257508501,17.67675022290046,-2.5020231902496426,-0.07219388745954863,-0.2731955853504268,-0.0854012551618218,-0.06407831500153299
600.873257508501,17.85177342311905,-2.4098723717361734,0.07108263728205623,-0.181259498235388,-0.030563734766475913,-0.02888965667534156
600.9732575085011,17.858728868173433,-2.4281427698431144,0.06802626380540447,-0.1841484639029261,-0.030563734766475913,-0.02888965667534156
601.073257508501,17.674039568768723,-2.1897680306496605,-0.09501641909083751,0.025134807367726754,-0.08864635516798405,0.04740381964176213
601.173257508501,17.664094695083797,-2.1870175308146784,-0.10388105460763793,0.029875189331904046,-0.08864635516798405,0.04740381964176213
601.273257508501,17.968252624190328,-2.317180924010247,0.1549805459276404,-0.07770057331690128,0.009778029514955877,0.006408469796603641
601.373257508501,17.983799568930653,-2.324918938992947,0.1559583488791351,-0.0770597263372415,0.009778029514955877,0.006408469796603641
601.4732575085011,18.019255187667927,-2.203975332694252,0.17343080696445504,0.02935734429574617,0.01574598560870021,0.04431793268196424
601.573257508501,18.13131180528964,-2.1359076310061376,0.2547349931550651,0.0877978609950634,0.04485364757827247,0.06384774080883049
601.6732575085009,18.118653553611324,-1.8915088278317982,0.2272936135856789,0.28764319186398796,0.033306730134747276,0.13315602424501194
601.773257508501,17.953847304455394,-1.728657050927395,0.06883883303208192,0.41449704404280563,-0.02679438685427677,0.1749262130162348
601.873257508501,18.06337651291803,-1.8223109796517036,0.15157923983372393,0.3203563942588646,0.0040600188456956995,0.1349824616447302
601.973257508501,18.078554736995635,-1.789600427917586,0.15198524171829358,0.3338546404233407,0.0040600188456956995,0.1349824616447302
602.073257508501,18.062938920187,-1.5664574643710414,0.1286413649074465,0.5040652592430613,-0.004013883377988824,0.1914871034988549
602.1732575085009,18.075782987260844,-1.5150935029292885,0.12823997656964797,0.5232139695929294,-0.004013883377988824,0.1914871034988549
602.273257508501,18.000096130353064,-1.504755842962616,0.051262112756909506,0.49894629226270654,-0.03254446560313962,0.1736387577836655
602.373257508501,18.005059619300738,-1.453993019947474,0.048007666196598506,0.5163101680410573,-0.03254446560313962,0.1736387577836655
602.4732575085009,17.980694089301753,-1.5281814363973825,0.02060468990441356,0.42948499520157435,-0.041281681628517225,0.13629812739224462
602.573257508501,17.679439846241024,-1.6228603833291964,-0.23889146413402698,0.3280347636082397,-0.13451137504216026,0.09468464271300311
602.6732575085009,17.578452997052914,-1.681496862718681,-0.3159572869517591,0.2619331886991512,-0.15751884213566938,0.06761127033283672
602.7732575085009,17.612939094696827,-1.558994068806489,-0.2740726450535548,0.3503634050501639,-0.1361076489640367,0.09765694467569266
602.873257508501,17.86547671402133,-1.6487582794159417,-0.054455699008254144,0.25727146518903327,-0.05186373148983717,0.06085322359563656
602.9732575085009,17.85977182546306,-1.622726866779084,-0.05964207215723314,0.2633567875485914,-0.05186373148983717,0.06085322359563656
603.073257508501,18.147674563892977,-1.7528288707772273,0.18023748282671906,0.14052152962625897,0.03687342976671685,0.014634040223314649
603.1732575085009,18.165882679324465,-1.7387035476134975,0.1839248258033874,0.1419849336485891,0.03687342976671685,0.014634040223314649
603.2732575085008,18.229984736902907,-1.6831318446955876,0.22428102497271438,0.17794370121562447,0.049791414965909095,0.027147535678812628
603.373257508501,18.25266179647504,-1.6652017368956065,0.22926016646931208,0.18065845478350945,0.049791414965909095,0.027147535678812628
603.4732575085009,18.50895821932841,-1.5884086727070104,0.42833746252724936,0.2315593715017466,0.12001836150714118,0.04441712141788681
603.5732575085009,18.53540952665199,-1.310713926882634,0.42603155911037227,0.44760548449471715,0.11479489479593415,0.12093426688781031
603.6732575085009,18.92279355043719,-1.5181459350437552,0.7240216328836345,0.25185216856713544,0.21841692495438195,0.04647205511859362
603.7732575085008,19.11506414051074,-1.5696413789214092,0.8482398031488556,0.19104846725424893,0.2564484075858947,0.022392973934642953
603.873257508501,19.27529514505084,-1.4339990206874984,0.9354897299533373,0.2888689568793171,0.2787007109845046,0.05659309493051776
603.9732575085009,19.370237621601007,-1.404829159524941,0.9633598010517624,0.2945282663723637,0.2787007109845046,0.05659309493051776
604.0732575085008,19.235387681050952,-1.4409440722543234,0.7958702526800852,0.24539772834321688,0.207535547852429,0.03678094690778601
604.1732575085009,19.316012384058336,-1.4162203946854288,0.8166238074653563,0.2490758230340005,0.207535547852429,0.03678094690778601
604.2732575085008,19.1288099480602,-1.4520623856950912,0.6078071961060089,0.20996270434087863,0.12309250977834797,0.023510290344028587
604.3732575085008,19.19020613021971,-1.4309485638092783,0.6201164470838465,0.21231373337528203,0.12309250977834797,0.023510290344028587
604.4732575085009,18.842488742006747,-1.2675855961439062,0.29077069547883433,0.33145839382427084,-0.0005222028713094962,0.06536831554512824
604.5732575085008,18.777083825995803,-1.4727880775262616,0.21111983901373876,0.13940539567176993,-0.029582057110955316,-0.006442699856323009
604.6732575085009,18.72494150333958,-1.3318550313909798,0.14730940543291898,0.2431992736530825,-0.05159042865879923,0.030972827530860267
604.7732575085008,18.52037065403743,-1.5487599149326108,-0.046649327448888486,0.04088896204464144,-0.12172697064670727,-0.044595661591454575
604.8732575085007,18.31800773019328,-1.4631482513773675,-0.22262293416886775,0.10353971707785414,-0.18089331181382362,-0.02058276688629851
604.9732575085009,18.29484097021729,-1.4528971935039996,-0.2407122653502748,0.10148144038922148,-0.18089331181382362,-0.02058276688629851
605.0732575085008,18.306568584679216,-1.3128702174899674,-0.2275456692248395,0.20609974868299452,-0.16939296011987615,0.017598627119192713
605.1732575085008,18.282967052956124,-1.2921722494860672,-0.24448496523683094,0.20785961139491418,-0.16939296011987615,0.017598627119192713
605.2732575085008,18.651001436791173,-1.2115218872558884,0.07156715033536358,0.2666268581066483,-0.047341938094328205,0.04024646487923633
605.3732575085007,18.65792144213423,-1.1846579691208519,0.06683295652593507,0.27065150459456827,-0.047341938094328205,0.04024646487923633
605.4732575085009,18.992056626309243,-1.25562632106752,0.33493402699971514,0.19388701806528807,0.051373001069733644,0.01129220149303067
605.5732575085008,18.91503659534771,-1.5172415809638689,0.246747628199709,-0.03884027595143972,0.017302403663040436,-0.0732714126924638
605.6732575085007,18.478833719253437,-1.5451056981089242,-0.1352190031540522,-0.06558233493247917,-0.12146890529610484,-0.08022691122922185
605.7732575085008,18.403743588465623,-1.525580158707182,-0.19990969720001195,-0.051067084012765024,-0.1409882206149842,-0.07193530821725366
605.8732575085007,18.268113128695582,-1.3436854479301368,-0.30953059121366827,0.09555611545961652,-0.17549164010150978,-0.01689779859400309
605.9732575085008,18.2362826113737,-1.334214325377143,-0.32707975522382327,0.09386633560021583,-0.17549164010150978,-0.01689779859400309
606.0732575085008,18.41088975217957,-1.0840399443017503,-0.17150801828056983,0.2915444457410147,-0.11289887806107565,0.05491500914313602
606.1732575085007,18.393174455961226,-1.0546109246819602,-0.18279790608666713,0.2970359466553233,-0.11289887806107565,0.05491500914313602
606.2732575085008,19.037415811380413,-0.8569201373977571,0.36096839427831456,0.4500779531750883,0.08878582651196384,0.11051675486166268
606.3732575085007,19.07395657994077,-0.8113597583059818,0.36984697692950286,0.4611296286612445,0.08878582651196384,0.11051675486166268
606.4732575085006,18.697212656630892,-0.9189209880122047,0.033883298387222406,0.3453438104313697,-0.03598207299085489,0.0650590792666271
606.5732575085008,18.741908907891183,-1.055648799502584,0.06523848535127927,0.20908023336673606,-0.02322129477605026,0.01343296275958377
606.6732575085007,18.788685566611512,-0.9923714719162168,0.09651859371686959,0.24520382355228706,-0.011068403071323264,0.02589318983791787
606.7732575085007,18.944650275589296,-1.044525566040593,0.2215703776203931,0.1824350586424433,0.03579782665257682,0.0018482577743107985
606.8732575085007,18.9590215644198,-1.461432968946713,0.2185306686751933,-0.1746309694961708,0.03340680758069633,-0.12598047238218393
606.9732575085006,18.981041665325204,-1.479525968258224,0.2218713494332599,-0.18722901673437772,0.03340680758069633,-0.12598047238218393
607.0732575085008,19.19814748966582,-1.1438081949676966,0.385842731893642,0.09375740268863732,0.09112723656612759,-0.020312330539157153
607.1732575085007,19.237187399037982,-1.134534016351537,0.39495545555024647,0.09172616963472345,0.09112723656612759,-0.020312330539157153
607.2732575085006,19.19442656037768,-1.1218523718730442,0.33213998252593124,0.09118473245885801,0.06423233876835388,-0.02019603324870306
607.3732575085007,19.22796172032416,-1.1128348787933897,0.33856321640277537,0.08916512913398494,0.06423233876835388,-0.02019603324870306
607.4732575085006,19.123041372128604,-0.978977216396572,0.22917285824866324,0.18998130251001186,0.022329648066908188,0.016659593899675508
607.5732575085007,19.165093598781542,-0.9382886546714295,0.2474328993659176,0.2096254918968902,0.028180809893743552,0.0231606063286794
607.6732575085007,18.93677409018904,-0.5691630685681954,0.039489539599451576,0.4981016676031843,-0.04804509437461829,0.12567900435732748
607.7732575085006,19.034915457583324,-0.7502664818820638,0.11607902480669369,0.3136335910479126,-0.01780832162101738,0.05319039394235195
607.8732575085007,18.951395068940563,-0.759683014053926,0.035311098566621055,0.2852554673460226,-0.04633916046587015,0.04113313635643397
607.9732575085006,18.954694482994896,-0.7309518016375679,0.030677182520038253,0.28936878098166224,-0.04633916046587015,0.04113313635643397
608.0732575085005,19.27682104964978,-1.0012711572729796,0.29138942852134997,0.04676759129162927,0.049555416417483955,-0.04742601529374636
608.1732575085007,19.30620776958404,-0.9968315282202797,0.2963449701631051,0.04202498976224816,0.049555416417483955,-0.04742601529374636
608.2732575085006,19.26018251385471,-0.9771011760077444,0.23208709568588792,0.048288225283507805,0.022806154302373295,-0.04403440897573238
608.3732575085006,19.283505254194814,-0.9724925255242712,0.23436771111612578,0.043884784385933566,0.022806154302373295,-0.04403440897573238
608.4732575085006,19.247150814003177,-0.869073292608713,0.1867709043761763,0.12110620181213202,0.004759928833221117,-0.014780627452108359
608.5732575085005,19.322839073904433,-0.8786540805135004,0.23525861345547688,0.10164127950296463,0.022288036618021846,-0.021284760373098767
608.6732575085007,19.066954714197585,-0.9897193109139663,0.004819460667541902,-7.296971221690696e-05,-0.06186077784751822,-0.05696189843274675
608.7732575085006,19.09895939482619,-1.040684476190074,0.02607026061095718,-0.04889056614342944,-0.05166834730573041,-0.0728260613660066
608.8732575085005,19.369620841591498,-0.7325977611453123,0.24389808879392524,0.2010676332672468,0.028879302473215733,0.01921784883629464
608.9732575085006,19.39415504698329,-0.7123949085743785,0.24678601904125075,0.2029894181508789,0.028879302473215733,0.01921784883629464
609.0732575085005,19.204022272673903,-1.0378570964867648,0.06982096426972685,-0.07780508614609309,-0.03644820309884111,-0.08166523944592788
609.1732575085006,19.210822128085383,-1.0460459312986057,0.06617614395984191,-0.08597161009068774,-0.03644820309884111,-0.08166523944592788
609.2732575085006,19.581569963669395,-1.175761251200962,0.37220506947894666,-0.1922517373766641,0.07740434224004694,-0.11650414047222507
609.3732575085005,19.619177492328454,-1.195568945640971,0.37994550370294433,-0.203902151423876,0.07740434224004694,-0.11650414047222507
609.4732575085006,19.73446286979705,-1.2861958414445407,0.4517164540376636,-0.2728367756799382,0.10057132001001298,-0.13703440300027922
609.5732575085005,19.47031692294444,-1.2716444252878534,0.20075063464924353,-0.2511612002103132,0.005277112913046056,-0.1242411846865803
609.6732575085005,19.658732063991337,-1.2622069287808506,0.3413791259341723,-0.2346650163161811,0.055947238365876076,-0.11388033105058115
609.7732575085006,19.49999525394964,-1.2953847260490914,0.18048890166952966,-0.25383255467689736,-0.005899677547348159,-0.11674237449213654
609.8732575085005,19.513290838484203,-1.1311809762142833,0.17597297901572856,-0.10938346352781185,-0.007317767272574391,-0.060879535750774386
609.9732575085005,19.530851547549418,-1.142423720245821,0.17524120228847095,-0.11547141710289067,-0.007317767272574391,-0.060879535750774386
610.0732575085005,20.044583797720357,-0.509629937626993,0.5878130173118474,0.4099728789012292,0.1422920899138019,0.13003341982370142
610.1732575085005,20.104076559901056,-0.4679824826377901,0.6020422263032147,0.4229762208835875,0.1422920899138019,0.13003341982370142
610.2732575085006,20.072196717739352,-0.6869117794863782,0.5393514866049935,0.20954648392959419,0.11455614558382214,0.04575161259773783
610.3732575085005,20.12670464712772,-0.6657283730304495,0.5508071011633653,0.2141216451893638,0.11455614558382214,0.04575161259773783
610.4732575085004,20.23005164723628,-0.6559341675515803,0.6019725844071417,0.20895395931385335,0.12892363316572106,0.04225984394580298
610.5732575085005,20.169996012924088,-0.6812530975766641,0.5130090978850623,0.17455147098717674,0.09173811979650318,0.028291606732376982
610.6732575085005,20.11597940072195,-0.22835517300370062,0.4341370134735957,0.5352799727165702,0.05989463815459247,0.15651096774002254
610.7732575085005,20.054788657108617,-0.1885158795310127,0.34970700949562394,0.5386164186252899,0.026305023686030354,0.15198046553122535
610.8732575085005,19.763240236029073,-0.4157434931541,0.08085824904964894,0.3224264295537901,-0.07175569354249775,0.06918699298082803
610.9732575085004,19.77096728246632,-0.38315491523384676,0.07368267969540569,0.3293451288518666,-0.07175569354249775,0.06918699298082803
611.0732575085005,19.773441320134975,-0.44136525014525635,0.06442647189724726,0.2608854899200243,-0.07204914513076505,0.04212888484219934
611.1732575085005,19.77952372159904,-0.41506605672906705,0.05722155738417731,0.2650983784042404,-0.07204914513076505,0.04212888484219934
611.2732575085004,19.98276167043366,-0.6467227511530207,0.22328284426991676,0.04902309256412965,-0.006939880964181078,-0.03902831842994985
611.3732575085005,20.00505525545586,-0.6420155834887513,0.22258885617349772,0.04512026072112934,-0.006939880964181078,-0.03902831842994985
611.4732575085004,20.075657276629904,-0.570043095261778,0.26217450996625974,0.09685800840909616,0.007633757121377056,-0.01908712170541518
611.5732575085004,20.015263613806145,-0.6386012266722659,0.18993608232719425,0.029925786930534253,-0.019017726703980286,-0.04259992815307814
611.6732575085005,19.8322276483344,-0.5722487776202461,0.019948288092237962,0.077934618641629,-0.0798092497770912,-0.023874341060296587
611.7732575085004,20.032035015645764,-0.7678741499693184,0.1828111821013889,-0.0974551758372939,-0.016343072037409007,-0.08752109681250295
611.8732575085005,20.019600602906607,-0.9169887295310247,0.15571711920465064,-0.22026502141531534,-0.02553936157287674,-0.12833235138163845
611.9732575085004,20.035044618019192,-0.9396568934294433,0.1531631830473653,-0.23309825655346753,-0.02553936157287674,-0.12833235138163845
612.0732575085003,20.249957883812503,-0.7511223233295167,0.31637621526148185,-0.06775986678208286,0.034309749465273466,-0.06353746862645747
612.1732575085005,20.28176705408602,-0.7582159973508674,0.3198071902080139,-0.07411361364473727,0.034309749465273466,-0.06353746862645747
612.2732575085004,19.865856021120706,-0.7050686601991606,-0.058390480532197656,-0.019518088093643422,-0.10620967096862555,-0.03861936582213013
612.3732575085004,19.85948592471264,-0.7072135658376361,-0.06901144762906262,-0.023380024675857314,-0.10620967096862555,-0.03861936582213013
612.4732575085004,19.828430655629468,-0.650699554248493,-0.09930111302473983,0.021317271181013214,-0.11332603241517367,-0.021216074644664806
612.5732575085003,19.807421622098328,-0.6636471079035328,-0.11949029597627098,0.006737202231050213,-0.11655939077146163,-0.025721112847948452
612.6732575085005,19.822851036663913,-0.6269911897484336,-0.10787188557455502,0.033854945304880625,-0.1081417773364656,-0.015084563076608985
612.7732575085004,19.787682321180927,-0.5590139439395011,-0.13923509633593084,0.08737651032077189,-0.11577546634114329,0.005160723280579187
612.8732575085003,20.059552561790326,-0.40306764408653156,0.0871915688787822,0.20872441231878608,-0.02980623438088152,0.04839583155222714
612.9732575085004,20.06812268750631,-0.3819532236968627,0.08421094544068998,0.2135639954740154,-0.02980623438088152,0.04839583155222714
613.0732575085003,20.166958349628008,-0.6430528696123594,0.15448652834841967,-0.01464991389817883,-0.003876701927198828,-0.03530011358737238
613.1732575085003,20.182387618953218,-0.6446943615701146,0.1540988581556997,-0.01817992525691687,-0.003876701927198828,-0.03530011358737238
613.2732575085004,20.120632900536954,-0.6521017883501563,0.08849128554072619,-0.022578164065141775,-0.02775633479055315,-0.03459972509320512
613.3732575085003,20.129343247417065,-0.6545326033821341,0.08571565206167339,-0.02603813657445914,-0.02775633479055315,-0.03459972509320512
613.4732575085004,19.89793831972987,-0.5467208365314858,-0.1167501314028228,0.06145093714017104,-0.10000652964445395,-0.002004219475734391
613.5732575085003,19.94152986162082,-0.6524383449424065,-0.07976757406356,-0.03181650024607847,-0.08285390858592494,-0.03565768948925509
613.6732575085002,20.076667118887986,-0.7995621411571753,0.03141696250236509,-0.15358312836064053,-0.039645325373780245,-0.07800378207509227
613.7732575085004,20.302156449772678,-0.5091540131342013,0.2192706069164415,0.09914738480818322,0.0316125438561271,0.01784430909310547
613.8732575085003,20.495491334910568,-0.29345972555417715,0.3647574910743998,0.269796187031961,0.08302182348501697,0.07826604893555106
613.9732575085003,20.532382193135444,-0.266088776606297,0.3730596734229034,0.2776227919255179,0.08302182348501697,0.07826604893555106
614.0732575085003,20.147076484124682,-0.45341899254265333,0.028366770630996404,0.10795807999846212,-0.044939291760121465,0.01456482912420251
614.1732575085002,20.14968846472898,-0.4425503603971961,0.023872841454988344,0.10941456291088104,-0.044939291760121465,0.01456482912420251
614.2732575085004,20.058073981313814,-0.15990270103661555,-0.05499458310403882,0.34246210505961844,-0.07080001573660101,0.09988640608912693
614.3732575085003,20.05222052292473,-0.12515705850024011,-0.06207458467769248,0.352450745668522,-0.07080001573660101,0.09988640608912693
614.4732575085002,20.10547156157669,-0.27022653266849095,-0.019354383956940877,0.21373633553363594,-0.05278172930736472,0.04659226692994182
614.5732575085003,19.899793070421385,0.03241514526463896,-0.19606322564644518,0.4522309925071754,-0.11536760370849555,0.13114825708340414
614.6732575085002,19.958908705272812,-0.19069452466369868,-0.14159333522269027,0.2441868041086233,-0.09149503657049898,0.0519168525600361
614.7732575085003,20.148144433797334,-0.0929424321020224,0.024963066575885,0.31156234637121455,-0.026222659192788572,0.07479400146192226
614.8732575085003,20.21507591122097,-0.17747776097469167,0.07600182154512924,0.2237561121283862,-0.006839822577610025,0.04069963468129278
614.9732575085002,20.222641894262587,-0.1548986515884673,0.07531783928736886,0.22782607559651177,-0.006839822577610025,0.04069963468129278
615.0732575085003,20.14969507860232,-0.3636506914299789,0.008494915538370673,0.04184307109913711,-0.03054810233979181,-0.027286917709052463
615.1732575085002,20.15039182964446,-0.359602818908614,0.005440105304394271,0.03911437932823435,-0.03054810233979181,-0.027286917709052463
615.2732575085001,20.193241957951344,-0.358244819134912,0.034621752143702784,0.03768032369351978,-0.019766852863706236,-0.025896285016596424
615.3732575085003,20.1966052989014,-0.35460626819063823,0.032645066857329465,0.035090695191856605,-0.019766852863706236,-0.025896285016596424
615.4732575085002,20.221212599184927,-0.42158900608398037,0.04852079461288624,-0.025365545656167988,-0.01330764432995719,-0.046635276420151986
615.5732575085002,20.130941843878983,-0.4958958053348856,-0.03289466133761743,-0.08955153919971442,-0.04254494755614634,-0.06815887972800659
615.6732575085002,20.119412378780808,-0.5648849819548919,-0.04383089046013991,-0.1454464584560432,-0.04496152452758855,-0.08574170626095935
615.7732575085001,20.41243024721305,-0.8462416301749295,0.2082044933370888,-0.38070562878781616,0.050336486088349876,-0.16913805286490047
615.8732575085003,20.684963284244834,-0.8563107887028731,0.42222723100751924,-0.37393700547216435,0.12582519838942544,-0.16066418991383105
615.9732575085002,20.727815133337494,-0.8945078101996232,0.43480975084645035,-0.39000342446353287,0.12582519838942544,-0.16066418991383105
616.0732575085001,21.26355677241262,-0.7150827782866673,0.8563699619663603,-0.22517808172431475,0.2737380780111927,-0.09565736824655391
616.1732575085002,21.350562458999434,-0.7380788733003636,0.8837437697675169,-0.23474381854898319,0.2737380780111927,-0.09565736824655391
616.2732575085001,21.34586197205726,-0.5856278794036559,0.8342691189534925,-0.10005670992583901,0.24643736047931183,-0.044186222098889776
616.3732575085002,21.430521070755027,-0.5958544815067367,0.8589128550014293,-0.10447533213572899,0.24643736047931183,-0.044186222098889776
616.4732575085002,21.328941357208276,-0.6048868395025913,0.7264413180033022,-0.10754840572533654,0.18959124617206746,-0.04370398683165013
616.5732575085001,21.14604716490361,-0.30993142937824325,0.5293113944918846,0.1426294354076461,0.11070149952662109,0.048341852559131475
616.6732575085002,21.00213592532539,-0.3301479802238355,0.3760733569274011,0.11891627804883102,0.051276302359259444,0.03811461375582348
616.7732575085001,21.062503109918172,-0.2814669468544609,0.40059732221553407,0.1538723589455078,0.0584817795911687,0.0495725729847164
616.8732575085,20.89548978778661,-0.30635412547980645,0.23410412081965773,0.12556228191573188,-0.003769454969054016,0.037669113395306285
616.9732575085002,20.91888135259376,-0.2936095517212391,0.2337271753227518,0.12932919325526765,-0.003769454969054016,0.037669113395306285
617.0732575085001,20.541431084858367,-0.16451549849355812,-0.09965281241100533,0.23032184217133114,-0.12409177892438096,0.0730218441727975
617.1732575085001,20.53084534472264,-0.1411182050555556,-0.11206199030344625,0.23762402658861256,-0.12409177892438096,0.0730218441727975
617.2732575085001,20.632290204032756,0.00670395814379876,-0.026536460748755666,0.34794967022525514,-0.08762710092241781,0.11031361591716135
617.3732575085,20.62919842245327,0.04205049324587744,-0.03529917084098948,0.3589810318169612,-0.08762710092241781,0.11031361591716135
617.4732575085002,20.70178007603454,0.04545525681476126,0.01967381029190749,0.342835962888165,-0.06456679418970514,0.100573772230253
617.5732575085001,20.840326119423597,0.05691385755189913,0.1285562982965523,0.33348337480226603,-0.022458793922473318,0.09355503758610273
617.6732575085,20.70787931101789,0.08378668712547654,0.005457194100017522,0.3371301973937644,-0.06616767307712225,0.09150987189990037
617.7732575085001,21.08438478644184,-0.4268197027702979,0.32317526460390067,-0.11730931693655144,0.05431835085862237,-0.07904289602598566
617.8732575085,21.04356997639159,-0.46689549831735044,0.2676011151399938,-0.14815926483046787,0.03228244823327424,-0.08725313353790194
617.9732575085001,21.070491500146762,-0.4821476904680903,0.27082935996332197,-0.15688457818426005,0.03228244823327424,-0.08725313353790194
618.0732575085001,20.93243540970538,-0.2785126836324314,0.13631224666973607,0.012050951002644562,-0.017599089358436532,-0.024395314072672508
618.1732575085,20.945978638925553,-0.2774295651025312,0.13455233773389402,0.00961141959537953,-0.017599089358436532,-0.024395314072672508
618.2732575085001,20.79028225184051,0.012970092012806501,-0.009175219173026732,0.2471280930561342,-0.06931060779622192,0.06212396700568944
618.3732575085,20.789018176884227,0.03799352115342533,-0.01610627995264262,0.2533404897566975,-0.06931060779622192,0.06212396700568944
618.4732575085,20.89777646726848,0.17921054159082997,0.06914494778635567,0.35460063218892374,-0.035957994720237904,0.09618841802033722
618.5732575085001,20.694365137295758,0.4260283841493519,-0.11149835911444415,0.5396796885668329,-0.10059446346413653,0.15963565592694007
618.6732575085,20.25817928221279,0.3794681163783764,-0.4749301917739074,0.47233393367893994,-0.22839834254936564,0.12978964445768248
618.7732575085,20.295868172519263,0.44213501107612746,-0.4233651673582435,0.4978941541354917,-0.2007579396767947,0.13441822944720663
618.8732575085,20.5225467901486,0.47586623687773527,-0.21902830795786699,0.49760101746439656,-0.11969809917080759,0.12950369270867754
618.9732575085,20.500045468856978,0.5262738570876719,-0.23099811787493685,0.5105513867352526,-0.11969809917080759,0.12950369270867754
619.0732575085001,20.96457788319416,0.5149454607083546,0.16392025642784266,0.4723435968821695,0.027659687394335983,0.1113480646825428
619.1732575085,20.981108207273902,0.5627365607199403,0.16668622516727374,0.48347840335041364,0.027659687394335983,0.1113480646825428
619.2732575084999,20.82213289217084,0.40964913331574776,0.020710744805542306,0.322335334796042,-0.02683744049967809,0.047861423626916116
619.3732575085,20.824069779448898,0.4421219739135312,0.018027000755570836,0.3271214771587401,-0.02683744049967809,0.047861423626916116
619.4732575085,21.01975300315756,0.26287089460433377,0.1768809336170801,0.15739033900439597,0.03160875043139037,-0.014684355945440639
619.5732575085,21.05077298545329,0.2660947840052572,0.1911407401968875,0.14556975963445126,0.03566074614586911,-0.018427739769226112
619.6732575085,20.94648859488236,0.020347915170462923,0.09184410992158255,-0.07021584885483322,-0.0015415175490676447,-0.0950739091988577
619.7732575084999,20.502519762828268,0.04750381847075788,-0.29888819059204436,-0.05023459230212247,-0.14663603930211264,-0.08422517430815685
619.8732575085,20.483567305695352,0.2506816362669716,-0.30385324128027846,0.11261439013025289,-0.14313283586355374,-0.022942134395082796
619.9732575085,20.452466317388033,0.26182836460801145,-0.31816652486662084,0.11032017669074669,-0.14313283586355374,-0.022942134395082796
620.0732575084999,20.24185450045579,0.021243093056426625,-0.4821571080431443,-0.09721208884131247,-0.1976827230210303,-0.09608333071321828
620.1732575085,20.1926503760363,0.011041467518714715,-0.5019253803452743,-0.1068204219126474,-0.1976827230210303,-0.09608333071321828
620.2732575084999,20.43467989597026,0.2445174939561976,-0.27055979144648323,0.0843640266450011,-0.1048252768461331,-0.0242275710550766
620.3732575084999,20.40709979044137,0.2528327587654242,-0.28104231913109895,0.08194126953949289,-0.1048252768461331,-0.0242275710550766
620.4732575085,20.18595501565713,0.23474614141018954,-0.45181503590847305,0.05800461583437123,-0.16282011232483323,-0.0319380019675648
620.5732575084999,20.57720943908299,0.15658392730344545,-0.09971499516564168,-0.014917515085476086,-0.028331266172078484,-0.05715209394227846
620.6732575085,20.700989896688185,0.11073070709244613,0.008902108177887343,-0.056871224637155514,0.01197684013621872,-0.07013473124010612
620.7732575084999,20.668036746128607,-0.2756472631101996,-0.019122313861875864,-0.3875439295626208,0.001121221315997064,-0.18920744232344672
620.8732575084998,21.087174033068777,-0.05087521742101708,0.33091928766976786,-0.18934226995261513,0.12751885247804629,-0.11151838751093554
620.9732575085,21.12090355609819,-0.07036703635386063,0.34367117291758986,-0.2004941087037239,0.12751885247804629,-0.11151838751093554
621.0732575084999,21.192385012289407,-0.5377012887260224,0.38739249629794836,-0.5823352808916786,0.13888900390718129,-0.2452931141835093
621.1732575084999,21.231818706938746,-0.5971612823861217,0.40128139668866963,-0.6068645923100351,0.13888900390718129,-0.2452931141835093
621.2732575084999,20.874150553264144,-0.20150071750825418,0.07146767153462336,-0.2517556538760779,0.011143394952497943,-0.10828328705014886
621.3732575084998,20.881353037392362,-0.22721769933108885,0.07258201102987213,-0.26258398258108295,0.011143394952497943,-0.10828328705014886
621.4732575085,21.12712440190734,0.03500230111200647,0.27223728473475,-0.03571980513006486,0.08297779031035377,-0.023095945991472147
621.5732575084999,20.874884491283122,-0.12054887754748192,0.04473810558688631,-0.16438770900208413,-0.0031069162104046116,-0.06878770425868054
621.6732575084998,21.12406423313417,-0.031158093455903667,0.24812841914913522,-0.08397195108881551,0.07056544655571986,-0.0375139706718018
621.7732575084999,21.291360638619977,0.3304037966605484,0.37769121298241753,0.22726147385387047,0.1160748681469884,0.0783674657947652
621.8732575084998,21.21753742480836,0.21847375939294505,0.2960719918891718,0.1242286447927984,0.08240055450870262,0.03869697400510815
621.9732575084998,21.247556626769825,0.23109010874225336,0.30431204734004397,0.1280983421933101,0.08240055450870262,0.03869697400510815
622.0732575084999,21.25296886882498,0.2517747265191165,0.292527792477464,0.13742746920259125,0.07546529474712325,0.04042234958956509
622.1732575084998,21.282598974546435,0.26571958518731054,0.3000743219521695,0.14146970416154409,0.07546529474712325,0.04042234958956509
622.2732575084999,21.847069888187793,0.39399093421004927,0.7601840757585465,0.2382891119997885,0.24145666793753587,0.07341791920201518
622.3732575084998,21.924295579103262,0.41818693500601584,0.7843297425522782,0.24563090391998335,0.24145666793753587,0.07341791920201518
622.4732575084997,21.913408722039993,0.31669138036956473,0.7331020537051433,0.14899902991241684,0.21418572026063004,0.036154480468717505
622.5732575084999,22.157008860335885,0.20144479345649055,0.8970872126136561,0.044175591509359985,0.26623390140013564,-0.003057530319870057
622.6732575084998,21.980003725086757,-0.05467854075589045,0.7005955562690402,-0.17033108039953954,0.18554007945063533,-0.07979615985913285
622.7732575084998,21.717114575794053,0.1391785320023385,0.43137264024873084,0.00149068246058822,0.07863482812764175,-0.013648077147081314
622.8732575084998,21.96778343000264,0.17979222002258233,0.6113888035445368,0.033401897152403125,0.14081790298192548,-0.0017415088568738142
622.9732575084997,22.029626399871947,0.18312370219353524,0.6254705938427165,0.0332277462667159,0.14081790298192548,-0.0017415088568738142
623.0732575084999,21.873324524023054,0.29828400887238904,0.4543646099533749,0.12488326009986012,0.0731512823042628,0.031135923267463044
623.1732575084998,21.919126741429874,0.3109280144987008,0.46167973818379454,0.12799685242660358,0.0731512823042628,0.031135923267463044
623.2732575084997,21.946083333138933,0.2880736884438069,0.4523091941210271,0.1002092302326439,0.06700433537026834,0.019650613027683585
623.3732575084998,21.991649274227953,0.2981928645322236,0.4590096276580631,0.10217429153541494,0.06700433537026834,0.019650613027683585
623.4732575084997,21.98676553411707,0.5037351412160864,0.42314750749406665,0.2646954672514172,0.051604713513090275,0.07719280776813592
623.5732575084998,21.913709183504217,0.6831816602546951,0.33089073099365934,0.39937819931777185,0.016039644073080006,0.12310338823154315
623.6732575084998,21.72066620868968,0.7627071648714995,0.14420037574305283,0.44373097066327155,-0.052060596336418824,0.13458276176439826
623.7732575084997,21.75145511112793,1.031837365873052,0.15332743667294196,0.6478788499301391,-0.04673603509303379,0.204736571031656
623.8732575084998,21.725559442919792,0.7261279350341563,0.11458312294651712,0.3633471107195455,-0.05904267776525287,0.09560190536380309
623.9732575084997,21.73672254182561,0.7629406556328959,0.1086788551699972,0.37290730125591715,-0.05904267776525287,0.09560190536380309
624.0732575084996,21.751150036475266,0.5526343829812982,0.10612794569868789,0.17858499308760947,-0.057790116201429036,0.02255134392316644
624.1732575084998,21.76147388046414,0.5706056390096997,0.1003489340785371,0.1808401274799292,-0.057790116201429036,0.02255134392316644
624.2732575084997,21.71756793317494,0.5580797905286505,0.04914350490245916,0.1558803469174479,-0.07444159790985092,0.012246886614161876
624.3732575084997,21.722110075675637,0.5737290596534697,0.04169934511147238,0.15710503557886438,-0.07444159790985092,0.012246886614161876
624.4732575084997,21.63598439881386,0.806992886539293,-0.040615517112144756,0.3371971823559994,-0.10153067987008704,0.07635173958247628
624.5732575084996,21.685096371504358,0.7103178918485091,-0.005542327389496603,0.23601970494880753,-0.08501948671460188,0.03700457364448515
624.6732575084998,21.76565102140399,0.5480745029695514,0.05382289545182158,0.08676829139668897,-0.060474026690474206,-0.017791255529098333
624.7732575084997,21.82196622058234,0.8832234903511177,0.0919365385318878,0.3628838681758212,-0.044068792978744026,0.08444490012820313
624.8732575084996,21.88019076526238,0.9081641549929961,0.1284623468950921,0.36166565469869294,-0.029283543201197956,0.08098746649729949
624.9732575084997,21.8928905822359,0.9447356577954023,0.1255339925749683,0.3697644013484339,-0.029283543201197956,0.08098746649729949
625.0732575084996,21.864867042151822,0.711451754518984,0.0900311942355662,0.15369156539452875,-0.040777364506439505,0.00020158931501177563
625.1732575084997,21.873666274752846,0.7268219190050155,0.08595345778492132,0.15371172432602992,-0.040777364506439505,0.00020158931501177563
625.2732575084997,21.746088537688703,0.8990405218366468,-0.039208909117689525,0.2836984920905253,-0.08682429133279171,0.047059736521787354
625.3732575084996,21.741733525320274,0.9276456697282821,-0.0478913382509608,0.28840446574269973,-0.08682429133279171,0.047059736521787354
625.4732575084997,21.511963692862132,1.0180072626494892,-0.24353243809162217,0.3435124739970607,-0.1544680904346617,0.06512347517784885
625.5732575084996,21.43274620227309,0.8738449409329674,-0.3045515425986773,0.2012215558467503,-0.1711056149844295,0.011315515231223691
625.6732575084995,21.350920930415704,1.0257951670931642,-0.3637093868128084,0.31069399311561646,-0.18631281861493715,0.05012921938707012
625.7732575084997,21.526544225233472,0.9341884355076991,-0.19881427960290157,0.21109954270491657,-0.11813523690430765,0.011644658462848068
625.8732575084996,21.491240396757718,0.9963574988938632,-0.2229544452969452,0.24592426321773997,-0.12258772930966906,0.02368870976070974
625.9732575084996,21.46833201358147,1.0210683687644464,-0.23521321822791488,0.2482931341938115,-0.12258772930966906,0.02368870976070974
626.0732575084996,21.743478255793566,1.0886548974792498,0.002806115290831194,0.288277677473543,-0.031714738973610185,0.037861752585115115
626.1732575084995,21.74360029362778,1.1176719739895031,-0.0003653586065269403,0.29206385273205104,-0.031714738973610185,0.037861752585115115
626.2732575084997,21.796177441560797,0.46052648245216155,0.04424191326665583,-0.27860320068528194,-0.013337386478525642,-0.1708119106749787
626.3732575084996,21.800534945955068,0.4318121028302853,0.04290817461880448,-0.2956843917527643,-0.013337386478525642,-0.1708119106749787
626.4732575084995,21.89302499432552,0.41540003627234123,0.11506510715296134,-0.30124327687244873,0.01325238429000277,-0.1666823963607443
626.5732575084996,21.63597323347866,0.7104620845963142,-0.10992515039109918,-0.0466465321538257,-0.06937083189738333,-0.06859170360916161
626.6732575084995,21.707628154280652,0.8735217861729405,-0.04777953077314917,0.08467715611769673,-0.04438575174261021,-0.01908695240235289
626.7732575084996,21.83002693786996,0.871785133869448,0.05759018080050902,0.07416603136392043,-0.003593452171199399,-0.022251745812939393
626.8732575084996,21.780120091192554,1.1404360933780866,0.010981883311325774,0.28649622024937704,-0.020298983871296673,0.05451879051914849
626.9732575084995,21.78111678460433,1.1693583093555935,0.008951984924197952,0.29194809930128696,-0.020298983871296673,0.05451879051914849
627.0732575084996,21.735277421194105,1.101361472506428,-0.031999213894487004,0.21392280872058544,-0.03441024223740238,0.023696696645268148
627.1732575084995,21.731905448593473,1.1228722368616932,-0.03544023811822411,0.2162924783851101,-0.03441024223740238,0.023696696645268148
627.2732575084995,21.876400907326694,1.300971589655346,0.08494170392974465,0.349605667887293,0.010513688961350897,0.07129564208390984
627.3732575084996,21.884947646164488,1.3362886346545435,0.08599307282588117,0.35673523209569374,0.010513688961350897,0.07129564208390984
627.4732575084995,21.803867762674276,1.3271983521903927,0.012333303237904564,0.3267574673487158,-0.01651766092560785,0.0579966334671963
627.5732575084995,21.93310196798027,1.6211012416700403,0.11859153383771903,0.5496700702077056,0.02287809917097828,0.13650569239624386
627.6732575084995,22.0224691146344,1.404778375827626,0.18530015221825705,0.33970830731640067,0.046177116112674214,0.05639537351536106
627.7732575084995,22.071822755492736,1.384668103562795,0.2162865574202653,0.29908632967129234,0.05597273063427889,0.039375979448293554
627.8732575084996,21.973662733565714,1.3784631163310854,0.12209489888339865,0.2732143111710113,0.01992808360397942,0.028709733658078176
627.9732575084995,21.985971863872063,1.4059280961164518,0.12408770724379478,0.2760852845368165,0.01992808360397942,0.028709733658078176
628.0732575084994,22.178635737805056,1.2908894903286081,0.27357752658257356,0.1612495720626039,0.07262958900095806,-0.01355968104479263
628.1732575084995,22.206356638408355,1.3069466491296664,0.28084048548267926,0.1598936039581228,0.07262958900095806,-0.01355968104479263
628.2732575084995,22.238743544081743,1.4874846492207037,0.29726763968183245,0.2863922476547594,0.07761403984111048,0.030141370039640736
628.3732575084995,22.26885837824914,1.5162745808363844,0.30502904366594524,0.28940638465872415,0.07761403984111048,0.030141370039640736
628.4732575084995,22.189356426739316,1.2432489348384725,0.22087671209404025,0.043956779535358766,0.04435859231824196,-0.058906307077381495
628.5732575084994,21.89870017960528,1.1478813137653159,-0.03836025579095315,-0.044696906210886636,-0.05190303088146432,-0.08883381660197923
628.6732575084995,21.80605122880614,1.0260646304353056,-0.11726055639975837,-0.14969633823616535,-0.07856166063120845,-0.12326790783004293
628.7732575084995,21.642321254328625,1.0776999284159667,-0.2557943574612532,-0.1048196398105776,-0.12710664199836938,-0.10222301284718725
628.8732575084994,21.833108063740436,0.7767967560845391,-0.0881549034683136,-0.35304771522538925,-0.06196257994778587,-0.18738439327072848
628.9732575084995,21.823982760493852,0.7405550625955959,-0.09435116146310064,-0.37178615455248765,-0.06196257994778587,-0.18738439327072848
629.0732575084994,21.648646728317253,1.0200786881417419,-0.23780395306128588,-0.12628435148097988,-0.11146914381204458,-0.09184659531938238
629.1732575084994,21.62430898729206,1.0069910200170438,-0.24895086744249287,-0.13546901101292022,-0.11146914381204458,-0.09184659531938238
629.2732575084995,21.91667688478587,1.2091358975067994,0.008494095562527122,0.03170583367093383,-0.013154465220969212,-0.029031963746446426
629.3732575084994,21.917460522016015,1.212161321055158,0.007178649040431397,0.02880263729629183,-0.013154465220969212,-0.029031963746446426
629.4732575084995,21.62463701096698,1.0512017546115613,-0.23848614107487226,-0.1087245343327234,-0.10156287038429457,-0.07728026016998388
629.5732575084994,21.342603576942878,1.2770199148122026,-0.4657346592619899,0.08080752972958478,-0.18081885888689914,-0.005950084865022895
629.6732575084993,21.480975757326465,1.6526687990664233,-0.3291191268468942,0.3824469362575208,-0.12486958013883839,0.10232701744348734
629.7732575084995,21.120143827596277,1.8340046227208302,-0.6237108978807241,0.5140109433646987,-0.22966771864056842,0.14696423476746515
629.8732575084994,21.11949591905278,1.725118471199677,-0.594425166935923,0.3965140331032575,-0.21079365124661797,0.09966384121575686
629.9732575084994,21.058999434102944,1.7652681937160908,-0.6155045320605895,0.40648041722483547,-0.21079365124661797,0.09966384121575686
630.0732575084994,21.888964742158226,1.5997281878844005,0.10858090080711848,0.24808730155969877,0.05942655313715409,0.039748561928827704
630.1732575084993,21.900119965004613,1.6247356608499917,0.11452355612082848,0.2520621577525779,0.05942655313715409,0.039748561928827704
630.2732575084995,21.83664070950965,1.404937387456182,0.05721034882577591,0.054138010357801344,0.03636204917155091,-0.03268486112945066
630.3732575084994,21.842543554638077,1.41018776418631,0.06084655374292769,0.05086952424485925,0.03636204917155091,-0.03268486112945066
630.4732575084993,21.933451356740488,1.19575458091609,0.13495558418524314,-0.13279990236279046,0.06185992864368056,-0.09733930351705947
630.5732575084994,21.810430344062254,1.4425909915667905,0.02586612399663544,0.07430115014167656,0.019775189206174125,-0.018930755020695106
630.6732575084993,21.838953822760264,1.190059277417634,0.04935064308129243,-0.14125149099905782,0.02755360697426963,-0.09547544185506718
630.7732575084993,22.182647064686762,0.8702837605132082,0.34397191077316613,-0.4104930208142609,0.1359778604200187,-0.19101563933023413
630.8732575084994,22.0920015251031,0.8282754770966413,0.2530816620148048,-0.42959778908379503,0.09823585564182787,-0.191016785881074
630.9732575084993,22.117800870582766,0.7843606142588972,0.26290524757897865,-0.44869946767188507,0.09823585564182787,-0.191016785881074
631.0732575084994,22.295239076601213,1.0312401047966768,0.4014875231715862,-0.22740640343088694,0.14573396592597498,-0.10492909706049307
631.1732575084993,22.336116498747963,1.0079748189683073,0.4160609197641704,-0.2378993131369267,0.14573396592597498,-0.10492909706049307
631.2732575084992,22.311228674645818,1.1251772739645858,0.3782911930852979,-0.13378537007470195,0.12782236854490603,-0.06435331762033902
631.3732575084994,22.349696905797128,1.1114769703689948,0.3910734299398059,-0.14022070183674462,0.12782236854490603,-0.06435331762033902
631.4732575084993,22.532773389274237,1.1474901779250872,0.5231930085789417,-0.10524194556037941,0.1709999924683719,-0.049510796501707574
631.5732575084993,22.64180208664939,1.2638211151180367,0.5873501968869265,-0.004437149873509799,0.18817962167693852,-0.011268975136379422
631.6732575084993,22.544882940885195,0.9431055804990596,0.47582171911183124,-0.26884123560811723,0.14103733978147492,-0.10558944172896484
631.7732575084992,22.58565676636937,1.0079360078120922,0.4834493397239343,-0.20090430134578682,0.13863155088967605,-0.07671117676451752
631.8732575084994,22.62286008282011,1.1019467183324947,0.4874766163427307,-0.11458759501475403,0.13507874436088183,-0.04308118243039766
631.9732575084993,22.67228313817614,1.0902725529188781,0.5009844907788066,-0.11889571325778987,0.13507874436088183,-0.04308118243039766
632.0732575084992,22.637829362904988,1.1739599760843065,0.44373927108615596,-0.045227809064883155,0.10952941587415464,-0.015345795940253083
632.1732575084993,22.682750937093036,1.1693604661981105,0.4546922126735864,-0.04676238865891056,0.10952941587415464,-0.015345795940253083
632.2732575084992,22.529703119554963,1.908243359362133,0.29523680724294504,0.5768969667239755,0.04654524580011357,0.21258312940889162
632.3732575084993,22.559459526508267,1.9669959716815888,0.29989133182295746,0.5981552796648695,0.04654524580011357,0.21258312940889162
632.4732575084993,22.440709935463605,2.0843465764866935,0.1805114369037804,0.6658568079795437,0.0016681650925060715,0.22922805478702446
632.5732575084992,22.39988998667203,2.1705993766461615,0.13107247847217737,0.7041900065922491,-0.0164419013413429,0.23480052534265725
632.6732575084993,22.36639295800023,1.7872814344606147,0.09070429745397265,0.3536479269794866,-0.030447172948110893,0.10080508784028114
632.7732575084992,22.31344986170326,1.676296801623617,0.03433969436803448,0.23876010906932935,-0.05025479237940711,0.054829827452356136
632.8732575084991,22.347416471607826,1.5658121578164708,0.05489871792810438,0.13371275341801658,-0.041013443083337556,0.015280718902636159
632.9732575084993,22.352701276185226,1.579259836752804,0.050797373619765024,0.1352408253082823,-0.041013443083337556,0.015280718902636159
633.0732575084992,22.338378672226213,1.9898592368176882,0.030778995431225583,0.4645052772918044,-0.046755763027495414,0.13310234797936044
633.1732575084992,22.3412227929542,2.036975276286776,0.026103419128474976,0.4778155120897435,-0.046755763027495414,0.13310234797936044
633.2732575084992,22.37719613720546,1.6609255604756255,0.051169547734928066,0.14518683656122977,-0.03549236219480291,0.010005133561064309
633.3732575084991,22.382135630167973,1.6754942697995405,0.047620311515451,0.14618734991733529,-0.03549236219480291,0.010005133561064309
633.4732575084993,22.16235454825017,1.6398488495002577,-0.1427369555328491,0.1058090264568329,-0.10308165805464051,-0.004824753764851685
633.5732575084992,22.16930236632476,1.6480666712528702,-0.13473181912038956,0.10338042022854191,-0.09639584132896649,-0.005528483823830871
633.6732575084991,22.327445233938302,1.6142701783915376,-0.0011206209089181657,0.06656343240000383,-0.044586457305990194,-0.018520306534537723
633.7732575084992,22.16137975814521,1.4892464996785426,-0.14842676166945792,-0.04726594461373934,-0.09765237776483762,-0.05971624627902801
633.8732575084991,22.295658908390024,1.3855084022601576,-0.03385109629400221,-0.13427733258910998,-0.05273934088122452,-0.08871326595677717
633.9732575084992,22.292010102056217,1.3716371026714593,-0.03912503038212586,-0.14314865918478972,-0.05273934088122452,-0.08871326595677717
634.0732575084992,21.94627125417612,1.2602614747572753,-0.3279959002372127,-0.23213399087740624,-0.15515946965188976,-0.11760939025218307
634.1732575084991,21.91269586680417,1.236460028718296,-0.3435118472023876,-0.24389492990261386,-0.15515946965188976,-0.11760939025218307
634.2732575084992,22.121353260588414,1.0547017977049808,-0.15682741487089,-0.3864399441569279,-0.0822146475335573,-0.1650065630545329
634.3732575084991,22.10525944586367,1.015232770474052,-0.16504887962423825,-0.4029406004623662,-0.0822146475335573,-0.1650065630545329
634.473257508499,22.203600504623793,0.965467782144759,-0.0773067384637341,-0.4265517192831172,-0.04749391029805563,-0.16755490336686663
634.5732575084992,22.069185851802956,1.2472372143651433,-0.18858699665974551,-0.1726724282065083,-0.08638617806195507,-0.06969209495958618
634.6732575084991,22.208672798200855,1.1240802071748017,-0.0650624962420913,-0.26641638758551167,-0.038586859735909876,-0.10077961512314673
634.7732575084991,22.19476365383573,1.112437153032418,-0.07513563823874413,-0.26330215437071985,-0.0408954464489332,-0.09592626864959321
634.8732575084991,21.95477619913556,1.2369771343497278,-0.27226422854645,-0.14864200827242557,-0.11062286162813313,-0.05146710497728503
634.973257508499,21.926996661972797,1.2218555979976127,-0.28332651470925324,-0.1537887187701494,-0.11062286162813313,-0.05146710497728503
635.0732575084992,21.97875803984501,1.4465361210465884,-0.2275612757810873,0.038904159372819394,-0.08652451413113846,0.019508396026228676
635.1732575084991,21.955569289696268,1.4505240789639977,-0.23621372719419328,0.04085499897544049,-0.08652451413113846,0.019508396026228676
635.273257508499,22.02175022234846,1.7087117209162332,-0.17371100056811134,0.2593641292903359,-0.06190462440207934,0.09929094242280634
635.3732575084991,22.00406959916961,1.7351445885574175,-0.1799014630083277,0.2692932235326301,-0.06190462440207934,0.09929094242280634
635.473257508499,21.720810766318877,1.860021520123744,-0.40669832973731646,0.35936702733472015,-0.14172256082535187,0.12801424892385754
635.5732575084991,22.066444476859434,2.0800736276262106,-0.09481381442607041,0.5248292271584649,-0.02268581967598743,0.18321710234275565
635.6732575084991,21.92004454359088,2.031631076132349,-0.21095610548730492,0.45941807124086503,-0.06387042354342426,0.1532193533621192
635.773257508499,22.01240987124233,2.0426166413848943,-0.1192728995876445,0.44434125969286825,-0.027438647178456066,0.14203579717281534
635.8732575084991,22.153546433829238,2.3786097283729255,0.005308582619187622,0.6973212432872186,0.018552397262162346,0.22747291835637407
635.973257508499,22.154170054077465,2.449479217293364,0.00716382234540217,0.7200685351228353,0.018552397262162346,0.22747291835637407
636.073257508499,21.883113098711917,2.712625713642265,-0.21962552585941847,0.8981687764285279,-0.06481439837234579,0.28291867275384175
636.1732575084991,21.860826474134083,2.8038571846490137,-0.2261069656966619,0.9264606437039506,-0.06481439837234579,0.28291867275384175
636.273257508499,22.12262588100311,2.917786901306194,0.008151182606974578,0.9784597326120476,0.023335756171134023,0.2934954720164123
636.373257508499,22.123557678044662,3.017100351927504,0.010484758224088512,1.0078092798136955,0.023335756171134023,0.2934954720164123
636.473257508499,22.039124860719483,2.8399465241896986,-0.058450991428555366,0.8073759072010925,-0.0024503060769246257,0.21114287169155904
636.573257508499,22.094941060793836,2.842545099103203,-0.006736210157353787,0.7625961657548699,0.016519171693337366,0.18731528137263057
636.6732575084991,22.2950331303453,2.7094412142528417,0.16196009753806548,0.6084215805424521,0.07693396898809458,0.12537073768444693
636.773257508499,22.405704629628147,2.850866416682605,0.2507528660333361,0.6889992164681633,0.10706129324743284,0.150402540901091
636.8732575084989,22.212213203205764,2.774547824282951,0.07936336734594537,0.5842029107967934,0.0412867375707644,0.10752355239000728
636.973257508499,22.220355973628223,2.833505733124661,0.08349204110302745,0.5949552660358088,0.0412867375707644,0.10752355239000728
637.073257508499,22.34321135755199,2.324587197894156,0.18439868275642993,0.13563897267363062,0.07674756180460186,-0.061568776434998945
637.173257508499,22.36203496363666,2.337843251279347,0.19207343893689185,0.12948209503012933,0.07674756180460186,-0.061568776434998945
637.273257508499,22.210233745971284,2.5460612050250404,0.05163767799867013,0.2846877528336396,0.02162120808987563,-0.003586603440474694
637.3732575084989,22.215505619811594,2.574512047291176,0.05379979880765573,0.2843290924895925,0.02162120808987563,-0.003586603440474694
637.473257508499,22.403223214642516,2.328305881018297,0.20768717491931069,0.05811952439870431,0.07651715193427816,-0.08452999798744942
637.573257508499,22.790497029130982,2.496518057646851,0.5237961878991839,0.18514340681181898,0.18912868076492786,-0.035540920906232884
637.6732575084989,22.805590906638933,2.292984158973025,0.5108860548251759,-0.0008298846716996745,0.17761928402456112,-0.10089357875878409
637.773257508499,22.857826736137756,2.1192593855670583,0.5288713321715661,-0.15825443049117682,0.17770225514904323,-0.1550975023384573
637.8732575084989,22.919650875427834,2.184127274506144,0.5533306594941506,-0.10688120596289681,0.1801184180414765,-0.13116595496993974
637.9732575084989,22.975884533467468,2.1727833241350023,0.5713425012983023,-0.11999780145989376,0.1801184180414765,-0.13116595496993974
638.073257508499,22.619792426169006,1.9447521316553986,0.24231290943582148,-0.31182769969848445,0.053917232348156985,-0.19565938874967992
638.1732575084989,22.644293303274306,1.9125910647418318,0.24770463267063228,-0.3313936385734346,0.053917232348156985,-0.19565938874967992
638.273257508499,22.937278687873075,1.832335964217782,0.46795821453160047,-0.39467397070661187,0.1293295761569481,-0.21295662029367812
638.3732575084989,22.984721157206977,1.7918037840456904,0.4808911721472835,-0.4159696327359603,0.1293295761569481,-0.21295662029367812
638.4732575084988,22.76851981383994,1.857071696963438,0.27323608855529136,-0.3485029682315193,0.04951828370778878,-0.18114481980454306
638.573257508499,22.69264612180979,1.7478548460462269,0.19103585451345562,-0.4277405833259461,0.017700826123030852,-0.20324723189638771
638.6732575084989,22.56291020628589,1.6616508511210686,0.06884139551211804,-0.4829373244921871,-0.027133320236147257,-0.21574031961434
638.7732575084989,22.751775667982066,2.039271261722,0.2230995235516525,-0.14115196004767872,0.031179463003599243,-0.08206210445309478
638.8732575084989,22.816062627191638,2.1551075676222635,0.2609749824637029,-0.04233580458610339,0.04373418479136168,-0.04376819141616482
638.9732575084988,22.842378796361942,2.1506551462065766,0.26534840094283507,-0.046712623727715896,0.04373418479136168,-0.04376819141616482
639.073257508499,22.943763704904583,2.460791278131576,0.33369486021826533,0.2102626368962389,0.06738332728972715,0.05053455509133965
639.1732575084989,22.97747010756283,2.482070214596637,0.3404331929472319,0.21531609240536825,0.06738332728972715,0.05053455509133965
639.2732575084988,22.927169755656326,2.5736376724063366,0.2747663201786967,0.2764911819770087,0.040645330898675516,0.07029168630345552
639.3732575084989,22.95484961432873,2.6016382490355934,0.27883085326856977,0.28352035060736386,0.040645330898675516,0.07029168630345552
639.4732575084988,23.12817026359979,2.478588709920713,0.40381826562120005,0.16574645471374327,0.08439662053250041,0.02556313598140495
639.5732575084988,23.108784070125893,2.280145775166968,0.36154800093654693,-0.010709103370675392,0.06588345058053048,-0.03916839782077299
639.6732575084989,23.261362937381882,2.445908653094567,0.4647710927609313,0.12270374535254558,0.10083325415748387,0.010030700606109312
639.7732575084988,22.95131504037248,2.386020732769427,0.16712151040598158,0.06225937304592689,-0.013485376371598648,-0.012575524809066214
639.8732575084989,22.776139623268904,2.6506340946126596,0.006351306234037724,0.2731802360977477,-0.07106989608813552,0.06334451044592979
639.9732575084988,22.776419404411868,2.6782688407746384,-0.000755683374769364,0.27951468714233496,-0.07106989608813552,0.06334451044592979
640.0732575084987,22.667535052646066,2.2803564954354933,-0.09767279167067719,-0.06665556816306206,-0.10343986239891842,-0.06356379414463703
640.1732575084989,22.657250574166987,2.273373119648454,-0.10801677791058314,-0.07301194757753443,-0.10343986239891842,-0.06356379414463703
640.2732575084988,22.23490444920247,2.3627858565295905,-0.47449246658296385,-0.007397734991051742,-0.23624744338165782,-0.039978035930658365
640.3732575084988,22.186273965327256,2.3618461928508316,-0.498117210921135,-0.011395538584118486,-0.23624744338165782,-0.039978035930658365
640.4732575084988,22.3786866401227,2.4711576895766973,-0.3190811345950284,0.07560699081484887,-0.16292242568137572,-0.007364149492187805
640.5732575084987,22.40547671723041,2.6675232916400136,-0.2852339901007042,0.2319964593842661,-0.14461754824046885,0.049453308169056846
640.6732575084989,22.48639319577519,2.901150591356894,-0.20799840777166728,0.40974949542932293,-0.1114534532407677,0.1113625966192016
640.7732575084988,22.715683937444457,2.8666074001809796,-0.0031037273849869604,0.3561480209460429,-0.031197493429268225,0.08754588831411564
640.8732575084987,22.878738326845703,2.809397034228774,0.12967857320175508,0.288337120584807,0.017891532195651032,0.060149818717559464
640.9732575084988,22.891795641826874,2.8385314953808827,0.13146772642132262,0.2943521024565711,0.017891532195651032,0.060149818717559464
641.0732575084987,22.87877371867908,3.14823716026912,0.10813380582237342,0.5293173260185793,0.00791583044538434,0.1418725187731839
641.1732575084988,22.889626678413546,3.201878255464856,0.10892538886691203,0.5435045778959009,0.00791583044538434,0.1418725187731839
641.2732575084988,22.643275372625485,3.0017891428384678,-0.1057834363382793,0.34079810340809513,-0.07042582958339462,0.06214072335654042
641.3732575084987,22.63234489984375,3.0361796567960284,-0.11282601929661236,0.34701217574374355,-0.07042582958339462,0.06214072335654042
641.4732575084988,22.783888217965256,3.074519503231754,0.01599430668145649,0.3559631638555679,-0.021269065242261083,0.06312161493551095
641.5732575084987,22.587151021916558,3.1579454148100536,-0.15314111491778684,0.4018093703577587,-0.08224050065746845,0.07741731134246256
641.6732575084986,22.5811141903701,2.897006032450219,-0.15330067580421908,0.1616554552011931,-0.07932382397338904,-0.011392635248126393
641.7732575084988,22.604642706853305,3.017025531451082,-0.12739795802109655,0.24894157966518637,-0.06675453996516667,0.021138649640069736
641.8732575084987,22.80651984381111,3.163909517202181,0.044572060046535154,0.35111794147331116,-0.0022262112131646583,0.056942236301019584
641.9732575084987,22.8109659187597,3.1993060225310255,0.044349438925218636,0.3568121651034144,-0.0022262112131646583,0.056942236301019584
642.0732575084987,22.786006565640083,3.253780743251462,0.01881967454319828,0.37620578427283835,-0.01161325739142072,0.06144190787674733
642.1732575084986,22.787830466807442,3.2917085312180947,0.017658348804057263,0.3823499750605075,-0.01161325739142072,0.06144190787674733
642.2732575084988,22.637388457236113,3.041575411361204,-0.11518337150445149,0.1491478108439804,-0.06067859579787907,-0.024892133136636824
642.3732575084987,22.62556672710669,3.0563657317799056,-0.12125123108423387,0.14665859753031898,-0.06067859579787907,-0.024892133136636824
642.4732575084986,22.514109923971823,2.8996260653934964,-0.209770567509685,0.003306289102118603,-0.09051048920138396,-0.07537648672509648
642.5732575084987,22.87921729647401,2.850937306914683,0.10683482153864508,-0.04470438860625545,0.02838009830083199,-0.09001172416765463
642.6732575084986,22.986469578227148,2.880897532591665,0.18993655570066753,-0.025027063447995213,0.057409008642362806,-0.07973749839546077
642.7732575084987,22.822592222998914,2.9035907837878945,0.03780867317617115,-0.011220460555683069,-0.0012371181272234424,-0.07172460893236612
642.8732575084987,22.804157136218887,3.1532288057844573,0.019226428878596904,0.18776650472206727,-0.007904503752504628,0.002041758224985757
642.9732575084986,22.806040256587984,3.172015665047772,0.01843597850334716,0.18797068054456567,-0.007904503752504628,0.002041758224985757
643.0732575084987,22.37622911498322,3.0662869001571846,-0.34479376147111435,0.08377699327997862,-0.13990504848234536,-0.035917042806519126
643.1732575084986,22.341050213593732,3.0744850142711426,-0.35878426631933613,0.08018528899932997,-0.13990504848234536,-0.035917042806519126
643.2732575084985,22.449214742221546,2.883851725278371,-0.25362628078365645,-0.08691008383385039,-0.09717901448332825,-0.09459905154815652
643.3732575084987,22.423366219070726,2.874687721637232,-0.2633441822320025,-0.09636998898867895,-0.09717901448332825,-0.09459905154815652
643.4732575084986,22.7431992690783,3.0848403583187127,0.015563344568919332,0.07531608268767123,0.007248987760816089,-0.029677593319263534
643.5732575084986,22.54391042928912,2.6220092116468585,-0.15295384867482864,-0.3188938576352718,-0.054537881480473255,-0.17115260403011573
643.6732575084986,22.40565629609035,2.7102526601226624,-0.26052893392932447,-0.23653379531203403,-0.09147200087672647,-0.13551503543790014
643.7732575084985,22.261854531814063,2.961955899626564,-0.3707727963462537,-0.01518764318427794,-0.12902804930933562,-0.049097291280668184
643.8732575084987,22.519640673805814,2.89713760543487,-0.13807851695089066,-0.0718624772983835,-0.04031620447594725,-0.06761947972123662
643.9732575084986,22.505631241088356,2.889613260306433,-0.14211013739848172,-0.07862442527050102,-0.04031620447594725,-0.06761947972123662
644.0732575084985,22.59590417832654,3.1558568925213106,-0.05612892830611357,0.13892040749313653,-0.006967715169105923,0.012411838408434829
644.1732575084986,22.590256446920073,3.1698109924626854,-0.05682569982302511,0.1401615913339817,-0.006967715169105923,0.012411838408434829
644.2732575084985,22.239548838581793,3.339710671809063,-0.3528606794194119,0.27340331686330976,-0.11612991977406334,0.060811119647772055
644.3732575084986,22.203682121040973,3.367355059093639,-0.36447367139682085,0.2794844288280883,-0.11612991977406334,0.060811119647772055
644.4732575084986,22.10891989184534,3.3848599635302086,-0.42415647477393087,0.27672662238730183,-0.13352213085945883,0.05764331276575478
644.5732575084985,22.069697152255213,3.2462260646279804,-0.4342562106676009,0.14387565658059917,-0.13233471713400607,0.007519370122681099
644.6732575084986,22.16856825675661,3.145705060771347,-0.32849411530591766,0.05012028253765566,-0.08929769541075602,-0.02633838160801124
644.7732575084985,22.095303910825596,2.89128305110532,-0.3718737478512389,-0.17317285967099189,-0.10209535552806709,-0.10751790308345979
644.8732575084985,22.11636528787574,3.153847433989714,-0.33324850469874023,0.04628948955652908,-0.08445580038896214,-0.02514446492821247
644.9732575084986,22.082618158403875,3.1583506606207314,-0.34169408473764795,0.0437750430637044,-0.08445580038896214,-0.02514446492821247
645.0732575084985,21.985340023340118,3.2208161360425716,-0.4065029783032419,0.09044504564241028,-0.10598398141527113,-0.007159290760334433
645.1732575084985,21.94415980560271,3.229824844153013,-0.4171013764447714,0.08972911656637668,-0.10598398141527113,-0.007159290760334433
645.2732575084985,22.33959605844202,3.1888482334672257,-0.05485008548396213,0.05651921562015056,0.03132177536013117,-0.016390688630538885
645.3732575084985,22.33426765877043,3.194418201586083,-0.051717907947951856,0.05488014675709816,0.03132177536013117,-0.016390688630538885
645.4732575084986,22.34203354644795,3.117596958039488,-0.03794414410121465,-0.014383400165352042,0.0351720237802996,-0.040626831239853944
645.5732575084985,22.729258580614314,3.001386776534096,0.294857801641882,-0.11377305345107162,0.15538723229394763,-0.0750975114985736
645.6732575084984,22.660998220214193,2.781749717434205,0.22838798634289323,-0.29220266761360947,0.12572727654189683,-0.13633047033651094
645.7732575084985,22.70027219368488,2.8516519518268226,0.25458478848184807,-0.22090507135624107,0.1307884367168214,-0.10508488560706114
645.8732575084985,22.73000622286385,2.8719673928817553,0.27067354968650736,-0.19616844492720162,0.13187564562192822,-0.0924737518785466
645.9732575084985,22.757732956060618,2.8518881796296376,0.2838611142487032,-0.20541582011505838,0.13187564562192822,-0.0924737518785466
646.0732575084985,22.312860173062937,3.129576755010702,-0.09756934411331605,0.02892780868608978,-0.010945732548981794,-0.005707167410427552
646.1732575084984,22.30304850998887,3.1324410000422565,-0.09866391736821324,0.028357091945047545,-0.010945732548981794,-0.005707167410427552
646.2732575084985,22.62106461448602,2.7845733436799196,0.1781870934957339,-0.2712935508402976,0.0910173217877356,-0.11591964469020566
646.3732575084985,22.639338410444516,2.7568643903724643,0.18728882567449917,-0.2828855153093076,0.0910173217877356,-0.11591964469020566
646.4732575084984,22.44313621690025,2.969264635813457,0.01705889679032387,-0.09605617263303104,0.026133062568010124,-0.0448068282263714
646.5732575084985,22.504929087049895,2.9300533288983153,0.0701852482470083,-0.12498388172819555,0.04457435504729916,-0.05364698777919062
646.6732575084984,22.33360390853016,3.2725053790425136,-0.07399238066411953,0.16170780299539175,-0.009182357520531828,0.05098378007941007
646.7732575084984,22.357543118685726,3.7534300188055227,-0.04785960460354243,0.5620822536346695,0.0008667290306884779,0.1964039905045718
646.8732575084985,22.407185283225555,3.760406158712468,-0.002541333705263869,0.5404986756422131,0.01720478334401345,0.18165354672077783
646.9732575084984,22.40701717377175,3.8153642940102426,-0.0008208553708640885,0.5586640303142744,0.01720478334401345,0.18165354672077783
647.0732575084985,22.637475724154402,3.6869711997231054,0.1943450264669024,0.4242020555505824,0.08763786785722968,0.12684710166010701
647.1732575084984,22.65734841614036,3.7300256407864243,0.2031088132526174,0.4368867657165815,0.08763786785722968,0.12684710166010701
647.2732575084983,22.216047879575026,3.5352025017676967,-0.18304113737524522,0.24900377199618173,-0.058153711987013745,0.05386041905250594
647.3732575084985,22.19745299727754,3.560372181062612,-0.18885650857395453,0.25438981390143967,-0.058153711987013745,0.05386041905250594
647.4732575084984,22.348983428702454,3.5484755349737465,-0.05254045067027831,0.22884922210819597,-0.006728924894277698,0.042776528629212926
647.5732575084984,22.536394691604247,3.66789245952418,0.1091350412715528,0.313268431388265,0.05254119095381938,0.07175609193647679
647.6732575084984,22.717513610441294,4.0835568499631885,0.25584589965811705,0.6361466160037057,0.10370172500911701,0.18485823504080678
647.7732575084983,22.93461451878781,3.9951678609998806,0.43084214725854086,0.5244948849789204,0.16485809463853035,0.13698124001345394
647.8732575084985,22.97908089066854,3.8417818548051335,0.44779159956775516,0.3686471772673771,0.16502556654588882,0.07631566529575548
647.9732575084984,23.024685178458004,3.879028150858316,0.46429415622232906,0.3762787437969457,0.16502556654588882,0.07631566529575548
648.0732575084983,23.096479203838896,3.592642348492423,0.5013210377358359,0.11912607530069233,0.17247845669757092,-0.01806311268606227
648.1732575084984,23.14747369989604,3.604464640459078,0.5185688834056166,0.11731976403208363,0.17247845669757092,-0.01806311268606227
648.2732575084983,23.176172615947895,3.782903866786846,0.5206326179977798,0.2572640269803646,0.1683496312176275,0.03403495404398558
648.3732575084983,23.229077625903773,3.808800444255108,0.5374675811195464,0.26066752238476393,0.1683496312176275,0.03403495404398558
648.4732575084984,23.122006321053444,3.986011880798577,0.4197037283805998,0.3882338179074799,0.11965023030197178,0.07853403805608963
648.5732575084983,23.060847517832055,4.103358497389572,0.3442786540476363,0.46109581066113164,0.08774587096488391,0.10204144923150948
648.6732575084984,23.011518998881332,3.988553209934482,0.2829709979166303,0.33857826220325493,0.062399287908618,0.054493189804813214
648.7732575084983,23.150711644180735,4.2150865396360775,0.3845258189408774,0.507757377738081,0.09780748662251591,0.11472861288343206
648.8732575084982,22.876816568357437,4.0087231214790195,0.13430807648570986,0.30765728710580453,0.00389372594333319,0.03902521992288656
648.9732575084984,22.890266844635743,4.039683976289257,0.13469744908004372,0.3115598090980985,0.00389372594333319,0.03902521992288656
649.0732575084983,22.766064625734707,4.224518597242561,0.019116651985602265,0.44251363836825414,-0.03843586362230909,0.08479325801127348
649.1732575084983,22.767784111615153,4.269193927369453,0.015273065623370483,0.4509929641693834,-0.03843586362230909,0.08479325801127348
649.2732575084983,22.482935193517562,3.9940027555793063,-0.227649178540347,0.18616429278515423,-0.12517174800362915,-0.015862349714849927
649.3732575084982,22.45954441692353,4.0125398731092305,-0.24016635334069852,0.18457805781367068,-0.12517174800362915,-0.015862349714849927
649.4732575084984,22.493648658658554,3.6477861330571555,-0.2037706844300186,-0.1320995866027464,-0.10747451812402382,-0.1287889194041697
649.5732575084983,22.747376498904284,3.6700850671030283,0.016867297161179323,-0.11489748589606122,-0.02300037018939935,-0.1179114911418055
649.6732575084982,22.7407987154013,3.765719577933195,0.007783778147632451,-0.03812767192388677,-0.02545374613555589,-0.08618405050541733
649.7732575084983,22.744306756536883,3.705300355455673,0.0077008689993351845,-0.09454994244447608,-0.02453897338098359,-0.10377086806690591
649.8732575084982,22.885697822028686,3.5998473946404763,0.12221899988191331,-0.18331195114913174,0.017712360529697768,-0.13181795296484086
649.9732575084982,22.89800828381953,3.5808571097607342,0.1239902359348835,-0.19649374644561882,0.017712360529697768,-0.13181795296484086
650.0732575084983,22.598303233978054,4.169586235546476,-0.1338080567087416,0.29222041212723265,-0.07612772141291642,0.0483758932272203
650.1732575084982,22.58454178970013,4.199050156225309,-0.14142082885002633,0.29705800144995026,-0.07612772141291642,0.0483758932272203
650.2732575084983,22.540646751464013,4.257883315037615,-0.17116790206182386,0.3246553183592627,-0.08347865555411385,0.05625234641949639
650.3732575084982,22.52311256798008,4.290630108605608,-0.17951576761722765,0.33028055300120723,-0.08347865555411385,0.05625234641949639
650.4732575084981,22.680928197085994,4.256973644289586,-0.04117140178989623,0.2808325242828173,-0.03040371769795041,0.03651447186482194
650.5732575084983,22.63633017105748,4.330983101347328,-0.07818874311587913,0.3225449915333623,-0.04280802297525382,0.05027751553150883
650.6732575084982,22.760117995743364,4.165891144789488,0.027255267509622233,0.16511024929453358,-0.0031239467241771027,-0.00792554536337977
650.7732575084982,22.79255793877744,3.841607716689429,0.052567978948434214,-0.1256554726995553,0.006395435063817239,-0.11460531160536366
650.8732575084982,22.523619251216992,3.830750154377159,-0.1747028461565881,-0.13524337533086928,-0.07592781120613987,-0.11393526218680546
650.9732575084981,22.505769327545316,3.8166561405331514,-0.18229562727719517,-0.14663690154953946,-0.07592781120613987,-0.11393526218680546
651.0732575084983,22.354741705322546,3.6927715101748264,-0.30258303524644103,-0.24575278384477015,-0.11737410318187079,-0.14494057441406333
651.1732575084982,22.323896531282024,3.667471528918303,-0.3143204455646174,-0.2602468412861633,-0.11737410318187079,-0.14494057441406333
651.2732575084981,22.307118709206346,3.666950728374102,-0.32039385282499927,-0.2521499938714137,-0.11731685168970413,-0.1365554595325731
651.3732575084982,22.27449273966535,3.6410529516892614,-0.3321255379939857,-0.26580553982468963,-0.11731685168970413,-0.1365554595325731
651.4732575084981,22.453484265315275,3.7237988333316845,-0.16668658833951286,-0.18898851555819604,-0.05321447663852273,-0.10413071960110334
651.5732575084982,21.867810778550883,3.731466152901659,-0.6511690116285311,-0.17686397674885734,-0.22814647017011264,-0.09598101366466982
651.6732575084982,22.050743448266793,4.016839507159957,-0.4665628871628413,0.06310445976004166,-0.1531287828093556,-0.006572461190485726
651.7732575084981,22.30856852749932,3.8216811441299408,-0.2187752745893561,-0.1089693450316036,-0.055390494031915566,-0.06963580794605462
651.8732575084982,22.276410238191357,3.7705985009635925,-0.23262848721012014,-0.1486381068359217,-0.058393643516769525,-0.08133812219439196
651.9732575084981,22.252855421252782,3.7553279996690425,-0.2384678515617918,-0.1567719190553535,-0.058393643516769525,-0.08133812219439196
652.073257508498,22.130298065805526,4.125031716098204,-0.3253579471532269,0.15300394253377553,-0.08748399194011164,0.0327970252395817
652.1732575084982,22.097324851130455,4.1404960954778005,-0.33410634634725,0.15628364505773817,-0.08748399194011164,0.0327970252395817
652.2732575084981,22.171393836340755,4.453775006930116,-0.2506902086954174,0.41715631004401516,-0.05347924005587448,0.12877635887709366
652.3732575084981,22.146057419270928,4.496134519728914,-0.25603813270100606,0.43003394593172745,-0.05347924005587448,0.12877635887709366
652.4732575084981,22.25296816484623,4.617127446463584,-0.15083109692296418,0.5065213431868577,-0.013479183032422237,0.15157365494629924
652.573257508498,22.06275355488582,4.819616195135776,-0.2996700842285317,0.6473838811917529,-0.06732519312333296,0.19702923589173213
652.6732575084982,21.857978934998897,4.978483029554407,-0.4516285852279732,0.7436680698678266,-0.11984894574938137,0.22446488538364628
652.7732575084981,21.890885104181606,4.939219488447783,-0.3958072104939909,0.6684631285390121,-0.09465982995140888,0.1885393830250799
652.873257508498,22.034532902043775,4.795758690843283,-0.2525986631291406,0.5138885622700433,-0.03951243565533834,0.126484540414288
652.9732575084981,22.009075473552553,4.84777996977243,-0.2565499066946798,0.5265370163114894,-0.03951243565533834,0.126484540414288
653.073257508498,22.242131054512825,4.666784615296954,-0.043208059941718086,0.34527251057687314,0.039593753016875705,0.05663656278448863
653.1732575084981,22.23800821728374,4.701595049168572,-0.03924868464002962,0.3509361668553233,0.039593753016875705,0.05663656278448863
653.2732575084981,22.947660730238645,4.353108028448746,0.5762316591534784,0.034488549768538296,0.2658469415978899,-0.060627287683612856
653.373257508498,23.00661313086193,4.356253746987179,0.6028163533132432,0.028425821000182525,0.2658469415978899,-0.060627287683612856
653.4732575084981,22.710913580190415,4.255148051307914,0.33190249672213973,-0.06287560804413565,0.1582085414960657,-0.09117624502871018
653.573257508498,22.70231375019782,4.076229716222542,0.3118488620311148,-0.21525146836945444,0.1451114902563892,-0.14297909613251084
653.673257508498,22.615056931868207,4.162801586249779,0.2271676865728125,-0.1400855744330835,0.10923668980351817,-0.1109282080515114
653.7732575084981,22.643316582310796,4.197460063613929,0.24239814229909462,-0.10929207641512433,0.11083660307357004,-0.09551842810544289
653.873257508498,22.415090474358916,4.666320634193698,0.043196862912936826,0.27543834248103727,0.0348798180324764,0.04556059321746034
653.973257508498,22.419584559740375,4.694092271407896,0.04668484471618526,0.27999440180278434,0.0348798180324764,0.04556059321746034
654.073257508498,22.36598066555093,4.707273091369779,0.0025098987878516632,0.2713773687065479,0.017901584946068208,0.04062254021809802
654.173257508498,22.366321163354446,4.734613940941499,0.004300057282456856,0.275439622728354,0.017901584946068208,0.04062254021809802
654.2732575084981,21.997551110698037,4.452025442896622,-0.30233578886150575,0.014027375749482436,-0.0939706102732551,-0.05742358386351845
654.373257508498,21.966847678760548,4.453141062552252,-0.3117328498888227,0.008285017363135814,-0.0939706102732551,-0.05742358386351845
654.4732575084979,22.32586403821697,4.490279865776239,0.004135257984093402,0.03264070721473354,0.023714071890408778,-0.04663665270648436
654.573257508498,22.37176368319322,4.455696213030457,0.04472871130858255,-0.0033201615867045828,0.037668168879643846,-0.057953868538178785
654.673257508498,22.164596388837033,4.379880987994801,-0.12782606873498947,-0.07093866098170121,-0.026101907468100455,-0.0801023306229342
654.773257508498,22.03628269451137,4.115860439708469,-0.22990307656539824,-0.29724574762423267,-0.06305249034356036,-0.16041271766829843
654.873257508498,21.805898320569383,3.90434150502256,-0.40831146239218497,-0.46187519413370515,-0.12521766957747912,-0.21357938609032856
654.9732575084979,21.764441085982316,3.8570860886787814,-0.4208332293499215,-0.48323313274271856,-0.12521766957747912,-0.21357938609032856
655.073257508498,22.008925039915052,4.23698094441172,-0.19379818283133804,-0.14961329947110388,-0.03840292035463441,-0.08580640892402722
655.173257508498,21.989353207030163,4.221590582420005,-0.19763847486679798,-0.1581939403634988,-0.03840292035463441,-0.08580640892402722
655.2732575084979,21.934077821571073,4.502469021653856,-0.23291370003843057,0.07692266164025408,-0.05035240712352185,0.0013531977090190444
655.373257508498,21.91053468953158,4.510168053806438,-0.23794894075078962,0.07705798141115616,-0.05035240712352185,0.0013531977090190444
655.4732575084979,22.28778084802098,4.403993835556892,0.0911343436354754,-0.01646821717785716,0.07053552122174532,-0.032214439056809256
655.5732575084979,22.03984096128792,4.629025906483785,-0.11867601278943084,0.16905268456419284,-0.008637111310986892,0.03603567984518082
655.673257508498,22.104282735602414,4.684441152964701,-0.05598545662698825,0.2041705379782682,0.014348504450580012,0.047325841845674045
655.7732575084979,22.050427383067404,4.7118216267848405,-0.0962062639732973,0.2146274397485584,-0.0011260113787350153,0.04943179139712452
655.873257508498,22.326944478435085,4.701948900828538,0.1414947957229669,0.1936424148978808,0.08477439186527408,0.04015436251206128
655.9732575084979,22.34151782996669,4.721513914130869,0.14997223490948658,0.1976578511490833,0.08477439186527408,0.04015436251206128
656.0732575084978,23.191170698440573,5.079189816393079,0.8540690899337001,0.47976590571041905,0.3368003695477982,0.1399411084993156
656.173257508498,23.278261609281802,5.127866112506684,0.8877491268885259,0.4937600165603697,0.3368003695477982,0.1399411084993156
656.2732575084979,23.251432356339393,4.9956302193707876,0.8265719971296804,0.3578678271328492,0.3032702413615459,0.08623210595934044
656.3732575084979,23.33560590725919,5.031848162613878,0.8568990212658419,0.3664910377287852,0.3032702413615459,0.08623210595934044
656.4732575084979,23.118418961239215,5.231490343157495,0.6337866537214969,0.5088066363660934,0.21157295216664557,0.13414652800494303
656.5732575084978,23.02760504655891,5.154445879321137,0.5241458384218641,0.4152230170788956,0.16382120403455327,0.095455450137756
656.673257508498,23.174462294165817,5.116483034197775,0.6184582407208642,0.3590244496580798,0.1920061803095153,0.07190226878371606
656.7732575084979,22.866734726698162,5.110696360852694,0.31828628004142473,0.33043242659347344,0.07336356879547484,0.05873814710654368
656.8732575084978,22.865953842927464,5.224177682053539,0.29821601846352014,0.40210190521409217,0.06346405516454257,0.08228064133778307
656.9732575084979,22.89609276504968,5.2647992757816935,0.30456242397998307,0.4103299693478817,0.06346405516454257,0.08228064133778307
657.0732575084978,22.238298596980396,5.2706633719989995,-0.26497018359323954,0.3920084695064432,-0.14564509918898766,0.07349582251503538
657.1732575084978,22.211073353125123,5.3102316980622275,-0.2795346935121416,0.3993580517579484,-0.14564509918898766,0.07349582251503538
657.2732575084979,22.36127837290267,4.592587291490965,-0.14963647952600556,-0.23261169662634723,-0.09464241070979654,-0.16016083282665114
657.3732575084978,22.345841512896534,4.5685253176642195,-0.1591007205969766,-0.2486277799089978,-0.09464241070979654,-0.16016083282665114
657.4732575084979,22.484128007145582,4.3874164489664045,-0.03978608414121789,-0.39248347069775114,-0.04804873047538567,-0.20597765903439524
657.5732575084978,22.395139280446124,4.1979245299432515,-0.11600936403475384,-0.5372345826672674,-0.07412214822006435,-0.2508720922470996
657.6732575084977,22.297929920975978,4.14924755025506,-0.1943717424984818,-0.5571413202514883,-0.0997826312865557,-0.24901616046052727
657.7732575084979,22.159319568847668,4.150128527965178,-0.3066385001470631,-0.5328224938822244,-0.1377814293257808,-0.23090819089481793
657.8732575084978,22.263742370587547,4.259067020981144,-0.2075736134984581,-0.42178807314727956,-0.09702152633997418,-0.18291653768875904
657.9732575084978,22.242499901605996,4.215973630977962,-0.21727576613245772,-0.4400797269161596,-0.09702152633997418,-0.18291653768875904
658.0732575084978,22.21480118195027,4.504446496268531,-0.23050131047612618,-0.18251802153883517,-0.0980136232508568,-0.08357902235032334
658.1732575084977,22.191260982786428,4.485776799002913,-0.24030267280120293,-0.1908759237738599,-0.0980136232508568,-0.08357902235032334
658.2732575084979,22.411562686896275,4.642503708341661,-0.03929794673433009,-0.04715663682262508,-0.019759647518094572,-0.02705491851286701
658.3732575084978,22.407534093985255,4.637652770066839,-0.04127391148613775,-0.04986212867390932,-0.019759647518094572,-0.02705491851286701
658.4732575084977,22.063429842687153,4.928594139970514,-0.3262341526261575,0.19091714716563263,-0.12214661608489731,0.060208328794858795
658.5732575084978,22.142956061134658,4.563301233948706,-0.2434484879227116,-0.12313998463948547,-0.08746391587914504,-0.055533366968553585
658.6732575084977,22.26954227752299,4.568450326217073,-0.1261990171592622,-0.1141070906966332,-0.04189510354150241,-0.05030777150750713
658.7732575084977,22.37974720295216,4.788132197220369,-0.024342000718685287,0.07772973888253336,-0.0025002471273248075,0.022118896279366855
658.8732575084978,22.31603160537276,4.851748510404497,-0.07551258823643911,0.12569621029690872,-0.020893205980156558,0.03849044591877669
658.9732575084977,22.308375880519225,4.86451058366377,-0.07760190883445287,0.12954525488878288,-0.020893205980156558,0.03849044591877669
659.0732575084978,22.475406058804307,4.580482887227201,0.06538931426940926,-0.1113686233888306,0.03146593118414812,-0.049350048890163714
659.1732575084977,22.48210231988716,4.569099274643878,0.06853590738782121,-0.11630362827784249,0.03146593118414812,-0.049350048890163714
659.2732575084976,22.159553367635063,4.773018488763885,-0.21282606186421846,0.060475686958993406,-0.07434978485766111,0.016977852762465304
659.3732575084978,22.137899012524322,4.779150946723605,-0.22026104034999472,0.06217347223524225,-0.07434978485766111,0.016977852762465304
659.4732575084977,22.071270878697874,4.935304950277787,-0.2645223851956137,0.18711070408454683,-0.08767398810683356,0.061146013285869674
659.5732575084977,22.087224801570322,4.947414672219222,-0.2371933737770372,0.18747826606362253,-0.07449591785079604,0.059067856857366055
659.6732575084977,21.946292661530755,4.838689389510556,-0.34189839499863367,0.0883354194158597,-0.1096702031812993,0.021433261911887
659.7732575084976,21.99938084427672,4.753200727791749,-0.2771655361464175,0.010121898167226029,-0.08154871763506673,-0.008129644808003336
659.8732575084978,22.16018770727917,4.859525751771118,-0.1282997727353258,0.09580035883323543,-0.024831471738340223,0.02281804621851633
659.9732575084977,22.147233572646957,4.869219877885525,-0.13078291990915758,0.09808216345508498,-0.024831471738340223,0.02281804621851633
660.0732575084976,21.64718006330951,4.926425183549384,-0.5405053224355841,0.13931794471041242,-0.172722775646364,0.036800578063218334
660.1732575084977,21.592265917187643,4.94054098091076,-0.5577776000002441,0.14299800251673928,-0.172722775646364,0.036800578063218334
660.2732575084976,21.607184788938653,5.076568891353203,-0.5122912290646136,0.25394045028383594,-0.14911307020691772,0.07730758268686891
660.3732575084977,21.555210100681144,5.102349474295027,-0.5272025360853088,0.26167120855252457,-0.14911307020691772,0.07730758268686891
660.4732575084977,21.674352444534517,5.305108904391449,-0.398399371575969,0.414315184506,-0.09711552014178867,0.12924347203598457
660.5732575084976,21.86415823174661,5.169453725752358,-0.214225878657802,0.27935674043979714,-0.026332006560092797,0.07576835995615419
660.6732575084977,22.012001042870278,5.240613543352894,-0.07585652739295598,0.3221604516624831,0.024664261949840192,0.0883885771898184
660.7732575084976,21.599630374742926,5.441700845060947,-0.42239132969857673,0.47432811339812836,-0.1049849939071357,0.14111857094164593
660.8732575084975,21.55557428877783,5.305772588269451,-0.43396363322537435,0.3373278527906503,-0.10537286148367443,0.08704880482257164
660.9732575084977,21.511651061147813,5.339940617572676,-0.4445009193737562,0.34603273327291934,-0.10537286148367443,0.08704880482257164
661.0732575084976,21.522167003224197,5.314150443949105,-0.40849026753486756,0.30515848152789254,-0.08843378452774896,0.06939649242652085
661.1732575084976,21.480875807548063,5.3450132745640335,-0.41733364598764444,0.3120981307705462,-0.08843378452774896,0.06939649242652085
661.2732575084976,21.623114255468064,5.425758114002431,-0.27026935625426296,0.35963566197201513,-0.03134945642353462,0.08398868547822101
661.3732575084975,21.595930572560547,5.46214162362699,-0.2734043018966136,0.3680345305198296,-0.03134945642353462,0.08398868547822101
661.4732575084977,21.658315382288514,5.1339328589727,-0.20170302844031804,0.07589868947010925,-0.0042728509304410835,-0.023720864227442115
661.5732575084976,21.815275180664468,5.233711274395718,-0.05288064801937168,0.15033083008825704,0.05021518722464144,0.004051905098527077
661.6732575084975,21.929406161137152,5.1389933702203825,0.05133378397406695,0.060483464242811,0.08609020062361131,-0.02828155791105967
661.7732575084976,22.262377682743647,5.092814827256243,0.342144172702521,0.013331968160407468,0.19092420824749684,-0.044587906608061244
661.8732575084975,22.299627821163252,5.177401027877415,0.36296619525355606,0.07740392884481434,0.19154895572928504,-0.020066764600666025
661.9732575084976,22.33688218546726,5.185041086938894,0.38212109082648893,0.07539725238474729,0.19154895572928504,-0.020066764600666025
662.0732575084976,22.341216427350442,5.283206968118044,0.371333032732784,0.14797391076941968,0.1804581640546771,0.0066613889573344034
662.1732575084975,22.379252021443957,5.298037666139759,0.3893788491382353,0.1486400496651525,0.1804581640546771,0.0066613889573344034
662.2732575084976,22.361342281475615,5.358705092851158,0.35512667131571696,0.1858776330687887,0.16033926841769344,0.019467284976020148
662.3732575084975,22.39765664494924,5.377390192582901,0.3711605981574717,0.18782436156638896,0.16033926841769344,0.019467284976020148
662.4732575084975,22.415175807419846,5.329570779820535,0.3702105477415079,0.13491707766528313,0.1541942699470367,-0.00019201155889854438
662.5732575084976,22.329380708781958,5.224850132835567,0.2815081319780017,0.036540005873471115,0.11618148833409436,-0.03575867966833306
662.6732575084975,22.151484771709157,5.35465719492815,0.1211337609706168,0.13683262073724872,0.053977105477078825,0.0014527621244532704
662.7732575084975,22.25861557379421,5.195877567497581,0.20819688816011953,-0.00978955265059011,0.08431470784698182,-0.052542293185537485
662.8732575084975,22.37664449054451,5.174302447899681,0.29706855183654884,-0.031736816473310794,0.11337041886959545,-0.05851526534148357
662.9732575084975,22.406918197822485,5.170836189925645,0.3084055937234981,-0.037588343007453826,0.11337041886959545,-0.05851526534148357
663.0732575084976,21.977978082208388,5.423691529813149,-0.06834823051051069,0.16825240015633083,-0.02838203489135971,0.017482555004761185
663.1732575084975,21.971001348982888,5.44060418260379,-0.07118643399964407,0.17000065565680536,-0.02838203489135971,0.017482555004761185
663.2732575084974,21.919912567949122,5.37498643019865,-0.11683738942933362,0.10804238363384085,-0.045665943979301966,-0.0041343428897699305
663.3732575084975,21.908000499286278,5.3857699968476,-0.12140398382727005,0.10762894934486329,-0.045665943979301966,-0.0041343428897699305
663.4732575084975,21.788507086644156,5.760572457562561,-0.21516315855004683,0.4066219422628565,-0.07793684621694218,0.10317083825430354
663.5732575084975,21.955928887106527,5.634139524767718,-0.06344864588613754,0.2774781961914339,-0.019703625326191077,0.052741146973487654
663.6732575084975,21.781049558656015,5.547270028130187,-0.20562154983805495,0.18829856072894424,-0.07041055474408653,0.018902583721194355
663.7732575084974,21.821361668501094,5.457817504632147,-0.15989001921522308,0.09796300610924116,-0.050806249777740536,-0.015026859674221835
663.8732575084975,21.746843534351914,5.4096044211754375,-0.2134030645550275,0.04889838185709086,-0.06830046951511506,-0.032045103600249855
663.9732575084975,21.72516172554886,5.414334033843141,-0.2202331115065328,0.04569387149706879,-0.06830046951511506,-0.032045103600249855
664.0732575084974,21.955569081417547,5.37631253262587,-0.01671092762622464,0.008181875102301162,0.0077973032784880575,-0.044184786386914934
664.1732575084975,21.953936975171317,5.376909796204166,-0.01593119729837477,0.003763396463603641,0.0077973032784880575,-0.044184786386914934
664.2732575084974,21.999043397714814,5.232483167775208,0.02671182204811913,-0.11974804985919899,0.023799736584488376,-0.08692332023676892
664.3732575084974,22.00183357860255,5.220073746188102,0.02909179570656851,-0.12844038188287785,0.023799736584488376,-0.08692332023676892
664.4732575084975,22.080683125147075,5.499583787112412,0.09460104261049562,0.10365935367394401,0.04664063431183517,-0.0006251179208901225
664.5732575084974,21.977429714146513,5.726954306118011,0.004107778938054532,0.28415825262006744,0.011900616288329724,0.06466673648361547
664.6732575084975,21.85411322383416,5.585974866827922,-0.09773966637885531,0.15108440166983145,-0.025364867911906057,0.014675594153135761
664.7732575084974,21.395127066125912,5.614190215320732,-0.48735473487799935,0.1636431439520687,-0.16915934763972687,0.018755988232230684
664.8732575084973,21.5079544755445,5.607504424275606,-0.369292860751408,0.1465184441166112,-0.12040416607435664,0.011957448708776366
664.9732575084975,21.470423168638934,5.622216055930831,-0.3813332773588601,0.14771418898749045,-0.12040416607435664,0.011957448708776366
665.0732575084974,21.824806368637926,5.510887931729191,-0.06298404251128906,0.04347623081855576,-1.6561591791863783e-06,-0.026291860771175762
665.1732575084974,21.818507956106,5.5151040955071915,-0.06298420812720698,0.04084704474143759,-1.6561591791863783e-06,-0.026291860771175762
665.2732575084974,21.78145019718566,5.906155754793581,-0.09380142728402614,0.36260580821120153,-0.012628989114363845,0.09167974700084752
665.3732575084973,21.772006909511695,5.942874734349671,-0.09506432619546137,0.37177378291127794,-0.012628989114363845,0.09167974700084752
665.4732575084975,21.513410129621814,6.309977310369531,-0.30366859410977654,0.6518982285755693,-0.08764748308034692,0.18878866169649938
665.5732575084974,21.270874847025734,6.026077451799292,-0.49081549308580125,0.3795313813413965,-0.1527712031122238,0.08347284345077252
665.6732575084973,21.55203183141265,6.032359213808573,-0.23057318047092046,0.3614957017236474,-0.05312433296840005,0.07402100492315336
665.7732575084974,21.40486291240827,5.956808153277703,-0.34263174616507097,0.2735286282373388,-0.09277908344128528,0.03893513378572432
665.8732575084973,21.467626530390945,5.753606859935332,-0.27088517056855105,0.08798563829156933,-0.06351232131026256,-0.028847566800785866
665.9732575084973,21.440220451727534,5.7622611859304875,-0.2772364026995787,0.08510088161149008,-0.06351232131026256,-0.028847566800785866
666.0732575084974,21.421532018829662,6.3323378552706435,-0.27526898173441894,0.5435875660270852,-0.060357744976943135,0.13638620041347824
666.1732575084973,21.393703331931363,6.387378542875369,-0.28130475623210777,0.5572261860684207,-0.060357744976943135,0.13638620041347824
666.2732575084974,21.130031133728615,6.283320230369627,-0.4824217221094515,0.4402294111910762,-0.13072510921558156,0.0899391497651939
666.3732575084973,21.081135335971638,6.3277928672375205,-0.49549423303099777,0.4492233261675874,-0.13072510921558156,0.0899391497651939
666.4732575084972,21.188835632336865,6.17564853883254,-0.37709558152030453,0.2957780055315339,-0.08315732931205584,0.031722057483927535
666.5732575084974,21.247172266147803,5.948816364638234,-0.30414233931926793,0.08547214716019919,-0.05348766805967623,-0.04547261342651317
666.6732575084973,21.3769611764589,5.7627776545426785,-0.175918765595395,-0.07887431090083377,-0.005178677545915597,-0.10272153384174851
666.7732575084973,21.38759020654898,5.816354453962881,-0.1520899676462261,-0.03640499530321213,0.0038657808494108794,-0.08331819514125018
666.8732575084973,21.323049713177724,5.5119752533422295,-0.19271884704162157,-0.2912904808041753,-0.010949366120874283,-0.17153811594225393
666.9732575084972,21.303723081642975,5.481988514682128,-0.193813783653708,-0.3084442923983851,-0.010949366120874283,-0.17153811594225393
667.0732575084974,21.321491385556456,5.618165300619246,-0.16373478210596246,-0.1874874893189737,0.00038601557526174793,-0.1220161562333141
667.1732575084973,21.30511983742375,5.5988064709062,-0.16369618054843632,-0.199689104942294,0.00038601557526174793,-0.1220161562333141
667.2732575084972,21.632669865696755,5.607798576912056,0.12746229567753595,-0.1890390922388971,0.10707890635670428,-0.11423999503592037
667.3732575084973,21.64595148979631,5.588323467712959,0.13817018631322098,-0.2004630917425047,0.10707890635670428,-0.11423999503592037
667.4732575084972,21.58018529046877,5.947532549837816,0.08217089539866208,0.10048572769771522,0.08294348022018687,-0.002287749274403908
667.5732575084972,21.5441515752488,5.962944715201819,0.052834652984024046,0.10472925122029186,0.06920531175964179,-0.0006705451439189716
667.6732575084973,21.597725875676378,5.879846957998904,0.09966343521700682,0.02773229984495572,0.08363889369798913,-0.02823109384120627
667.7732575084972,21.739514369973318,6.014448114833451,0.22128787771572467,0.13721132080523799,0.1257136637330523,0.013084332405491374
667.8732575084973,21.84579515374929,6.113241751640462,0.30327554181844835,0.2083075161136107,0.15078744606224337,0.03805524824184821
667.9732575084972,21.876876645161417,6.134262779493013,0.31835428642465896,0.21211304093779207,0.15078744606224337,0.03805524824184821
668.0732575084971,21.885403859551364,6.674135079745149,0.311176517727213,0.6435742412172749,0.14213051447655556,0.19170113103942313
668.1732575084973,21.91723216389651,6.739451009522164,0.3253895691748879,0.6627443543212433,0.14213051447655556,0.19170113103942313
668.2732575084972,21.761678006319265,6.523001256447959,0.1761764241922425,0.4415193659528538,0.08123011119588046,0.10353604011338477
668.3732575084972,21.77970179929447,6.567670873243822,0.1842994353118324,0.4518729699641946,0.08123011119588046,0.10353604011338477
668.4732575084972,21.752349009827164,6.563110608014136,0.15396533708956373,0.42088798464970645,0.06731588636469596,0.08872057720823295
668.5732575084971,21.648919538180834,6.594854382444848,0.06030274680342519,0.4207833580693859,0.030663999522302546,0.08547456599227728
668.6732575084973,21.4297476361161,6.589156817436528,-0.12421203271417336,0.38969868146813086,-0.03717832010482146,0.07127614143148565
668.7732575084972,21.456568033551314,6.477190666853679,-0.09394626398154926,0.268080543476971,-0.02455387013765749,0.023911183967474582
668.8732575084971,21.140635177831527,6.439354471472924,-0.35106345532494704,0.21730290350375758,-0.11653997222296493,0.004886751158042109
668.9732575084972,21.104946132437867,6.46110919557912,-0.36271745254725946,0.21779157861956247,-0.11653997222296493,0.004886751158042109
669.0732575084971,21.207167444837896,6.191574848405871,-0.2583689945835797,-0.024360326332356474,-0.07450232034205478,-0.0829163283504345
669.1732575084972,21.18095803377782,6.188724234130882,-0.2658192266177869,-0.03265195916740181,-0.07450232034205478,-0.0829163283504345
669.2732575084972,21.388770481084105,5.9954776461572745,-0.0764349519688112,-0.20167541661323635,-0.0028916796737332943,-0.14188986759872824
669.3732575084971,21.381112527488863,5.974600655157977,-0.07672411993618426,-0.21586440337309626,-0.0028916796737332943,-0.14188986759872824
669.4732575084972,21.44530851099206,5.874552796211878,-0.017163242626057257,-0.2939973118527899,0.01876275562833167,-0.16480692441415568
669.5732575084971,21.27567837533188,5.9289011482708,-0.156832970050564,-0.24010971661728794,-0.03291283094611088,-0.1393614209983878
669.673257508497,21.312290645023122,5.985535023479628,-0.1164575427147104,-0.18716776058564755,-0.01711993032323618,-0.11540198317844534
669.7732575084972,21.570005032631382,6.0685591480349865,0.1140728912072477,-0.11163817617143358,0.06915500332787622,-0.08336941909661569
669.8732575084971,21.478932521713666,6.090077650030027,0.03553008445187208,-0.09280189100910038,0.03828670495646629,-0.07364650570733931
669.9732575084971,21.482676963683637,6.080429228400578,0.03935875494751958,-0.100166541579836,0.03828670495646629,-0.07364650570733931
670.0732575084971,21.47863782036912,6.5164054313027435,0.037459563431460695,0.26042881520133365,0.03650419411857607,0.05849385838689645
670.173257508497,21.482566297682855,6.542740782114787,0.041109982843314984,0.266278201040018,0.03650419411857607,0.05849385838689645
670.2732575084972,21.290461733328065,6.360119970882252,-0.1307423928352913,0.10524130707971424,-0.03039750495608226,0.00021432045201477679
670.3732575084971,21.277235506519766,6.370645173192474,-0.13378214333089675,0.1052627391249157,-0.03039750495608226,0.00021432045201477679
670.473257508497,21.35821713070674,6.229544618142708,-0.058130846357932836,-0.01941598363202385,-0.0019261781866673246,-0.04447734774150084
670.5732575084971,21.06594948224783,6.132662144852713,-0.2996526020066175,-0.10267430034858593,-0.09003057175252603,-0.07297562442576332
670.673257508497,21.069514071453334,5.982133886356665,-0.2803714194123922,-0.2249925765055131,-0.07980103571765249,-0.11418241282496756
670.7732575084971,20.674396321839257,5.954440688948593,-0.6044041159802963,-0.2403448896894367,-0.19721031725419313,-0.1156297393983286
670.8732575084971,20.710058013479653,6.088180782844113,-0.5434352089897048,-0.12190595843950745,-0.16806439582507637,-0.06911346581578975
670.973257508497,20.65487417060161,6.0756446196710945,-0.5602416485721972,-0.12881730502108013,-0.16806439582507637,-0.06911346581578975
671.0732575084971,20.634601967025564,6.045953635765627,-0.5470134627865191,-0.14920873793306275,-0.15731197486632953,-0.07392963164359363
671.173257508497,20.57911406087263,6.030663113814117,-0.5627446602731377,-0.1566017010974154,-0.15731197486632953,-0.07392963164359363
671.273257508497,20.81367409929459,6.150847800195744,-0.3427309654178001,-0.052040736512838796,-0.074011346276501,-0.0338225834056859
671.3732575084971,20.77903094602138,6.145474613627424,-0.3501321000454603,-0.055422994853412,-0.074011346276501,-0.0338225834056859
671.473257508497,20.958247869385954,6.496243645826374,-0.17885597858084318,0.234367483882918,-0.009363858307845724,0.07124848655100147
671.573257508497,20.815540941516943,6.5038489123128365,-0.2849145768621543,0.2280233255939995,-0.04774185468878418,0.06637803036234562
671.673257508497,20.697710017736625,6.641277813103083,-0.36385435978773883,0.32863279410403734,-0.07456526086532977,0.10004388418686774
671.773257508497,21.02452901050269,6.636798943406761,-0.057934012229491724,0.30643434737190306,0.04185002697017104,0.08819661239845336
671.8732575084971,21.243024185391373,6.625224073361364,0.1324832565275667,0.28023226544917357,0.10911877299382895,0.0756654038449301
671.973257508497,21.256818104909083,6.65362562692548,0.1433951338269397,0.2877988058336597,0.10911877299382895,0.0756654038449301
672.0732575084969,20.980944506066418,6.421690751383024,-0.08672953372725732,0.08069911187370081,0.02217199204596512,-0.0012718452106159003
672.173257508497,20.97238241265391,6.429754303344352,-0.08451233452265779,0.08057192735263904,0.02217199204596512,-0.0012718452106159003
672.273257508497,21.041066295805575,6.717261506699661,-0.015264548669949496,0.3063985697283813,0.04724880201193593,0.07862165578319233
672.373257508497,21.03977608494864,6.748294471951422,-0.010539668468754829,0.31426073530670234,0.04724880201193593,0.07862165578319233
672.473257508497,20.984884684298844,6.675292974518983,-0.0508368191143973,0.23591742762262627,0.030959313012885917,0.04772621372362966
672.5732575084969,20.78274725775033,6.840618598214365,-0.21388858934114977,0.35842126702041704,-0.029697856764105496,0.09029837526554266
672.673257508497,20.74737613956647,6.687869083078957,-0.22837331440988046,0.2120221867701507,-0.033862454731494684,0.03461513075140448
672.773257508497,20.864587277719743,6.6896674217204035,-0.11090213687060554,0.19882423847047453,0.01103445014667586,0.028486193164645776
672.8732575084969,21.0082737221967,6.956895447644075,0.01879029244327778,0.4046177826800594,0.05748193161305251,0.10110237240245808
672.973257508497,21.0104401610991,6.99786273777415,0.024538485604590873,0.414728019920319,0.05748193161305251,0.10110237240245808
673.0732575084969,21.332578196300567,6.902658146119181,0.2963742517840747,0.313651780862989,0.1538217890806538,0.061685831098791596
673.1732575084969,21.362984730424383,6.934331753360981,0.3117564306921436,0.31982036397286956,0.1538217890806538,0.061685831098791596
673.273257508497,21.206598117064896,6.75976945701785,0.16163325279509022,0.15558742659156596,0.09146796205457189,0.000529885906976538
673.3732575084969,21.22321878215466,6.775330849106528,0.17078004900053909,0.15564041518226357,0.09146796205457189,0.000529885906976538
673.473257508497,21.07940217221351,6.680841209391304,0.04558435227179393,0.06518208349787927,0.042861301724175564,-0.03190874177483556
673.5732575084969,20.894322002125048,6.512952988760623,-0.11008011977475454,-0.08299102902190239,-0.01553343227152948,-0.0843350002892361
673.6732575084968,20.704005324983864,6.571412526112647,-0.2608215790620675,-0.036189707817373545,-0.0694901665394857,-0.0645468289474467
673.773257508497,20.560196782786676,6.742990162601141,-0.3689426098837807,0.10671783573622007,-0.10707420716523845,-0.00959716742326134
673.8732575084969,20.182205079354848,6.850766422371223,-0.6626910742837485,0.18551680098001372,-0.20931114217454005,0.0189414656562592
673.9732575084969,20.114889416215586,6.86941280979751,-0.6836221885012073,0.18741094754564008,-0.20931114217454005,0.0189414656562592
674.0732575084969,20.46493423813537,6.497914365405287,-0.3541864346552875,-0.13343607364905297,-0.08220718433831349,-0.0972207419566772
674.1732575084968,20.429104558748183,6.484084654330611,-0.36240715308911137,-0.14315814784471184,-0.08220718433831349,-0.0972207419566772
674.273257508497,20.395582490171,6.9693049352591965,-0.3730258216111137,0.26943843922809535,-0.08449371906607081,0.05728020891973856
674.3732575084969,20.357857439414595,6.99653518022658,-0.3814751935177131,0.275166460120064,-0.08449371906607081,0.05728020891973856
674.4732575084968,20.13841028261221,6.839951975954383,-0.5405238552277251,0.1292535626949887,-0.13898227563214968,0.002933158455054291
674.5732575084969,20.1804967685357,6.688388715565558,-0.4728398635397975,-0.007328188506888182,-0.10919825527923291,-0.04656150883143028
674.6732575084968,20.141997415886458,6.367879185475042,-0.47599307292369775,-0.2747093702223683,-0.10638931007293548,-0.14068416207429743
674.7732575084967,20.111287600216183,6.538187900366721,-0.47161600457169656,-0.11987404388258897,-0.10081106855428865,-0.07854526856799948
674.8732575084969,20.182708973537803,6.615678678009898,-0.38272391434613157,-0.053947782782106365,-0.0650610720663223,-0.052145599172791046
674.9732575084968,20.144111276742894,6.610023171735829,-0.3892300215527579,-0.05916234269938073,-0.0650610720663223,-0.052145599172791046
675.0732575084969,20.561628561873633,6.746324988214557,-0.01249551076575258,0.05291367252170579,0.0744298355317348,-0.010068465346974356
675.1732575084968,20.560751159974718,6.751566013139988,-0.005052527212585871,0.05190682598700927,0.0744298355317348,-0.010068465346974356
675.2732575084967,20.54797355796178,7.152568547992327,-0.008641560438092825,0.37817220674771507,0.07029502363527244,0.10771653409676563
675.3732575084969,20.547460877036144,7.190924351337634,-0.0016120580745559911,0.38894386015740634,0.07029502363527244,0.10771653409676563
675.4732575084968,20.39855469496695,7.130019821980066,-0.1187210516424075,0.3171970490105176,0.02538028687645867,0.07814249031428772
675.5732575084967,20.471193414424157,7.108456998830804,-0.04508977923426215,0.28035244210362176,0.051334994132063744,0.061993638198678605
675.6732575084968,20.381972877622804,7.311697390239465,-0.11068205200395413,0.4303484509719146,0.025755666526437612,0.11350955853752465
675.7732575084967,20.106664649911085,7.118902298116441,-0.3359729625502601,0.240531521829806,-0.0588936607281607,0.039500838575908484
675.8732575084969,20.422839295468815,7.370897412918812,-0.05092223165828568,0.43145162634893636,0.04619648237580548,0.10640100146298524
675.9732575084968,20.41797805471487,7.414574580560981,-0.04630258342070934,0.4420917264952252,0.04619648237580548,0.10640100146298524
676.0732575084967,20.819011319656497,7.1298749006471445,0.2959343185777239,0.1814961977814376,0.16839482613064563,0.009087711998116935
676.1732575084968,20.849446725644963,7.148069958985304,0.31277380119081144,0.18240496898125055,0.16839482613064563,0.009087711998116935
676.2732575084967,20.549919219227792,7.108636672358164,0.04588318875965284,0.13098002190061636,0.06357425593813448,-0.011043225247444069
676.3732575084966,20.554825409383444,7.121679458421976,0.0522406143534605,0.12987569937587295,0.06357425593813448,-0.011043225247444069
676.4732575084968,20.52199599084973,7.230465795428364,0.026649849451877008,0.2076025583046805,0.052015032868323374,0.017209321915912307
676.5732575084967,20.467491821804046,7.093924387809779,-0.016532628839890505,0.07836894025393139,0.034351018511768194,-0.030144458679150884
676.6732575084968,20.31047219777555,6.986072843694825,-0.14256418619154035,-0.01963918130964626,-0.012473073859974121,-0.06417645315429311
676.7732575084967,19.993012700356147,7.035939513093958,-0.4050965099810399,0.018322667842430827,-0.1095369383307123,-0.047849445599627616
676.8732575084966,19.995178391179248,7.0863042504725104,-0.38012755839213447,0.053577551921729326,-0.09656136023937557,-0.0335227046148456
676.9732575084968,19.956682828538785,7.091494392141616,-0.3897836944160852,0.05022528146024019,-0.09656136023937557,-0.0335227046148456
677.0732575084967,19.957202795020038,7.002015804179695,-0.3668759049451055,-0.0290849871884788,-0.08497279433683116,-0.06031363874316315
677.1732575084966,19.920090340553877,6.998805737267134,-0.3753731843787809,-0.03511635106278963,-0.08497279433683116,-0.06031363874316315
677.2732575084967,19.881892187023716,7.104972862348259,-0.3889473978875074,0.05120046845695016,-0.08819374451227902,-0.02667776218053884
677.3732575084966,19.84255647851244,7.109959520383047,-0.39776677233872726,0.0485326922388987,-0.08819374451227902,-0.02667776218053884
677.4732575084968,19.970912072052823,7.117880490952284,-0.2662311738060817,0.04849752147493687,-0.03741169969157618,-0.025734254695519473
677.5732575084967,19.771112605100278,6.810063189404274,-0.4157153877916164,-0.2141236757571074,-0.09061954116885353,-0.11976875067514016
677.6732575084966,19.94979528744289,7.048083259826123,-0.2410652080501169,-0.012306058971455201,-0.024176535853342174,-0.04317572579974259
677.7732575084967,19.885362971414775,6.777789134216381,-0.2781365414880015,-0.2454057243049503,-0.037049911184691184,-0.12734358308559413
677.8732575084966,19.67803590960877,6.840823967715566,-0.43088111537924456,-0.18572109717750648,-0.09088433017728162,-0.10143118330811572
677.9732575084965,19.63449337642,6.8217447020812925,-0.43996954839696445,-0.19586421550830882,-0.09088433017728162,-0.10143118330811572
678.0732575084967,19.664735856817522,6.958070940006156,-0.38636812607583065,-0.07965441416991804,-0.06806143200652463,-0.05675451747928483
678.1732575084966,19.625758737049942,6.949821726001775,-0.3931742692764769,-0.08532986591784136,-0.06806143200652463,-0.05675451747928483
678.2732575084967,19.89913718500951,7.010909282682675,-0.1301878676200491,-0.027727919168835997,0.03215765977789488,-0.032440684747019506
678.3732575084966,19.886279186546407,7.007974287342059,-0.12697210164226255,-0.030971987643535,0.03215765977789488,-0.032440684747019506
678.4732575084965,20.228317383785694,6.485178550550616,0.17146437216398946,-0.4614874297189458,0.13897191009068777,-0.1855717733800065
678.5732575084967,19.92575392715362,6.934624761002925,-0.08457863825731189,-0.06691246640611544,0.04042219512495557,-0.03618125041653311
678.6732575084966,19.965478680690346,7.271628874566714,-0.040598453575595266,0.21220020598700925,0.054866523740044026,0.06510857615129352
678.7732575084965,19.60896546698864,7.3915030107401725,-0.33913715658510424,0.302386027413372,-0.058074801012552135,0.09589220229834296
678.8732575084966,19.764396507047305,7.546793091448246,-0.1873389326401299,0.41424439941485247,-0.0011462230509321214,0.1324853571134217
678.9732575084965,19.745656882668055,7.58887995817526,-0.187453554945223,0.4274929351261826,-0.0011462230509321214,0.1324853571134217
679.0732575084967,19.503806194761335,7.639590670806937,-0.37480372679048496,0.44532918269641303,-0.06930863453370871,0.13374768878699475
679.1732575084966,19.465979278909654,7.684792327520472,-0.38173459024384954,0.45870395157510035,-0.06930863453370871,0.13374768878699475
679.2732575084965,19.500531451286864,7.41152085965962,-0.33110563896805545,0.2060246071269483,-0.04941121929082461,0.03752993791161928
679.3732575084966,19.467173831293557,7.432310970061902,-0.33604676089714464,0.20977760091811537,-0.04941121929082461,0.03752993791161928
679.4732575084965,19.6488435417308,7.216887310200558,-0.16154358699885304,0.018957607158125476,0.015513792483229205,-0.03220366757472427
679.5732575084965,19.64323300223481,7.061272602046636,-0.15117441816273142,-0.11518547597667213,0.018732989349427243,-0.07954593689464745
679.6732575084966,19.964979186898038,6.975443363558462,0.1310191192728844,-0.1839103888215928,0.12011616260843302,-0.10131723009501602
679.7732575084965,19.81652518606586,6.623491393739637,0.0032637553630451097,-0.4774623780225053,0.06819461192976312,-0.20558621474155597
679.8732575084966,19.98715020287598,6.686197357950507,0.1513349877662364,-0.40649981417073017,0.11921600432301045,-0.1728388139322607
679.9732575084965,20.002879781674203,6.644683182463812,0.16325658819852662,-0.4237836955639405,0.11921600432301045,-0.1728388139322607
680.0732575084965,20.283066694867397,6.799004576258936,0.39937284293662484,-0.27888435498948055,0.20170715068344414,-0.11477936784363037
680.1732575084966,20.324012514914536,6.77054224392073,0.41954355800499676,-0.29036229177385925,0.20170715068344414,-0.11477936784363037
680.2732575084965,20.200652699249602,7.126361000598471,0.2960192331228451,0.02481805269275374,0.1482336610638873,0.005034483540737267
680.3732575084964,20.230995790867176,7.128867978285448,0.31084259922922036,0.025321501046827007,0.1482336610638873,0.005034483540737267
680.4732575084965,19.97899902617737,7.379702591277031,0.08935410268088853,0.23001043531811532,0.062733309021672,0.07821314158670722
680.5732575084965,19.962849388170373,7.550854009939286,0.07422908002586395,0.36077498247980194,0.05492120236759651,0.12266999223068817
680.6732575084966,19.746892657071044,7.5008277853418726,-0.10644389310445085,0.3017442809384118,-0.012408962648543229,0.09712720803228639
680.7732575084965,19.574358887163616,7.779130313020792,-0.24716805971671085,0.522194060233575,-0.06422511894902236,0.17465638197467737
680.8732575084964,19.5461254875317,7.79541216845692,-0.2562463242401488,0.5094393270547214,-0.06518440034988056,0.16384316304027388
680.9732575084965,19.5201749331059,7.8471753169776655,-0.2627647642751458,0.5258236433587711,-0.06518440034988056,0.16384316304027388
681.0732575084965,19.52885760404179,7.7657236149630195,-0.23930571306566611,0.4352238485509304,-0.054173168905452,0.12655074946741238
681.1732575084964,19.50465616689072,7.8098787535654095,-0.2447230299562064,0.4478789234976601,-0.054173168905452,0.12655074946741238
681.2732575084965,19.264553392625317,7.905437516861568,-0.42969451551168175,0.5032022054006313,-0.11921296125540806,0.1422488657176574
681.3732575084964,19.22098787626791,7.956468981730172,-0.4416158116372117,0.5174270919723841,-0.11921296125540806,0.1422488657176574
681.4732575084965,19.03304178696355,7.96952733846513,-0.5727565648709967,0.49925268395481975,-0.16234793314604065,0.1306371838734056
681.5732575084965,18.721649462033902,7.6493184870322155,-0.802400125602359,0.20380257466346266,-0.24025916344323084,0.019077134379856267
681.6732575084964,18.433848735445746,7.567900597955505,-0.998195284863774,0.12193469081048196,-0.30238279393234274,-0.01093592326087051
681.7732575084965,18.41605996277369,7.276207888371598,-0.9564259226641937,-0.13771131401449738,-0.27563292491714675,-0.1060561413435279
681.8732575084964,18.46974873368465,7.205307659618475,-0.8587345681372807,-0.19478252380216624,-0.23038983564569268,-0.12268210045105966
681.9732575084963,18.382723327692773,7.185215996736022,-0.881773551701829,-0.20705073384726105,-0.23038983564569268,-0.12268210045105966
682.0732575084965,19.104787032027303,7.527389975626322,-0.22563275378883538,0.08259294597374357,0.016384758220550494,-0.01365023666675795
682.1732575084964,19.082305680439543,7.535581019040356,-0.2239942779667818,0.08122792230706902,0.016384758220550494,-0.01365023666675795
682.2732575084965,19.113724059489346,7.452859833948847,-0.17495222046042233,0.009963825190931488,0.03429247464318354,-0.03736114695494683
682.3732575084964,19.096400299816537,7.453669410733165,-0.1715229729961071,0.006227710495440204,0.03429247464318354,-0.03736114695494683
682.4732575084963,19.117149753430663,7.522877918898885,-0.13667928724619188,0.05905075613736149,0.04565858001958492,-0.017090737258063878
682.5732575084965,19.336791201705154,7.682544912967418,0.06425679973602226,0.18535049210323545,0.11734938409846984,0.029197849714730266
682.6732575084964,19.50608562585584,7.193398748868283,0.21107186218153956,-0.22925894475219852,0.16620369334209514,-0.12038423631750195
682.7732575084963,19.54802239572646,7.4606494637411584,0.24492952496098988,0.006147319894718383,0.17260711569613152,-0.029350497800117267
682.8732575084964,19.392747380984833,7.6157642411329975,0.11206785987433239,0.1301717368642721,0.11838158195050655,0.016077154053115952
682.9732575084963,19.404546074882006,7.628861800589678,0.12390601806937228,0.13177945226958224,0.11838158195050655,0.016077154053115952
683.0732575084965,19.03142079432789,7.737689920597391,-0.18786467710310667,0.21182635415783851,0.000688785801394684,0.04415315220392679
683.1732575084964,19.012637770546604,7.759093321774175,-0.18779579852296727,0.21624166937822717,0.000688785801394684,0.04415315220392679
683.2732575084963,18.89148941512759,7.880807070692372,-0.26463599669677007,0.30709081324701043,-0.02477915787559125,0.07634710485947477
683.3732575084964,18.864901919668497,7.911897887541413,-0.2671139124843326,0.3147255237329683,-0.02477915787559125,0.07634710485947477
683.4732575084963,18.968577925790736,7.976092482168051,-0.16092743361326473,0.34895719454383056,0.014536870923782655,0.08587927045849773
683.5732575084962,19.086056078448426,8.161093938812073,-0.04700183789593489,0.4820834218736177,0.055598092920022345,0.1309129049249262
683.6732575084964,18.857722319384038,8.01623782822391,-0.22782131025200705,0.3359013411504677,-0.011809537382678238,0.07385236431993478
683.7732575084963,18.603461064320722,7.87374366706109,-0.428469362161216,0.19312935877886087,-0.08590887782606513,0.018610228842488287
683.8732575084964,18.66496089702457,7.808480429997137,-0.3499806848303229,0.1254799896818995,-0.05445496667844223,-0.006261440580422328
683.9732575084963,18.62969055370818,7.820997121762414,-0.3554261814981622,0.12485384562385783,-0.05445496667844223,-0.006261440580422328
684.0732575084962,18.450339435134516,7.811652766636081,-0.48094102249628723,0.1041728552973549,-0.09806012283246004,-0.014025429981111545
684.1732575084964,18.401755032270657,7.821999925015925,-0.4907470347795466,0.10277031229924183,-0.09806012283246004,-0.014025429981111545
684.2732575084963,18.36196869167671,7.673935014674046,-0.49289865658992,-0.029938871548843088,-0.09542863459899184,-0.0614112377635329
684.3732575084962,18.31220168284477,7.670634071330347,-0.5024415200498105,-0.036079995325190795,-0.09542863459899184,-0.0614112377635329
684.4732575084963,18.549890819994317,7.7769702102729985,-0.2718523283956674,0.048450459087822056,-0.008546092951596362,-0.028915174759821444
684.5732575084962,18.36791729707985,7.664958359135198,-0.40307968368946034,-0.051551623890585346,-0.05614254909034809,-0.06403081147313422
684.6732575084964,18.268384983869193,7.588071879606343,-0.4577573792097186,-0.11666807683321251,-0.07388728035475986,-0.08506519223503611
684.7732575084963,18.338060730394872,7.506578425045911,-0.36531698544484054,-0.18423324866387433,-0.03680210615671325,-0.10679259311815918
684.8732575084962,18.48506176508631,7.412517758764848,-0.21631026095076508,-0.2565696842573918,0.018349768845013652,-0.12885428579921107
684.9732575084963,18.46352248783543,7.386216518910076,-0.2144752840662612,-0.2694551128373305,0.018349768845013652,-0.12885428579921107
685.0732575084962,18.69182022637765,7.202007998348422,-0.003038591252072451,-0.4148311586902755,0.09467624860360431,-0.17734504262019984
685.1732575084961,18.691989748495462,7.159638157266333,0.006429033608279369,-0.43256566295227933,0.09467624860360431,-0.17734504262019984
685.2732575084963,18.869410862463777,7.544274263923583,0.165721528488665,-0.09591889342119983,0.14974923778024699,-0.049832916966963514
685.3732575084962,18.88673176150153,7.534433209996638,0.18069645226667608,-0.10090218511789165,0.14974923778024699,-0.049832916966963514
685.4732575084963,18.674586950793696,7.78153240472917,0.00337018938505608,0.10583433456466437,0.08017245491022858,0.02604599092349774
685.5732575084962,18.314388984816542,7.7003519386722035,-0.2927001114552936,0.031978361291358816,-0.030843765929770478,-0.0016025112574220568
685.6732575084961,17.94871304562368,7.596971731073948,-0.5756733442134073,-0.05580244651352291,-0.13207092152022193,-0.03299304624806214
685.7732575084963,17.95029994950386,7.495789681987966,-0.5373246532026783,-0.14031592772821136,-0.1129186424554835,-0.06287136033521618
685.8732575084962,17.955237941234625,7.907716987319793,-0.49938628350037834,0.20335196841766956,-0.09513624537582872,0.06234683546496303
685.9732575084961,17.904823631657756,7.9283639183388654,-0.5088999080379526,0.20958665196416018,-0.09513624537582872,0.06234683546496303
686.0732575084962,17.873395013494626,8.146745502101796,-0.5043013308859914,0.37865751294110866,-0.09070316581619366,0.12091733453988487
686.1732575084961,17.822511364576993,8.18521584006857,-0.5133716474676026,0.3907492463950862,-0.09070316581619366,0.12091733453988487
686.2732575084963,18.34119129060948,8.138097762585431,-0.035026242650828814,0.3266102757738967,0.08919197383927766,0.09222606366804609
686.3732575084962,18.3381346262136,8.17121992048113,-0.02610704526690916,0.3358328821406929,0.08919197383927766,0.09222606366804609
686.4732575084961,18.84826366239455,8.226744321676064,0.4093506702354152,0.36272082023863483,0.24351851948534736,0.09855719569839266
686.5732575084962,18.70965854885282,8.065975337109613,0.2814145514842561,0.208218364629732,0.18792125747826338,0.039124507395327364
686.6732575084961,18.594654408761922,7.988424647627598,0.18027318354232158,0.13108930730257146,0.14454501666403458,0.010090951902437913
686.773257508496,18.666456245819568,8.106240977494076,0.24045443239942466,0.22115863995369436,0.16153188737365823,0.04285579492941975
686.8732575084962,18.554505118136323,7.924475146222244,0.14290966298957838,0.057888754937847675,0.12046317660819011,-0.017097602030155326
686.9732575084961,18.569398400318306,7.930178533705873,0.15495598065038643,0.0561789947348337,0.12046317660819011,-0.017097602030155326
687.0732575084962,18.57643343721346,8.123405988329788,0.15955715863699463,0.20806630772221602,0.11779604827629558,0.03775696480157648
687.1732575084961,18.592978133318528,8.144401403925999,0.17133676346461346,0.21184200420237023,0.11779604827629558,0.03775696480157648
687.273257508496,18.748162766997396,8.25394657605911,0.3004467303607521,0.2895577596718908,0.16106753031836685,0.06466144921432888
687.3732575084962,18.779012777685107,8.28322565927241,0.31655348339261075,0.2960239045933325,0.16106753031836685,0.06466144921432888
687.4732575084961,18.72421707606551,8.186682559839854,0.26001010546480935,0.1984809685868184,0.13478187667753672,0.027385317991227766
687.573257508496,18.778783549837,8.1628844978292,0.2969868573153618,0.1647897546173032,0.14336072780845197,0.014212150773517812
687.6732575084961,18.44508557297212,8.155952895945813,0.008242532925677013,0.14690465834836744,0.03374590805050742,0.007295561050456018
687.773257508496,18.220018093085738,7.842889291265851,-0.18323038138092515,-0.13130670289012747,-0.03863731579045197,-0.09532549219542064
687.8732575084962,18.361658684179194,7.607872385800484,-0.053987827481161176,-0.3226085878609619,0.009441854921799123,-0.16036478633794463
687.9732575084961,18.356307110705693,7.574809703082729,-0.05304364198898212,-0.3386450664947418,0.009441854921799123,-0.16036478633794463
688.073257508496,18.2640185669111,7.6844250793322955,-0.12483446425920766,-0.2353034190858439,-0.01695484192812462,-0.1173759266365809
688.1732575084961,18.251450346275522,7.660307857790495,-0.12652994845202242,-0.247041011749518,-0.01695484192812462,-0.1173759266365809
688.273257508496,18.155103528576568,7.757605329578506,-0.19710218969715793,-0.15544759267420788,-0.041668554374256046,-0.07963028325918695
688.373257508496,18.135184966835,7.741662418894804,-0.20126904513457974,-0.16341062100011933,-0.041668554374256046,-0.07963028325918695
688.4732575084961,17.838833910489704,7.694244737300997,-0.4352481266368932,-0.19660389853554674,-0.1248172630823913,-0.08867262909989637
688.573257508496,17.521940975419927,7.778493229498349,-0.6775160195367732,-0.11864480549062939,-0.20870755100795946,-0.057275810874416744
688.6732575084961,17.583399627500473,7.90630494965797,-0.5899662557355158,-0.00929689097838895,-0.16949519762429,-0.01604939657057681
688.773257508496,17.904372563958884,7.934596298057781,-0.27867947592713427,0.01403277231215131,-0.047559833191745976,-0.00687607326928902
688.873257508496,18.178124742289636,7.851382141363736,-0.03256142090047691,-0.056094484088115376,0.04305809423003329,-0.03172243001350168
688.9732575084961,18.175083890670734,7.8456140808048485,-0.028255611477467704,-0.059266727089469874,0.04305809423003329,-0.03172243001350168
689.073257508496,18.23483617674612,8.145315691662253,0.025674284579017,0.18949206996726728,0.06039398685203107,0.058710736193219135
689.1732575084959,18.23770557513828,8.164558452339927,0.031713683264214615,0.19536314358658385,0.06039398685203107,0.058710736193219135
689.273257508496,18.239982314559697,8.211732374666843,0.038682924154599556,0.22103955676096304,0.06127661624309584,0.06505212061360105
689.373257508496,18.24415699005637,8.234161590945988,0.04481058577890357,0.22754476882231722,0.06127661624309584,0.06505212061360105
689.4732575084961,18.177085173764265,8.162710458461017,-0.008892151766250678,0.15630693969538242,0.039629289129048534,0.03718955535330526
689.573257508496,18.28511535937515,8.067160093411797,0.08666816134736158,0.06736290215891913,0.07306964390672246,0.003682181725704184
689.6732575084959,18.489949988000085,7.980806924518496,0.2569569820579208,-0.008821014565352277,0.13201514804062608,-0.023743031719210973
689.773257508496,18.39229293560963,7.703996589035295,0.1632685545746442,-0.24590178074982283,0.0923069741304721,-0.11009043699535442
689.873257508496,18.109620810836656,7.727938859517642,-0.07638229957760596,-0.2166155258092761,0.002408750603357157,-0.0956722857159835
689.9732575084959,18.10199462463192,7.705798945508155,-0.07614142451727046,-0.22618275438086574,0.002408750603357157,-0.0956722857159835
690.073257508496,17.806624455089135,8.194648176033418,-0.31458535518073705,0.18630761990271574,-0.08372440790346342,0.055904142684054844
690.1732575084959,17.774747297531576,8.213558458737092,-0.32295779597107577,0.19189803417111614,-0.08372440790346342,0.055904142684054844
690.273257508496,18.015682287282004,8.178486925202959,-0.09690020007444411,0.1467469765023764,0.002970584619065589,0.03605549070837505
690.373257508496,18.006007120197662,8.193341900306725,-0.09660314161253782,0.1503525255732106,0.002970584619065589,0.03605549070837505
690.4732575084959,18.208493608052468,8.370640064844988,0.0803161023922003,0.2872562970758661,0.06687452440750034,0.08382864654096583
690.573257508496,18.327192583907742,8.188574927541806,0.17995882480719938,0.11990181354457553,0.10081061585288158,0.020281195819080777
690.6732575084959,18.4086967505358,8.10490923562869,0.24248328425130447,0.043199486851185284,0.11977777327202349,-0.007924409375641546
690.7732575084958,18.10628201301732,7.977582635487378,-0.027614692163079053,-0.06958689983252982,0.014990429900672286,-0.049126455956273185
690.873257508496,18.065671283364033,8.005912280088724,-0.05763445180122705,-0.045327434876158625,0.0036055588800687505,-0.03868831758101702
690.9732575084959,18.059925865978315,8.001186095013207,-0.057273895913220504,-0.04919626663425681,0.0036055588800687505,-0.03868831758101702
691.073257508496,17.678526141064857,7.25460081069835,-0.37139663063714207,-0.6630848860834049,-0.1106621929398264,-0.257428378076211
691.1732575084959,17.64083316703648,7.187005180199691,-0.3824628499311146,-0.6888277238910026,-0.1106621929398264,-0.257428378076211
691.2732575084958,17.96154104703973,7.8317330796582825,-0.08120414229079004,-0.11729361684541724,0.006035849116696385,-0.04071448390356319
691.373257508496,17.953450812056225,7.819800145554207,-0.08060055737911957,-0.12136506523577911,0.006035849116696385,-0.04071448390356319
691.4732575084959,17.63322002425537,8.19142172357281,-0.3399371065187087,0.19033702068369804,-0.0880134834966239,0.07245655459327346
691.5732575084958,17.455180143786627,8.274143304246648,-0.4697262360954433,0.250272780840463,-0.1321836785660821,0.09150954399117703
691.6732575084959,17.332461968540105,8.220324986153226,-0.5454434747032675,0.19422167478841418,-0.15478758999164718,0.06815055567123632
691.7732575084958,17.113932130591472,8.443703063044872,-0.701598597154189,0.37430773791740674,-0.2070469643112096,0.13189614546248324
691.873257508496,17.17134830211465,8.311396073884822,-0.6154145058095996,0.2476073354178426,-0.16843778626819603,0.0818417843754363
691.9732575084959,17.108964662602407,8.33656601634846,-0.6322582844364039,0.2557915138553788,-0.16843778626819603,0.0818417843754363
692.0732575084958,17.348122594849503,8.532341506606596,-0.39827823441850163,0.403829233566047,-0.07810968548753637,0.1320354385226422
692.1732575084959,17.30790422298016,8.57338460715587,-0.4060892029672659,0.4170327774183292,-0.07810968548753637,0.1320354385226422
692.2732575084958,17.33051197635256,8.43272165370317,-0.3618662878761596,0.28193604400028854,-0.05954411224394465,0.07950858038809402
692.3732575084957,17.29402762700376,8.461312801005114,-0.36782069910054865,0.28988690203909073,-0.05954411224394465,0.07950858038809402
692.4732575084959,17.181750133601337,8.47672740091759,-0.4363851164851791,0.2863473627593968,-0.08219713316269242,0.07539050190466544
692.5732575084958,17.211815728892205,8.133847981698459,-0.3821630501004828,-0.015545834140765238,-0.05940090066795094,-0.03650165236302268
692.6732575084959,17.225958531741362,8.32144557168587,-0.3442732988452595,0.13647262550465855,-0.043549000639490576,0.01926746850879823
692.7732575084958,17.12110076180348,8.289717929441764,-0.4091463819348227,0.09970457148503843,-0.0660306905429962,0.00503183302624975
692.8732575084957,17.254436174421446,8.091982194032475,-0.270655891341759,-0.07033222406429489,-0.01362161009694219,-0.05598945971143923
692.9732575084959,17.227302477236748,8.084669024327477,-0.27201805235145504,-0.07593117003544644,-0.01362161009694219,-0.05598945971143923
693.0732575084958,17.127784405877275,8.55494897076835,-0.33312786622262763,0.3125241936699378,-0.03513420686159018,0.08549119231011904
693.1732575084957,17.094295948220736,8.586628846096865,-0.3366412869087835,0.32107331290094193,-0.03513420686159018,0.08549119231011904
693.2732575084958,17.116169261970825,8.104559337252676,-0.2944939367169802,-0.10708626198889663,-0.018818112143556,-0.0748443006444873
693.3732575084957,17.086625777738433,8.093476489550573,-0.2963757479313341,-0.11457069205333856,-0.018818112143556,-0.0748443006444873
693.4732575084959,17.073018978929895,8.157964944538364,-0.28483190976564904,-0.05928907400020464,-0.013960557658166277,-0.05234938553598818
693.5732575084958,17.18281143043532,8.085633699045744,-0.16967227474636268,-0.11955633601503506,0.028591570715612448,-0.07224933224267582
693.6732575084957,17.087150407457592,8.302326574881068,-0.2324351743540561,0.06150770932026988,0.00485809939184598,-0.004793794480336816
693.7732575084958,17.390864202655667,8.278641257893781,0.04984287353632537,0.03565902056899489,0.10954012046561001,-0.01412704420795871
693.8732575084957,17.16177574469876,8.148743989805533,-0.13419610235087734,-0.07526416407680496,0.039106924010341354,-0.05331123501553393
693.9732575084956,17.148551669083737,8.140951017222783,-0.13028540994984675,-0.0805952875783535,0.039106924010341354,-0.05331123501553393
694.0732575084958,17.047103289356873,7.9202721246275924,-0.20244490197906942,-0.26249821505930376,0.010956760461567794,-0.11713004066865848
694.1732575084957,17.026913582961292,7.893436652918344,-0.20134922593291363,-0.274211219126159,0.010956760461567794,-0.11713004066865848
694.2732575084958,16.909178515101765,8.427458334385983,-0.28108427115346674,0.18441977087381534,-0.018155934683060995,0.05374610243862654
694.3732575084957,16.88097930831303,8.446169041985542,-0.2828998646217712,0.1897943811176731,-0.018155934683060995,0.05374610243862654
694.4732575084956,16.78415279390952,8.602366790517076,-0.3417037509987623,0.30779756269303354,-0.038774955037101114,0.0941113990739545
694.5732575084958,16.908924394244664,8.369218648145848,-0.21150969168043512,0.0972157893691976,0.010171861490100957,0.014560928117837518
694.6732575084957,16.84151196934301,8.54666887222553,-0.24904190328279568,0.2365164329790174,-0.0037702651724709005,0.06394447872618128
694.7732575084956,16.882027523154452,8.38744403264339,-0.19301566975577844,0.08701585027556302,0.0171827862653964,0.006591429249349683
694.8732575084957,16.69918056140214,8.47767897972814,-0.3272913266975859,0.1545838984507582,-0.03193942926711742,0.030532254864079195
694.9732575084956,16.666291731586078,8.493290030847522,-0.33048526962429475,0.15763712393716334,-0.03193942926711742,0.030532254864079195
695.0732575084958,16.828057641406936,8.502124380457177,-0.17108085095298683,0.1542667795146627,0.026976163845690314,0.028067661078144002
695.1732575084957,16.81108443713088,8.51769139671402,-0.16838323456842025,0.15707354562247455,0.026976163845690314,0.028067661078144002
695.2732575084956,16.660336595644747,8.189736505710565,-0.27165873440489685,-0.12674971543269764,-0.009772198023420116,-0.07576341843967552
695.3732575084957,16.633121861214104,8.176682717075078,-0.2726359542072402,-0.13432605727667551,-0.009772198023420116,-0.07576341843967552
695.4732575084956,16.624409835841103,8.5425865608144,-0.25812635650761734,0.17037886537230842,-0.004168889185867131,0.036156014843478634
695.5732575084955,16.685280226534076,8.343683725583809,-0.18549545166697637,-0.0058295744290090806,0.022499384808537713,-0.028869203302849367
695.6732575084957,16.770940812695617,8.300526847002988,-0.09659682999968755,-0.043601564707610146,0.05383753758389122,-0.041366966959768714
695.7732575084956,16.53661851659643,8.650920334292831,-0.2850877577157737,0.25432353393364215,-0.018184295378365495,0.0697601486963226
695.8732575084957,16.548938294227007,8.577155348273976,-0.2528980229595429,0.1795757430505648,-0.005900244848194396,0.040518370269671505
695.9732575084956,16.523618990706836,8.595315514430364,-0.2534880474443618,0.18362758007752827,-0.005900244848194396,0.040518370269671505
696.0732575084955,16.41004787983048,9.000600416208858,-0.330288038072293,0.5050210454869347,-0.03423423087624196,0.15408938266055688
696.1732575084957,16.376847904868825,9.051872967670926,-0.3337114611599219,0.5204299837530114,-0.03423423087624196,0.15408938266055688
696.2732575084956,16.41801527321721,9.346519390037574,-0.2760315666599309,0.7364430267174834,-0.012436437149596228,0.22647558592436748
696.3732575084955,16.390349934365496,9.421296070638876,-0.2772752103748894,0.7590905853098996,-0.012436437149596228,0.22647558592436748
696.4732575084956,16.55197325779648,9.07939010814636,-0.12081256382566281,0.43719201941632835,0.04462351399032969,0.10299265122126573
696.5732575084955,16.785925686548197,8.923531031761094,0.0907445744582726,0.28100356800527837,0.12022963753272486,0.04278991075979691
696.6732575084957,16.7035338262251,9.275102050958177,0.026132514417711743,0.5510602155040059,0.09251311611222895,0.13800618351438362
696.7732575084956,16.549167331151434,9.489862561648568,-0.10031987616611916,0.7001353011299168,0.04210101847513566,0.1877730246117332
696.8732575084955,16.682983994176368,9.647560062041793,0.02326784885878573,0.7901272193740604,0.08522127461723722,0.2132544861795712
696.9732575084956,16.685736885435336,9.727639056410206,0.03178997632052108,0.8114526679920466,0.08522127461723722,0.2132544861795712
697.0732575084955,16.601198245751533,9.288487037241788,-0.0335605757380523,0.4043080342606117,0.05835552738357534,0.05973934530099598
697.1732575084955,16.598133965814647,9.329216537394318,-0.027725022999700075,0.41028196879070583,0.05835552738357534,0.05973934530099598
697.2732575084956,16.36042073997572,9.349552652726164,-0.2216172173363312,0.40285401944784527,-0.015012485921099203,0.05602577991949254
697.3732575084955,16.3381839558125,9.39011818357051,-0.22311846592843976,0.4084565974397894,-0.015012485921099203,0.05602577991949254
697.4732575084956,16.384201330078852,9.195258988333705,-0.16766594557332262,0.21998299346700145,0.005594043266287856,-0.01352977389998141
697.5732575084955,16.067585156781025,8.9800506642224,-0.41975262439987326,0.02131837242569139,-0.08664193844385182,-0.08487859121888189
697.6732575084955,16.178498147938242,9.064163491798169,-0.3007952543703223,0.08058319647207995,-0.04048516007128357,-0.06060582861259109
697.7732575084956,16.351257961378607,9.080848664971764,-0.12983669127540995,0.08212170295719566,0.02452761272834457,-0.05781015933659506
697.8732575084955,16.275021459727682,8.899998014930967,-0.18005526614037318,-0.07863579773968143,0.005502259021699988,-0.11326264331048311
697.9732575084954,16.25704344440877,8.891568121940455,-0.17950504023820368,-0.08996206207071944,0.005502259021699988,-0.11326264331048311
698.0732575084955,16.36735449604316,8.94092290610593,-0.0714346479617857,-0.053605941219258484,0.04461774562031014,-0.09637801734395171
698.1732575084955,16.36043411997509,8.93508042189729,-0.06697287339975874,-0.06324374295364489,0.04461774562031014,-0.09637801734395171
698.2732575084956,16.035870327186554,8.843441142022787,-0.32783109650372166,-0.14711510963347643,-0.05152168550183045,-0.12424578481068671
698.3732575084955,16.002829609108705,8.8281084021354,-0.3329832650539,-0.1595396881145338,-0.05152168550183045,-0.12424578481068671
698.4732575084954,16.12598437698186,8.663231229117729,-0.20765727156432132,-0.29392915040862866,-0.004313184570481472,-0.16795715090549884
698.5732575084955,15.972044439384533,8.884978227936587,-0.3202693591919411,-0.10106498658668579,-0.045268117432720856,-0.09214315370385764
698.6732575084955,15.788382839566964,8.892408074161052,-0.4508252772974329,-0.09548234210299414,-0.09084895310247067,-0.08684206337005308
698.7732575084954,15.957730717490877,9.023496164605119,-0.2746953963600526,0.01588067267940935,-0.022044158295854807,-0.04267725460754245
698.8732575084955,15.97764477003543,8.854322399296597,-0.23742771731845103,-0.12840120175111935,-0.007786487586648157,-0.09277603161700898
698.9732575084954,15.953863065865674,8.841018398963412,-0.23820636607711512,-0.13767880491281181,-0.007786487586648157,-0.09277603161700898
699.0732575084955,15.933590796404875,8.65726444501565,-0.2391322993327431,-0.28528833749270055,-0.008689177512063717,-0.1420720290707603
699.1732575084955,15.909634120584062,8.628025251121054,-0.2400012170839487,-0.29949554039976367,-0.008689177512063717,-0.1420720290707603
699.2732575084954,16.12781412441469,8.6606471768376,-0.04376950074428335,-0.2548271426623068,0.06133275504983885,-0.11904101959359399
699.3732575084955,16.12374383811551,8.634569257473364,-0.0376362252392911,-0.26673124462168246,0.06133275504983885,-0.11904101959359399
699.4732575084954,16.137314566407518,8.928063759537483,-0.017325607223081057,-0.014837096988260261,0.06646228076266737,-0.024497561652073868
699.5732575084953,16.156170710048766,8.751890847549888,0.006386581135614791,-0.1625352056047415,0.07269271814301823,-0.07702004827852033
699.6732575084955,16.227795684183818,8.615320017174215,0.07244083111988864,-0.2688439843177102,0.09395342931646519,-0.11234645458395091
699.7732575084954,15.985069032112836,8.581962844337303,-0.1340251334538469,-0.28510876723208733,0.013763860911088457,-0.11419701852638553
699.8732575084955,15.927625810155496,8.737738500443506,-0.16930816385698375,-0.14476708624296378,0.0005221545746930054,-0.059894937389713285
699.9732575084954,15.910697604542687,8.722962317132275,-0.1692559483995145,-0.15075657998192965,0.0005221545746930054,-0.059894937389713285
700.0732575084953,15.545913010371487,8.652574219883228,-0.45825921193456004,-0.2010968750563013,-0.1039314260448355,-0.07555267787835145
700.1732575084955,15.499567432047742,8.632086768988177,-0.4686523545390578,-0.20865214284414677,-0.1039314260448355,-0.07555267787835145
700.2732575084954,15.772954631744238,8.6259053359784,-0.2073309446801929,-0.2036433173812261,-0.004298256497291049,-0.07099935738544738
700.3732575084953,15.75220004599375,8.60518600745337,-0.2077607703299216,-0.21074325311976438,-0.004298256497291049,-0.07099935738544738
700.4732575084954,15.870372838284473,8.521804021244922,-0.09248313691511607,-0.2687936193272836,0.037566034075316265,-0.08925963730611025
700.5732575084953,15.990684935201692,8.31981934396179,0.020269541153122198,-0.4230447360190916,0.07735829930029409,-0.14180989535775734
700.6732575084955,15.78046594287916,8.443595359776328,-0.1489856513333022,-0.3000934371854782,0.013346112428167231,-0.092681516589624
700.7732575084954,15.792052073585916,8.632244999024381,-0.12488069554365144,-0.12289434339251053,0.021804988744419433,-0.024081092864152914
700.8732575084953,15.670953236592915,8.67685009730568,-0.21305718615363897,-0.07849523626890623,-0.010832757150455986,-0.007332897666638926
700.9732575084954,15.64959335419177,8.668963909190445,-0.21414046186868604,-0.07922852603557112,-0.010832757150455986,-0.007332897666638926
701.0732575084953,15.415045947595523,8.919194828416982,-0.392801849518223,0.13379548140443426,-0.07514390367274153,0.06967784871599253
701.1732575084952,15.375390043125373,8.932922765800992,-0.4003162398854903,0.14076326627602717,-0.07514390367274153,0.06967784871599253
701.2732575084954,15.426382280117263,9.356709513422361,-0.33129984284001146,0.483644170502341,-0.047329552813794896,0.1898650728893072
701.3732575084953,15.393015648069223,9.406023255836995,-0.33603279812138664,0.5026306777912545,-0.047329552813794896,0.1898650728893072
701.4732575084954,15.214766752368256,8.9856171075441,-0.4610014259228082,0.13375383733360613,-0.09083220313786924,0.05085754664019071
701.5732575084953,15.031579905022735,8.964429870124619,-0.5851972217749761,0.10987015949044686,-0.13285747928485558,0.0403820637465436
701.6732575084952,15.32031277590696,8.927010139497012,-0.30888427015021624,0.07394293158872238,-0.028118573205721184,0.02606423228533636
701.7732575084954,15.630161073885315,9.05214222555703,-0.017884931407776215,0.17663014183711517,0.08102832892899445,0.0628834837292096
701.8732575084953,15.809255248780925,9.02340614942805,0.14021272392738862,0.14456837813244594,0.13520778896137603,0.049161344021186625
701.9732575084952,15.823952560118457,9.038108793961387,0.15373350282351392,0.14948451253456013,0.13520778896137603,0.049161344021186625
702.0732575084953,15.637523993758712,8.767092580180357,-0.002556708822833865,-0.08124279202341998,0.07342042812623636,-0.035382343502132305
702.1732575084952,15.637635425017061,8.758791389260512,0.004785333989783094,-0.08478102637363,0.07342042812623636,-0.035382343502132305
702.2732575084954,15.36175277937215,8.84295691708165,-0.2227207966110272,-0.005157946660774595,-0.012817528278435339,-0.0036488080964686836
702.3732575084953,15.339416612069675,8.842422878375091,-0.22400254943886957,-0.005522827470421131,-0.012817528278435339,-0.0036488080964686836
702.4732575084952,15.423707419462957,8.868856031281995,-0.13639939837650758,0.01632036177556587,0.019342053083581077,0.004310409754705502
702.5732575084953,15.461082542689937,9.231735766306633,-0.09156660849558176,0.31730986168127373,0.03500345979388152,0.11299376053435821
702.6732575084952,15.23480202077714,9.18542481253116,-0.26894128216231733,0.26397961318183794,-0.030413448928439196,0.08983985044921297
702.7732575084951,15.138621349648474,9.51674978462851,-0.33157146421424344,0.5320660052162104,-0.05254989935944923,0.18516240892155816
702.8732575084953,14.990766956678216,9.595461265325383,-0.4319329331105008,0.5707607782578379,-0.08690320297186914,0.19238253481577636
702.9732575084952,14.947139147352347,9.653499255825192,-0.4406232534076798,0.589999031739398,-0.08690320297186914,0.19238253481577636
703.0732575084953,15.340092947013567,9.622215903006964,-0.08533853213428487,0.532728263499802,0.044752587610444414,0.1645590878715567
703.1732575084952,15.331782856738197,9.676311524796253,-0.0808632733732445,0.5491841722869426,0.044752587610444414,0.1645590878715567
703.2732575084951,15.081116903711747,9.384669288860419,-0.28323336767217916,0.27163670449128946,-0.031421711336428515,0.05683511270772729
703.3732575084953,15.052636458387807,9.412117134873125,-0.2863755388058263,0.27732021576206994,-0.031421711336428515,0.05683511270772729
703.4732575084952,14.922504176310367,9.214186612598509,-0.3738919493461066,0.09718310442228895,-0.06194928236702682,-0.009761706056495414
703.5732575084951,15.09924049378266,8.988151484926654,-0.19942570965291795,-0.09991126210673114,0.004006460832891301,-0.08067896707013959
703.6732575084952,15.052376959773065,9.088795352234042,-0.22145018191198934,-0.01668477432901066,-0.004104011926473711,-0.04797226353808442
703.7732575084951,15.085280157262545,9.206518702910996,-0.174395380036458,0.08032134100387144,0.013528671727202207,-0.01051929232348648
703.8732575084953,15.231219228233153,8.951708014768174,-0.03731481435115805,-0.13647192517930914,0.06255472007416762,-0.08771418449083748
703.9732575084952,15.22780052039841,8.937622251327802,-0.031059342343746976,-0.14524334362838492,0.06255472007416762,-0.08771418449083748
704.0732575084951,15.100296576661616,9.06306183547774,-0.12899774142029405,-0.036588060806428124,0.02474948289332707,-0.045090194610191675
704.1732575084952,15.087520549934036,9.059177578424041,-0.12652279313095796,-0.04109708026745344,0.02474948289332707,-0.045090194610191675
704.2732575084951,14.795975212779972,9.317108627856653,-0.3595464268187499,0.17214858927073187,-0.06136794527002186,0.03354087430400587
704.373257508495,14.75971373037178,9.33449119115523,-0.3656832213457465,0.1755026767011294,-0.06136794527002186,0.03354087430400587
704.4732575084952,14.836075256848051,9.329363399413454,-0.27753854877984246,0.16006820167196426,-0.027255825222615153,0.02680718419264121
704.5732575084951,14.385101731821361,9.152976809402055,-0.6367108274982064,0.002556328789774377,-0.15738731406527282,-0.031119209410407373
704.6732575084952,14.271097214853267,8.810975540712164,-0.693691022289185,-0.28182703873993975,-0.1723030777294457,-0.131886215700318
704.7732575084951,14.036310578519878,8.69536692683987,-0.8527565245593427,-0.368851594105541,-0.22499294217466717,-0.1590501089206377
704.873257508495,14.256701392114564,8.679570329075961,-0.6202815452265739,-0.3667907811711078,-0.13289397343581522,-0.15262171715953937
704.9732575084952,14.194008767724641,8.642128142373002,-0.6335709425701735,-0.3820529528870826,-0.13289397343581522,-0.15262171715953937
705.0732575084951,14.637039710981918,9.073553170595575,-0.22498698018271257,-0.007543701410941322,0.01970107116733155,-0.012109449824220603
705.173257508495,14.614639518319505,9.072738253205362,-0.2230168730659812,-0.00875464639336228,0.01970107116733155,-0.012109449824220603
705.2732575084951,14.570583614446635,9.141374587982975,-0.24563719988348415,0.04706193218633695,0.00898962653077058,0.008277047416491694
705.373257508495,14.546064842590964,9.146122166438687,-0.2447382372304079,0.04788963692798536,0.00898962653077058,0.008277047416491694
705.4732575084952,14.64935634573079,9.171100818384916,-0.1374986100703683,0.06528748803311116,0.047464903013343225,0.014215672628063714
705.5732575084951,14.180932261643235,9.234963266604897,-0.5160139580793919,0.1143544577417368,-0.09245625257077544,0.03144447399165868
705.673257508495,13.892283961078833,9.386499905660825,-0.7221876519252887,0.2325591007741502,-0.16367905333642868,0.07266540700037072
705.7732575084951,14.032991883441309,9.722243640827733,-0.5543230045305304,0.5054351724962314,-0.09523914133808879,0.17038190583895535
705.873257508495,14.11931952850752,9.69494514991333,-0.4456345008935609,0.45786848303736705,-0.052539767721989074,0.1472654886568308
705.973257508495,14.074493379579595,9.741468325660309,-0.450888477665755,0.47259503190303676,-0.052539767721989074,0.1472654886568308
706.0732575084951,14.157278294141268,9.757743655293092,-0.35057361536543324,0.46108274398529703,-0.014637290599042809,0.1378184760969734
706.173257508495,14.12214774615176,9.804541022072064,-0.3520373444253362,0.47486459159498184,-0.014637290599042809,0.1378184760969734
706.2732575084951,14.433414959960391,9.805965225717767,-0.060168672977879145,0.439022011794509,0.09286349059224266,0.11687710660418082
706.373257508495,14.42786241011557,9.850451812430197,-0.050882323918663326,0.4507097224549165,0.09286349059224266,0.11687710660418082
706.473257508495,14.69201011864112,9.968192697655216,0.18218470386992816,0.5216812219043306,0.1738299160466143,0.1381240041883789
706.5732575084951,14.742353370283155,9.638574873711796,0.22590048679754907,0.21725373764331377,0.18344348625726759,0.023046966789907544
706.673257508495,14.755327605835513,9.500774942091759,0.23547736214594403,0.08830396391649419,0.18027256193488364,-0.02397565212634503
706.7732575084949,14.596049440835253,9.661526799803065,0.09514521932919795,0.21528947870433882,0.12144417806970059,0.023623775266007792
706.873257508495,14.389354124308387,9.55350062767877,-0.07290696113220053,0.11119478448259663,0.05635556877712779,-0.014467868598881953
706.973257508495,14.382345206039059,9.564547766784026,-0.06727140425449288,0.10974799762270976,0.05635556877712779,-0.014467868598881953
707.0732575084951,14.065007133591061,9.380849180340979,-0.32139057486290157,-0.05180656919431141,-0.03789505572397467,-0.07188091129771865
707.173257508495,14.032678600826182,9.375309118865065,-0.3251800804352956,-0.05899466032407674,-0.03789505572397467,-0.07188091129771865
707.2732575084949,13.66554958423308,9.344722257275619,-0.6105201387039121,-0.08698627270062867,-0.14065386702707447,-0.07956206364722407
707.373257508495,13.603794301027468,9.335625819687307,-0.6245855254066387,-0.09494247906536193,-0.14065386702707447,-0.07956206364722407
707.473257508495,13.288036769118921,9.481558021651038,-0.8489634395504834,0.025252593425004077,-0.2167473603164447,-0.03363353659561233
707.5732575084949,13.516579054882197,9.475377817660899,-0.6056538703490287,0.01478577716552851,-0.12000694294714016,-0.03620218204397182
707.673257508495,13.309976608990205,9.674297917759688,-0.7387132870691921,0.17364835256784958,-0.1637901442451409,0.022008151368633634
707.7732575084949,13.383359905605117,9.927608078931204,-0.6274637612443051,0.3765386357845804,-0.11637786051034735,0.09584086399413635
707.873257508495,13.41394441190406,9.717067752937778,-0.5610506685974139,0.18197079719219675,-0.0881851909631352,0.022792805340949504
707.973257508495,13.357398419089556,9.735378796683685,-0.5698691876937194,0.18425007772628962,-0.0881851909631352,0.022792805340949504
708.0732575084949,13.65183222617618,9.492387217969094,-0.2834546021630863,-0.0287588912347093,0.019275710625403952,-0.0544382643541721
708.173257508495,13.623583144512962,9.489239137523848,-0.2815270311005433,-0.034202717670133935,0.019275710625403952,-0.0544382643541721
708.2732575084949,13.72071448791352,8.912024025720788,-0.1723506901437266,-0.523130695790161,0.05893838743172246,-0.2310650254940128
708.3732575084948,13.703774110836322,8.858555631014351,-0.1664568514005597,-0.5462371983395413,0.05893838743172246,-0.2310650254940128
708.473257508495,13.772047568112258,9.170070272868928,-0.09010424650804605,-0.2672780557581056,0.08443118005988304,-0.12280679914073378
708.5732575084949,13.971231769710045,9.215379087780528,0.09338665684623126,-0.21910970963888035,0.14833759066511226,-0.10094814733619369
708.673257508495,13.868015536616449,9.454155160852695,0.013914718132064508,-0.014455881340998056,0.11423013217921915,-0.02401329267690122
708.7732575084949,13.909689457638553,9.412139670035574,0.05956595221510861,-0.05127893045184713,0.1269454552270564,-0.036676881721066916
708.8732575084948,13.733095225960138,9.434896867244317,-0.07998496584967836,-0.03190340903784354,0.07195304365414865,-0.02843173916132237
708.973257508495,13.725456494593432,9.431564367644722,-0.07278966148425368,-0.03474658295397966,0.07195304365414865,-0.02843173916132237
709.0732575084949,13.79669182451408,9.15189248516569,0.00017125154851975986,-0.26632905839621146,0.09594174163979707,-0.11089154420551928
709.1732575084948,13.797188658377129,9.124705121605068,0.009765425712490741,-0.2774182128167533,0.09594174163979707,-0.11089154420551928
709.2732575084949,14.084799552433289,8.780655789518065,0.2591548685897142,-0.5537712648766833,0.18314706953693174,-0.2075449981946771
709.3732575084948,14.111630774639918,8.724240938039474,0.27746957554339075,-0.5745257646961321,0.18314706953693174,-0.2075449981946771
709.473257508495,14.112657479217942,8.430043579968123,0.272774412091913,-0.7891278765837793,0.1748218335627838,-0.27701863415292916
709.5732575084949,13.480691949579267,8.318439176712744,-0.2658903894417261,-0.8428783530862204,-0.028216196895681167,-0.2864379350222296
709.6732575084948,13.711068160762858,8.505141893238713,-0.05470210240017405,-0.647539550347807,0.04918457719515042,-0.20619496703544293
709.7732575084949,13.551351374021078,8.495964153713418,-0.18294482511038102,-0.61998785455074,-0.0002830078501521449,-0.18847301158478602
709.8732575084948,13.417021387037595,8.742094193410813,-0.27940902564288544,-0.3850988091968624,-0.035116510040319786,-0.09768303973796781
709.9732575084947,13.388904901923132,8.703095897292473,-0.2829206766469142,-0.3948671131706503,-0.035116510040319786,-0.09768303973796781
710.0732575084949,13.133283988287635,9.394143107602279,-0.4756015524477166,0.1994918416093068,-0.10358807297522457,0.11967447891254789
710.1732575084948,13.085205892678031,9.414690664157753,-0.48596035974522966,0.2114592895005507,-0.10358807297522457,0.11967447891254789
710.2732575084949,13.017654474961285,9.411976921688803,-0.5176811120437718,0.20219072957223927,-0.11302216731669816,0.11174641803374669
710.3732575084948,12.965321252920372,9.432754726736176,-0.5289833287754313,0.21336537137560377,-0.11302216731669816,0.11174641803374669
710.4732575084947,12.906498255011384,9.508224871558077,-0.5447479387462447,0.26860047471167803,-0.11463671255624946,0.12753738100728146
710.5732575084949,12.894833348308529,9.476166363763475,-0.5196614816765356,0.2318004013699107,-0.10129299898805977,0.10961848998473214
710.6732575084948,12.861099080445051,9.690291168341904,-0.514193376749082,0.399304030514616,-0.09565189935019748,0.16570042341930855
710.7732575084947,12.756637017608856,9.642443832467691,-0.5690652729921317,0.3404725511057945,-0.11248273052924647,0.1379605577441816
710.8732575084948,12.671589441157439,9.544837462206235,-0.6032341424076698,0.24561940562796347,-0.12076185319712304,0.09908454309961424
710.9732575084947,12.610662217650743,9.569894825484507,-0.6153103277273712,0.2555278599379159,-0.12076185319712304,0.09908454309961424
711.0732575084949,12.865303033360217,9.557376433968088,-0.3611041932654447,0.23173424386284996,-0.023707283856676822,0.08646696753845746
711.1732575084948,12.829074077614422,9.580982193192044,-0.3634749216511102,0.24038094061668785,-0.023707283856676822,0.08646696753845746
711.2732575084947,12.936780930484762,9.872836329116,-0.24865312510161328,0.4749448613078779,0.017890844957726734,0.1691398293835833
711.3732575084948,12.912005072199355,9.921176514393773,-0.24686404060583816,0.4918588442462593,0.017890844957726734,0.1691398293835833
711.4732575084947,12.999176008644506,9.749547040885577,-0.1520164213968466,0.3264767719825898,0.05156049399326088,0.10380619106526029
711.5732575084946,12.662369969058057,9.762430311577067,-0.4180284684653573,0.31998054327661396,-0.0474375006482168,0.09770344360844646
711.6732575084948,12.734495819825884,9.564959202504912,-0.32774293504185814,0.14068253730502467,-0.013068343558050512,0.029968691722887283
711.7732575084947,13.035224440159222,9.587043394639611,-0.04153844787935986,0.15037324115705356,0.09373824003333331,0.032431322059200865
711.8732575084948,13.178617188521159,9.33062310036812,0.09007177989787377,-0.06937370637065994,0.1378911130787967,-0.047357259038510416
711.9732575084947,13.188313822076331,9.323448943435869,0.1038608912057409,-0.07410943227450667,0.1378911130787967,-0.047357259038510416
712.0732575084946,12.903740940070408,9.206367827627416,-0.12892724713984235,-0.1703930414223829,0.04854088471377652,-0.08059361538589743
712.1732575084948,12.891090919779977,9.188925555408224,-0.12407315866845808,-0.17845240296098364,0.04854088471377652,-0.08059361538589743
712.2732575084947,12.80979392063423,9.187291149844592,-0.18579290049806987,-0.1733455098696576,0.021895656418958798,-0.07601485466758198
712.3732575084946,12.791324108866535,9.169576524584304,-0.183603334856176,-0.1809469953364089,0.021895656418958798,-0.07601485466758198
712.4732575084947,12.888940430561938,9.081802257354363,-0.0849421433979603,-0.24554101005001489,0.056800201102932706,-0.0964405807675409
712.5732575084946,12.571672787521885,9.121919211316687,-0.33964223295645085,-0.20097425599810873,-0.038259317466925576,-0.07683769641818682
712.6732575084948,12.469625663975306,9.373012676923457,-0.3999797087985823,0.014627633574299576,-0.058697797745085156,0.003155590136047687
712.7732575084947,12.440720050532834,9.355709828621698,-0.39603572572831014,-0.0010392635067441904,-0.05505211702513554,-0.0027242803881810922
712.8732575084946,12.626145459584285,9.397026392973277,-0.21429064382726815,0.032704226337781604,0.01258434957525164,0.009447031563859313
712.9732575084947,12.604779316949404,9.400344050764879,-0.21303220886974125,0.033648929494168825,0.01258434957525164,0.009447031563859313
713.0732575084946,12.474076411109332,9.448888270921376,-0.3014488431285143,0.07067117658220466,-0.01947242262738858,0.02209923959655867
713.1732575084945,12.443834164683372,9.456065884777574,-0.30339608539125135,0.07288110054185852,-0.01947242262738858,0.02209923959655867
713.2732575084947,12.308204422085478,9.522241200936636,-0.4000387120405539,0.12746448982743566,-0.055753766145665185,0.04201013504011128
713.3732575084946,12.26792178205073,9.535197700594567,-0.40561408865511533,0.13166550333144297,-0.055753766145665185,0.04201013504011128
713.4732575084947,12.200329499614472,9.767215088511554,-0.4334634095164123,0.31567867457219745,-0.0638127355645944,0.10645356178234558
713.5732575084946,12.18810189361832,9.8466843428125,-0.41335841654412026,0.3657375381728229,-0.05414313465637487,0.12070567123184384
713.6732575084945,12.283924685272181,10.233580670808077,-0.304379428100673,0.6653427633938411,-0.012770610113882384,0.2237165066811006
713.7732575084947,12.335825039617355,9.894621595711433,-0.23463189157595796,0.34169862304647264,0.01361407127439989,0.09641892247618827
713.8732575084946,12.379660889022343,9.758973418136629,-0.1773948453020453,0.21153022140319164,0.033796847643804265,0.046393087310184024
713.9732575084945,12.362090388730373,9.780358405713478,-0.17401516053766794,0.2161695301342058,0.033796847643804265,0.046393087310184024
714.0732575084946,12.589611920686478,9.820030025610878,0.0360910467034639,0.23654694402484172,0.10940912495353677,0.05232676176262655
714.1732575084945,12.593768070981588,9.843946353822155,0.04703195919880763,0.2417796202010996,0.10940912495353677,0.05232676176262655
714.2732575084947,12.551321293063426,9.755275168785888,0.01266241877011562,0.14856919902387059,0.09142658781793472,0.015512537318866489
714.3732575084946,12.553044667879524,9.770209651374854,0.021805077551900778,0.15012045275575583,0.09142658781793472,0.015512537318866489
714.4732575084945,12.634363143674715,9.838149742090218,0.09645781680618569,0.1951364208058132,0.11512888900499049,0.031089988634124377
714.5732575084946,12.44495329260743,9.657191081725465,-0.060218144819565216,0.03131296305992745,0.05372653695827524,-0.0292735719282938
714.6732575084945,12.300952852379622,9.216918904215808,-0.16991960366928605,-0.3360548841006913,0.012107784233749218,-0.15983633466260005
714.7732575084945,12.231439395176471,9.123244702152359,-0.21403067568269857,-0.4024752910059366,-0.004728672785161925,-0.1783917866985678
714.8732575084946,12.405860130199624,9.022805226696534,-0.05173478460569883,-0.4689976295211822,0.05406484617939615,-0.19581121742864738
714.9732575084945,12.400956975969956,8.974926407657316,-0.04632829998776413,-0.4885787512640291,0.05406484617939615,-0.19581121742864738
715.0732575084946,12.41545903518917,9.312832340335468,-0.021483459855073207,-0.18737972142598802,0.06211094744224184,-0.0803060242318146
715.1732575084945,12.413621243940874,9.29369283807173,-0.015272365110854672,-0.19541032384916218,0.06211094744224184,-0.0803060242318146
715.2732575084945,12.38578969580954,9.434179563603681,-0.03732074431306089,-0.06880977414691669,0.05015580436952975,-0.031291026199408156
715.3732575084946,12.38230840040008,9.427142131057982,-0.03230516387610108,-0.07193887676686178,0.05015580436952975,-0.031291026199408156
715.4732575084945,12.450873186814754,9.234578582044758,0.03227876639103863,-0.22738899286303044,0.07170831901624591,-0.08588181803913979
715.5732575084944,12.220982907922107,9.06917018043579,-0.15725393367183443,-0.3543281401188914,-0.00010416724978534742,-0.12867808316210955
715.6732575084945,12.399024864992448,9.078059192635555,0.004023953471121037,-0.33022610551766435,0.058228831263508085,-0.11543343839285544
715.7732575084945,12.313365785578803,9.001231370398484,-0.06458277463783292,-0.37855534952323994,0.030579233146475867,-0.12896679827284904
715.8732575084946,12.203912130599582,9.106741566731174,-0.14725135315064525,-0.27322452756509746,-0.0003859395431725504,-0.08666355040883408
715.9732575084945,12.189185065586814,9.078985796222646,-0.14728994710496246,-0.281890882605973,-0.0003859395431725504,-0.08666355040883408
716.0732575084944,12.103209323119122,9.07984896965699,-0.206733048760033,-0.2631958975797453,-0.02190775655191799,-0.07601438152671838
716.1732575084945,12.082426479460329,9.053149307991344,-0.2089238244152278,-0.27079733573242754,-0.02190775655191799,-0.07601438152671838
716.2732575084945,12.045908783778202,9.214620969711964,-0.22016694557173858,-0.12053731708364587,-0.024086999342218987,-0.018732435498656205
716.3732575084944,12.023771654224337,9.202473575826117,-0.2225756455059583,-0.12241056063350979,-0.024086999342218987,-0.018732435498656205
716.4732575084945,12.010069667443904,8.946049363487893,-0.21776065121005284,-0.3250252085438706,-0.021473383619404717,-0.09067675866828272
716.5732575084944,11.94495914573539,9.190520775361163,-0.25632670424099296,-0.103259298697732,-0.03476912071611478,-0.007206249613011459
716.6732575084945,12.207638816156814,8.871278055707878,-0.01967377747073119,-0.35793784891212366,0.052078426168811406,-0.09818804019902999
716.7732575084945,12.282040702250924,9.181011357908865,0.051134319127994585,-0.07330464250859638,0.07644803698458227,0.010139471332096195
716.8732575084944,11.920264833158988,9.012832215762447,-0.24646015383169245,-0.20438330356977358,-0.033807096630998595,-0.03712488138672021
716.9732575084945,11.89544978229263,8.99220826099851,-0.24984086349479692,-0.20809579170845066,-0.033807096630998595,-0.03712488138672021
717.0732575084944,11.765878638487315,9.249349874267875,-0.34065214909082625,0.017440615695561795,-0.06558159605417468,0.04519276730745641
717.1732575084943,11.731485515597992,9.251319899673966,-0.34721030869623776,0.021959892426303328,-0.06558159605417468,0.04519276730745641
717.2732575084945,11.704172736223818,9.427978951380327,-0.34482459139665544,0.17047459592477682,-0.061635651776073413,0.09700197445393656
717.3732575084944,11.669382098825304,9.445511420845058,-0.3509881565742572,0.18017479337016165,-0.061635651776073413,0.09700197445393656
717.4732575084945,11.571591308322903,9.533378435392489,-0.40909280154964356,0.24692100289677066,-0.08042853232923444,0.11744686842976125
717.5732575084944,11.625442447875608,9.505772130426394,-0.33696143457479366,0.21466215766439684,-0.051158543986578334,0.10153498450171838
717.6732575084943,11.540087815097847,9.018842452813873,-0.38486381335652936,-0.19359854026510326,-0.06663310849852962,-0.04836414841684275
717.7732575084945,11.456487324740772,9.10866032207111,-0.4301250064209817,-0.10532187377380536,-0.0809717018848111,-0.014108283166361382
717.8732575084944,11.56555485059928,9.219812815314574,-0.31149203070437353,-0.006776037778361316,-0.035195649330683317,0.021657435318734215
717.9732575084943,11.534229669282217,9.21924349871333,-0.3150115956374387,-0.004610294246489864,-0.035195649330683317,0.021657435318734215
718.0732575084944,11.533458213128126,9.434065460368691,-0.290124896444048,0.17511134796426028,-0.024190669905891055,0.08546792942844825
718.1732575084943,11.504324770134218,9.452003934812241,-0.2925439634346349,0.18365814090709734,-0.024190669905891055,0.08546792942844825
718.2732575084945,11.604027597516128,9.70872315035606,-0.18370923907700637,0.3933129665240443,0.017138334678808757,0.15908404540827636
718.3732575084944,11.585742365281838,9.748849867235469,-0.18199540560912705,0.40922137106485745,0.017138334678808757,0.15908404540827636
718.4732575084943,11.450859304023666,9.956606365793775,-0.2775042374739495,0.5616817003956306,-0.01803794474724954,0.20802330553660547
718.5732575084944,11.26156475256707,9.9343571015842,-0.4153325699095575,0.5163713222665194,-0.06769775596976649,0.18411663947788734
718.6732575084943,11.14966534441593,9.997364856990872,-0.48039189998694243,0.5433748793623043,-0.08877928769466442,0.1871947313403523
718.7732575084942,11.293126637517272,9.825728313773947,-0.3238278800695875,0.3690000573114223,-0.02731983201608943,0.11615624714674942
718.8732575084944,11.27333382613819,10.151916266535965,-0.3159828096413945,0.6176338958911487,-0.023499306446834206,0.20096426641468199
718.9732575084943,11.241618048641845,10.214684477457094,-0.31833274028607583,0.6377303225325986,-0.023499306446834206,0.20096426641468199
719.0732575084944,11.258758022371287,10.137916352543021,-0.27866402494666953,0.540348345141563,-0.007982256856388092,0.15856182137641578
719.1732575084943,11.230851708592365,10.192743996164008,-0.2794622506323076,0.5562045272791902,-0.007982256856388092,0.15856182137641578
719.2732575084942,10.726210304995082,9.401613788728657,-0.6814976036090113,-0.1418258427919757,-0.15440667831175137,-0.10207064881522741
719.3732575084944,10.657288511242527,9.386920851205362,-0.6969382714402076,-0.15203290767351235,-0.15440667831175137,-0.10207064881522741
719.4732575084943,10.735116369126528,9.60015664994548,-0.5889088030587863,0.026050116846228436,-0.10973376179249589,-0.03458879032829461
719.5732575084942,10.935729579874245,9.050835868535994,-0.3807883810493072,-0.4364950922282321,-0.029747041593483195,-0.20059656406944287
719.6732575084943,10.4441487903225,9.344989888757027,-0.7611247748404549,-0.17799224016154058,-0.16622711083825348,-0.10080004940737247
719.7732575084942,10.214447797695918,9.430645256519899,-0.9094131206053463,-0.09960628665980355,-0.21513912078073744,-0.0682538388397885
719.8732575084944,10.109695166323263,9.375788537217934,-0.9415116060371466,-0.14300957870939443,-0.21896236254094784,-0.0813418622870309
719.9732575084943,10.014449193906932,9.361080870035574,-0.9634078422912215,-0.15114376493809012,-0.21896236254094784,-0.0813418622870309
720.0732575084942,10.211052362249708,9.581831171673917,-0.7398632335972307,0.03391675523312919,-0.12996816562184904,-0.012387487085043208
720.1732575084943,10.136416198061774,9.58516090976181,-0.7528600501594334,0.03267800652462318,-0.12996816562184904,-0.012387487085043208
720.2732575084942,10.04581804268428,9.880338585775574,-0.7762930802787328,0.2719387692717572,-0.13324205551355103,0.07392008317692116
720.3732575084941,9.96752252437891,9.907902063118609,-0.7896172858300757,0.2793307775894426,-0.13324205551355103,0.07392008317692116
720.4732575084943,9.986362085596767,9.758436611928888,-0.720956928739247,0.14052467086268894,-0.10357909704335938,0.021523695550475473
720.5732575084942,10.057070344098104,9.502656099114018,-0.6105665417953398,-0.08192721641865285,-0.05949633295621547,-0.05969425891750476
720.6732575084943,10.174368435862574,9.764758865767844,-0.4678098153428634,0.13458235213848735,-0.005713835068414205,0.020010035652420453
720.7732575084942,10.137050331062234,9.600147344150548,-0.46020027002617125,-0.015034345492593536,-0.0026747301954940217,-0.03576940443715648
720.8732575084941,10.140931235797192,9.60670719173571,-0.41898397759432543,-0.011844793924361136,0.012309573766947567,-0.03334827073790357
720.9732575084943,10.099094385906538,9.605355970989583,-0.417753020217629,-0.015179620998156042,0.012309573766947567,-0.03334827073790357
721.0732575084942,10.02794235033782,9.720695890749289,-0.44094505924109517,0.07921909029179837,0.0034945562922361,0.002089990554010511
721.1732575084941,9.983865317195212,9.728628249731232,-0.4405956036118719,0.07942808934719923,0.0034945562922361,0.002089990554010511
721.2732575084942,10.309727272198126,9.644813850541581,-0.12541162603917594,0.009842870731095748,0.11935774541652605,-0.021323447911617208
721.3732575084941,10.297782898321302,9.645691520375133,-0.11347585149753418,0.007710525939935967,0.11935774541652605,-0.021323447911617208
721.4732575084943,10.268150923778155,9.511524957388895,-0.11726064596737645,-0.10530804956888748,0.11366986259215398,-0.06106430178891392
721.5732575084942,10.308433139304444,9.21439414468578,-0.06255564696914478,-0.3496261664103334,0.12949169564993812,-0.1472027668100552
721.6732575084941,10.430086427217185,8.959906111950964,0.05632323257507132,-0.5442323735996569,0.16780320036879798,-0.2116478674800672
721.7732575084942,10.549972773070246,8.791519429317551,0.17085895314157828,-0.6614764459710203,0.20411801504475335,-0.24699498535607553
721.8732575084941,10.4502212985784,8.850828583188523,0.09331903667186232,-0.5821665488314625,0.1687369858687,-0.20977914996256836
721.973257508494,10.46039688717492,8.791563032555619,0.11019273525871698,-0.6031444638277003,0.1687369858687,-0.20977914996256836
722.0732575084942,10.524836717580863,9.547304985996778,0.1718739993528214,0.04931861547050723,0.18523254955788726,0.0320255842530489
722.1732575084941,10.542950280263918,9.55239697546509,0.19039725430859328,0.0525211738958092,0.18523254955788726,0.0320255842530489
722.2732575084942,10.640028880327575,9.802212247449445,0.2779541278827004,0.26284652716454016,0.21158123586820932,0.10799176057363741
722.3732575084941,10.66888219929516,9.829036858968744,0.2991122514695021,0.2736457032218941,0.21158123586820932,0.10799176057363741
722.473257508494,10.510471119288301,9.720224560128681,0.16259140700236677,0.17200772524719574,0.15453117021841856,0.06769506656710482
722.5732575084942,10.354141831370006,10.120706373954969,0.0319882450035695,0.4974048520431431,0.10120897296812699,0.18291231092930643
722.6732575084941,10.345630785373364,10.13276640204792,0.03194087108000648,0.4839637379035871,0.09753142328996695,0.1715440278333286
722.773257508494,10.183441261113863,10.150306357682794,-0.10127482972736587,0.4741302642090604,0.044420423643857364,0.1616153148449176
722.8732575084941,9.830591711223656,10.168489866109125,-0.3818535917288982,0.4656320093875822,-0.058531618480732496,0.15279174133941176
722.973257508494,9.792113693958397,10.215817025754536,-0.38770675357696616,0.48091118352150947,-0.058531618480732496,0.15279174133941176
723.0732575084942,9.971132846315275,10.219063217679635,-0.21147271544157106,0.4593652227109142,0.007504420597197074,0.13977550995470647
723.1732575084941,9.950023096874123,10.265698617500455,-0.21072227338185204,0.4733427737063721,0.007504420597197074,0.13977550995470647
723.273257508494,10.219255600236194,10.067110408383728,0.031922324447886674,0.2811100927123554,0.09509342828971849,0.06490904243904813
723.3732575084941,10.222923299822437,10.095545962867199,0.041431667276871496,0.28760099695626906,0.09509342828971849,0.06490904243904813
723.473257508494,10.331825896606695,9.832931493755046,0.13776839054479945,0.05419591544450497,0.12650857398339077,-0.021068010383151092
723.573257508494,10.537103055243675,9.840536465480875,0.3112248712863052,0.05399510972038436,0.1852154589208667,-0.02037879352312936
723.6732575084941,10.653313614144386,9.69854523142492,0.3998010926526068,-0.06914183454478959,0.21055207157215924,-0.06376318388261898
723.773257508494,10.599760491863387,9.739422056350183,0.3393301261509811,-0.03457798979523516,0.18026619609499253,-0.048701490168860065
723.8732575084941,10.479677535648957,9.918771681034134,0.22860502058548263,0.11083010114623404,0.13375993118102952,0.00506990428269883
723.973257508494,10.503206837363388,9.929880040670161,0.24198101370357342,0.11133709157450346,0.13375993118102952,0.00506990428269883
724.073257508494,10.042289195990934,9.58189151403071,-0.14843772975267105,-0.18594953899682057,-0.012191935551943499,-0.10233842075067648
724.1732575084941,10.027384463337885,9.562784868027247,-0.14965692330786706,-0.19618338107190217,-0.012191935551943499,-0.10233842075067648
724.273257508494,9.938036425564693,9.766672205186179,-0.21329321730238757,-0.01800587384236408,-0.034929321383382395,-0.03362822607702363
724.3732575084939,9.916532457227557,9.76470347667156,-0.21678614944072264,-0.021368696450063385,-0.034929321383382395,-0.03362822607702363
724.473257508494,10.007172848155463,9.735926858225424,-0.12661627008132972,-0.046502008275900716,-0.0010410380515053289,-0.04143061799940751
724.573257508494,9.74438272105002,9.69548168632205,-0.3374486227450834,-0.08025593801912269,-0.07797366516751206,-0.05213804696023601
724.6732575084941,9.58448075053043,9.594546815717583,-0.44993199667563716,-0.16164426046091088,-0.11583536107717049,-0.07942797703282489
724.773257508494,9.531316524446897,9.628167257558353,-0.4680591492035767,-0.12688352276995937,-0.11826622644444355,-0.06371754694886447
724.8732575084939,9.949073308074597,9.67924908441296,-0.09329638598289054,-0.08064070168996679,0.021373288036088192,-0.044891407458035625
724.973257508494,9.939850535916475,9.670960557206662,-0.0911590571792788,-0.08512984243577647,0.021373288036088192,-0.044891407458035625
725.073257508494,9.94339672232424,9.623726007155481,-0.07815417539077867,-0.1198699705159828,0.025418475962388956,-0.055354998763158
725.1732575084939,9.93570839716498,9.611462235110078,-0.07561232779454208,-0.12540547039229358,0.025418475962388956,-0.055354998763158
725.273257508494,9.64221615630678,9.515544549779893,-0.309181124017499,-0.19478416795515074,-0.05943158220038883,-0.07696772891757762
725.3732575084939,9.611000885994057,9.495681294339809,-0.31512428223753247,-0.20248094084690152,-0.05943158220038883,-0.07696772891757762
725.473257508494,9.446495662407571,9.622959684465627,-0.43155053175499875,-0.08853410600961775,-0.0994056363783278,-0.033371505936774244
725.573257508494,9.346971366265953,9.219341794996463,-0.48856329626765527,-0.42019647341917804,-0.11659074609687908,-0.15209544681679646
725.6732575084939,9.12042507061,9.21141136275933,-0.6476425258752078,-0.4067530336804322,-0.16990806344782605,-0.14183036126923973
725.773257508494,9.43414293457154,9.102458437764156,-0.3376773220389341,-0.4784350155576631,-0.04844830927986089,-0.1629839533260101
725.8732575084939,9.538214724623927,9.068050173943615,-0.22776243712755478,-0.4830345433921958,-0.0069960822202093514,-0.1587979552796615
725.9732575084938,9.515403500500092,9.018952729828042,-0.2284620453495751,-0.4989143389201475,-0.0069960822202093514,-0.1587979552796615
726.073257508494,9.026412656232887,9.395298087290533,-0.6197777346651687,-0.163487433494804,-0.14904656844135783,-0.032831638775650596
726.1732575084939,8.96368964992422,9.378785185747189,-0.634682391509291,-0.16677059737236608,-0.14904656844135783,-0.032831638775650596
726.273257508494,8.953361413185949,9.684436189393239,-0.6073658969648398,0.09665266718160688,-0.13451886149251013,0.063181491825478
726.3732575084939,8.891952229182058,9.694417363570517,-0.6208177831140785,0.10297081636414894,-0.13451886149251013,0.063181491825478
726.4732575084938,8.580085805169345,9.589848791623808,-0.8416816840513913,0.014562609520742535,-0.20956291591686654,0.029232224646021668
726.573257508494,8.639917030216091,9.61841667284657,-0.7404360665339109,0.03992246044523637,-0.16494946728203208,0.03734541490491208
726.6732575084939,8.6022788362402,9.61363862186079,-0.7259414104869246,0.03629264790833334,-0.1537414849965191,0.03470709552482655
726.7732575084938,8.863564056690878,9.412889243143425,-0.4528735177022566,-0.13430503085427054,-0.04658915154744793,-0.029331846900107705
726.8732575084939,8.797099656792735,9.26207976014031,-0.47493907056436246,-0.24990102196721584,-0.05287658345082045,-0.06964397862234538
726.9732575084938,8.749341366819088,9.236741438050501,-0.4802267289094397,-0.25686541982944405,-0.05287658345082045,-0.06964397862234538
727.073257508494,8.6893594821758,9.16210046063174,-0.493021914377458,-0.302564970402239,-0.05498930027680177,-0.0831949772784495
727.1732575084939,8.639782344236716,9.13142798870515,-0.49852084440513317,-0.3108844681300764,-0.05498930027680177,-0.0831949772784495
727.2732575084938,8.692448930710103,9.07430773342191,-0.4204740784513715,-0.34213584124505986,-0.02533756104450856,-0.0919408159535728
727.3732575084939,8.650274835059687,9.039634445217589,-0.42300783455582586,-0.3513299228404297,-0.02533756104450856,-0.0919408159535728
727.4732575084938,8.90001000908157,8.911162677246558,-0.18228542314524296,-0.43690859173271074,0.06267532043061087,-0.11931652078724878
727.5732575084937,8.98752252022649,9.294023181816128,-0.08719533767460208,-0.09343150713165829,0.09510264054240916,0.00920094811456107
727.6732575084939,9.286062728103994,9.535828053095146,0.1776756708293091,0.11394154910890625,0.18745873561633364,0.08316383028841601
727.7732575084938,9.246854869927667,9.675482119175934,0.14650503681835378,0.23104980697179833,0.1689154253547158,0.12318785002132686
727.8732575084939,9.260194550284801,9.196348094791576,0.16160522663266516,-0.16945725670385614,0.16826837286596308,-0.024526293790885126
727.9732575084938,9.277196414812382,9.179279737652251,0.17843206391924615,-0.17190988608294241,0.16826837286596308,-0.024526293790885126
728.0732575084937,8.989304139350564,9.447570635166581,-0.06482435024911079,0.06011773536181936,0.07283594390242773,0.05942081274701248
728.1732575084939,8.983185884045158,9.453879512766507,-0.05754075585885808,0.06605981663652871,0.07283594390242773,0.05942081274701248
728.2732575084938,8.645875934511372,9.656999442571486,-0.33004347338003726,0.23759640113964065,-0.029374803759373118,0.11996607190913204
728.3732575084937,8.612724713154602,9.681358913044972,-0.3329809537559719,0.24959300833054293,-0.029374803759373118,0.11996607190913204
728.4732575084938,8.304476094488399,9.841864342516999,-0.5647214095305071,0.37257066995004895,-0.11215835395925294,0.15974090994493095
728.5732575084937,8.331627431221788,9.838433086250483,-0.5050122089735103,0.3540254514895985,-0.08626505596190459,0.1472585654735202
728.6732575084939,8.348768880903778,10.015561807422868,-0.45697535104369286,0.48467143976650096,-0.06577166728426825,0.1887875752069702
728.7732575084938,8.376545746099012,9.902177039160934,-0.39993953281503297,0.36501531883060795,-0.04214030014561558,0.13782124415054048
728.8732575084937,8.324979114018257,10.237629275336936,-0.4135964990309261,0.6236595028517691,-0.04555117244226287,0.2254358874744975
728.9732575084938,8.283391708252895,10.301122405059573,-0.4181516162751586,0.6462030915992496,-0.04555117244226287,0.2254358874744975
729.0732575084937,8.154714168441743,10.00878307848583,-0.4971942587177484,0.3724070026021646,-0.0731465981268237,0.11870587277832459
729.1732575084936,8.104629009579378,10.046617308109903,-0.5045089185304241,0.3842775898799862,-0.0731465981268237,0.11870587277832459
729.2732575084938,8.427880502060697,9.512137221377916,-0.19855912481328258,-0.08140518034265885,0.040720160369288244,-0.05412586189619757
729.3732575084937,8.408228190381234,9.503726074034178,-0.19448710877635747,-0.08681776653227369,0.040720160369288244,-0.05412586189619757
729.4732575084938,8.48882387474425,9.517536127925235,-0.10728711793158795,-0.07351030016639984,0.07079681852257663,-0.047416725257962755
729.5732575084937,8.369329927499692,9.425378057728912,-0.1921401049651969,-0.14861846204740078,0.03723405807880977,-0.07286157839218907
729.6732575084936,7.831042159827372,9.456172067632828,-0.6206377501348982,-0.11806741233499911,-0.11908694796724548,-0.059306195584619525
729.7732575084938,7.585044878804332,9.60643450131731,-0.7905703883899934,0.014170805432400565,-0.17779071461302687,-0.008474529340802513
729.8732575084937,7.688882607300087,9.617659700250865,-0.6556068600578717,0.021410251847904783,-0.12261873303387119,-0.005580937727425388
729.9732575084936,7.622708827629191,9.619772820747018,-0.6678687333612476,0.02085215807516275,-0.12261873303387119,-0.005580937727425388
730.0732575084937,7.915322650984931,9.264858519457139,-0.3803143952207546,-0.2758797876209492,-0.014096626216351299,-0.11245447282169145
730.1732575084936,7.877220728331808,9.236708268330963,-0.38172405784238844,-0.28712523490310815,-0.014096626216351299,-0.11245447282169145
730.2732575084938,7.916030549942134,9.476830019595461,-0.32003590517012204,-0.07306899175389589,0.008435249262279832,-0.030643299143509023
730.3732575084937,7.884069135671462,9.469369903924362,-0.31919238024389485,-0.076133321668244,0.008435249262279832,-0.030643299143509023
730.4732575084936,8.281423067194893,9.332238170678163,0.03903114549724189,-0.18558874770380007,0.13773944727962123,-0.06877312804503458
730.5732575084937,8.192546646657773,8.949234051241245,-0.02594166116675823,-0.4954168583521359,0.1089905989678713,-0.17832155981516565
730.6732575084936,8.21725071880292,9.031229675310808,0.007226271145463545,-0.404367602156815,0.11704456240074937,-0.13931420916244489
730.7732575084935,8.302311238477984,9.096626453270696,0.09111937351436847,-0.32764477284148624,0.14386167216322998,-0.1059629363245155
730.8732575084937,8.590460685338863,9.094197514456068,0.3368157209974546,-0.3129017201017776,0.22741296055303736,-0.09689620790594589
730.9732575084936,8.625279322241342,9.062422861406391,0.3595570170527377,-0.32259134089236335,0.22741296055303736,-0.09689620790594589
731.0732575084937,8.62238286570183,9.153491361100386,0.34832179370783073,-0.23057018065813145,0.21493216268063584,-0.060465729735887326
731.1732575084936,8.658289705885982,9.130132014385914,0.36981500997587474,-0.2366167536317147,0.21493216268063584,-0.060465729735887326
731.2732575084935,8.595085642097825,9.2233448577998,0.30315649680397794,-0.13876739788999315,0.18194566027601713,-0.02110176515375102
731.3732575084937,8.626311020079646,9.209362609185014,0.3213510628316045,-0.14087757440537113,0.18194566027601713,-0.02110176515375102
731.4732575084936,8.558732903775317,9.227585189447476,0.25576642644406106,-0.11632866598231702,0.15163338047826966,-0.011547334525313823
731.5732575084935,8.444414484388924,9.328917918322427,0.15242977175663625,-0.023442259738783403,0.10837142673580667,0.02245838339621949
731.6732575084936,8.593872772194345,9.234258749445804,0.2745338878702874,-0.09718894648554795,0.1486132548200928,-0.0047663468287757645
731.7732575084935,8.104794315629565,9.686654072807201,-0.1564577446347649,0.29560143704121716,-0.01701511409162826,0.13991474191186526
731.8732575084937,8.032964259888155,9.486913977994151,-0.20478329044577492,0.12077132610421565,-0.03385612878329726,0.07235206658566848
731.9732575084936,8.01231665019968,9.49935287093749,-0.20816890332410157,0.1280065327627759,-0.03385612878329726,0.07235206658566848
732.0732575084935,8.053972902375415,9.313673100411963,-0.15704505826728668,-0.026756712715647682,-0.01349135117670143,0.014692751305486175
732.1732575084936,8.03820093979278,9.311070892896922,-0.15839419338495866,-0.02528743758509706,-0.01349135117670143,0.014692751305486175
732.2732575084935,7.745584691621147,9.361470721227787,-0.39234192067812645,0.021588729907945213,-0.09828188864882535,0.03151481006300161
732.3732575084935,7.705859090110127,9.363787168268894,-0.40217010954300003,0.024740210914242507,-0.09828188864882535,0.03151481006300161
732.4732575084936,7.7772914732611795,9.178271041611346,-0.31862927080029835,-0.12684269368216664,-0.06449989971007633,-0.023940917561916054
732.5732575084935,7.8523420463351306,9.236281392095572,-0.2347331999224911,-0.07031567905497232,-0.031516377812419435,-0.002634768680972021
732.6732575084936,7.8868732205156835,9.467759445587257,-0.1894719479104138,0.1255313253257875,-0.01400693068814764,0.06762286442471288
732.7732575084935,7.94899382201045,9.557172317377953,-0.12093779373290926,0.19741145108878402,0.011972923144816038,0.09157941163841868
732.8732575084935,7.715068530916626,9.317668892123145,-0.30415436313556987,-0.006637005985468827,-0.054638999104519616,0.01529155158339296
732.9732575084936,7.684379899607504,9.317081649282514,-0.3096182630460293,-0.005107850827127445,-0.054638999104519616,0.01529155158339296
733.0732575084935,7.8049330783828665,9.362522121566442,-0.18847873699796486,0.03201951987109742,-0.008760359672548505,0.027477438166202718
733.1732575084934,7.786041402884725,9.36586146074438,-0.1893547729652189,0.03476726368771519,-0.008760359672548505,0.027477438166202718
733.2732575084935,7.969555342794041,9.458232767507399,-0.02181525157813038,0.1103805752476338,0.05212821054391308,0.05355766070281945
733.3732575084935,7.967634458688949,9.469538613335667,-0.016602430523743814,0.11573634131791087,0.05212821054391308,0.05355766070281945
733.4732575084936,8.098482992181898,9.473789574475688,0.09872088932430031,0.11484964346816309,0.09196745646516324,0.05132040505011158
733.5732575084935,7.933157299871768,9.42345631280668,-0.04007346823363832,0.06833228145963792,0.037938893987260615,0.032643738451138014
733.6732575084934,7.773464385508808,9.407968938156175,-0.1660268710935863,0.05311073638861786,-0.008986694694167761,0.026021058722036902
733.7732575084935,7.9501872820545705,9.805936682317213,-0.0002543660838670455,0.3897423643073015,0.05292940181041638,0.14890895087534645
733.8732575084935,7.695581594995385,10.247310571314884,-0.20676294994339459,0.7343776770000239,-0.02357518694615384,0.2668955412969931
733.9732575084934,7.674787424066334,10.322082816721302,-0.20912046863800782,0.7610672311296989,-0.02357518694615384,0.2668955412969931
734.0732575084935,7.039859265779731,10.202556622406124,-0.7250148207506223,0.627003994513633,-0.21007599593352017,0.20960275735986197
734.1732575084934,6.96630740372507,10.266305035644228,-0.7460224203439552,0.6479642702496001,-0.21007599593352017,0.20960275735986197
734.2732575084935,7.099083931374383,9.958448931379735,-0.5945316231141845,0.3560079559852136,-0.14795378237197185,0.09587057833505225
734.3732575084935,7.0388910001511595,9.994529079869897,-0.6093270013513682,0.3655950138187101,-0.14795378237197185,0.09587057833505225
734.4732575084934,7.01243762418094,10.13137731091083,-0.594798775960471,0.45726620450167754,-0.13734416504178595,0.12528896065451756
734.5732575084935,7.111363111759325,10.158463218082165,-0.4744985088801277,0.45376384869771735,-0.08841080945858572,0.11949198466334215
734.6732575084934,7.0776443897307555,9.87380476768065,-0.4715421302347471,0.1938712784910607,-0.08414403266019062,0.022103211128120512
734.7732575084933,7.090857927871814,9.443972764723195,-0.427561338713869,-0.18628581314769727,-0.06467992348270417,-0.11856796396226828
734.8732575084935,6.923226629368473,9.41025936760152,-0.5375442686377194,-0.2100400013331991,-0.10207043691387477,-0.12282499643099022
734.9732575084934,6.868961850320182,9.388641242486067,-0.5477513123290976,-0.22232250097628697,-0.10207043691387477,-0.12282499643099022
735.0732575084935,7.214446410344094,9.47515425607086,-0.22218596254952933,-0.14262864140848486,0.020012351080710568,-0.08930285124848034
735.1732575084934,7.192327875844565,9.460444877673783,-0.2201847274414601,-0.15155892653332476,0.020012351080710568,-0.08930285124848034
735.2732575084933,7.087303531258081,9.613600256478701,-0.28942738034831905,-0.024798879877750032,-0.006347892962371218,-0.04154277827329802
735.3732575084935,7.058329053758398,9.610912654599556,-0.29006216964455706,-0.0289531577050855,-0.006347892962371218,-0.04154277827329802
735.4732575084934,7.084412377182608,9.346878432623283,-0.24480268908057606,-0.24769960460702353,0.010257182151893047,-0.11845111918465603
735.5732575084933,7.267230659067724,9.118771770691914,-0.0691716698051947,-0.42823836937688226,0.07400205068140207,-0.17945153658238855
735.6732575084934,7.1935797631886915,9.16074428772817,-0.11762720697060067,-0.3757272993226874,0.053800753683833386,-0.1542102160569401
735.7732575084933,6.926262306724574,9.461209747440583,-0.3327483939516916,-0.10283079348052679,-0.028112495452852118,-0.04813955199751503
735.8732575084935,6.847096461796198,9.454875239004041,-0.3735828241113649,-0.10420550956341453,-0.041846805483421776,-0.04690895012715941
735.9732575084934,6.809528945357679,9.444220143297075,-0.37776750465970327,-0.1088964045761262,-0.041846805483421776,-0.04690895012715941
736.0732575084933,6.772233644118884,9.467367503657739,-0.3838906943981143,-0.0855895886754644,-0.043229573785506306,-0.036923032070596204
736.1732575084934,6.7336284268100925,9.458623929629827,-0.38821365177667083,-0.08928189188252905,-0.043229573785506306,-0.036923032070596204
736.2732575084933,6.789600022642907,9.312378685702315,-0.31015394511189753,-0.20967946121159,-0.012490594554852082,-0.07986123780179682
736.3732575084932,6.758522175158972,9.291011433392168,-0.3114030045673816,-0.21766558499176242,-0.012490594554852082,-0.07986123780179682
736.4732575084934,6.755652318809447,9.336543951264503,-0.2890619436923937,-0.16997594755821888,-0.003955417478604173,-0.059907432206792066
736.5732575084933,6.580414228552669,9.518949237481648,-0.4127250787006815,-0.00980415915970641,-0.048957925871096146,0.00017771986210445012
736.6732575084934,6.439976788803749,9.320007761160392,-0.49995991881364693,-0.17254824416538955,-0.07873741652062344,-0.05813258950696169
736.7732575084933,6.280089294291827,9.490617112684046,-0.6022127301981821,-0.01824680904994948,-0.11379796977964582,0.0007728543472577953
736.8732575084932,6.505326236617248,9.430668551636554,-0.3758753957718466,-0.06589031405397358,-0.02793243382158006,-0.016302228824690474
736.9732575084934,6.467599034870904,9.423998009087024,-0.3786686391540084,-0.06752053693644486,-0.02793243382158006,-0.016302228824690474
737.0732575084933,6.486259657030931,9.02988075605908,-0.33571955133583103,-0.3874877884914498,-0.011768207897720977,-0.13037363783334802
737.1732575084932,6.45262886085789,8.990480109020805,-0.3368963721256021,-0.40052515227477276,-0.011768207897720977,-0.13037363783334802
737.2732575084933,6.326492945053823,9.170495933518044,-0.4127481097428898,-0.22609874099052207,-0.03815155154074115,-0.06150509584906312
737.3732575084932,6.285027376321867,9.147578533939766,-0.41656326489696044,-0.23224925057542278,-0.03815155154074115,-0.06150509584906312
737.4732575084934,6.3080018971936385,9.269758716009727,-0.3664076079431993,-0.1185643751482411,-0.018624290473987143,-0.01855692731384672
737.5732575084933,6.127653106786534,9.180470837794488,-0.48926523704941005,-0.1847697487882158,-0.06279719400909684,-0.04182607424667581
737.6732575084932,5.8874658436054474,9.220118870714908,-0.6544850211765124,-0.14099075196323732,-0.12028090694448848,-0.02464357194963654
737.7732575084933,5.9834243842512445,9.245655704526282,-0.5268737367081867,-0.10962116434788595,-0.06840675980753308,-0.012196222579142038
737.8732575084932,5.973738351507071,9.107744129342413,-0.49769174590040977,-0.2150116693983155,-0.05539505311158217,-0.049469840040707626
737.9732575084931,5.9236922016515186,9.085995613202398,-0.503231251211563,-0.21995865340238177,-0.05539505311158217,-0.049469840040707626
738.0732575084933,5.966807230859975,9.002640852293657,-0.42963912054118675,-0.27800506592931223,-0.026457999069419723,-0.0692722430216407
738.1732575084932,5.923711028810549,8.974493984485644,-0.43228492044812633,-0.28493229023147,-0.026457999069419723,-0.0692722430216407
738.2732575084933,5.979644292011434,8.80879150898715,-0.3487205919409597,-0.4051495072527022,0.005739591082126898,-0.11008480255483143
738.3732575084932,5.9448009307727805,8.767726134249143,-0.34814663283274755,-0.41615798750817534,0.005739591082126898,-0.11008480255483143
738.4732575084931,5.682832992840421,8.548332009606758,-0.5367255886388836,-0.572920294845004,-0.06269811083145463,-0.1623219604653392
738.5732575084933,5.772406764866902,8.68841083337543,-0.4220466100832121,-0.4242546389198987,-0.01854215080322917,-0.10269412249848169
738.6732575084932,5.746229044986329,8.941450824826067,-0.4104831657040194,-0.19117385250200147,-0.013689397748395362,-0.015512606929712278
738.7732575084931,5.711465215796238,9.16026542213826,-0.4063763429458922,0.009814591887148272,-0.01165522571782761,0.05900079919801254
738.8732575084932,5.631282825152542,9.001571896369674,-0.44035906834595695,-0.11561494361606109,-0.023509090405023678,0.012009454635808332
738.9732575084931,5.587129372865961,8.990070449281257,-0.4427099773864572,-0.11441399815248135,-0.023509090405023678,0.012009454635808332
739.0732575084933,5.5734536635570455,8.95671657071762,-0.4181503908453822,-0.13109615250289416,-0.013407293015137906,0.005649348445851143
739.1732575084932,5.53157158800747,8.943635202209572,-0.41949112014689477,-0.13053121765830955,-0.013407293015137906,0.005649348445851143
739.2732575084931,5.777290792272631,9.278351102799943,-0.1816547045179712,0.15998792482768967,0.0730259033606928,0.11069599126211449
739.3732575084932,5.759490451337614,9.294903375239047,-0.17435211418189195,0.1710575239539162,0.0730259033606928,0.11069599126211449
739.4732575084931,5.62463553749003,9.019126715717055,-0.26511779942201785,-0.05919720446769672,0.03754367241489263,0.024207030675673147
739.573257508493,5.414502539284097,9.060309927337052,-0.4162220004483587,-0.017685182404872345,-0.018992062840352417,0.03834263527627668
739.6732575084932,5.39879962589569,9.02683279640291,-0.39646749426332634,-0.04007897080015485,-0.011160583762362758,0.028946294818884236
739.7732575084931,5.865229738613842,8.934028547650044,0.03866560768232939,-0.11287080467031876,0.15090010366574239,0.0011016004670491783
739.8732575084932,5.819864884785495,8.896390565111176,0.012212337773631461,-0.1343983106734676,0.13589430242112163,-0.006640621404198121
739.9732575084931,5.821765590074961,8.88291753093682,0.025801768015731266,-0.1350623728138868,0.13589430242112163,-0.006640621404198121
740.073257508493,5.846487238549164,9.14021906647372,0.05701896596047949,0.0893528577821791,0.142208342153741,0.07467682757291795
740.1732575084932,5.85290017685599,9.149527736389818,0.07123980017587299,0.09682054053948108,0.142208342153741,0.07467682757291795
740.2732575084931,5.898921256491948,9.370109153470995,0.11701410394393791,0.28400724192949434,0.15355756574352278,0.14094987841815837
740.373257508493,5.911390454715047,9.399214627056008,0.1323698605182762,0.29810222977129736,0.15355756574352278,0.14094987841815837
740.4732575084931,5.811392372148509,8.660764188325071,0.05280623436913688,-0.3202068811369012,0.11921464047803354,-0.08569935221383507
740.573257508493,5.925577536786588,8.814982026076231,0.15597731115864208,-0.17346039435818383,0.15252803092076878,-0.02953620433847068
740.6732575084932,5.807430614399857,8.751808733442893,0.059269069784294706,-0.2139711919733795,0.11203517878092138,-0.04299126476200886
740.7732575084931,5.880442225255964,9.160523231393151,0.12781184172950105,0.14792599128777675,0.13333593939184477,0.09173063748856529
740.873257508493,5.989989475132136,9.274006564499631,0.22101360889236032,0.23774406524636793,0.16218503183769248,0.12058640965984803
740.9732575084931,6.012901761180593,9.298383903072601,0.2372321120761517,0.2498027062123692,0.16218503183769248,0.12058640965984803
741.073257508493,5.888994609007613,9.45182251371815,0.13065957958242128,0.36632097641314787,0.1179640929706524,0.15784658238193894
741.173257508493,5.902650387430695,9.48924384427134,0.14245598887947578,0.3821056346513274,0.1179640929706524,0.15784658238193894
741.2732575084931,6.069485794495034,9.9401372374638,0.2863733794632739,0.740081600076572,0.16734915110372522,0.2814686201435478
741.373257508493,6.098959878196852,10.015552740572105,0.3031082945736312,0.7682284620909011,0.16734915110372522,0.2814686201435478
741.4732575084931,6.103224366584511,9.678687028778532,0.2974602090585925,0.4549967062340428,0.15925072383164957,0.159120897781117
741.573257508493,6.092134401879307,9.657525883853669,0.27831022426922125,0.41478163625077236,0.1464455289460899,0.13882505312471607
741.673257508493,6.176805728742142,9.372380814733448,0.33965796113060326,0.15954787309131985,0.16333662827300005,0.04241270467362951
741.7732575084931,6.1877225457004705,9.50093006111179,0.33542117700620044,0.25942353163827847,0.1556949842839545,0.07759614683308987
741.873257508493,6.217984972717926,9.263625100970403,0.34761793511911737,0.050748038682511015,0.15447672057227352,0.00015301501802904294
741.9732575084929,6.253519149832666,9.26870066991374,0.3630656071763307,0.05076334018431391,0.15447672057227352,0.00015301501802904294
742.073257508493,5.921844155623342,9.358452979552121,0.06913315803070137,0.1224109173495275,0.041873655442202506,0.026370469525266373
742.173257508493,5.928966839703616,9.370825923634689,0.07332052357491782,0.12504796430205173,0.041873655442202506,0.026370469525266373
742.2732575084931,5.980670863863079,9.610194890079843,0.11397777327636774,0.3150902285941218,0.054984924185938075,0.09380570936884229
742.373257508493,5.992343565811635,9.64217294148607,0.11947626569495655,0.3244707995309975,0.054984924185938075,0.09380570936884229
742.4732575084929,5.9649685929661995,9.641662272369024,0.09200564965434979,0.30636088667260347,0.04305632124524926,0.08395331117247569
742.573257508493,5.797935414202548,9.703412464435324,-0.05234657967921408,0.3402954614499261,-0.0112156612030853,0.09318842166391011
742.673257508493,5.8370708718988435,9.705544922051212,-0.01648871558920293,0.3230058215776384,0.002158656684518376,0.0836557900744731
742.7732575084929,5.835354066696104,9.924528336751338,-0.0163407067461947,0.4898775128384873,0.0021334487877973035,0.14196944423565264
742.873257508493,5.808204508179861,9.833476285010102,-0.03734214232371304,0.388524049596705,-0.005529518047415159,0.1006240934294616
742.9732575084929,5.8044426463572565,9.872831810436884,-0.03789509412845405,0.398586458939642,-0.005529518047415159,0.1006240934294616
743.073257508493,5.591338094650626,9.476320352572737,-0.21321295090723336,0.047162806621893816,-0.06891575365715835,-0.02955450972086711
743.173257508493,5.569672220791637,9.480888860686317,-0.2201045262729429,0.04420735564980979,-0.06891575365715835,-0.02955450972086711
743.2732575084929,5.21839580330416,9.391833366082414,-0.5096843454491338,-0.03132981437570303,-0.17370737503811967,-0.054391591659820035
743.373257508493,5.166558831883984,9.388428426686541,-0.5270550829529694,-0.03676897354169245,-0.17370737503811967,-0.054391591659820035
743.4732575084929,4.92646954301017,9.394018468918421,-0.6997194012721397,-0.0343632572197458,-0.22989438012735516,-0.05158004284592684
743.5732575084928,5.000891475682549,9.368142026504431,-0.6000889362762135,-0.05797798967675975,-0.1851283303629574,-0.05825408246321105
743.673257508493,5.027298466235426,9.089592273500939,-0.54590051875872,-0.2878171896989059,-0.15883453323836785,-0.13850822641806992
743.7732575084929,5.181451413382384,9.257283511935274,-0.3811783295004287,-0.13388548989714188,-0.09174196951020376,-0.07678182452120198
743.873257508493,4.992455664057145,9.372474691495535,-0.5153658875392291,-0.035689157698633955,-0.13689790416375294,-0.03889862671940078
743.9732575084929,4.940234585782451,9.368711282592079,-0.5290556779555919,-0.0395790203705705,-0.13689790416375294,-0.03889862671940078
744.0732575084928,5.067158278769865,9.421816067636723,-0.39234598177236923,0.006898153803084324,-0.08244021865247786,-0.019957546837698792
744.173257508493,5.027511479499311,9.422406095282842,-0.40059000363762826,0.004902399119311722,-0.08244021865247786,-0.019957546837698792
744.2732575084929,4.698402606146224,9.097933565721123,-0.65662189330378,-0.2646465190747286,-0.17421775833753353,-0.11596279535707994
744.3732575084928,4.631869328024219,9.070889099836888,-0.6740436691375175,-0.27624279861042605,-0.17421775833753353,-0.11596279535707994
744.4732575084929,4.747917629506644,8.797877371800984,-0.5379965074479661,-0.48917108741123305,-0.1186909301944279,-0.18811878721690634
744.5732575084928,4.4695328373972805,9.004468925182872,-0.7385780349394231,-0.29460418976752595,-0.18758602817978492,-0.1109600192247684
744.673257508493,4.563669295171013,8.796105331199774,-0.6167210318682562,-0.45233601154244824,-0.136729706099544,-0.16349308918482097
744.7732575084929,4.7314669174126385,9.033110126724708,-0.43201870867597275,-0.22781241474289318,-0.06303595627404902,-0.0748770786023205
744.8732575084928,4.833878076817644,8.92671805240511,-0.317041409147078,-0.3036342564279648,-0.019228221414755872,-0.09932786845334157
744.9732575084929,4.802077794795819,8.895857987420005,-0.3189642312885562,-0.31356704327331253,-0.019228221414755872,-0.09932786845334157
745.0732575084928,4.981501273114289,8.862010938732844,-0.14444479481787065,-0.32490324326058495,0.044739313010656645,-0.09976714655505427
745.1732575084927,4.9672804901975685,8.829021778674042,-0.13997086351680904,-0.33487995791608133,0.044739313010656645,-0.09976714655505427
745.2732575084929,4.7567673573772495,8.545518748039976,-0.30471273123667136,-0.5537062387207683,-0.018024085865763623,-0.17565261186926104
745.3732575084928,4.726205963824281,8.489269861108605,-0.3065151398232461,-0.5712714999076784,-0.018024085865763623,-0.17565261186926104
745.4732575084929,4.315581658354266,8.223949329721329,-0.624609874479298,-0.7593345867141846,-0.13246229020905667,-0.23675784676176542
745.5732575084928,4.339003543370029,8.413406777959027,-0.5649420030351698,-0.5612067157781031,-0.10584282493584207,-0.15655260285368722
745.6732575084927,4.44515211260417,8.263082690794235,-0.4397053555124776,-0.6536712768942435,-0.056720589046961575,-0.18406994737556098
745.7732575084929,4.371094962239625,8.398614933589545,-0.4710654203490945,-0.5003351320408064,-0.06626333727119127,-0.12088645303400189
745.8732575084928,4.477532714221477,8.224854191407829,-0.3498057764308108,-0.6135031713471885,-0.02006978804242547,-0.15705389795063168
745.9732575084927,4.442451787638216,8.162718604783414,-0.3518127552350515,-0.6292085611422373,-0.02006978804242547,-0.15705389795063168
746.0732575084928,4.303727481141777,8.298298624360845,-0.4417771259934355,-0.48292852741274356,-0.05239780310286567,-0.09950140651193692
746.1732575084927,4.25928777952696,8.249508264587055,-0.4470169063037173,-0.4928786680639282,-0.05239780310286567,-0.09950140651193692
746.2732575084929,4.245309450302188,8.339997917821984,-0.4169661171846336,-0.3821095113614357,-0.03693661776495563,-0.054720928787715645
746.3732575084928,4.203428155494938,8.301513362041938,-0.42065977896112583,-0.3875816042402023,-0.03693661776495563,-0.054720928787715645
746.4732575084927,4.16255640035457,8.625446378246263,-0.42320535642047236,-0.0945481830021369,-0.036521227643666374,0.05226137137087471
746.5732575084928,4.081861734677856,8.697436427985965,-0.4590337423150828,-0.02177320906030686,-0.04826813137771289,0.07668734810546143
746.6732575084927,4.06603068408488,8.723531765547811,-0.4386280983582502,0.00882569764047747,-0.039142330889463194,0.08490220533010576
746.7732575084926,4.057002093155257,9.034490958495752,-0.41234910574165023,0.28082151546823797,-0.02792595419798124,0.18184467683313985
746.8732575084928,4.005836824661084,9.008024797159665,-0.4232787726276132,0.2534773376979819,-0.030865136571770008,0.16555396998023858
746.9732575084927,3.9633546217155025,9.034200300779341,-0.4263652862847874,0.2700327346959907,-0.030865136571770008,0.16555396998023858
747.0732575084928,3.924054382858333,8.937891840540312,-0.42813050128587316,0.18230990743416797,-0.03081651795008461,0.12758227846293735
747.1732575084927,3.8810872501400344,8.956760742676027,-0.4312121530808788,0.1950681352804501,-0.03081651795008461,0.12758227846293735
747.2732575084926,3.7445145553938803,8.9241192172563,-0.5148662092295615,0.16614922679171473,-0.06079127481450222,0.11313395456994747
747.3732575084928,3.6927239780967804,8.941299809708344,-0.5209453367110201,0.17746262224872492,-0.06079127481450222,0.11313395456994747
747.4732575084927,3.938417158577191,8.909483850517397,-0.2788317588242527,0.14755038727839567,0.029007702879335864,0.09835897534837161
747.5732575084926,3.9653468061139487,8.632499208350353,-0.22987351681523766,-0.0857651115832808,0.045822355480580154,0.010434288080515608
747.6732575084927,3.7369304673694432,8.890075775251303,-0.39647676067941157,0.13406317929705752,-0.016090145777009054,0.08881513988747111
747.7732575084926,3.5730710824818086,8.97411699800956,-0.5050777970130562,0.20267519609242043,-0.05583624083493496,0.11078971130318133
747.8732575084928,3.4685262030241693,8.854135015129557,-0.5553396123888846,0.0981595910333388,-0.07197439973955683,0.06942855645822804
747.9732575084927,3.412632369786634,8.864298117015172,-0.5625370523628338,0.10510244667915529,-0.07197439973955683,0.06942855645822804
748.0732575084926,3.3852092744491964,9.08838482037438,-0.5455737826924106,0.2870526431986377,-0.06326947237743868,0.1320691760925167
748.1732575084927,3.330335548817993,9.117750430574747,-0.5519007299301631,0.3002595608079074,-0.06326947237743868,0.1320691760925167
748.2732575084926,4.022260463244874,9.140683283023643,0.0787963244969039,0.3016906233963309,0.171404016424771,0.12632423219541533
748.3732575084925,4.030997115776679,9.171483966524224,0.09593672613936541,0.31432304661586097,0.171404016424771,0.12632423219541533
748.4732575084927,3.9467452992067162,8.913118271015403,0.03422731645215709,0.08810352633165595,0.14287524706285448,0.04072135685495798
748.5732575084926,4.1236445398155945,8.714477558729927,0.1940665048388311,-0.08060354754438555,0.1960132194452751,-0.021756417043212073
748.6732575084927,4.017626555583664,9.041036394483335,0.10845121031819557,0.19242999453808776,0.15795961862827373,0.07683875104103641
748.7732575084926,3.5263271912670664,8.785973476846399,-0.30924521824017287,-0.033640007330126565,-0.003076965911361501,-0.009158202305513091
748.8732575084925,3.585078818141536,8.983926107122956,-0.23501030603620812,0.1307554887538305,0.023848485435347042,0.049992210950070615
748.9732575084927,3.5616970299650603,8.997251617053108,-0.23262545749267016,0.13575470984884438,0.023848485435347042,0.049992210950070615
749.0732575084926,3.293938633872602,9.074912619736308,-0.43435990417080467,0.19265291070056742,-0.05014499101540618,0.06843479664469995
749.1732575084925,3.2502519185004846,9.09452008478957,-0.43937440327234073,0.1994963903650312,-0.05014499101540618,0.06843479664469995
749.2732575084926,3.723635598360766,8.648651453826503,-0.005213208519076213,-0.1879747315419537,0.111104950788177,-0.0759848661420219
749.3732575084925,3.7236698022627985,8.629474056341616,0.005897286559731383,-0.19557321815614898,0.111104950788177,-0.0759848661420219
749.4732575084927,4.021416956301312,8.636729403275085,0.26396009669179116,-0.18080827064044264,0.20045514098819284,-0.06796996688717113
749.5732575084926,3.8337325811950937,8.850311482518224,0.10279900858372562,0.005432782301598046,0.13430027075102563,0.0018334987565270106
749.6732575084925,3.7619840127363964,8.923354690924825,0.04739131807565079,0.06521713736193703,0.10940379418612758,0.02318587894717934
749.7732575084926,3.6233579003750958,8.660545558555498,-0.06571009685805747,-0.16175621472949517,0.06332393824388127,-0.06116954874082771
749.8732575084925,3.4752710369529805,8.745388179047607,-0.17725463260861427,-0.08468973112482855,0.02074574593921341,-0.03140549585120515
749.9732575084925,3.457649302421831,8.736762178455876,-0.1751800580146948,-0.08783028070994621,0.02074574593921341,-0.03140549585120515
750.0732575084926,3.5881258368548354,8.928950868050501,-0.04868198771981662,0.07138900332406597,0.06612411184955724,0.025972991499750755
750.1732575084925,3.5835882586421053,8.9362196333404,-0.04206957653486691,0.07398630247403869,0.06612411184955724,0.025972991499750755
750.2732575084926,3.7916621393377237,8.93783479599074,0.1428139654806576,0.0768085953562243,0.13114075979675308,0.0274899998429115
750.3732575084925,3.806599239684759,8.945653105525569,0.155928041460321,0.07955759534051295,0.13114075979675308,0.0274899998429115
750.4732575084925,4.011477495606046,8.863446610001036,0.32609624572416557,0.008043302372808855,0.18796475122548664,0.0008745521488815015
750.5732575084926,3.9799157517101955,9.031246415192468,0.2900367046421744,0.14707581672927883,0.16793792775689087,0.0511177383015764
750.6732575084925,3.7658307235830835,9.120517309403105,0.10378963339701949,0.2132824786572225,0.09450431766219096,0.07300531006864729
750.7732575084924,3.6854823695956203,8.891312850172607,0.03463250652363052,0.007075804097634504,0.06530266835521664,-0.005542987970603472
750.8732575084925,3.5823303954163683,8.94784300878216,-0.04771647576235773,0.052372590040197974,0.03319869538411314,0.01086309160718995
750.9732575084925,3.577724741317057,8.95313458324421,-0.044396606223949434,0.05345889920091598,0.03319869538411314,0.01086309160718995
751.0732575084926,3.6627971284037097,8.808865758180954,0.033687140956258056,-0.06720860887666004,0.06035719711360658,-0.03242228824941533
751.1732575084925,3.6664676284849,8.801982785852047,0.03972286066761323,-0.07045083770159863,0.06035719711360658,-0.03242228824941533
751.2732575084924,3.515189661267177,8.565501633130678,-0.08371668346703966,-0.26520158924899784,0.013518301194085685,-0.10189651680628153
751.3732575084925,3.506885584426432,8.53847199162171,-0.08236485334762925,-0.2753912409296399,0.013518301194085685,-0.10189651680628153
751.4732575084925,3.5688637520803774,8.56326715514935,-0.022608207916418453,-0.24212169875263617,0.03464983565887557,-0.08632104398567814
751.5732575084924,3.544531040977914,8.77340249534188,-0.03788469859787459,-0.0554056820214862,0.027807701973974155,-0.015682245635181294
751.6732575084925,3.4898201468863737,8.950586270156617,-0.07760641689085082,0.09332424866038772,0.012435864472648958,0.038162875647737994
751.7732575084924,3.471839785653215,9.050218390748457,-0.0852250716238542,0.17382076435484548,0.009143661235470474,0.06637317139334903
751.8732575084925,3.401399692961033,9.030565824452147,-0.13580839024056482,0.1497815200042667,-0.009457759178368282,0.05539672205011665
751.9732575084925,3.3877715651410973,9.04582096006281,-0.13675416615840078,0.15532119220927332,-0.009457759178368282,0.05539672205011665
752.0732575084924,3.3497336254504027,9.127591392230885,-0.1595639543711887,0.21211475936938057,-0.017809162128156912,0.07296151912525936
752.1732575084925,3.333688184202621,9.14916767576348,-0.16134487058400682,0.21941091128191645,-0.017809162128156912,0.07296151912525936
752.2732575084924,3.1256696479948367,8.963302874819332,-0.3266501951442774,0.05430782756801303,-0.07806674364537818,0.010831577301475001
752.3732575084923,3.0926142947622126,8.968787815462637,-0.3344568695088081,0.05539098529815954,-0.07806674364537818,0.010831577301475001
752.4732575084925,3.1263763164728755,8.924721766270721,-0.28598105538159463,0.01563388161419348,-0.057703091453716535,-0.0038052883460066612
752.5732575084924,3.070525135898588,8.897563846317594,-0.31446893836756507,-0.008628400033256958,-0.06599681878608409,-0.012441042360160597
752.6732575084925,3.0641254213519162,8.776160853865349,-0.29994520276581565,-0.10892797688658178,-0.058357131028639896,-0.047928197396145095
752.7732575084924,3.0226894834222984,8.883787252303822,-0.315391079236385,-0.01266022872057149,-0.06192717728504716,-0.010748489166597132
752.8732575084923,3.1684989797022136,8.751111939191777,-0.17393208259079473,-0.12157326458947522,-0.00859406866570838,-0.049334312963578895
752.9732575084925,3.151062801099782,8.738707941167993,-0.17479148945736675,-0.12650669588583985,-0.00859406866570838,-0.049334312963578895
753.0732575084924,3.0405854925003117,8.87545914009043,-0.25570572934387925,-0.008199654409358536,-0.03828691005214559,-0.005109838037628418
753.1732575084923,3.014823485015687,8.874613625459306,-0.2595344203490903,-0.008710638213120913,-0.03828691005214559,-0.005109838037628418
753.2732575084924,3.162198527248954,8.748118807871403,-0.11980542633605505,-0.11466902604767029,0.01339872415336087,-0.04351274171713672
753.3732575084923,3.150284978236126,8.736434341558063,-0.11846555392072018,-0.11902030021938001,0.01339872415336087,-0.04351274171713672
753.4732575084925,3.527874457156029,8.498433809012615,0.20706504621745742,-0.30913809844283474,0.13069466113162495,-0.11009017193420122
753.5732575084924,3.17757191911676,8.696940845148717,-0.09299022555194274,-0.12879934308666793,0.01637914420017897,-0.04089791842401094
753.6732575084923,2.568498014403001,8.81376591766616,-0.5906604865893404,-0.026079159657345384,-0.1642052029481729,-0.0026326711670386083
753.7732575084924,2.313532301507344,8.78635087530766,-0.775224456211706,-0.04744142071868916,-0.22666822972959372,-0.010394891932820314
753.8732575084923,2.271067464874474,8.676180153570883,-0.7678129905005322,-0.13498967613439075,-0.2158036851201807,-0.0413487878085996
753.9732575084922,2.1932071473988914,8.662474442018414,-0.7893933590125306,-0.13912455491524695,-0.2158036851201807,-0.0413487878085996
754.0732575084924,2.260339971670044,8.26957174999355,-0.6895561476128426,-0.4554186400163067,-0.17216091815498497,-0.15342515692691933
754.1732575084923,2.1905235523180493,8.223262760207328,-0.7067722394283255,-0.4707611557089847,-0.17216091815498497,-0.15342515692691933
754.2732575084924,2.453028370068206,8.210357505259585,-0.43902659275524203,-0.4620425481815564,-0.06711111715326072,-0.14612003830324857
754.3732575084923,2.4087901552069564,8.163422650249958,-0.445737704470562,-0.47665455201186796,-0.06711111715326072,-0.14612003830324857
754.4732575084922,2.507064872301256,7.924540303203801,-0.3332330227132761,-0.6479242024131244,-0.023977470808098596,-0.20226504928296013
754.5732575084924,2.475232835304591,7.674563712172101,-0.3342733777437939,-0.8213918476192876,-0.023481914388770456,-0.25767776553785005
754.6732575084923,2.436722273736388,7.557126187808411,-0.34075500858059876,-0.8751221835034683,-0.02497685176781227,-0.2676955025890405
754.7732575084922,2.2446103604345993,7.8686706845949645,-0.47936082573743644,-0.5611662219674478,-0.07553918962303151,-0.1423441872597074
754.8732575084923,2.027267659390378,7.912734355327359,-0.6273946356217025,-0.4925719209634739,-0.1262817720111447,-0.11270705708201521
754.9732575084922,1.9638967869682102,7.862913627945647,-0.6400228128228055,-0.5038426266716651,-0.1262817720111447,-0.11270705708201521
755.0732575084924,2.0503832011281644,7.9254188722768015,-0.5260276791693026,-0.42091660782909845,-0.08023979185741759,-0.07869862120303532
755.1732575084923,1.9973792342519956,7.882933718387916,-0.5340516583550371,-0.42878646994939484,-0.08023979185741759,-0.07869862120303532
755.2732575084922,2.139492447231797,8.045400005016544,-0.3734167482993193,-0.2678610659036726,-0.017642188705915225,-0.01831312551401175
755.3732575084923,2.1020625614582844,8.01852233279857,-0.3751809671699132,-0.26969237845507626,-0.017642188705915225,-0.01831312551401175
755.4732575084922,2.046428661139192,7.646822567239333,-0.3919550552707575,-0.5549578859210642,-0.023072932168724095,-0.11989396969130968
755.5732575084921,2.0418460570268606,7.9058731253092915,-0.3650038713884748,-0.3047299938362792,-0.012391253177678049,-0.025074966066517657
755.6732575084923,2.169993097039627,8.000034502071028,-0.22914236744329672,-0.20466157194560092,0.03719381040834613,0.01167340761231004
755.7732575084922,2.487668684821572,8.11196965950057,0.06798011988087406,-0.09087395157942439,0.14618911268640916,0.053105879477625184
755.8732575084923,2.486410493904093,8.033495386387262,0.07529603447878078,-0.14274548842130974,0.14355120552536402,0.03264541501852082
755.9732575084922,2.49465785337959,8.019384064620235,0.08965115503130412,-0.13948094691946064,0.14355120552536402,0.03264541501852082
756.0732575084921,2.3525481725356268,8.256514349306109,-0.0212753879063936,0.06659741483792815,0.09851011467503759,0.10439319559344214
756.1732575084923,2.3509131843183613,8.263696056767879,-0.0114243764388764,0.0770367343972866,0.09851011467503759,0.10439319559344214
756.2732575084922,2.5467487180202633,8.498827980668757,0.15556683126010043,0.2765654400102921,0.1535399442732147,0.1728671238315107
756.3732575084921,2.5630731008676237,8.527348860288917,0.17092082568740793,0.29385215239342743,0.1535399442732147,0.1728671238315107
756.4732575084922,2.5348084354976765,8.373599165426091,0.14787136044011506,0.15981622336588935,0.13964513050915545,0.11863414159635463
756.5732575084921,2.4687586807970723,8.548928162771698,0.09314274234842693,0.30377118022365107,0.11456665587534677,0.16639906400512908
756.6732575084923,2.343597063677123,8.468416129197827,-0.007812312297151789,0.22855534652460782,0.0739108082286982,0.1334912518093032
756.7732575084922,2.383995553182964,8.471302745469188,0.03475413297450941,0.22434347337206773,0.08697798236125603,0.1270306430101585
756.8732575084921,2.3485797844845684,8.436210547957566,0.0107680436868978,0.18929787250744295,0.07517227234430995,0.10994558591959287
756.9732575084922,2.350032450214982,8.455690063137935,0.018285270921339053,0.20029243109941725,0.07517227234430995,0.10994558591959287
757.0732575084921,2.570247398865489,8.668690232107213,0.20743582010319828,0.3682206588816753,0.14093727405824452,0.1658476080994744
757.173257508492,2.5916956672460794,8.706341536035843,0.2215295475090099,0.3848054196916077,0.14093727405824452,0.1658476080994744
757.2732575084922,2.0918479170537823,8.337234669469366,-0.20220535049607724,0.05943731719828103,-0.018231276893158267,0.04157113000847458
757.3732575084921,2.0715362256197274,8.34338625683923,-0.2040284781853914,0.06359443019912471,-0.018231276893158267,0.04157113000847458
757.4732575084922,1.8658365398830044,8.44943418562074,-0.36005483828432483,0.14956531183073077,-0.07402378137844323,0.07089261567234219
757.5732575084921,1.7684145706784473,8.556659968668463,-0.41888862711919433,0.23313233536344463,-0.09280035055053619,0.09854733369335965
757.673257508492,1.538054486742909,8.52439970815572,-0.5846619205461496,0.1968901098373257,-0.1493991291912482,0.0820328506084085
757.7732575084922,1.3595517790336096,8.207340974283007,-0.7024206328259173,-0.08181889387529147,-0.1875949283364562,-0.023520832743464393
757.8732575084921,1.5738835108563316,8.22364201749566,-0.4838913725131961,-0.06397482002327097,-0.10188412640401602,-0.016294400416674328
757.973257508492,1.5249849529730368,8.217163063491256,-0.4940797851535884,-0.06560426006493691,-0.10188412640401602,-0.016294400416674328
758.0732575084921,1.5446532877439998,8.006074550535564,-0.44696654589243257,-0.2353523075029311,-0.08131887257907965,-0.07655585010742091
758.173257508492,1.4995500387919025,7.982156540534755,-0.45509843315033316,-0.24300789251366622,-0.08131887257907965,-0.07655585010742091
758.2732575084922,1.769582720465182,7.817160136776254,-0.1990537834876553,-0.3718479074437312,0.014587916851279309,-0.12162556892344775
758.3732575084921,1.7497502817006907,7.779367218187298,-0.19759499180252868,-0.3840104643360649,0.014587916851279309,-0.12162556892344775
758.473257508492,1.6080389098682442,7.828226349311745,-0.2977347057637793,-0.32390933331118726,-0.0221715919696317,-0.09572676576665944
758.5732575084921,1.5968012108958571,7.3993602171978585,-0.28424212630335716,-0.6629712186821648,-0.016436283709985264,-0.21487161161461485
758.673257508492,1.942083951001445,7.631502639611504,0.025248465130949454,-0.43820176747500206,0.0960913549724485,-0.12664885772877293
758.773257508492,1.7711990986752486,7.7403481506255805,-0.11502293388637043,-0.3204133959678685,0.0404127550695655,-0.07865571714208103
758.8732575084921,1.8757810460988866,8.033242992766562,-0.014672012982464771,-0.06119516534111313,0.07520065306871676,0.01691013784323467
758.973257508492,1.8746898480659844,8.027208026921672,-0.007151947675599934,-0.059504151556791195,0.07520065306871676,0.01691013784323467
759.0732575084921,2.015345259558102,7.983842780766186,0.1184899625292447,-0.09179726394286455,0.11814671781712342,0.003878154678204432
759.173257508492,2.0277849894001,7.9746824451453,0.1303046343109463,-0.09140944847504447,0.11814671781712342,0.003878154678204432
759.273257508492,2.409579974637367,8.099090978172672,0.46072136905890737,0.019419700188360745,0.2368499835269726,0.0436392762934917
759.3732575084921,2.456836361460959,8.101251144572979,0.48440636741163695,0.02378362781771587,0.2368499835269726,0.0436392762934917
759.473257508492,2.2407697748734474,8.195410427832616,0.2868752364373185,0.10344956666296767,0.1568114415662578,0.07062699338904485
759.5732575084919,2.0167869760864865,8.480345188873416,0.08902170120046997,0.3386910716337133,0.07885424334957096,0.15313752149484372
759.673257508492,1.9453471459356348,8.401621511025958,0.029703949883673607,0.26080289481700364,0.05454893012241774,0.11974742990792483
759.773257508492,1.736469902290855,8.073552741664788,-0.14767333823427145,-0.02910317037005192,-0.013370762688193233,0.008686898577486585
759.8732575084921,1.6261585239199237,8.04789280090668,-0.228361481407545,-0.04694676266687958,-0.04203307174580209,0.001991414886020804
759.973257508492,1.6031122104204614,8.043208081714427,-0.2325647885821214,-0.04674762117827768,-0.04203307174580209,0.001991414886020804
760.0732575084919,1.3728013676640491,8.08608876574906,-0.40852021145511724,-0.0069916878307458505,-0.1040637656145007,0.016294572208791894
760.173257508492,1.3314290276904077,8.08547106982703,-0.4189265880165815,-0.005362230609864438,-0.1040637656145007,0.016294572208791894
760.273257508492,1.1047655614185743,7.995186498440715,-0.5820300851609319,-0.07930682301720127,-0.15911460069855085,-0.011271999467432793
760.3732575084919,1.0457669798990428,7.987199456141665,-0.5979415452307725,-0.08043402296394352,-0.15911460069855085,-0.011271999467432793
760.473257508492,1.1674027722063152,8.04856014978057,-0.46213107132312536,-0.02443631664211267,-0.10421985854767221,0.009201169636457519
760.5732575084919,0.9730107410303933,7.853820866050256,-0.5969544043279844,-0.18355420579538517,-0.14963627758438397,-0.04866932523768531
760.673257508492,1.0032479919631179,7.9889576584190065,-0.53643717933438,-0.06202166969466443,-0.12233718418591062,-0.0033860367830044966
760.773257508492,1.1533000041565384,8.133061710345448,-0.3725729201856151,0.06556067284491329,-0.056919157299125014,0.043675478458734956
760.8732575084919,1.1587252523414695,8.193281722039536,-0.34255486103650434,0.11380511165251302,-0.04402039769385855,0.0593751673283069
760.973257508492,1.1242496642493023,8.204959109041447,-0.3469569008058962,0.11974262838535181,-0.04402039769385855,0.0593751673283069
761.0732575084919,1.2935258950754416,8.58436295716773,-0.17852112863215763,0.4290189249970885,0.019295913344827414,0.16849525897357415
761.1732575084918,1.2757702617789661,8.628107325962267,-0.17659153729767665,0.44586845089443056,0.019295913344827414,0.16849525897357415
761.273257508492,0.9259347683413731,8.398283633044995,-0.4539438986219198,0.23013126992059788,-0.08250603482356896,0.08337609447849142
761.3732575084919,0.8801278483051053,8.421713640509426,-0.4621945021042692,0.23846887936843944,-0.08250603482356896,0.08337609447849142
761.473257508492,1.040146074614392,8.147038579282698,-0.2983870478292648,0.0009564955546288401,-0.020253449004493253,-0.004734833223902238
761.5732575084919,0.8748522591050039,8.130373154147001,-0.41444766650841636,-0.013443353156590688,-0.06188542403970536,-0.00977067237489075
761.6732575084918,0.7089236757073889,8.085592988845315,-0.5239963612177088,-0.05009265397293149,-0.09926759910246223,-0.022550441629878074
761.773257508492,0.9161626117729635,7.9548479263688705,-0.30970594651902916,-0.15924952174085533,-0.01597393860918747,-0.061879120393592474
761.8732575084919,0.757183802523379,7.86546257363335,-0.4176245525717023,-0.22549178154882182,-0.05437810331801731,-0.08336730140565746
761.9732575084918,0.7151494567496571,7.842496558971461,-0.4230623629034991,-0.23382851168938,-0.05437810331801731,-0.08336730140565746
762.0732575084919,0.8219555959786206,8.204422925227824,-0.305024691991071,0.0759554110764233,-0.009936748973972509,0.030914145214400057
762.1732575084918,0.7914034430346714,8.21217303706153,-0.30601836688846734,0.0790468255978605,-0.009936748973972509,0.030914145214400057
762.273257508492,0.5361802141519245,8.230702416221067,-0.4882979628599481,0.08841916050607732,-0.07391931031810647,0.03250767779111306
762.3732575084919,0.48698082131438425,8.239706870660623,-0.495689893891752,0.09166992828518566,-0.07391931031810647,0.03250767779111306
762.4732575084918,0.6708035301964836,7.857384088330217,-0.30845093144642277,-0.2271777036782768,-0.003499612704668323,-0.08293014848765361
762.5732575084919,0.8737271366069638,7.859807038603689,-0.11183660736373882,-0.21420735454139728,0.06840806935661799,-0.07524121617466302
762.6732575084918,0.9228550973636728,7.67866919686344,-0.05507838138857135,-0.35273958626584057,0.08646165824553305,-0.12217557519085225
762.7732575084917,1.3286270918760077,7.884229672870948,0.3076881562165189,-0.15949369370939775,0.21801260688400337,-0.04658653701346893
762.8732575084919,1.0596851206163267,7.680333288332869,0.07949391344407278,-0.3182588671596887,0.1277120140534524,-0.10172773685238
762.9732575084918,1.0682730720309928,7.647998762932668,0.0922651148494064,-0.32843164084491744,0.1277120140534524,-0.10172773685238
763.0732575084919,0.9774397516899993,7.835772313018314,0.024352083597526226,-0.15549135918764842,0.09936806153873616,-0.035745939499245684
763.1732575084918,0.9803718003574425,7.820044447402067,0.03428888975139081,-0.15906595313756974,0.09936806153873616,-0.035745939499245684
763.2732575084917,0.537373583686263,7.711711594062193,-0.33327143487614025,-0.24228902349426637,-0.038753865658008535,-0.06536176931113265
763.3732575084919,0.5038526708703129,7.687155882866177,-0.3371468214419464,-0.24882520042538855,-0.038753865658008535,-0.06536176931113265
763.4732575084918,0.37720077078194736,7.8111924571386675,-0.4182408950532065,-0.1326201987304753,-0.06669247547838168,-0.021372184554406377
763.5732575084917,0.5850993268458031,7.595789980307674,-0.21423849858800934,-0.3028596069492672,0.010219486351942739,-0.08215872612082754
763.6732575084918,0.7946988769661418,7.795778985200847,-0.020960059372118985,-0.12140851204132978,0.0797527216224209,-0.014209516412912696
763.7732575084917,0.7831143649315824,8.039650002505692,-0.021506887055676795,0.09509019231931885,0.07658687630979782,0.06596210141536014
763.8732575084919,0.5579964568595284,8.006189092070999,-0.19947445064682867,0.06613887093859482,0.009537028219648358,0.05324275934830955
763.9732575084918,0.5380966969359618,8.013069192961593,-0.1985207478248647,0.07146314687342092,0.009537028219648358,0.05324275934830955
764.0732575084917,0.5232773056229988,7.905175916287368,-0.193863744433256,-0.019006283853626196,0.010756051159474853,0.018642051078811395
764.1732575084918,0.5039447114354443,7.903368498157397,-0.19278813931730704,-0.017142078745742514,0.010756051159474853,0.018642051078811395
764.2732575084917,0.9980126032991323,7.273609718409089,0.24373868345714897,-0.5406098462892487,0.1706124302595849,-0.1721177975629511
764.3732575084916,1.0232395337961213,7.2186881447924,0.2607999264830919,-0.5578216260455281,0.1706124302595849,-0.1721177975629511
764.4732575084918,1.0953614877303124,7.164815228874826,0.31548568652105824,-0.5727554679279602,0.1842254136020618,-0.1713014004719699
764.5732575084917,1.0247792216660099,7.094714748927879,0.24708720844617246,-0.599843945022192,0.15252881312151803,-0.17490238193268207
764.6732575084918,1.2160186294624038,7.127318644457687,0.4003219249144304,-0.5404902276967017,0.20243258166520425,-0.14737262218271435
764.7732575084917,0.9311858862593083,7.137917216172152,0.13968307361276988,-0.49958707967412047,0.09808866106464047,-0.12690277660991667
764.8732575084916,0.8432724275881768,7.298766350778228,0.06441042475358633,-0.33869077688158833,0.06735646334924625,-0.06479137251270574
764.9732575084918,0.8500502523802913,7.264573316227459,0.07114607108852014,-0.34516991413286774,0.06735646334924625,-0.06479137251270574
765.0732575084917,0.8901324586025572,7.540522454641119,0.1040670907242584,-0.09562775046736677,0.07656652705635203,0.027101470057821996
765.1732575084916,0.9009220003102546,7.53109518694468,0.11172374342988664,-0.09291760346158703,0.07656652705635203,0.027101470057821996
765.2732575084917,0.9270609103645719,7.344286630045778,0.1250026891440118,-0.23899707947321364,0.07675206352416873,-0.026986583217144616
765.3732575084916,0.9399449395965819,7.320251989182392,0.1326778954964217,-0.24169573779492565,0.07675206352416873,-0.026986583217144616
765.4732575084918,0.712161569184611,7.0431953645955225,-0.06066689286904551,-0.45226002051916314,0.004020715538283953,-0.10148417730107431
765.5732575084917,0.17570416429077218,6.737023983077972,-0.507134606650827,-0.6791060172352402,-0.15912241667523747,-0.1798430399126641
765.6732575084916,-0.10840716227855635,6.773516614393484,-0.7166600760844457,-0.61051195549867,-0.22914634188616856,-0.14882587542730186
765.7732575084917,-0.25567450303494055,7.055612929935316,-0.803749966783615,-0.3327520304644008,-0.25298658533397583,-0.041164069654161195
765.8732575084916,-0.02929371694720173,7.1021196512563876,-0.5730526933987847,-0.2712013718707283,-0.16051858453234213,-0.01766758948753522
765.9732575084915,-0.08740157920968833,7.074911176121901,-0.5891045518520044,-0.2729681308194802,-0.16051858453234213,-0.01766758948753522
766.0732575084917,0.37599942923983504,7.291594794433964,-0.16984428333555143,-0.07162180691724926,-0.0030421845325318726,0.05578935864021457
766.1732575084916,0.3589997899836327,7.284711560535446,-0.17014850178880433,-0.06604287105323288,-0.0030421845325318726,0.05578935864021457
766.2732575084917,0.4060851870332426,7.765578825556169,-0.11001014925043721,0.35083584641268745,0.02083037797192827,0.20620886085785012
766.3732575084916,0.39518832399806836,7.801693454501693,-0.10792711145324628,0.3714567324984537,0.02083037797192827,0.20620886085785012
766.4732575084915,0.5341381579273747,7.727271984900954,0.01874564589572358,0.29947585257407583,0.06590837263062754,0.17302103196354196
766.5732575084917,0.6558528721258012,7.740655102537154,0.1260238705517327,0.3022756679894309,0.10266730396303661,0.16777693656983927
766.6732575084916,0.7322816463546149,7.572888911923832,0.18899105374005568,0.15557563160405974,0.12172743021303233,0.1092101618358648
766.7732575084915,0.677742082575446,7.577180177979629,0.13734046064985223,0.15644465824753764,0.09801792045361335,0.10551208210038887
766.8732575084916,0.5975749254615471,7.672529209622188,0.06869367528010253,0.23199734416306228,0.06968159860289533,0.12877040678270277
766.9732575084915,0.604792700982565,7.696372796072385,0.07566183514038573,0.24487438484132085,0.06968159860289533,0.12877040678270277
767.0732575084917,0.3376598985044639,7.513849828111385,-0.1496036335894324,0.08643778089266826,-0.015238907091979156,0.06721312447245978
767.1732575084916,0.32262334061007447,7.522829671823006,-0.15112752429862894,0.09315909333990813,-0.015238907091979156,0.06721312447245978
767.2732575084915,0.3144803324523536,7.998270184849966,-0.14412220706846157,0.48421977076429923,-0.011397635015388426,0.2053278180331855
767.3732575084916,0.30001112357041065,8.04771880101663,-0.14526197057000198,0.5047525525676458,-0.011397635015388426,0.2053278180331855
767.4732575084915,0.25828085590855376,8.255105189995678,-0.16900453883703068,0.6534861505766888,-0.019575589955458578,0.2512740989268003
767.5732575084915,0.16143620711002923,8.256275764537365,-0.23823241968775352,0.6241688146814492,-0.044134625658049806,0.23158662306721473
767.6732575084916,0.3002610514772528,8.009348861289878,-0.10707734968711903,0.39203681912431776,0.0048963258679292215,0.14012737386593282
767.7732575084915,0.36503698237265353,7.839698174566601,-0.04154744597516324,0.22772389773518392,0.029057910594609795,0.07452220163578034
767.8732575084916,0.4399713563187998,7.877407997297967,0.026968539600655927,0.24713331360696453,0.05275689469046663,0.07880063267901338
767.9732575084915,0.4429319947523148,7.902515331822035,0.03224422906969779,0.2550133768748587,0.05275689469046663,0.07880063267901338
768.0732575084915,0.3662972222847325,7.742041898527696,-0.027818353534761222,0.10875031259329862,0.029482844266590924,0.023308150580107254
768.1732575084916,0.3636628011525859,7.7530334705399415,-0.02487006910809811,0.11108112765131252,0.029482844266590924,0.023308150580107254
768.2732575084915,0.09430727314541713,7.219173506284292,-0.2455516399326585,-0.341720403416725,-0.05180780235172685,-0.14175533301672977
768.3732575084914,0.06949307014041545,7.184292689277569,-0.2507324201678265,-0.3558959367183851,-0.05180780235172685,-0.14175533301672977
768.4732575084915,-0.08117125681574125,7.210826247224264,-0.3602653263556529,-0.3183979247534088,-0.0895636026957701,-0.1232358937817953
768.5732575084915,0.23182639735978058,7.027345013983753,-0.07479239874450042,-0.4563821845928915,0.017926583073193114,-0.1686753825773591
768.6732575084916,0.4924766232658416,7.010937587401494,0.15011098337750395,-0.4485231146092067,0.09861884164670913,-0.15981694238225239
768.7732575084915,0.43772824591141035,7.109432937203058,0.09942031532604295,-0.3418398151179376,0.07612438405179661,-0.11468906737266327
768.8732575084914,0.6409498130226656,7.100494597230979,0.26735098770760785,-0.33211217885197303,0.13403275187923275,-0.10710468472915806
768.9732575084915,0.6683550755528609,7.066747855922089,0.2807542628955494,-0.3428226473249034,0.13403275187923275,-0.10710468472915806
769.0732575084915,1.0008433208338599,6.757953033743924,0.5466730616977283,-0.5808197085865161,0.22531496170544635,-0.18911295803793443
769.1732575084914,1.0566372018121082,6.698925498095138,0.5692045578682525,-0.5997310043902924,0.22531496170544635,-0.18911295803793443
769.2732575084915,0.8099308364937994,6.9394293355298595,0.3368827027631087,-0.3692498087651361,0.13278214654881992,-0.09930158787381564
769.3732575084914,0.8442830175028224,6.902007846714011,0.3501609174179786,-0.3791799675525086,0.13278214654881992,-0.09930158787381564
769.4732575084915,0.5474403777618698,6.959699148861322,0.08657901712164441,-0.3100718428446338,0.032610970083559385,-0.07097481677904535
769.5732575084915,0.153775855342128,7.295405864506859,-0.24925289281513419,-0.011749503678774142,-0.09118503734439311,0.03946642530747947
769.6732575084914,0.030342888820952672,7.22125260521426,-0.3399876143258325,-0.06796696482540086,-0.12070310279635103,0.017912312057731316
769.7732575084915,-0.04345832269970791,7.34448909627815,-0.3858445253800397,0.04440278800453192,-0.13325436992852516,0.058593630752494755
769.8732575084914,-0.13727360388383852,7.233320107005246,-0.4445185504878639,-0.04488942209956477,-0.1496346821106322,0.02454723271419359
769.9732575084913,-0.1824736323431363,7.2289539009588655,-0.4594820186989135,-0.04243469882814765,-0.1496346821106322,0.02454723271419359
770.0732575084915,-0.2799581716818016,7.403880209055379,-0.5169295200296075,0.10694726461095595,-0.1650632620450878,0.07713030911042013
770.1732575084914,-0.33247643999493925,7.4149605870620166,-0.5334358462341012,0.11466029552199095,-0.1650632620450878,0.07713030911042013
770.2732575084915,0.16562146424586063,7.444607576656029,-0.08364638668921609,0.1376818532925121,0.0054988158864145015,0.08280736110373585
770.3732575084914,0.15728431965637868,7.458789798790786,-0.08309650510057515,0.14596258940287815,0.0054988158864145015,0.08280736110373585
770.4732575084913,0.019756799290034942,7.321680992896939,-0.19015699878667477,0.02913920251046553,-0.03343585656735714,0.037970913516610805
770.5732575084915,-0.40594458536901484,7.323455379037144,-0.5359914061161437,0.03183017511615995,-0.15847233751921377,0.03757093578149579
770.6732575084914,-0.44720284030970614,7.770537389231419,-0.5409068007721067,0.40040105817599886,-0.15451862892138435,0.168267435071582
770.7732575084913,-0.22904249093011192,7.594944753566879,-0.32103236617441483,0.23301419823600136,-0.06709807890130697,0.10049611565373065
770.8732575084914,-0.4277227042926629,7.908996747169753,-0.46590542755248443,0.4813470697227828,-0.11700387130413831,0.18575678389152295
770.9732575084913,-0.4748982664043886,7.958060238061443,-0.4776058146828876,0.49992274811191817,-0.11700387130413831,0.18575678389152295
771.0732575084915,-0.6587867197607917,7.516204916948246,-0.601495837021248,0.10943431524268703,-0.1574255199157811,0.038089496130158024
771.1732575084914,-0.7197234310624393,7.527338795953156,-0.6172383890128118,0.11324326485569937,-0.1574255199157811,0.038089496130158024
771.2732575084913,-0.6836995309783567,7.294622174328787,-0.5450746392093301,-0.08735769636517599,-0.12395398058363327,-0.0361783333282595
771.3732575084914,-0.7388267648022839,7.285705513025616,-0.5574700372677103,-0.09097552969800687,-0.12395398058363327,-0.0361783333282595
771.4732575084913,-0.5292863423662509,6.869997193178755,-0.3484696940357926,-0.4288449629435083,-0.0438504529471114,-0.1559717820227101
771.5732575084912,-0.35718260705060423,7.064644960762789,-0.17831456998076667,-0.2461543787434957,0.019870637310564765,-0.08426999557752356
771.6732575084914,-0.346184163785004,7.307055958681725,-0.1524128026571268,-0.03468912890981655,0.0285198470527398,-0.005492416316292381
771.7732575084913,-0.009056777793752293,7.247668401120796,0.15403216584148294,-0.08280025974951753,0.1413005515832165,-0.02299021194766465
771.8732575084914,-0.26567772672322115,7.175040700088312,-0.05850416223303376,-0.13783204035375257,0.05942664386355044,-0.041858638990155614
771.9732575084913,-0.271231009727202,7.161048202857999,-0.05256149784668412,-0.14201790425276434,0.05942664386355044,-0.041858638990155614
772.0732575084912,-0.01011747736737686,6.882485790478216,0.17668091216893206,-0.36585841062802826,0.14071790532700987,-0.121252262519213
772.1732575084914,0.00825420337617742,6.845293688102766,0.19075270270165223,-0.3779836368799661,0.14071790532700987,-0.121252262519213
772.2732575084913,-0.0852866648039319,6.500263510129323,0.11817041264493633,-0.6454085845280074,0.11154514361753581,-0.2136405497244122
772.3732575084912,-0.07291189782136236,6.434654448927962,0.12932492700667977,-0.6667726395004292,0.11154514361753581,-0.2136405497244122
772.4732575084913,-0.2663059249442258,6.600570593204398,-0.031773478374488344,-0.49597127536782937,0.04922205448905373,-0.14476980002441217
772.5732575084912,0.028001372919116824,6.436366770754015,0.22357144794679384,-0.6052045540762212,0.1406463315407603,-0.1790341228037867
772.6732575084914,-0.006372145273493366,6.571258161659667,0.18982931421562602,-0.4617067739743006,0.1233561003536931,-0.12121127883841651
772.7732575084913,-0.11827430762825143,7.049490951165256,0.08881997302669614,-0.027058955061166286,0.08124997756282712,0.04315291811972105
772.8732575084912,-0.09304891893546306,7.005532165703668,0.11019032469309052,-0.056787939236745626,0.08603431685604036,0.030971459290729534
772.9732575084913,-0.0815997148818576,7.000008229076441,0.11879375637870629,-0.05369079330766845,0.08603431685604036,0.030971459290729534
773.0732575084912,-0.0914503183960363,6.963963145989823,0.1089459637569448,-0.07741865344638725,0.07935663415950261,0.020958319236746563
773.1732575084911,-0.08015893884955494,6.9563260722413744,0.11688162717288784,-0.0753228215227145,0.07935663415950261,0.020958319236746563
773.2732575084913,-0.18275905196641148,7.031001651939149,0.02390251797361772,0.0003153541066898311,0.04130234381096107,0.049016998379810155
773.3732575084912,-0.18016228844999746,7.031278272341716,0.028032752354710068,0.005217053944666389,0.04130234381096107,0.049016998379810155
773.4732575084913,-0.051685380252138216,6.9947049456899135,0.13662757711253412,-0.020590095694695488,0.07909883507819136,0.038011160306659575
773.5732575084912,-0.0321385728404348,6.74733341437634,0.14916155488950605,-0.22105956479379846,0.08078699849285347,-0.03585404294422974
773.6732575084911,-0.24050401303078722,6.72941181657588,-0.028950880069764713,-0.22105724758152928,0.013447415091432241,-0.03456872244683785
773.7732575084913,-0.43947806321389005,6.758255660651381,-0.19666974703807846,-0.18101032541360712,-0.04935743842103177,-0.018563880828984268
773.8732575084912,-0.49952549032423305,7.033615741422386,-0.2349605689786201,0.05813052193410427,-0.0614055884257411,0.06766788107931815
773.9732575084911,-0.5233285751642018,7.039767133021187,-0.24110112782118864,0.06489731004202993,-0.0614055884257411,0.06766788107931815
774.0732575084912,-0.7558459826983,6.772571156455033,-0.4214879996728134,-0.15615042846030022,-0.12473147251478127,-0.014661817717654915
774.1732575084911,-0.7986184400281157,6.756882804520429,-0.4339611469242802,-0.15761661023206439,-0.12473147251478127,-0.014661817717654915
774.2732575084913,-0.30421252781306296,6.961042800295712,0.009789851217927557,0.023798012479015886,0.042598135313727734,0.05143870705078461
774.3732575084912,-0.30302055201470285,6.963679795078865,0.014049664749296455,0.02894188318408967,0.042598135313727734,0.05143870705078461
774.4732575084911,-0.1343893632163179,7.151492480348794,0.157365580457827,0.18595287752740033,0.0929102337256483,0.10586682792944319
774.5732575084912,-0.02857334777354686,6.935362629759172,0.24215693764843887,0.0007959179165787558,0.12047388055621665,0.0350850072280456
774.6732575084911,-0.09039405269444603,6.665154100732135,0.1820880359271991,-0.21806735125550566,0.09439164567955205,-0.04458087356965082
774.773257508491,0.09139158378747016,6.499495090990746,0.33211161546541024,-0.34475015955052934,0.14661686237673915,-0.08954677428734004
774.8732575084912,0.05237595742135265,6.66664333396572,0.28613637200580083,-0.18781180950308157,0.12471426563683741,-0.03018821765487753
774.9732575084911,0.08161316595008976,6.647711211927154,0.2986077985694732,-0.1908306312685666,0.12471426563683741,-0.03018821765487753
775.0732575084912,-0.4574035009780982,6.867358060416403,-0.16409929652501556,0.003958174660388919,-0.04752709281992093,0.04108619761598825
775.1732575084911,-0.47405106609468395,6.86795930887052,-0.16885200580700332,0.008066794421984007,-0.04752709281992093,0.04108619761598825
775.273257508491,-0.6182949561496264,6.805075172181386,-0.2728239086077476,-0.04459992066146715,-0.08155101097005191,0.01954350779972494
775.3732575084912,-0.6459851020652897,6.800712897654233,-0.2809790097047639,-0.04264556988149199,-0.08155101097005191,0.01954350779972494
775.4732575084911,-0.5987874167134921,6.642160729674283,-0.22610310739034795,-0.1676591075662982,-0.058745668399778135,-0.025960900366526846
775.573257508491,-0.6697235427076783,6.388046223361066,-0.27244458703031516,-0.36763325259925683,-0.07351932086376398,-0.09733373233989707
775.6732575084911,-0.5481265212703954,6.535128943699622,-0.15559801937737744,-0.22581055645606887,-0.02860055907562968,-0.043037956563691575
775.773257508491,-0.6156760915301159,6.525453266584099,-0.2031461768197186,-0.21894910229046696,-0.045201586913128325,-0.038930313599735145
775.8732575084912,-0.7884071356349692,6.701024400494125,-0.33415175037127964,-0.06056980168783121,-0.09088924044361796,0.0191327138416493
775.9732575084911,-0.822276756874284,6.695063083894556,-0.34324067441563316,-0.05865653030366802,-0.09088924044361796,0.0191327138416493
776.073257508491,-0.4973070495406467,6.530785930858384,-0.05186110839360402,-0.18861298433374754,0.018105630373090764,-0.028548190257860415
776.1732575084911,-0.5024026322281484,6.511781891473693,-0.050050545356292477,-0.19146780335953748,0.018105630373090764,-0.028548190257860415
776.273257508491,-0.8613627390823748,6.89668620088725,-0.34369808370458266,0.14530129814910406,-0.08899604779376928,0.09521646994437394
776.373257508491,-0.8961775276917698,6.911692413051868,-0.3525976884839515,0.1548229451435328,-0.08899604779376928,0.09521646994437394
776.4732575084911,-0.9313891816007793,6.6695052380871624,-0.36108673960339965,-0.04795664104388892,-0.08884750475380974,0.019129184523489898
776.573257508491,-0.9927290385650059,6.5675056756271735,-0.39085442950084454,-0.12700187399375668,-0.09647144411812418,-0.010145663366834121
776.6732575084911,-0.6906790152312758,6.62256964040781,-0.11614607698756532,-0.07225988743295213,0.0063711574940843035,0.009829421145563674
776.773257508491,-0.8614497535725177,6.551381836594288,-0.2527173064153945,-0.1257485479956497,-0.04459989474566272,-0.010210425614732729
776.873257508491,-0.6767012980741234,6.60817755962995,-0.08244424227180568,-0.06977692571553473,0.01851523376818246,0.010182247754978654
776.9732575084911,-0.684853146132474,6.601250778297162,-0.0805927188949849,-0.06875870094003547,0.01851523376818246,0.010182247754978654
777.073257508491,-0.7264254753670953,5.937924975106148,-0.1067105795788084,-0.6084407922720421,0.008396005113022355,-0.18386003270076018
777.1732575084909,-0.7370545532994015,5.876161595715497,-0.10587097906750693,-0.6268267955421014,0.008396005113022355,-0.18386003270076018
777.273257508491,-0.48974916611783154,6.722558499774137,0.11809203068990236,0.1146281351893025,0.09152367831286853,0.09171645660808397
777.373257508491,-0.47748234465728856,6.734479895576096,0.12724439852118088,0.12379978085010256,0.09152367831286853,0.09171645660808397
777.4732575084911,-0.8922247444467652,6.843074967546452,-0.2198954062711774,0.21172244644653587,-0.03738693094324594,0.11994027444099095
777.573257508491,-1.0139409392984065,6.7341874359886615,-0.3074960635406045,0.11500116750260858,-0.06800324011893381,0.08062830890404009
777.6732575084909,-0.9254217587958976,6.6493520056970326,-0.21473653355825664,0.04352664954150402,-0.03199551559234793,0.05213362652792649
777.773257508491,-0.8426581138710012,6.428304479111111,-0.12795330574559,-0.14329129416396885,0.001431875009284031,-0.018513789069528212
777.873257508491,-1.0830230576627453,6.433573299799309,-0.31694911122340286,-0.12897746413873235,-0.06688680655465144,-0.012729679366577491
777.9732575084909,-1.1150524028178295,6.420611904988615,-0.32363779187886194,-0.13025043207538894,-0.06688680655465144,-0.012729679366577491
778.073257508491,-1.192765969856459,5.869112101140499,-0.3671477197016869,-0.5775131433831467,-0.08003394018580315,-0.17347063070876131
778.1732575084909,-1.2298809115275227,5.810493433648695,-0.37515111372025994,-0.5948602064540071,-0.08003394018580315,-0.17347063070876131
778.273257508491,-1.1320928521014746,5.901057868254228,-0.2716110765368789,-0.4909101893331599,-0.04008215174022543,-0.13079080617120556
778.373257508491,-1.1594543705138385,5.851312895290102,-0.2756192917108978,-0.5039892699502685,-0.04008215174022543,-0.13079080617120556
778.4732575084909,-1.198171704846306,5.745168708763963,-0.2887486933082373,-0.5623759377500974,-0.04338230198015493,-0.14702873030398855
778.573257508491,-1.3413346808335338,5.939114951710777,-0.3891916194218776,-0.3683015040269023,-0.07846818522090886,-0.07153387534122625
778.6732575084909,-1.0970902280805954,5.86113350257007,-0.16101241963027146,-0.4089949072139524,0.006895136515565184,-0.08354976607332215
778.7732575084908,-1.2322412885058107,5.890538666613939,-0.2629648157273189,-0.3571670254782,-0.031234950521239015,-0.06140877518054572
778.873257508491,-1.4931118147987523,5.860146070099697,-0.4609129379013382,-0.35868493116981265,-0.10160733355834764,-0.05975461925159909
778.9732575084909,-1.539711145256635,5.823978803886491,-0.4710736712571637,-0.3646603930949671,-0.10160733355834764,-0.05975461925159909
779.073257508491,-1.6648327011336523,5.772303921695391,-0.5497841827159514,-0.37996810578289136,-0.1275044869750966,-0.06230853214253934
779.1732575084909,-1.7204486418400717,5.733995568456424,-0.5625346314134495,-0.38619895899713963,-0.1275044869750966,-0.06230853214253934
779.2732575084908,-1.8233420934850788,5.596591550984313,-0.6126001465558629,-0.48044740232532396,-0.14072686027893996,-0.0958413821425003
779.373257508491,-1.8853057424421453,5.548067603841002,-0.6266728325837762,-0.4900315405395871,-0.14072686027893996,-0.0958413821425003
779.4732575084909,-1.4620517463709584,5.464314968073844,-0.23557903542613942,-0.5277998622523107,0.005867037119913737,-0.105942397487836
779.5732575084908,-1.6087143836291677,5.65437858900718,-0.3387324760460403,-0.3358951677579746,-0.0320063941076699,-0.03271783152080615
779.6732575084909,-1.5372397394309987,5.545509477144476,-0.2541105370376241,-0.4009263985026408,-0.00024367967946570257,-0.054843485295870534
779.7732575084908,-1.2449897891420334,5.455217074852288,0.019666584900118363,-0.44889603953654644,0.10146988611915429,-0.07047362484578737
779.873257508491,-1.2880594763645743,5.610402238065909,-0.008037778969080889,-0.2913999225195401,0.08779764193409005,-0.011597953004183134
779.9732575084909,-1.2884242660518122,5.58120425604896,0.0007419852243201307,-0.2925597178199574,0.08779764193409005,-0.011597953004183134
780.0732575084908,-1.3460864821519407,5.895583858977215,-0.04049343456699967,-0.011061022721866074,0.06926938938036276,0.08972949579258119
780.1732575084909,-1.3497894786617435,5.894926404183991,-0.033566495628953946,-0.002088073142595714,0.06926938938036276,0.08972949579258119
780.2732575084908,-1.5899844239895005,6.355151896974211,-0.2205497066152756,0.39155901977702967,0.00011694792754338157,0.22940589704655512
780.3732575084907,-1.61203880991137,6.395454828437109,-0.22053801182252125,0.4144996094816643,0.00011694792754338157,0.22940589704655512
780.4732575084909,-1.6761121564307155,6.2574341315542314,-0.25551250012331966,0.28889858194729146,-0.012541455833967608,0.17616961453251628
780.5732575084908,-1.7227535722077092,6.342714251747247,-0.2744822267614614,0.3527021886739261,-0.019009056636479175,0.19287092244931522
780.6732575084909,-1.5380065771183888,6.5514915537522125,-0.09967717890571338,0.513851770384492,0.04490002961933831,0.2436939211634715
780.7732575084908,-1.4854745816329795,6.512344653222419,-0.04151051890335763,0.4601439210223138,0.0648401847646295,0.2149696707688822
780.8732575084907,-1.465397094104748,6.4205468873491505,-0.01515961129221874,0.367619644190563,0.07201628130127016,0.1741714734798133
780.9732575084909,-1.4665529738274647,6.458179709135658,-0.007957983162081898,0.38503679153856807,0.07201628130127016,0.1741714734798133
781.0732575084908,-1.630741177462574,6.457290388364543,-0.13891229769218072,0.36971775970347787,0.021525583601112945,0.1625381529532501
781.1732575084907,-1.644524779313774,6.495074855099622,-0.1367597393320714,0.3859715749987881,0.021525583601112945,0.1625381529532501
781.2732575084908,-1.7341139545681095,6.153123003034027,-0.20114519462749952,0.08816925731940266,-0.0034702204858525695,0.049854477254258546
781.3732575084907,-1.7542458251332704,6.162189201152231,-0.20149221667608447,0.09315470504482398,-0.0034702204858525695,0.049854477254258546
781.4732575084909,-1.9429539698403857,6.540737017356736,-0.3421678451307302,0.40159516461451406,-0.054242725575309104,0.15861064297475605
781.5732575084908,-1.9533803040657631,6.662250293211529,-0.3273202261659661,0.48448681879038463,-0.04684186745652531,0.18284921918606514
781.6732575084907,-1.8789060199585657,6.968253864473815,-0.24257318528705152,0.7137784917090368,-0.014497354289939327,0.2584435209296222
781.7732575084908,-1.9876508548902938,6.694287973965599,-0.3167824723856574,0.4446449916192513,-0.04152654777158951,0.14992255468506976
781.8732575084907,-2.0316256384524545,6.463613868993363,-0.33098221160027735,0.23314292985158408,-0.045155643768766233,0.06888011449857642
781.9732575084906,-2.0649496378312957,6.487272562550993,-0.33549777597714986,0.24003094130143546,-0.045155643768766233,0.06888011449857642
782.0732575084908,-1.9836462473757157,6.150566322326331,-0.24622287929267753,-0.05324036351024849,-0.011761490477274282,-0.039591851289605406
782.1732575084907,-2.0083273427573474,6.145044326718864,-0.2473990283404039,-0.05719954863920543,-0.011761490477274282,-0.039591851289605406
782.2732575084908,-1.9345110188384822,5.66688976620961,-0.16553201974605414,-0.4479737310502445,0.018552441101095662,-0.17779572108872446
782.3732575084907,-1.9509714586075673,5.621203414499185,-0.16367677563594626,-0.4657533031591008,0.018552441101095662,-0.17779572108872446
782.4732575084906,-1.7888663657480992,5.647208386574892,-0.01330139090900989,-0.42311107506200407,0.07228873755896267,-0.15614096812750947
782.5732575084908,-1.6289867140802798,5.454341762529827,0.12944181198086505,-0.5633454049051363,0.12176228184465043,-0.20120422986005204
782.6732575084907,-1.8635023773977677,5.621455027518252,-0.06486909567386084,-0.3989226779843723,0.04708226166290087,-0.13509065532919123
782.7732575084906,-1.9054293878946615,5.513331940126742,-0.09091053917349048,-0.4699195385388879,0.0356591735346094,-0.15624014508528494
782.8732575084907,-2.018737078380179,5.52333858145784,-0.1741072213950558,-0.4381084158332432,0.004319753150296916,-0.13926727213496212
782.9732575084906,-2.0361262017539175,5.478831403513882,-0.1736752460800265,-0.45203514304672676,0.004319753150296916,-0.13926727213496212
783.0732575084908,-2.023031669884412,5.4832834760390625,-0.14923673366583948,-0.424607144793673,0.012645046078042052,-0.12445739500593181
783.1732575084907,-2.0378921180205922,5.440200474584706,-0.14797222905803642,-0.4370528842942549,0.012645046078042052,-0.12445739500593181
783.2732575084906,-2.232773054186167,5.419023876115726,-0.3013429050417884,-0.4261462853876126,-0.04462543259107599,-0.1148699122486241
783.3732575084907,-2.263130471853343,5.375834898015662,-0.30580544830090206,-0.4376332766124907,-0.04462543259107599,-0.1148699122486241
783.4732575084906,-2.276233319482134,5.306711682761314,-0.29553019134417324,-0.46950411815733073,-0.039293126829408456,-0.12217534243397363
783.5732575084905,-2.371931164662694,5.530922439591089,-0.3550208323308492,-0.25559353887077035,-0.059577445498686765,-0.040406354226380864
783.6732575084907,-2.2755913512802097,5.441671057389192,-0.2509881978283823,-0.3118348612932546,-0.019797322179891996,-0.0591075306844069
783.7732575084906,-2.1863647329329905,5.644307359577067,-0.15434248525835206,-0.11851978516898735,0.016840702219903712,0.01418671606964815
783.8732575084907,-1.7752696206039236,5.658940757272303,0.20176003769913534,-0.09541580486662027,0.14485979035971702,0.021945985062874995
783.9732575084906,-1.754369317882231,5.649508906710964,0.21624601673509386,-0.09322120636033476,0.14485979035971702,0.021945985062874995
784.0732575084905,-1.7538850256678173,6.268725541181064,0.2124319606111942,0.4256602403066416,0.13821110904183823,0.207129547291857
784.1732575084907,-1.731950774061458,6.312327212948248,0.2262530715153969,0.4463731950358556,0.13821110904183823,0.207129547291857
784.2732575084906,-1.8234197597719697,6.166557785506163,0.1449826521457527,0.31513633379471856,0.10393882590813915,0.15421823659874598
784.3732575084905,-1.808401800427868,6.198842510068599,0.15537653473655716,0.3305581574545791,0.10393882590813915,0.15421823659874598
784.4732575084906,-1.9874604048015974,5.762515000329674,0.003315841202117466,-0.040679257200092515,0.045160890287094003,0.01564225479526818
784.5732575084905,-1.968488849966241,5.467902637061136,0.023345819140653614,-0.2809278025698635,0.050824697759918866,-0.0717983791858878
784.6732575084907,-1.956261468812883,5.585431503965142,0.036451320047213694,-0.16808417124461383,0.053726380348105694,-0.02879932675118497
784.7732575084906,-1.9899175283414214,5.648631831182723,0.009441531381837254,-0.10275628276677314,0.04169674497240789,-0.0037059897356030366
784.8732575084905,-1.8694894328999765,5.591474746212053,0.11274100662997026,-0.1415996614619419,0.07750330809479458,-0.017472021428777348
784.9732575084906,-1.8578278156964891,5.577227419958696,0.12049133743946029,-0.14334686360482202,0.07750330809479458,-0.017472021428777348
785.0732575084905,-1.7500923480027863,5.817010172752038,0.20853183847976273,0.06319672248122883,0.10681626087828888,0.05698784266466797
785.1732575084905,-1.7287050828504387,5.823614784213478,0.2192134645675819,0.06889550674769045,0.10681626087828888,0.05698784266466797
785.2732575084906,-1.6823809033926045,5.420320143432086,0.24713448840958585,-0.2765126469388987,0.11230736620805477,-0.07267730526070432
785.3732575084905,-1.657105917720629,5.392305492211919,0.2583652250303811,-0.28378037746496254,0.11230736620805477,-0.07267730526070432
785.4732575084906,-1.5844229253057562,5.205052276809085,0.3081330423380194,-0.42140963656423114,0.12625052559241184,-0.11939797043910845
785.5732575084905,-1.607055475192804,5.414322793541221,0.27519826804160435,-0.22366561607601373,0.1096175530794985,-0.04357531692001809
785.6732575084905,-1.5129366142782892,5.162023384897429,0.3411394429759381,-0.4168919448150989,0.12950191125316265,-0.11123857776951128
785.7732575084906,-1.6405129021685045,5.0456371091832075,0.21416643132663882,-0.49110769927222325,0.07752232598109284,-0.1344497902021321
785.8732575084905,-1.3852512566224764,5.18101419348816,0.41594503706149644,-0.35254288381866894,0.14760637259980045,-0.08005882434157827
785.9732575084904,-1.3429187210533668,5.145359610984618,0.43070567432146306,-0.3605487662528195,0.14760637259980045,-0.08005882434157827
786.0732575084905,-1.432759090522712,5.284499075412016,0.3329038292675262,-0.2251157287302995,0.10652138935110272,-0.02890156593721267
786.1732575084905,-1.3989361006492351,5.261842994709321,0.3435559682026268,-0.22800588532401814,0.10652138935110272,-0.02890156593721267
786.2732575084906,-1.714666590281418,5.072389085948044,0.05865373647126906,-0.36977321590987866,-0.0014514828512540642,-0.07922563148308273
786.3732575084905,-1.7088084740485527,5.035015636199675,0.05850858818614379,-0.37769577905817975,-0.0014514828512540642,-0.07922563148308273
786.4732575084904,-1.805491548220529,5.148128185682952,-0.02700081378263189,-0.2612057386244971,-0.032337252443165085,-0.03463701964684983
786.5732575084905,-2.094899350795456,4.998792430722061,-0.2716488550411637,-0.36704661629857455,-0.12047274284375341,-0.07165708735372928
786.6732575084905,-2.5198671143174156,5.173615003348682,-0.6143174899592014,-0.2000026810674243,-0.24004827855108363,-0.009245546821361826
786.7732575084904,-2.6062470701469365,5.132916828508272,-0.65879131872666,-0.21850125768022977,-0.24765223670284559,-0.015710946940750585
786.8732575084905,-2.502415705768085,4.997890762018461,-0.5414810772079812,-0.3129212442460443,-0.19633331873975957,-0.04893341741029549
786.9732575084904,-2.557545480082531,4.966353970506834,-0.5611144090819393,-0.3178145859870694,-0.19633331873975957,-0.04893341741029549
787.0732575084905,-2.4770553623206544,5.364935368917755,-0.4679680288600013,0.03522716690477774,-0.15599860850320288,0.0804050094556085
787.1732575084905,-2.5246321582491267,5.368860110655507,-0.4835678897103074,0.04326766785033128,-0.15599860850320288,0.0804050094556085
787.2732575084904,-2.223845454865244,5.352884805782331,-0.20757113862570947,0.03037663623579606,-0.05041594667303219,0.0718005075901279
787.3732575084905,-2.2448546484612093,5.356281471943866,-0.21261273329301958,0.03755668699481864,-0.05041594667303219,0.0718005075901279
787.4732575084904,-2.224716055735298,5.405516611621698,-0.1829746970571871,0.08184421849010716,-0.03786845702266843,0.0850995706041117
787.5732575084903,-2.187726447016956,5.377545925051229,-0.14002279740049556,0.05991725744402892,-0.020805085177406427,0.07409343802345418
787.6732575084905,-2.282412064211819,5.198047759715102,-0.2091758318152117,-0.08548547807220712,-0.04506314642306396,0.01934768994041073
787.7732575084904,-2.2358764174260397,5.303768350510298,-0.1553482139311129,0.013606924652327261,-0.023392876161345826,0.05509152701986734
787.8732575084905,-2.305239181167677,5.379830306530985,-0.20232668053287484,0.08021699092589338,-0.039516943474835545,0.07695418209170085
787.9732575084904,-2.32566943393832,5.388236776534025,-0.2062783748803548,0.08791240913505646,-0.039516943474835545,0.07695418209170085
788.0732575084903,-2.193756187022384,5.4555606312538805,-0.08623212949978597,0.14262738170654607,0.004498165832799383,0.09359308801202351
788.1732575084905,-2.2023569091432105,5.4702913348646165,-0.08578231291650541,0.1519866905077612,0.004498165832799383,0.09359308801202351
788.2732575084904,-1.9075064338007837,5.3970386005456135,0.17441142610943822,0.08346710630201178,0.1005054220885139,0.06433838975540947
788.3732575084903,-1.889562764079414,5.405707003124583,0.18446196831828046,0.08990094527754687,0.1005054220885139,0.06433838975540947
788.4732575084904,-1.7704207994782517,5.117020356742908,0.27793393392658944,-0.14874181820581903,0.13068825332010647,-0.023495360062247853
788.5732575084903,-1.6856068320701576,5.076477466065804,0.33849192727783206,-0.17235127406743808,0.14802558932070203,-0.031183046961560303
788.6732575084905,-1.5705731117098312,4.988889579392433,0.42025471390785557,-0.23318455251007505,0.17224303577582267,-0.0518597462606821
788.7732575084904,-1.6356548105651432,5.070779596892504,0.34441820411722246,-0.14862029767306917,0.13767219700112687,-0.018841058417064065
788.8732575084903,-1.7444669477891186,5.041824748048636,0.23855500248373773,-0.16199676265541046,0.09446062792309307,-0.022953165244388018
788.9732575084904,-1.7201391444010956,5.025510305956851,0.24800106527605992,-0.1642920791798524,0.09446062792309307,-0.022953165244388018
789.0732575084903,-1.7659452182317188,5.298575283988357,0.20031968250185941,0.07274242387728745,0.07434246995404026,0.06315282593923331
789.1732575084902,-1.7455415376317815,5.306165290505775,0.20775392949725668,0.07905770647120504,0.07434246995404026,0.06315282593923331
789.2732575084904,-1.6486375060732947,5.385278188162596,0.2705192972193756,0.1442196087811458,0.09216763339107173,0.08439862507823429
789.3732575084903,-1.6211247381844274,5.400122142166087,0.2797360605584744,0.15265947128896157,0.09216763339107173,0.08439862507823429
789.4732575084904,-1.7957948236760413,5.315391699969714,0.11984691559243675,0.07851434917326248,0.030983169225314536,0.054800740966328615
789.5732575084903,-2.036291220083449,5.549112788435203,-0.08989996729728296,0.27170143578661765,-0.046722313923253156,0.12267647854431571
789.6732575084902,-2.3123256357790374,5.461746101431386,-0.3166599075330277,0.18929400799584511,-0.12704457957502457,0.08875862424819503
789.7732575084904,-2.271208081218094,5.395732089601006,-0.2660827830215237,0.1255076608975983,-0.10353632399715307,0.062026538674449135
789.8732575084903,-2.427757275151891,5.350304712130467,-0.38400002953790163,0.0838577334517434,-0.1423892552990065,0.044904299113758595
789.9732575084902,-2.4668692243821404,5.358915006971203,-0.39823895506778934,0.08834816336311517,-0.1423892552990065,0.044904299113758595
790.0732575084903,-2.2501969698500814,5.1133599566706875,-0.19766615890272274,-0.11870156100882932,-0.06446995608237485,-0.03150718706733269
790.1732575084902,-2.270285935520747,5.101332264634479,-0.20411315451095435,-0.12185227971555973,-0.06446995608237485,-0.03150718706733269
790.2732575084904,-2.1494955158824705,5.148441244890959,-0.09280310772437073,-0.07644999724585737,-0.02188212631206251,-0.01420084827644151
790.3732575084903,-2.158885237286459,5.140725240924998,-0.09499132035557499,-0.07787008207350023,-0.02188212631206251,-0.01420084827644151
790.4732575084902,-2.3529895756616965,4.807551119380182,-0.250791710694348,-0.34683307300885574,-0.07746078040268856,-0.11008636506907453
790.5732575084903,-2.232487745830317,4.864613284404434,-0.13555985790475963,-0.28104684025452425,-0.03256402191259594,-0.08231697956011175
790.6732575084902,-2.14003862142334,4.608906311353478,-0.05044430610873577,-0.47607191482212413,-0.0006026153075285728,-0.14923670989268756
790.7732575084901,-2.0856972819271835,4.579446400356115,0.0006841988337585194,-0.47491775740375514,0.018413322000269027,-0.14332175234248892
790.8732575084903,-2.0740178132792377,4.647677178808532,0.01209895392769406,-0.39365756189973566,0.021871327247443728,-0.10911763153990647
790.9732575084902,-2.0726985612502324,4.6077658344608965,0.014286086652436443,-0.4045693250537164,0.021871327247443728,-0.10911763153990647
791.0732575084903,-1.9951865749334248,4.6938957355140145,0.07957098369252472,-0.3102692945741635,0.04466353020315579,-0.07122400838046546
791.1732575084902,-1.9870061589131642,4.662512686014725,0.08403733671283624,-0.3173916954122036,0.04466353020315579,-0.07122400838046546
791.2732575084901,-1.8960182747089747,5.061542403001802,0.15458129283442218,0.03357962056835508,0.06786535848398245,0.05812218455906583
791.3732575084903,-1.8802208186330907,5.065190975981438,0.16136782868282967,0.0393918390242696,0.06786535848398245,0.05812218455906583
791.4732575084902,-1.9376582062132852,5.022611321719513,0.10661359483738964,0.006707543806524286,0.045599199626474934,0.04432530180103003
791.5732575084901,-2.15719352247372,4.680503492341326,-0.0829586934303268,-0.2742534821688408,-0.02527454828302192,-0.0588743488904018
791.6732575084902,-1.9645052315176692,4.4900566815392,0.08191403295259626,-0.4139331110696512,0.03526892751501369,-0.10680612091724222
791.7732575084901,-2.315929972150998,4.444525470580033,-0.22467375738540218,-0.42768051870834506,-0.07993450046638548,-0.10793438059358752
791.8732575084903,-2.3119636884106303,4.464255414510539,-0.21036603261797218,-0.3867222956532878,-0.07187911835490104,-0.0894170025348456
791.9732575084902,-2.333359687264182,4.425136099932572,-0.21755394445345574,-0.3956639959067642,-0.07187911835490104,-0.0894170025348456
792.0732575084901,-2.4609760507731915,4.392488278038727,-0.3116843321784863,-0.39784250573405194,-0.10310018831422252,-0.0868019315191763
792.1732575084902,-2.492659984932655,4.352270017807671,-0.32199435100992263,-0.4065226988859814,-0.10310018831422252,-0.0868019315191763
792.2732575084901,-2.474712697194414,4.374474540806258,-0.2906721699856686,-0.3580486945677289,-0.08819166336922275,-0.06487593647890287
792.37325750849,-2.5042208725097996,4.338345291667124,-0.29949133632258285,-0.3645362882156133,-0.08819166336922275,-0.06487593647890287
792.4732575084902,-3.009024734141161,4.008010715741146,-0.7033099226497206,-0.612447454072414,-0.23110700027321707,-0.15140046566172588
792.5732575084901,-2.7438056058455755,3.8449891173954436,-0.4427469520425751,-0.7116411354320563,-0.1275434731059455,-0.18179465488899577
792.6732575084902,-2.9356311495517557,3.993283152417822,-0.5777887022192364,-0.5486374889589944,-0.17177105017459354,-0.11688483199669818
792.7732575084901,-2.9913009230045238,4.054417853439127,-0.5924076507177178,-0.46111709011985647,-0.17082072948238572,-0.08038635029976215
792.87325750849,-2.8981500926494475,4.126451051103827,-0.48212726540152223,-0.3718330285473329,-0.12481628009659616,-0.04556309771469277
792.9732575084902,-2.9469869005901503,4.089039932760469,-0.4946088934111989,-0.3763893383188084,-0.12481628009659616,-0.04556309771469277
793.0732575084901,-2.761681798625654,4.054426492822166,-0.3105771003961315,-0.3796514786246297,-0.05355507622873863,-0.04547233581706419
793.17325750849,-2.793007284046382,4.016233983280652,-0.3159326080190005,-0.384198712206332,-0.05355507622873863,-0.04547233581706419
793.2732575084901,-2.6061861150959227,4.140795472475438,-0.14285085103437814,-0.24803885315841373,0.00997942425923807,0.006790346590875865
793.37325750849,-2.6204213030780514,4.116025538892573,-0.14185290860845523,-0.24735981849932676,0.00997942425923807,0.006790346590875865
793.4732575084902,-2.8214401135702922,4.149138433392413,-0.2964550898310081,-0.19913326769857045,-0.046318491555617874,0.0238310456838818
793.5732575084901,-3.1129230891669875,3.9922216686893046,-0.52148923207394,-0.310843109198976,-0.12678291681169793,-0.017425499625927855
793.67325750849,-2.9279682982323583,3.898481082508868,-0.3362797178416537,-0.3640292357248319,-0.055213008694750654,-0.035855437204043474
793.7732575084901,-2.70767871232125,4.108116514904039,-0.12270479723869268,-0.15809021319327463,0.026178286680041643,0.041227666538777345
793.87325750849,-2.4768665190006094,4.136966993821593,0.08183019016618509,-0.11747283301005665,0.09911255503365554,0.054285886145223096
793.97325750849,-2.468187937208831,4.125491139951324,0.09174144566954164,-0.11204424439553928,0.09911255503365554,0.054285886145223096
794.0732575084901,-2.8409482586062236,4.262287368804173,-0.21773775434582376,0.013562962588309475,-0.01674022729992694,0.09701202530861885
794.17325750849,-2.8628057351772855,4.264128725189544,-0.21941177707581494,0.023264165119162537,-0.01674022729992694,0.09701202530861885
794.2732575084901,-2.432360904669186,4.070608304941739,0.15910706307220815,-0.12900189817788268,0.12181221747874263,0.038817512593498894
794.37325750849,-2.4158411372745867,4.05790220268693,0.17128828482007133,-0.12512014691853632,0.12181221747874263,0.038817512593498894
794.47325750849,-2.533527119446469,4.160213869033486,0.0707148729356404,-0.026965982744934003,0.08101629313676062,0.07260408971893922
794.5732575084901,-2.6828905308123057,4.0894940577952275,-0.053320787782457114,-0.07660638538008387,0.03277563761377792,0.05202848892048209
794.67325750849,-2.6366955884477483,4.234440559952743,-0.007289623261300598,0.05385427425378281,0.04823829466797054,0.09690277230752975
794.7732575084899,-2.9950246926889954,4.260862288499772,-0.3108987245161618,0.08103356823862314,-0.06634038495950323,0.10333689942174536
794.87325750849,-2.94088722212092,4.607084211157318,-0.24642466433970736,0.3685262773955283,-0.04065550912660089,0.20250779037810035
794.97325750849,-2.965732966100501,4.644949377848726,-0.25049021525236376,0.3887770564333199,-0.04065550912660089,0.20250779037810035
795.0732575084901,-2.753278005631024,4.180660582119209,-0.0572821878483526,-0.0055867069039604485,0.03056394035726873,0.05388468779066287
795.17325750849,-2.7588534047140683,4.1803713348677665,-0.05422579381262851,-0.00019823812489906233,0.03056394035726873,0.05388468779066287
795.2732575084899,-2.3558650948678226,4.315044904854512,0.3007344479870877,0.11171124332041509,0.1612966390817343,0.09092646458089926
795.37325750849,-2.3249851668736623,4.326670661509474,0.31686411189528313,0.12080388977851741,0.1612966390817343,0.09092646458089926
795.47325750849,-2.3077893455358574,4.566917981947055,0.32025735167898806,0.3171691875566406,0.1566884542273267,0.15804368033589658
795.5732575084899,-2.354016205629715,4.653876373321875,0.269338533636599,0.3782797583652112,0.13237864331378252,0.17442661610893878
795.67325750849,-2.634560075420888,4.482531315531172,0.02608745709013108,0.22302589138820803,0.03961451443324365,0.11255715728702957
795.7732575084899,-2.3433538071364475,4.262144758638037,0.2786280392356546,0.02728077272750729,0.13195831349569562,0.036402522641939675
795.87325750849,-2.422152539524838,4.5132714491608255,0.20262914456351583,0.2346979391278262,0.09974038747053315,0.1093163978189904
795.97325750849,-2.4013909231311534,4.5372878250626805,0.21260318331056008,0.2456295789097153,0.09974038747053315,0.1093163978189904
796.0732575084899,-2.1879465570392362,4.5790946073026815,0.3827751074764932,0.27129797925730315,0.15787878954590281,0.11487064671185777
796.17325750849,-2.1488796523438034,4.60679875846201,0.398562986431105,0.2827850439285046,0.15787878954590281,0.11487064671185777
796.2732575084899,-2.1205922160907007,4.470080197704561,0.4060080152735786,0.16153090133714873,0.15541199042902654,0.06826037703214244
796.3732575084898,-2.0792143546112363,4.486574589723422,0.42154921431646714,0.16835693904035676,0.15541199042902654,0.06826037703214244
796.47325750849,-1.9367080804436123,4.296004526457601,0.5199964974763747,0.004329919176409363,0.1854083659762728,0.007027829480178979
796.5732575084899,-1.721281785830929,4.235755130735575,0.6754428422179544,-0.04548735696590445,0.23538980161782427,-0.011240461231307869
796.67325750849,-1.7389831454647329,4.177646139952184,0.6270454723168458,-0.09060177109142974,0.20937264537867803,-0.02700024681552742
796.7732575084899,-1.9304918629856997,4.221030020721712,0.42796726624490145,-0.04855843432714788,0.1276398613302806,-0.010539374308652462
796.8732575084898,-1.9679352837932331,4.5600230312361525,0.37351328069436834,0.23271844984163775,0.10336013386371798,0.09048205087104999
796.97325750849,-1.9300671550544255,4.583747286474705,0.38384929408075424,0.2417666549287551,0.10336013386371798,0.09048205087104999
797.0732575084899,-2.285172775450225,4.233499676424587,0.06518588917601109,-0.05650257422155741,-0.01596191589623648,-0.019418645107202488
797.1732575084898,-2.278733996112111,4.2277523257769,0.0635896975863889,-0.058444438732275894,-0.01596191589623648,-0.019418645107202488
797.2732575084899,-2.274198771946363,3.81102981845885,0.06358607317607219,-0.40412392222891125,-0.014522340677865606,-0.144289741927605
797.3732575084898,-2.2679127763321505,3.769895977526359,0.06213383910828695,-0.4185528964216586,-0.014522340677865606,-0.144289741927605
797.47325750849,-2.3587130036292074,3.637423232649313,-0.02003198513038427,-0.5069131582474276,-0.043725446678096344,-0.1707862012244196
797.5732575084899,-2.4609616233771465,4.090149200019128,-0.1086768529608606,-0.10441257468602619,-0.07449156963123332,-0.019064389979402463
797.6732575084898,-2.2027724151719403,4.26993247360978,0.10814131987542337,0.05015960684894705,0.0066189976080539,0.03699491618460144
797.7732575084899,-2.3438412907236446,4.392286989230709,-0.022137296046015883,0.1535536361589727,-0.04202364039272325,0.07367206831496476
797.8732575084898,-2.7565756218434436,4.252794203515451,-0.36734858968099654,0.033493663329876015,-0.16519908985774248,0.028077063054800788
797.9732575084897,-2.794136476260797,4.25628395516371,-0.38386849866675576,0.03630136963535354,-0.16519908985774248,0.028077063054800788
798.0732575084899,-2.5412120065825263,4.0565133335318775,-0.1568410849054085,-0.12774256183871216,-0.07697427573617778,-0.031589109400912016
798.1732575084898,-2.557280986451733,4.043581131801014,-0.16453851247901927,-0.1309014727788005,-0.07697427573617778,-0.031589109400912016
798.2732575084899,-2.723058520826596,3.4646283729623484,-0.29437047894403773,-0.6128857045596561,-0.12063678853673149,-0.20704591285736085
798.3732575084898,-2.753098752663656,3.4023045729421537,-0.3064341577976999,-0.6335902958453733,-0.12063678853673149,-0.20704591285736085
798.4732575084897,-2.584779304128114,3.0728633576695326,-0.15233808676793542,-0.872271897533147,-0.060518278400523484,-0.28516735735906307
798.5732575084899,-2.371718644783025,2.9487700153358585,0.03420253481784183,-0.9302767719138639,0.009793334671344814,-0.2958304068289798
798.6732575084898,-2.252021146749578,3.0772866573496334,0.1319278441647324,-0.7764926831344278,0.0447833663836967,-0.23013814793806003
798.7732575084897,-2.349811426179376,2.93430078478856,0.04055393633908047,-0.8541269794713002,0.00917554855334575,-0.2502327665337916
798.8732575084898,-2.513548785964654,2.8595820191878003,-0.09801914890618166,-0.8693437611835875,-0.04120970766538311,-0.24672388256087957
798.9732575084897,-2.52355674939359,2.771414023656719,-0.10214011967271622,-0.894016149439653,-0.04120970766538311,-0.24672388256087957
799.0732575084899,-2.0109803031131213,3.0605000042792057,0.32738104260319467,-0.6052106694271198,0.11523624909199119,-0.13402690653270247
799.1732575084898,-1.9776660176073728,2.9993088028038866,0.3389046675123833,-0.6186133600803778,0.11523624909199119,-0.13402690653270247
799.2732575084897,-2.111116962949321,3.37833661358119,0.21223371772712218,-0.2607258353957014,0.06568930864939761,0.001352076247468012
799.3732575084898,-2.0895651446333323,3.3522707904228217,0.2188026485920709,-0.2605906277709544,0.06568930864939761,0.001352076247468012
799.4732575084897,-2.1166840638052142,3.0254785721798685,0.18430113270458146,-0.5077866429740873,0.050829548261479264,-0.08728971382960224
799.5732575084896,-2.1868363448158816,2.931518932733263,0.11453952360463515,-0.5520812265103143,0.02350530977241634,-0.10015040627230798
799.6732575084898,-2.124213639528839,3.0549972006304853,0.15938402253811365,-0.41477082291941064,0.038874065659692356,-0.04737027467959655
799.7732575084897,-2.5169728099263273,3.0937308737081666,-0.1891633752475262,-0.35104910641791165,-0.09205071738112965,-0.022184624338454178
799.8732575084898,-2.6575578877093364,3.1338717969262775,-0.29910478685184555,-0.2914023778950353,-0.12843757667889094,-4.8501459440332406e-05
799.9732575084897,-2.688110554277887,3.104731316629503,-0.311948544519723,-0.29140722804097935,-0.12843757667889094,-4.8501459440332406e-05
800.0732575084896,-2.2201109420805842,3.3329551537981783,0.09183014689351811,-0.07911606593549217,0.022462325971700732,0.07622707975811484
800.1732575084898,-2.2108156157613608,3.32542468260341,0.09407637949069124,-0.07149335795967028,0.022462325971700732,0.07622707975811484
800.2732575084897,-2.2114413626777405,3.355466196195275,0.08369650001793437,-0.0355660062597687,0.016708734561067536,0.08581655355994557
800.3732575084896,-2.2029881690031496,3.3523386783371003,0.08536737347403961,-0.026984350903781946,0.016708734561067536,0.08581655355994557
800.4732575084897,-1.8747948327951547,3.228453460428913,0.3531164670632834,-0.11842068173970496,0.11297889737318409,0.04997080293214865
800.5732575084896,-2.030092575610982,3.200558714086869,0.2033505018283349,-0.12698813433800588,0.05417773728391188,0.045065804112083954
800.6732575084898,-2.172888960088056,3.4279738006010656,0.07275561562801833,0.07475185113755867,0.004986158606758481,0.11572573070535173
800.7732575084897,-2.5127417286339337,3.512262992958221,-0.22596636624273075,0.15119867560717012,-0.10617026339136106,0.13959266306697665
800.8732575084896,-2.6727477930108106,3.3596640593037828,-0.35034313973236647,0.026893827117475462,-0.14726129289286022,0.09012006971424755
800.9732575084897,-2.708518413448561,3.3628040423641066,-0.3650692690216726,0.035905834088912514,-0.14726129289286022,0.09012006971424755
801.0732575084896,-2.857585602696242,3.43349706546034,-0.4753022784242966,0.10077499743697012,-0.18247628342361297,0.11042516424332297
801.1732575084895,-2.906028211955745,3.444126691025243,-0.49354990676664134,0.11181751386129238,-0.18247628342361297,0.11042516424332297
801.2732575084897,-2.7482414246656655,4.046827908307412,-0.34234887381634604,0.6211691592555988,-0.12223384159139654,0.2925005585180498
801.3732575084896,-2.7830874812552246,4.110407327025502,-0.3545722579754746,0.6504192151073772,-0.12223384159139654,0.2925005585180498
801.4732575084897,-2.592611653533854,4.094846171985029,-0.1781737211494388,0.6121777973580869,-0.053988259393452004,0.2683120837814523
801.5732575084896,-2.574860632879462,4.223384605923095,-0.15337884049052003,0.6939069551924529,-0.04296514700316081,0.28816344021668705
801.6732575084895,-2.542333827905464,3.9994357839232366,-0.11765497753399842,0.48035856738013427,-0.028491012336376968,0.2013349734333917
801.7732575084897,-2.521814109148198,4.1194022858112636,-0.09255380906336573,0.5608464508819112,-0.018107863590052245,0.22353906860373612
801.8732575084896,-2.5449878315355323,3.9836028238716215,-0.10585687798899739,0.4247528098790853,-0.022258977967619373,0.1668445957485321
801.9732575084895,-2.5556848142242603,4.026912327838232,-0.1080827757857573,0.44143726945392336,-0.022258977967619373,0.1668445957485321
802.0732575084896,-2.7462236153581294,4.14320907116825,-0.26048690704909383,0.5157520298453911,-0.07677847653947184,0.1872274797454594
802.1732575084895,-2.772656198445712,4.195720411551467,-0.268164754703034,0.53447477781992,-0.07677847653947184,0.1872274797454594
802.2732575084897,-2.6670809216385494,4.173577610435675,-0.16235075386802028,0.4925863981837976,-0.0348779700687659,0.16615937401805933
802.3732575084896,-2.6834903868756803,4.223667047124099,-0.1658385508748937,0.5092023355855885,-0.0348779700687659,0.16615937401805933
802.4732575084895,-2.552862383142117,3.8455382596739964,-0.04661177579263302,0.17228122844345972,0.009521574653571903,0.039454156097631476
802.5732575084896,-2.7129337903840316,3.510029379435368,-0.17663245669296063,-0.1174325564131909,-0.03829396308711893,-0.06673439040884943
802.6732575084895,-2.6932756156632274,3.5821155455920475,-0.1492369115566677,-0.054908144564830626,-0.027000866072573015,-0.041943888705293315
802.7732575084895,-2.6391644629047066,3.6164666161544137,-0.09231767244315758,-0.02501969807873155,-0.004853089551487267,-0.029404973671886388
802.8732575084896,-2.559160756710372,3.365445189968227,-0.01861923701072526,-0.23186504113207776,0.021942736788815545,-0.10236462432410492
802.9732575084895,-2.5609129667274986,3.341746862733421,-0.0164249633318457,-0.24210150356447893,0.021942736788815545,-0.10236462432410492
803.0732575084896,-2.719032852163036,3.389400157578664,-0.14421756145872106,-0.19242188881691427,-0.024994476270548755,-0.08077956803328287
803.1732575084895,-2.733579580690247,3.3697540708568243,-0.14671700908577365,-0.2004998456202352,-0.024994476270548755,-0.08077956803328287
803.2732575084895,-3.0990610112398462,3.1342591145926564,-0.44365192606765097,-0.3887370820658894,-0.13222961065774214,-0.1462864686614354
803.3732575084896,-3.1440873518999624,3.0946539740427053,-0.4568748871334432,-0.4033657289320529,-0.13222961065774214,-0.1462864686614354
803.4732575084895,-3.1416871029294553,3.01701359834104,-0.42950926746676477,-0.44807182356028524,-0.11754419494250617,-0.15706601675123685
803.5732575084894,-2.8597837575041414,3.1225969961676263,-0.16707962367141774,-0.33799240719689333,-0.017445131734335498,-0.1115812016828426
803.6732575084895,-2.590197603994239,3.117858355039477,0.06955367332661236,-0.3247985597419702,0.06876876048778507,-0.10285697850118997
803.7732575084895,-2.5585960087808837,3.267614157874126,0.09737741840754957,-0.17956898357961013,0.07655024020987555,-0.04564363968017734
803.8732575084896,-2.3776555835777917,3.215442025365437,0.2470008409680133,-0.21203546696143552,0.12783048474969183,-0.055627359674849705
803.9732575084895,-2.3523163470572652,3.1939603418709392,0.2597838894429709,-0.21759820292891544,0.12783048474969183,-0.055627359674849705
804.0732575084894,-2.3735549475335707,3.3211608937903634,0.23261275360093253,-0.10229149665792672,0.11334148194991239,-0.012802268510902305
804.1732575084895,-2.3497269647636942,3.310867732782002,0.24394690179593922,-0.10357172350901869,0.11334148194991239,-0.012802268510902305
804.2732575084895,-2.2849712622577405,3.1925545513769316,0.2889575342897261,-0.18305351746205836,0.12568120780173783,-0.037858987160442864
804.3732575084894,-2.2554471027897867,3.1740599046949405,0.30152565506988843,-0.1868394161780992,0.12568120780173783,-0.037858987160442864
804.4732575084895,-2.156880059037755,3.0699107530835112,0.37053281897213036,-0.26075699757950893,0.14610150326072627,-0.06299369447021942
804.5732575084894,-1.851721119787247,3.0776877359081403,0.6104058626825116,-0.2386271499352954,0.22834043550500205,-0.05271355600890004
804.6732575084895,-1.9631443853554305,2.9032951860971816,0.4887342915252217,-0.36744556490423463,0.17607721736842305,-0.09697495352882024
804.7732575084895,-2.1744898733490143,2.8059939016136295,0.2812936027194291,-0.42826258744050244,0.09247476392122718,-0.11578158746034647
804.8732575084894,-2.32113530102902,2.5441789945573015,0.1449015222604142,-0.6191472985956693,0.039868464443101825,-0.17993966756581675
804.9732575084895,-2.3064458064807427,2.4813645663598187,0.14888836870472982,-0.6371412653522756,0.039868464443101825,-0.17993966756581675
805.0732575084894,-2.6467017620991076,2.534509963084059,-0.14536132743671815,-0.5568745176133946,-0.0687075461130536,-0.14433321632569973
805.1732575084893,-2.6615814325733305,2.4781008452411433,-0.15223208204801725,-0.5713078392459514,-0.0687075461130536,-0.14433321632569973
805.2732575084895,-2.554794551498343,2.280250633273076,-0.06163797707557829,-0.7043684060251851,-0.03469032494806793,-0.18783764937635844
805.3732575084894,-2.561131800830635,2.2088746044237415,-0.06510700957038193,-0.7231521709628039,-0.03469032494806793,-0.18783764937635844
805.4732575084895,-2.446963246604248,2.2226158426083704,0.032046562387174654,-0.6703899329901224,0.0017160915875001695,-0.1621960595345211
805.5732575084894,-2.674378261252366,2.196886336280531,-0.16208555198917562,-0.6515631757609112,-0.06922027309530265,-0.14952312995903663
805.6732575084893,-2.5398308698643404,2.3615537636409156,-0.04323341010818778,-0.4769425783720839,-0.02373164032735056,-0.08160761672491651
805.7732575084895,-2.713925375052005,2.3716489103409626,-0.19183456610241656,-0.4355788857398935,-0.07805336986617051,-0.06338780261306938
805.8732575084894,-2.7946090822880096,2.2389667288774255,-0.25042839376308573,-0.5148253139148655,-0.09639862309412844,-0.08947505180892318
805.9732575084893,-2.820133914779765,2.187036822226942,-0.2600682560724898,-0.5237728190957497,-0.09639862309412844,-0.08947505180892318
806.0732575084894,-2.275533058001426,2.4568108494701333,0.207639863980613,-0.26587904120205275,0.07685734568612632,0.006595969498512426
806.1732575084893,-2.254384784874954,2.4302559251974447,0.21532559854921862,-0.2652194442522021,0.07685734568612632,0.006595969498512426
806.2732575084895,-2.558420641218214,2.329351377339412,-0.051628640971069235,-0.32727094826561687,-0.023440793179852572,-0.01630768165482993
806.3732575084894,-2.5637007092812154,2.296542744104606,-0.05397272028905236,-0.3289017164310984,-0.023440793179852572,-0.01630768165482993
806.4732575084893,-2.7346759239028655,2.4864675161457206,-0.1940802878644774,-0.14722040470626263,-0.0732852089966573,0.049390092845477185
806.5732575084894,-2.763438472420088,2.5587244069454598,-0.20898125515978397,-0.07011599232951854,-0.0760497562183394,0.07548544163837445
806.6732575084893,-2.776136361906866,2.8884739465280806,-0.20944401555098907,0.214003063684939,-0.07346663753930983,0.17456831281252982
806.7732575084892,-2.3792237730955192,2.6028245576456452,0.14368795124191502,-0.03057388035286942,0.06044631859461315,0.07816731770077744
806.8732575084894,-2.647553114287909,2.434943997953557,-0.08546894467041269,-0.1583919154997492,-0.024510559022938416,0.029635537216318453
806.9732575084893,-2.656222561550057,2.419252984089678,-0.0879200005727043,-0.15542836177812006,-0.024510559022938416,0.029635537216318453
807.0732575084894,-2.7336835917524076,2.7057772554853967,-0.1478399716314338,0.09804196232238588,-0.0454161840075822,0.12003271458849957
807.1732575084893,-2.748694669835575,2.7161816152905676,-0.1523815900321879,0.11004523378122491,-0.0454161840075822,0.12003271458849957
807.2732575084892,-2.713604889804369,3.057501793751668,-0.11315958755061119,0.3975390491261053,-0.02910672661996716,0.21999701582652045
807.3732575084894,-2.7250663821925456,3.0983556837434687,-0.11607026021261188,0.4195387507087874,-0.02910672661996716,0.21999701582652045
807.4732575084893,-3.0445533706429333,2.7875248635927146,-0.3752022499053614,0.15050049521709472,-0.12181054842901243,0.11569103617509921
807.5732575084892,-2.8562623776093603,2.8947465699010757,-0.19662479430046226,0.23827978396987406,-0.052168469433910944,0.14324899715726147
807.6732575084893,-2.885657975461931,3.2018393197468202,-0.20972616478183884,0.4849125746149658,-0.0550200581033309,0.22647454667688538
807.7732575084892,-2.8246929369329927,2.9362163468097684,-0.14436681754766378,0.23929367103036311,-0.02869601984496249,0.12778061357976137
807.8732575084894,-2.5891979085158705,2.9509065229974545,0.060601002178846265,0.24396217201126538,0.04637669999630281,0.1248789135732476
807.9732575084893,-2.5829059247980104,2.9759271347664242,0.06523867217847233,0.2564500633685788,0.04637669999630281,0.1248789135732476
808.0732575084892,-2.653460119025197,3.1694724780710866,0.006425477555041134,0.40781806762145,0.023662463767253214,0.17501855491692606
808.1732575084893,-2.6526992589508556,3.211129377607874,0.008791723931769684,0.42531992311316646,0.023662463767253214,0.17501855491692606
808.2732575084892,-2.607949194344145,2.9549791681422533,0.03879736289871741,0.19375109250738817,0.03117132295560711,0.08498034079196334
808.3732575084891,-2.603913601439499,2.9747791790969336,0.041914495194275286,0.2022491265865768,0.03117132295560711,0.08498034079196334
808.4732575084893,-2.747054736403949,2.9615392226123016,-0.07776803055608715,0.1828759070564813,-0.013259006845307925,0.0749914773424815
808.5732575084892,-2.821471958029569,2.6738441969279894,-0.13518246340727613,-0.0645299709730876,-0.03373579699585208,-0.01718337752352765
808.6732575084893,-2.825079408493608,2.6700224097394214,-0.1301661000598688,-0.06401432080360318,-0.030701413698668075,-0.016383039353044047
808.7732575084892,-2.76245650073177,2.7033294151994904,-0.06790822424075253,-0.031792107555432825,-0.006432935184772913,-0.0039259141312629475
808.8732575084891,-2.759584200361838,2.589938393486688,-0.06049376701509586,-0.12264852220717372,-0.003522404159199306,-0.03629497783813219
808.9732575084893,-2.765651189084152,2.577492066376763,-0.06084600743101627,-0.1262780199909919,-0.003522404159199306,-0.03629497783813219
809.0732575084892,-2.6462179599127893,2.7661833149879738,0.0430297066131078,0.03753884628478505,0.03411832144251326,0.024198411400253743
809.1732575084891,-2.64174439764427,2.7700581916734497,0.04644153875735602,0.03995868742480822,0.03411832144251326,0.024198411400253743
809.2732575084892,-2.621744043815069,2.869176262175958,0.06701015406954845,0.11452004763116104,0.041606130579916495,0.04836509997655525
809.3732575084891,-2.614834997755221,2.8808700924389457,0.07117076712753631,0.11935655762881217,0.041606130579916495,0.04836509997655525
809.4732575084893,-2.630105418953131,3.010154147458308,0.0565182233014786,0.22050257149402339,0.034799313865147626,0.08288175633173142
809.5732575084892,-2.497824431100719,3.0931898902965487,0.16653631748699915,0.27918895249627834,0.07369424511736176,0.10110598416515013
809.6732575084891,-2.5054337472978316,3.1857575595324366,0.15340306632857403,0.3420373299157462,0.06627906050256632,0.1199995767177219
809.7732575084892,-2.433407586072251,3.1483000379788177,0.20860437465611087,0.29254491038428126,0.08432342523665451,0.0973768199873608
809.8732575084891,-2.2659021059086597,2.9710649536206106,0.3385629658718183,0.1323623529355505,0.12821978396893577,0.03657727759732083
809.973257508489,-2.2314047104016654,2.9844840753021398,0.3513849442687002,0.13602008069527924,0.12821978396893577,0.03657727759732083
810.0732575084892,-2.6306687693801263,2.318392694238896,0.0023105806412404635,-0.421985575557656,-0.002663496348046598,-0.16544956128433969
810.1732575084891,-2.6304510287977423,2.275366888876748,0.002044231006436046,-0.4385305316860749,-0.002663496348046598,-0.16544956128433969
810.2732575084892,-2.6215461828229683,2.394112641888366,0.003312946233517011,-0.3218574351674594,-0.0037300102080511863,-0.11803569628411091
810.3732575084891,-2.621233538250657,2.3613367198902298,0.0029399452127122317,-0.33366100479585975,-0.0037300102080511863,-0.11803569628411091
810.473257508489,-2.6193836460203657,2.295611199573028,0.0038779210052232557,-0.37159188542924954,-0.0032556837066272646,-0.1273995428332984
810.5732575084892,-2.6899461887811067,2.4469993142843185,-0.05620941207512888,-0.22692091457051325,-0.025073496862271172,-0.07047901278168675
810.6732575084891,-2.4862196525109677,2.3439864434510973,0.11564403215300097,-0.2997178287109054,0.03798741758897396,-0.09403394974031377
810.773257508489,-2.8777870255224283,2.2225867875946963,-0.22819090183887267,-0.3865237763528081,-0.09115381084077472,-0.12250998529065048
810.8732575084891,-2.8596687474930267,2.2395457962336858,-0.20290445794829878,-0.3526169426088225,-0.07872756658172857,-0.105994147689171
810.973257508489,-2.8803528311207462,2.2037541312343905,-0.21077721460646448,-0.36321635737772995,-0.07872756658172857,-0.105994147689171
811.0732575084892,-2.784070368112303,2.46948503775111,-0.11973780398568555,-0.12379857895234542,-0.042695379641001466,-0.01605215547834178
811.1732575084891,-2.796257625409065,2.4570249190784947,-0.12400734194978182,-0.12540379450017813,-0.042695379641001466,-0.01605215547834178
811.273257508489,-3.0020054088567565,2.046584714425265,-0.28725473023197723,-0.4626914134844709,-0.09970257968569274,-0.1387712776515057
811.3732575084891,-3.031229394778423,1.9996217166884953,-0.2972249882005601,-0.47656854124964043,-0.09970257968569274,-0.1387712776515057
811.473257508489,-2.495389301005986,1.9823227820956641,0.16411023153193305,-0.4649084080638145,0.07082116724042495,-0.12961890093789288
811.573257508489,-2.1625616799680527,2.350359427596518,0.43747420538640475,-0.13242317629037592,0.16803529459815192,-0.004703598751980995
811.6732575084891,-2.289174439758216,2.119728125847468,0.3117741557507581,-0.3116087240619411,0.11649615091456278,-0.06872927459397295
811.773257508489,-2.144803777033683,2.125985532465703,0.4204859754263393,-0.28634727130499954,0.15255345263317271,-0.05690718705437103
811.8732575084891,-1.842920899003986,2.2637311670113913,0.6510555839272231,-0.15521209503418545,0.2303268739390711,-0.007949206364633497
811.973257508489,-1.7766637062416295,2.2481702114761637,0.6740882713211093,-0.1560070156706481,0.2303268739390711,-0.007949206364633497
812.073257508489,-2.1544037915498078,2.5018773016425615,0.32284347816808656,0.06373924944986943,0.09414746374921901,0.07084728726724725
812.1732575084891,-2.1216487064142076,2.5086054630238945,0.3322582245430213,0.07082397817660382,0.09414746374921901,0.07084728726724725
812.273257508489,-2.3185871055539415,2.472441152874455,0.14492497640784713,0.0438239377183853,0.02161714299831282,0.0591310495441309
812.3732575084889,-2.3039865221981786,2.4771192018940096,0.14708669070767644,0.04973704267279301,0.02161714299831282,0.0591310495441309
812.473257508489,-2.157006878656552,2.2165160015275465,0.25928792691638336,-0.16300584676134533,0.061430708665719744,-0.01923373809603149
812.573257508489,-2.0811146056787897,2.1464549711299568,0.30726632856722574,-0.20958061844745193,0.07670394289482853,-0.03537989334149612
812.6732575084891,-2.132422061340739,2.084148463425692,0.2463340378324576,-0.2469693421263943,0.051892470348049266,-0.04750710071365048
812.773257508489,-2.161917812207474,1.9355906804059577,0.20464429416796823,-0.3569201581641684,0.03447755669396079,-0.08620972555152487
812.8732575084889,-2.2274054585783922,1.972256829900399,0.13651403190014955,-0.30578380038463315,0.008622941855320459,-0.06482782101435092
812.973257508489,-2.213710940679082,1.9413543107568214,0.13737632608568276,-0.3122665824860771,0.008622941855320459,-0.06482782101435092
813.073257508489,-2.605320105631396,2.165580219839897,-0.20116579366984025,-0.10786995604151901,-0.1147161458135468,0.010910077044040598
813.1732575084889,-2.6260102657274285,2.1548477746209747,-0.2126374082511845,-0.10677894833711594,-0.1147161458135468,0.010910077044040598
813.273257508489,-2.4383345497203606,2.0638550842091803,-0.053639326908537885,-0.16475471456303223,-0.05415915656529471,-0.00827635172365565
813.3732575084889,-2.4439692781940354,2.0473382309942743,-0.05905524256506243,-0.16558234973539704,-0.05415915656529471,-0.00827635172365565
813.473257508489,-2.480265353223521,1.9959697447817675,-0.08954902592204489,-0.19500421717218394,-0.06323261776514501,-0.018524325694828016
813.573257508489,-2.7562530832871617,1.803591133819881,-0.3205804087385177,-0.34062299774434046,-0.14526901383246715,-0.07051091255028916
813.6732575084889,-3.098535958400386,1.4563048363979834,-0.592727348159726,-0.6049131055496313,-0.23844222562467995,-0.16266817171458672
813.773257508489,-2.6099783818635047,1.6257175261717112,-0.14335450538875005,-0.42484568694795305,-0.06264845938754696,-0.09043772859711174
813.8732575084889,-2.467963653331285,1.5916711862418438,-0.019416425006582323,-0.42659074642542627,-0.015618007750228098,-0.0878261595743828
813.9732575084888,-2.4699833858706928,1.548572980801469,-0.020978225781603712,-0.43537336238285657,-0.015618007750228098,-0.0878261595743828
814.073257508489,-2.3949815451564214,1.9504734121661962,0.04202729586114993,-0.07709968682522607,0.007832682985587244,0.04385368145629189
814.1732575084889,-2.390739652155382,1.9429827118909617,0.042810564159707944,-0.07271431867960086,0.007832682985587244,0.04385368145629189
814.273257508489,-2.1784636954345413,1.7170716320442245,0.22779494917330098,-0.24794010508058828,0.07761961927071016,-0.020415667877834484
814.3732575084889,-2.155296102420879,1.6921755431967993,0.23555691110036495,-0.24998167186836986,0.07761961927071016,-0.020415667877834484
814.4732575084888,-2.06409633537239,1.6809910434846889,0.299316556771566,-0.24057880362308254,0.09788022582638357,-0.01631406195783196
814.573257508489,-1.8420113634655844,1.8288761650478003,0.47058094729351924,-0.099077048535884,0.15683198606750648,0.03544356160506262
814.6732575084889,-1.9056226260691553,1.7704309391974336,0.3934925804112158,-0.13558534588092613,0.12327937585350092,0.02109448338656835
814.7732575084888,-2.1264338486124723,1.7465163359303544,0.18105001477105975,-0.1423783869065687,0.03978016123159413,0.017819299366320266
814.8732575084889,-2.4044067592613807,1.7144694056716647,-0.06120754667679999,-0.15529022653702493,-0.049162313024308776,0.012561688686339265
814.9732575084888,-2.410773325494176,1.6990031914614079,-0.0661237779792264,-0.15403405766839215,-0.049162313024308776,0.012561688686339265
815.073257508489,-2.189296889917332,1.8565554703618434,0.12119045178458851,-0.009174577981321605,0.02098018647767763,0.06442253006691312
815.1732575084889,-2.177072943806496,1.855960125214046,0.12328847043235436,-0.0027323249746361526,0.02098018647767763,0.06442253006691312
815.2732575084888,-2.2486011976953924,1.7819511554060183,0.05486048408531901,-0.06413349168354128,-0.004714623612017219,0.03814745887413937
815.3732575084889,-2.2431387224049133,1.7757285435320267,0.054389021724116644,-0.06031874579612214,-0.004714623612017219,0.03814745887413937
815.4732575084888,-2.278286804899113,1.4988074643562173,0.020144247839426987,-0.279442592290366,-0.016934196478390198,-0.04175218210135953
815.5732575084887,-2.253414018068956,1.1325347865396524,0.0377802759962497,-0.5649504995831944,-0.009877405524298007,-0.14348340418127983
815.6732575084889,-2.3887797457539355,1.0243675620669703,-0.07898669351882451,-0.621193209065263,-0.05175117708117233,-0.15849228688937408
815.7732575084888,-2.604766304286912,1.1310733231711103,-0.2632952502424423,-0.4927024822284013,-0.11829683701285028,-0.10539029524676191
815.8732575084889,-2.423702859427952,1.3201894745185145,-0.10226911149022049,-0.3071022313935014,-0.05585978104306132,-0.035209258959655626
815.9732575084888,-2.434209069482179,1.2893032050843944,-0.10785508959452153,-0.31062315728946377,-0.05585978104306132,-0.035209258959655626
816.0732575084887,-2.2090762085238547,1.1946634383038464,0.08406933419859146,-0.3659040835472245,0.015850196030167532,-0.05366093691434017
816.1732575084889,-2.2005900241238328,1.1578047252645016,0.08565435380161038,-0.37127017723866584,0.015850196030167532,-0.05366093691434017
816.2732575084888,-2.022594510824358,1.044462663030495,0.2360828572379299,-0.4409939709898211,0.07193158354759929,-0.07726411711673148
816.3732575084887,-1.9986265671828494,0.9999769453459699,0.2432760155926833,-0.44872038270148723,0.07193158354759929,-0.07726411711673148
816.4732575084888,-1.8505841303977222,0.984184491574266,0.35317534860623745,-0.43221376796022,0.10909185976737726,-0.06857916897627724
816.5732575084887,-2.063029414767394,1.0007583091151342,0.1548854324717284,-0.38903374638552657,0.032717493241145784,-0.0504852153452716
816.6732575084889,-2.138449171299536,1.037291794582832,0.08235085679798472,-0.331851476419409,0.005300686582752227,-0.02819070008380394
816.7732575084888,-2.2876423403474817,1.3681179055631687,-0.05283350433228168,-0.02478683372428173,-0.04511539621096956,0.08581406223042269
816.8732575084887,-2.3563191766085136,1.7091889733467778,-0.10984387558619502,0.26548432789590304,-0.0640784397606802,0.1866061060728963
816.9732575084888,-2.3676239563659527,1.7366704366667713,-0.11625171956227177,0.28414493850321815,-0.0640784397606802,0.1866061060728963
817.0732575084887,-2.2070204769203783,1.6326760404281389,0.021147041440727786,0.19515220646558892,-0.011996274789443184,0.1485572239112375
817.1732575084886,-2.2049657541502548,1.6529340471942349,0.01994741396178456,0.21000792885669917,-0.011996274789443184,0.1485572239112375
817.2732575084888,-2.4105124193853587,1.5575658761161881,-0.14858867722348387,0.1372539220494192,-0.07101071914069026,0.11961300410300824
817.3732575084887,-2.425726340703396,1.5718893333416315,-0.15568974913754643,0.14921522245970914,-0.07101071914069026,0.11961300410300824
817.4732575084888,-2.50764923273892,1.9106673886111496,-0.21774182475094653,0.4270272063600371,-0.09089262480804511,0.21489204007888382
817.5732575084887,-2.273810235125166,1.6927914473696004,-0.011094739828428823,0.23080775377341095,-0.012131642072803747,0.13616756705390454
817.6732575084886,-2.445696960922547,1.7981555737461379,-0.15440880881212635,0.31151708379696563,-0.06352515089080832,0.160203841761381
817.7732575084888,-2.2191193018927753,1.9908650920458608,0.04811464100848372,0.4643371618634883,0.01406945682271206,0.2105318065665264
817.8732575084887,-2.2004647823104224,1.7802215524273035,0.06096808067771054,0.27347495347311485,0.01820403195924645,0.13470588540866774
817.9732575084886,-2.194276954082861,1.8082425772016322,0.06278848387363353,0.2869455420139694,0.01820403195924645,0.13470588540866774
818.0732575084887,-2.0402674956507805,1.562892864331966,0.1873805889463925,0.0717123256837977,0.06259363672469995,0.05197129639355827
818.1732575084886,-2.0212164685725353,1.5703239533823066,0.1936399526188568,0.0769094553231488,0.06259363672469995,0.05197129639355827
818.2732575084888,-2.0892376940637853,1.0224973793505505,0.12643596562954088,-0.3718010770124642,0.03588514422050379,-0.10982505859090881
818.3732575084887,-2.0764146717797405,0.9847681463563844,0.13002448005158798,-0.38278358287154507,0.03588514422050379,-0.10982505859090881
818.4732575084886,-2.3222355806083366,1.198190805349953,-0.08203409552043908,-0.18631329336243782,-0.04213845520567154,-0.035475419561577806
818.5732575084887,-2.0698760177142432,1.0951297034029637,0.1334532176851287,-0.25996309779618193,0.03807000005751551,-0.060824727015555885
818.6732575084886,-2.0078471185923688,1.447475755438783,0.17762496101734884,0.04527286936105759,0.052668681152118924,0.05070677597900275
818.7732575084885,-2.171793139508115,1.5387678887165184,0.02604545901712694,0.12396234097981497,-0.005597632857053357,0.07779078449622148
818.8732575084887,-2.0959794336341897,1.655831839280696,0.08635306936275984,0.217350538185338,0.016388202275437625,0.10842277549210898
818.9732575084886,-2.0872621856865443,1.6781090069766695,0.08799188959030212,0.22819281573453903,0.016388202275437625,0.10842277549210898
819.0732575084887,-2.1249602657685926,1.657431432015452,0.05175134771347206,0.20042553216748074,0.0029242520563233405,0.09393603221508409
819.1732575084886,-2.1197705097369686,1.6779436653932565,0.05204377291910413,0.20981913538898062,0.0029242520563233405,0.09393603221508409
819.2732575084885,-2.212916422386929,2.015200032075594,-0.025980689681919106,0.4811307863953172,-0.0243983897425446,0.18843373325863466
819.3732575084887,-2.2156364833038373,2.064255279381487,-0.028420528656176895,0.4999741597212064,-0.0243983897425446,0.18843373325863466
819.4732575084886,-1.9419326997176725,1.8043974654438177,0.19949473319522285,0.26321494559187886,0.058946737303180397,0.09682754362630415
819.5732575084885,-1.9820690087454411,1.8020493681093042,0.15451897355090824,0.24864031957966692,0.040374969620179085,0.08805596092101774
819.6732575084886,-2.0513238927776283,1.4652338756821541,0.08788028948289218,-0.04028449201495804,0.014813577602969332,-0.018607556574273
819.7732575084885,-1.5889241644437895,1.7231742667743282,0.4802777539736077,0.18086234374948065,0.16003364619132823,0.06343588879597623
819.8732575084887,-1.5801612082242442,1.6650926101101777,0.4629831185995928,0.12441443681231512,0.14800611330440602,0.04096832269519425
819.9732575084886,-1.5331228657978064,1.6777388954048735,0.47778372993001994,0.12851126908183083,0.14800611330440602,0.04096832269519425
820.0732575084885,-1.6482162871834158,2.0578601658825657,0.3562198413837853,0.43499643674607963,0.09861751073875744,0.14950592081730316
820.1732575084886,-1.6121012154912937,2.102107339161322,0.3660815924576745,0.44994702882783033,0.09861751073875744,0.14950592081730316
820.2732575084885,-1.4471668635586061,1.4763528821461558,0.4869788532153167,-0.10301810540225277,0.14009958791141927,-0.05847180796066151
820.3732575084885,-1.397768480297563,1.465758712566137,0.5009888120064458,-0.10886528619831361,0.14009958791141927,-0.05847180796066151
820.4732575084886,-1.3616898819505001,1.3051058274509033,0.5027421706592513,-0.23764123242795138,0.13566500889832833,-0.1025286225245991
820.5732575084885,-1.409899054526138,1.1185362656454532,0.4327651755407635,-0.38292992452951113,0.10516496601750808,-0.15135821299955848
820.6732575084886,-1.5239429144488303,1.096710583363106,0.3118938106008373,-0.3839043036117562,0.05764603409131086,-0.14628480027196483
820.7732575084885,-1.412539807592687,0.9355468837636489,0.38654831731369904,-0.50238710292694,0.08323770532350422,-0.18449231651230258
820.8732575084885,-1.6209213838215564,0.9610582417511572,0.18921430310627171,-0.45789094134353414,0.008952289685425302,-0.16196968403090065
820.9732575084886,-1.601955192062476,0.9144592991965845,0.19010953207481546,-0.4740879097466463,0.008952289685425302,-0.16196968403090065
821.0732575084885,-1.6609103663802856,0.6820567418593322,0.12487750274218683,-0.6421849338046133,-0.01529771531626721,-0.21653752857867814
821.1732575084884,-1.6484991046826594,0.6167555608360378,0.1233477312105615,-0.6638386866624614,-0.01529771531626721,-0.21653752857867814
821.2732575084885,-1.285132819652064,0.8904738436142995,0.4145826654441085,-0.39697292753166713,0.09075918118145346,-0.11088808175287262
821.3732575084885,-1.2432207572017842,0.8502221104524055,0.42365858356224556,-0.4080617357069443,0.09075918118145346,-0.11088808175287262
821.4732575084886,-1.358517298185777,1.0035782658234071,0.3010861191826052,-0.2590137142468192,0.04312728101811552,-0.05349615576043433
821.5732575084885,-1.2894526834142428,1.081230433568493,0.33803750888858924,-0.17797898019319533,0.05504299709493571,-0.022259169098631307
821.6732575084884,-1.4183298306189722,0.9630951923858613,0.2079005647183437,-0.26260950901192576,0.0059857481323968426,-0.05178106386351906
821.7732575084885,-1.2430310970691008,0.9755351195202,0.3416484675668938,-0.23463389036181395,0.05544893017292565,-0.03958396415266468
821.8732575084885,-1.1887332356067049,0.8875870589399932,0.36369548560433657,-0.29136940100878245,0.061409644072401556,-0.05846826189370907
821.9732575084884,-1.1520566388259428,0.8581577775296735,0.3698364500115711,-0.29721622719814805,0.061409644072401556,-0.05846826189370907
822.0732575084885,-1.3040867436262515,0.7072081517381511,0.21699628334352966,-0.40128635357466924,0.0035077888795100876,-0.09334549146508883
822.1732575084884,-1.282369576347521,0.6666127889233961,0.21734706223148034,-0.41062090272116963,0.0035077888795100876,-0.09334549146508883
822.2732575084885,-1.5075152667390936,0.9327531723009024,0.018341803979786356,-0.16645861710935084,-0.06686620287982567,-0.0023546412099425098
822.3732575084885,-1.5060154173555154,0.9160955373839327,0.011655183691809871,-0.16669408123034488,-0.06686620287982567,-0.0023546412099425098
822.4732575084884,-1.4914597148709043,1.0152579964523538,0.01639566746863609,-0.07165868928404015,-0.06273174509429301,0.03178977099741307
822.5732575084885,-1.9479166274190534,0.8662576419831447,-0.3755583856341644,-0.18662544498523345,-0.20353604342339532,-0.010932281034852692
822.6732575084884,-2.0070045162736214,0.5056042572862948,-0.412987720500977,-0.4688543545318663,-0.209711807811843,-0.1116506487325026
822.7732575084883,-1.6606069709616647,0.567942501109982,-0.09888938766241938,-0.38659795523516277,-0.08523799639305667,-0.07728133088476648
822.8732575084885,-1.695416115784991,0.7922738812370229,-0.1277701573109585,-0.17810255276198633,-0.09259111448766445,8.609785037234918e-05
822.9732575084884,-1.7086560870885128,0.7744640564500924,-0.13702926875971652,-0.1780939429769491,-0.09259111448766445,8.609785037234918e-05
823.0732575084885,-1.925620593717434,0.44043352592622637,-0.3159489702639468,-0.4387415019074783,-0.15421092564821487,-0.09351362042777583
823.1732575084884,-1.9579865453720395,0.39609180763338037,-0.33137006282875425,-0.4480928639502474,-0.15421092564821487,-0.09351362042777583
823.2732575084883,-2.043084270435443,0.69515277030345,-0.39552396643769305,-0.17288224565615348,-0.17357767147362715,0.008868163871303795
823.3732575084885,-2.0835045554366363,0.6779088865571677,-0.41288173358507946,-0.1719954292690219,-0.17357767147362715,0.008868163871303795
823.4732575084884,-2.2791849021606865,0.7566028179145287,-0.5580646344196866,-0.09228141988989141,-0.21982627620873885,0.03711928159786648
823.5732575084883,-2.0197137047105,0.5819808785790069,-0.3135006077588007,-0.22633993791383142,-0.12251547675973723,-0.012699158990985879
823.6732575084884,-1.8900631974312228,0.8007650221457374,-0.19122876959512766,-0.029066652762638718,-0.07386252252797465,0.058430009048452844
823.7732575084883,-1.7875251512032975,0.7555047711446687,-0.09343392689699552,-0.05951402300333175,-0.03478916238754324,0.04507895196756395
823.8732575084885,-1.7179112353205255,0.5772122518312027,-0.031146879426231382,-0.19667703604612838,-0.011033913077712426,-0.005612633796191417
823.9732575084884,-1.7210810928285343,0.557516485057627,-0.03225027073400162,-0.197238299425747,-0.011033913077712426,-0.005612633796191417
824.0732575084883,-1.518515423924515,0.49716406339149305,0.13797370304910905,-0.23215095725566798,0.050953221697218526,-0.01818651496974094
824.1732575084884,-1.5044632875110986,0.4738580350910456,0.14306902521883785,-0.23396960875264455,0.050953221697218526,-0.01818651496974094
824.2732575084883,-1.6602695075927958,0.6497156910478068,0.0022042685431878897,-0.06533641314239894,-0.0030270912939180106,0.04474456451886605
824.3732575084882,-1.6600642161949466,0.6434057725561668,0.001901559413796364,-0.0608619566905164,-0.0030270912939180106,0.04474456451886605
824.4732575084884,-1.3880798627207465,0.6292025095149094,0.2279087420708555,-0.06324704142197216,0.07885443255791717,0.04228615266674483
824.5732575084883,-1.5529147106643133,0.43224933698768686,0.07738781151447394,-0.21780689287903354,0.021023465161170506,-0.015132502892532526
824.6732575084884,-1.5931035090036256,0.26142280346639535,0.039508750644307145,-0.3418015772770333,0.006563424837736139,-0.05901213444045671
824.7732575084883,-1.693271915608133,0.22129973736258365,-0.04960636163208509,-0.35250895681595656,-0.026785461516898628,-0.06078030037118494
824.8732575084882,-1.8576715566527613,0.2726606331144176,-0.18468331384932207,-0.28723232463094994,-0.07460893990768461,-0.03524872847245514
824.9732575084884,-1.876512932737258,0.2437611570089207,-0.19214420784010072,-0.2907571974782003,-0.07460893990768461,-0.03524872847245514
825.0732575084883,-1.626448820949731,0.7081163937274505,0.024496464224047797,0.11294854078443273,0.006382203065558485,0.11108140134780632
825.1732575084882,-1.6239672635120006,0.7199666548126216,0.025134684530603066,0.12405668091920326,0.006382203065558485,0.11108140134780632
825.2732575084883,-1.5213973219612118,0.7866716483798705,0.11240121137810935,0.18245391534330818,0.038677216620030166,0.12890307248026311
825.3732575084882,-1.5099638147403112,0.8055615552765849,0.11626893304010885,0.19534422259132278,0.038677216620030166,0.12890307248026311
825.4732575084884,-1.9128926161052469,0.9229046628734855,-0.22518562894157193,0.2881432207338872,-0.08626436053127702,0.15754179153328932
825.5732575084883,-1.6689985017548943,0.6712003556597003,-0.008996664819040564,0.06983627153356035,-0.004188799018447875,0.07290418789589026
825.6732575084882,-1.3583692454984666,0.6353534276211571,0.24991201688949974,0.0416122349471628,0.08960197131722984,0.060180943529403313
825.7732575084883,-1.0665623198112553,0.546373152747069,0.48846160757855156,-0.03188663593700017,0.17489133879409463,0.03092702552668235
825.8732575084882,-1.1325526986601568,0.5068745009432024,0.4097833643235542,-0.05873007947551301,0.1401548293529753,0.020215505879675126
825.9732575084881,-1.0908735880810752,0.5011025705250546,0.423798847258839,-0.056708528887547335,0.1401548293529753,0.020215505879675126
826.0732575084883,-1.3008689224342829,0.5151946351588241,0.2278803838936355,-0.0384566994688208,0.0643903537121086,0.026049973907513624
826.1732575084882,-1.27775893227638,0.5114792150814829,0.23431941926484048,-0.035851702078071805,0.0643903537121086,0.026049973907513624
826.2732575084883,-0.8315810271599124,0.424313880359063,0.5979222781372514,-0.10409079877418162,0.19517337897734927,9.327547783439388e-05
826.3732575084882,-0.7708129324513567,0.41390526685904344,0.6174396160349686,-0.10408147122639819,0.19517337897734927,9.327547783439388e-05
826.4732575084881,-1.0019484395098075,0.5271367794224596,0.39229144352008744,-0.0023901544941446543,0.10665058101906903,0.03653539320506672
826.5732575084883,-0.8142505515645054,0.5410626592507327,0.5275917816282885,0.012897298997424395,0.1521524042163751,0.040742271225725275
826.6732575084882,-0.9331487066973523,0.5231248775294403,0.3992898230063084,0.0009954158053746853,0.10024666550071293,0.03501874390686559
826.7732575084881,-1.1656948271722418,0.447705449371426,0.17402894955258438,-0.05991631662314914,0.012841256337647766,0.011321280522419049
826.8732575084882,-0.892966079380284,0.44579415961055874,0.3874609592855441,-0.05548084624347325,0.08947095341908944,0.01250325685742599
826.9732575084881,-0.8537726286846702,0.4403085912705035,0.3964080546274449,-0.05423052055773179,0.08947095341908944,0.01250325685742599
827.0732575084883,-1.034449140100194,0.3842778924148533,0.2207401355256657,-0.0954686019691578,0.02244024941844134,-0.00294857365380383
827.1732575084882,-1.0122629253005555,0.3747162893496772,0.2229841604675078,-0.0957634593345379,0.02244024941844134,-0.00294857365380383
827.2732575084881,-1.1704390810184484,0.4268161760501744,0.06903380942975286,-0.0446825593826089,-0.03573269482837965,0.015646490909017558
827.3732575084882,-1.1637143635496061,0.4224261525664527,0.06546053994691002,-0.04311791029170501,-0.03573269482837965,0.015646490909017558
827.4732575084881,-1.2051853510401187,0.4054538411940619,0.022056783291844264,-0.05202972654762043,-0.05014382356729056,0.011891798592354641
827.573257508488,-1.1638669714646683,0.505726401723997,0.05020598390134542,0.0368709688994975,-0.03803646930417588,0.043608694699712805
827.6732575084882,-1.4268511349235447,0.6787249693399795,-0.1765208906789204,0.18025835514808453,-0.11866091630532785,0.09341569096839601
827.7732575084881,-1.6040649082890959,0.7656988800766402,-0.32540604263901657,0.2478754058192573,-0.16956165177361204,0.11485496690732946
827.8732575084882,-1.6867900445754977,0.7273797206266255,-0.38336594533862356,0.20708110932052684,-0.18437256539114177,0.09614861672501251
827.9732575084881,-1.7260485019362792,0.7485685746422835,-0.40180320187772095,0.21669597099301935,-0.18437256539114177,0.09614861672501251
828.073257508488,-1.0481880254036122,0.9798717871152284,0.1794049558829275,0.3978670844672488,0.032920169261174026,0.15752546347021532
828.1732575084882,-1.0300829289689888,1.0204461228793609,0.1826969728090494,0.4136196308142918,0.032920169261174026,0.15752546347021532
828.2732575084881,-0.9364040479691229,0.7414157671757643,0.25162296252278954,0.1584173458103951,0.057515769766295494,0.05848564506197551
828.373257508488,-0.9109541728680359,0.7575499299820988,0.25737453949941386,0.16426591031658733,0.057515769766295494,0.05848564506197551
828.4732575084881,-0.8436884087949416,0.6907727021594442,0.2974633679943663,0.10144640715511127,0.06993938261418929,0.03387548719510523
828.573257508488,-0.8260838693028888,0.663582711241115,0.2939332536932878,0.07362871984817133,0.06609726360106931,0.02259152724500333
828.6732575084882,-0.6763963437835346,0.8029913152020023,0.4003982543180284,0.18436136183499197,0.10221183251615543,0.061452737322953775
828.7732575084881,-0.9628421308325562,0.5109938447985007,0.12877233842026364,-0.07392546552536625,-0.002490568754136155,-0.03583059057550395
828.873257508488,-1.1570200448842398,0.40100913052623866,-0.04354984524813009,-0.16158593142453415,-0.06464490811034833,-0.0659145162922783
828.9732575084881,-1.1616982539496115,0.3845209648023009,-0.05001433605917374,-0.16817738305377097,-0.06464490811034833,-0.0659145162922783
829.073257508488,-1.2461004388288204,-0.028530046260724095,-0.12347406796409426,-0.499462244039457,-0.08920358866654052,-0.18206659136831096
829.173257508488,-1.2588938635685505,-0.07938660362146427,-0.1323944268307402,-0.5176689031762716,-0.08920358866654052,-0.18206659136831096
829.2732575084881,-0.8754337535334343,0.05560056805349544,0.1992316780713639,-0.39010045391922393,0.03682261232526422,-0.13223441791090884
829.373257508488,-0.8553264726646901,0.01592935057205519,0.202913939303887,-0.4033238957103028,0.03682261232526422,-0.13223441791090884
829.4732575084881,-0.7756335410999269,0.35762384864429647,0.2559009422078682,-0.10182122105351267,0.05466163539805689,-0.01943876669069594
829.573257508488,-0.7491210849281595,0.5113478440812896,0.2619139319249916,0.032693968055552976,0.054861270589945964,0.02990547258260278
829.673257508488,-0.6326218503082944,0.8021428922642175,0.3423420814564161,0.27196159702087197,0.08196548571677506,0.11455300601466042
829.7732575084881,-0.6350695336734786,0.6869957916146238,0.3185682942659367,0.16179921392904562,0.0700889365742825,0.06981043144788454
829.873257508488,-0.7039966323092638,0.6562186242045235,0.2415244386084391,0.12994361440028857,0.039728338135065544,0.05591420513490445
829.9732575084879,-0.6796455467577669,0.6694925566702146,0.24549727242194205,0.13553503491377392,0.039728338135065544,0.05591420513490445
830.073257508488,-0.8324964714126631,0.5276427540918299,0.10112594356943348,0.01584369470231567,-0.014086141657433205,0.01174653975765886
830.173257508488,-0.8224543077640161,0.5292858562608482,0.09971732940369145,0.017018348678080487,-0.014086141657433205,0.01174653975765886
830.2732575084881,-1.0508757525477463,0.3506185973504036,-0.09979786064210816,-0.1275003004711555,-0.08567826526782617,-0.03971327550174489
830.373257508488,-1.0612839299382864,0.3376700009257913,-0.10836568716888298,-0.13147162802132636,-0.08567826526782617,-0.03971327550174489
830.4732575084879,-1.1409829819501371,-0.04328707772158534,-0.17391210150794312,-0.4377698493369431,-0.10629377420633393,-0.1480651315489558
830.573257508488,-0.8298279944228161,-0.1409962487906501,0.09270563008756202,-0.4968346858566685,-0.005076454874418615,-0.16406914920432325
830.673257508488,-0.5198230621155168,-0.5054353230153051,0.34254408111344886,-0.7713552743011125,0.08546599690628963,-0.2565397589267867
830.7732575084879,-0.2602810984697039,-0.41335571500455576,0.5449036696850669,-0.6519201909434428,0.15746491190118891,-0.20316217554259666
830.873257508488,-0.1989414148102822,-0.2480965629756256,0.5656882808648127,-0.4822103296794225,0.1592847255198953,-0.13516851762461776
830.9732575084879,-0.14157616309625437,-0.29699343853164584,0.5816167534167878,-0.495727181441872,0.1592847255198953,-0.13516851762461776
831.073257508488,-0.07506241723827338,-0.3432075668703747,0.6037878307695074,-0.5047607288337209,0.16153085374743018,-0.1332465390673983
831.173257508488,-0.01387597989264188,-0.39434987244903663,0.6199409161442357,-0.5180853827404486,0.16153085374743018,-0.1332465390673983
831.2732575084879,-0.18794645644579033,-0.04653969229350547,0.4445041350515348,-0.19890024380122848,0.09380216681884143,-0.013132533966460629
831.373257508488,-0.14302703210648074,-0.06649537934348794,0.4538843517334317,-0.20021349719787634,0.09380216681884143,-0.013132533966460629
831.4732575084879,-0.3331696982668975,-0.1782263534449367,0.2667696237461205,-0.27689557235918477,0.02270803402733304,-0.04014419549806246
831.5732575084878,-0.00884074429595233,-0.06852048033440089,0.5197158264979149,-0.16642302145198354,0.11422455888708709,0.0012548308816947226
831.673257508488,-0.2953114184023436,0.01795687311131891,0.2489506698738367,-0.08151899618560253,0.012166014116874152,0.031627198914615046
831.7732575084879,-0.16621337850529933,0.008439516767916704,0.3399301447450276,-0.0796528126128186,0.04551171263389667,0.03115020929307999
831.873257508488,-0.05644442336263699,0.15883850558835202,0.4072695555539605,0.05334572020235868,0.06819138156899772,0.07762412030187997
831.9732575084879,-0.015376510899433614,0.16456119821009174,0.41408869371085405,0.061108132232539615,0.06819138156899772,0.07762412030187997
832.0732575084878,-0.417438268570039,0.04653535821958777,0.04946406164876732,-0.034609334413103945,-0.0667561562799226,0.04023988010990604
832.173257508488,-0.41282564318655607,0.04327562417882273,0.04278844602076595,-0.030585346402107853,-0.0667561562799226,0.04023988010990604
832.2732575084879,-0.5046273641266391,0.3706132065987098,-0.04609972157360365,0.2504417258625702,-0.09721118530730295,0.1410619883696302
832.3732575084878,-0.5097233922105309,0.3963626891267909,-0.0558208401043251,0.2645479246995204,-0.09721118530730295,0.1410619883696302
832.4732575084879,-0.49972181864097454,0.4023277150222381,-0.05216222996752093,0.2612231011929348,-0.09237024546426308,0.13481483119415485
832.5732575084878,-0.3833033714028544,0.3864792725348812,0.041466758702019574,0.23922192745938656,-0.05481594185031658,0.12198413577776357
832.673257508488,-0.5869596268397609,0.06160610849007459,-0.13675749017570213,-0.03585634061722516,-0.11729162531738821,0.01906572177457852
832.7732575084879,-0.5484415593527776,0.12945078592874318,-0.10299393493042473,0.026754378365268148,-0.10039169338287426,0.041398492243932265
832.8732575084878,-0.4420289084980949,0.24001229746911007,-0.015616578834792507,0.11929488587102063,-0.06520398049841325,0.0730293302651425
832.9732575084879,-0.44391658628406927,0.2523069327075551,-0.022136976884642726,0.12659781889754484,-0.06520398049841325,0.0730293302651425
833.0732575084878,-0.5070193171312156,0.34465497303465065,-0.07985801558581171,0.1998056071884378,-0.0839437670292244,0.0968354716920928
833.1732575084877,-0.5154248375249348,0.3651197111119358,-0.08825239228872651,0.20948915435763826,-0.0839437670292244,0.0968354716920928
833.2732575084879,-0.3636841789027492,0.20170980107890876,0.03900836261752006,0.06656184252510275,-0.034399200705452396,0.041968491239460184
833.3732575084878,-0.35995533864452767,0.2085758277876099,0.03556844254697795,0.07075869164904496,-0.034399200705452396,0.041968491239460184
833.4732575084879,-0.13826739199839264,0.0915394492217251,0.21388883964834646,-0.027288068971592923,0.03136377425047951,0.005325092609539318
833.5732575084878,-0.4733268185657469,0.18650814755967232,-0.08341371038164755,0.05451156163964469,-0.07832040953729663,0.03471166548466697
833.6732575084877,-0.4967899916801054,0.28792728996312456,-0.1035068602726997,0.13674371763525045,-0.08275487398550567,0.06292821293481347
833.7732575084879,-0.4755456228896978,0.007178945127361366,-0.08419308932083192,-0.10777700448757431,-0.07250583609483796,-0.029344911563776083
833.8732575084878,-0.20252432323815678,-0.11113641753042017,0.14276283719771954,-0.19887559838577692,0.012091632325935284,-0.06089110711625896
833.9732575084877,-0.18818758135676825,-0.1313284329045605,0.14397200043031197,-0.20496470909739728,0.012091632325935284,-0.06089110711625896
834.0732575084878,-0.4780805048718737,-0.3933700730449615,-0.1058439012820733,-0.40878360985807327,-0.07811006216889138,-0.13159230724041193
834.1732575084877,-0.48905544531091516,-0.4349063955669325,-0.11365490749895533,-0.4219428405821025,-0.07811006216889138,-0.13159230724041193
834.2732575084879,-0.29645470536318763,-0.23976291054297214,0.050346316871236724,-0.24059846894772305,-0.015469246431052606,-0.062223941760532815
834.3732575084878,-0.29149741990822364,-0.26413387714652464,0.04879939222813287,-0.24682086312377066,-0.015469246431052606,-0.062223941760532815
834.4732575084877,-0.5788772010644498,-0.507691839730953,-0.19602012628765966,-0.4327928869944777,-0.10348807115165168,-0.1266449588875339
834.5732575084878,-0.6417102098084536,-0.5394230893203849,-0.24235499704031138,-0.4353219540406054,-0.11662585609598723,-0.12297994020154897
834.6732575084877,-0.7476467535968873,-0.3545566365354583,-0.3215384301777539,-0.2593278519362241,-0.14104606143023862,-0.05552328555463365
834.7732575084876,-0.7684134478734074,-0.1904847207442244,-0.3252202942803895,-0.10295505957050445,-0.13717415314116319,0.004048205835724919
834.8732575084878,-1.0134118555418332,-0.2173695386107782,-0.5149567419851542,-0.11618608539826013,-0.20075378859186596,-0.0008308669845933448
834.9732575084877,-1.0659112986832593,-0.2289923014855166,-0.5350321208443225,-0.11626917209671939,-0.20075378859186596,-0.0008308669845933448
835.0732575084878,-0.33791567876603223,-0.19995021206774982,0.10024487090356893,-0.08356582098550486,0.03745911704123962,0.010743113131031469
835.1732575084877,-0.3277038960904786,-0.20825307860063766,0.10399078260768949,-0.0824915096724027,0.03745911704123962,0.010743113131031469
835.2732575084876,-0.18524300071808325,-0.24319931657939584,0.2258844499999813,-0.1115122969888014,0.08257730149895173,-0.0023288335481775335
835.3732575084878,-0.16224166921055844,-0.2543621904460321,0.23414218014988775,-0.11174518034361947,0.08257730149895173,-0.0023288335481775335
835.4732575084877,-0.14574155371926678,0.05516462108561273,0.23629942038455085,0.15177918231585255,0.08037007402622234,0.09219992899626134
835.5732575084876,0.0822719031665221,0.012190419165358266,0.4161904686938745,0.11223008937982595,0.143110513047081,0.07456479843976808
835.6732575084877,0.10451517943664569,-0.14752322392159273,0.4137779248309292,-0.021161955339296414,0.13706210514235212,0.02410505809730719
835.7732575084876,0.15948326494324985,-0.1112652683288539,0.43860728183869435,0.013801354500906034,0.14119420425236673,0.036081081792712535
835.8732575084878,-0.05441084478427035,-0.16083114911562674,0.23791999519430396,-0.024563493226436597,0.06360411673532489,0.02106264419999656
835.9732575084877,-0.030300824681185546,-0.16318218521726838,0.24428040686783067,-0.022457228806438856,0.06360411673532489,0.02106264419999656
836.0732575084876,-0.024137221149425587,-0.18110483723873033,0.23588201873044753,-0.033315537623518195,0.05845613053477934,0.016419145939002885
836.1732575084877,-0.0002567386236739591,-0.18435429527139147,0.24172763178393344,-0.03167362302961567,0.05845613053477934,0.016419145939002885
836.2732575084876,0.3588752882699335,-0.4415630096112424,0.5236998505026513,-0.24035486956365718,0.15765636918505893,-0.059340850044307086
836.3732575084875,0.41203355516607487,-0.4658952008178072,0.5394654874211429,-0.24628895456808247,0.15765636918505893,-0.059340850044307086
836.4732575084877,0.17526126447126625,-0.575186084844654,0.3125207495817189,-0.3216058113149344,0.06984096181175276,-0.08420715288081076
836.5732575084876,0.2834557951647504,-0.7001553327559011,0.3840344676364892,-0.40689771726408547,0.09339942331105226,-0.1120041365665369
836.6732575084877,0.43488934247518357,-0.8397733822436255,0.4870695716632735,-0.498975290757225,0.1272860697499933,-0.14097881342341392
836.7732575084876,0.5288336985786638,-0.7981064979819131,0.5382409357242389,-0.4345544796537883,0.14156703624033812,-0.11209215529152339
836.8732575084875,0.41869703322365787,-0.8209416475907011,0.4155416161688817,-0.4283750526662079,0.09213342701751136,-0.10587028607076916
836.9732575084877,0.46071186197569153,-0.8643085042877356,0.4247549588706454,-0.4389620812732993,0.09213342701751136,-0.10587028607076916
837.0732575084876,0.2932191323559087,-1.0751789646572516,0.25541054437370947,-0.5871684437504664,0.026604207177053377,-0.15540200589888464
837.1732575084875,0.31889320782914143,-1.134672819061738,0.25807096509141236,-0.6027086443403408,0.026604207177053377,-0.15540200589888464
837.2732575084876,0.6022481158397023,-0.5045533393955249,0.47966200901433265,-0.04420769065285977,0.10712871861612205,0.05193361361740562
837.3732575084875,0.6507499603341715,-0.5087144403927204,0.4903748808759351,-0.03901432929112393,0.10712871861612205,0.05193361361740562
837.4732575084877,0.7977400604005499,-0.8025255659311156,0.5821976371225588,-0.27245887072132713,0.1364752084246996,-0.033592551020743884
837.5732575084876,0.6238387565759368,-0.8861645620966162,0.3997088404260223,-0.32260029673324825,0.06486980068796128,-0.050509203805496214
837.6732575084875,0.7060659461615875,-0.8887328923852429,0.4410990998863164,-0.30303143026765017,0.07749323894127585,-0.041689032948920575
837.7732575084876,0.5875086841595382,-0.8461506219270778,0.3083073089597184,-0.2449994309175249,0.025284107666382512,-0.018805613036612892
837.8732575084875,0.32675865431106005,-0.9093381432841215,0.06839796175958998,-0.2785639108034714,-0.062286560469129844,-0.030142507082852148
837.9732575084874,0.33328701768466773,-0.9373452468998573,0.062169305712682664,-0.2815781615117539,-0.062286560469129844,-0.030142507082852148
838.0732575084876,0.3895538141293268,-0.766313261112994,0.0990772635670254,-0.11933353364448927,-0.04634862899228889,0.029455667590482924
838.1732575084875,0.3992297973410593,-0.77809933613948,0.09444240066780073,-0.11638796688544366,-0.04634862899228889,0.029455667590482924
838.2732575084876,0.3002825676506348,-1.0655993304586753,-0.00337794677462011,-0.3458974258765783,-0.08095500561770241,-0.05540373700809546
838.3732575084875,0.29953999794508535,-1.1004660917313416,-0.011473447336382989,-0.3514377995773828,-0.08095500561770241,-0.05540373700809546
838.4732575084874,0.3803326976664142,-0.8438765433382727,0.048991785397671406,-0.11682622667874817,-0.05614894312371313,0.030665050400516647
838.5732575084876,0.28265126463526924,-0.778009645816792,-0.04281049025782065,-0.04936216547143877,-0.08761421513591154,0.053951509251844734
838.6732575084875,0.25311363371899614,-0.6252701414924496,-0.0722303185936941,0.08545021447833706,-0.09508572289906209,0.10031592657661706
838.7732575084874,0.6417112467195386,-0.5795067154943562,0.259839199657038,0.12672683502630128,0.03180593718497657,0.11181082557295885
838.8732575084875,0.5394410578902598,-0.55315545239612,0.1562956693759358,0.14867857678967195,-0.006743762841963319,0.1156646993262992
838.9732575084874,0.5550369060136293,-0.5377092712205358,0.15562129309174008,0.16024504672229134,-0.006743762841963319,0.1156646993262992
839.0732575084876,0.6839551131482324,-0.4694939260437952,0.2513620153522142,0.21544366438537266,0.028692724361242518,0.13162614857088178
839.1732575084875,0.709234778305237,-0.44729142886242435,0.2542312877883358,0.22860627924244886,0.028692724361242518,0.13162614857088178
839.2732575084874,0.6987606681014765,0.04923809506671545,0.23255947075199354,0.6340972774178113,0.021362799880471794,0.2731828219813222
839.3732575084875,0.7221234291761102,0.11401373691849342,0.23469575074004365,0.6614155596159808,0.021362799880471794,0.2731828219813222
839.4732575084874,0.6803018542978552,-0.1502822484892079,0.18238133920036512,0.41585568345224344,0.0016619129157744855,0.17538518788729912
839.5732575084874,0.8135097810549066,0.022385539082878436,0.2794022919217768,0.5417316042868778,0.03702162992509168,0.21456050143879654
839.6732575084875,0.3992432658294635,-0.0649925171078192,-0.08513322596000893,0.44592395642472044,-0.09615856712515997,0.1725501518711511
839.7732575084874,0.5352669551950623,0.20539538024951773,0.030245607339791074,0.6545906770864663,-0.04972472327923903,0.24296961921401206
839.8732575084875,0.7049208889396777,0.03644488866553478,0.16396539201538798,0.4854484632649848,0.0003721498847427049,0.173754713422173
839.9732575084874,0.7213192888906254,0.0858585085590984,0.1640026070038622,0.5028239346071863,0.0003721498847427049,0.173754713422173
840.0732575084874,0.9014329563128318,-0.48030353914111784,0.30308080829130135,0.010214159314044737,0.05143224536486045,-0.009685655379899571
840.1732575084875,0.9319981983688282,-0.4793305514866116,0.3082240328277944,0.009245593776053457,0.05143224536486045,-0.009685655379899571
840.2732575084874,0.41961471378352827,-0.7978946755576853,-0.14614075000246568,-0.2594982708299611,-0.11682748897659992,-0.1070921809134897
840.3732575084873,0.40441650133841306,-0.8243799635452244,-0.15782349890011504,-0.2702074889213003,-0.11682748897659992,-0.1070921809134897
840.4732575084874,0.8112371324053324,-0.9886661754963675,0.18284159073192593,-0.39336469561732473,0.010656014802135405,-0.14739275795558804
840.5732575084874,0.9365063920083306,-0.9502375603732951,0.2739969828506286,-0.34278628906459074,0.04354597762253194,-0.12377357715442446
840.6732575084875,1.035367118251359,-0.943253288798587,0.33765300469387277,-0.32072897674466777,0.06499347133288377,-0.11143717168511975
840.7732575084874,0.7551827098984184,-1.227410852552944,0.07327067779659274,-0.5459157968335202,-0.03563542219385969,-0.19018262384379508
840.8732575084873,1.0324299217037736,-1.2606437341197274,0.29418577583220124,-0.5466186696688481,0.045448253361238214,-0.18362915318663026
840.9732575084874,1.0620757405538406,-1.3162237468526226,0.2987306011683313,-0.5649815849875361,0.045448253361238214,-0.18362915318663026
841.0732575084874,1.2808799075971493,-1.5326981423445067,0.46053756184826905,-0.7150916056255602,0.10240133645944823,-0.23111057742636879
841.1732575084873,1.3274456704642308,-1.6053628557941273,0.47077769549420456,-0.7382026633681761,0.10240133645944823,-0.23111057742636879
841.2732575084874,1.23919248757049,-1.0996912479324368,0.37220798406894473,-0.27714608811253866,0.06424677163570366,-0.05570000012914532
841.3732575084873,1.2767345198355287,-1.1276843567443104,0.37863266123250927,-0.28271608812544813,0.06424677163570366,-0.05570000012914532
841.4732575084874,1.2145913508087443,-0.9652336708725449,0.3015239892400758,-0.13120530962741034,0.03402344437699878,0.0005966583950902382
841.5732575084874,1.1925100383643323,-1.0320204433853122,0.2607762394754179,-0.17580115849393743,0.017905136780310284,-0.01555098551528299
841.6732575084873,1.1452563034500818,-0.692527157320659,0.2014527518535972,0.11628899047209312,-0.00419791013308362,0.08964900141036526
841.7732575084874,1.4699290057866128,-0.6879984013459551,0.4635313140087961,0.11883041590900076,0.0933166926043427,0.0872858352391309
841.8732575084873,1.431456855816808,-0.7059538508196179,0.4019769379132231,0.1027043772740481,0.06771202439849111,0.07839254707963439
841.9732575084872,1.4719931097300856,-0.695291450356825,0.40874814035306606,0.11054363198200441,0.06771202439849111,0.07839254707963439
842.0732575084874,1.5915413187716432,-0.89049060637764,0.4813448504311777,-0.05194222636695605,0.09169794803932155,0.01723255888501622
842.1732575084873,1.640134293554913,-0.8955986662199059,0.4905146452351015,-0.050218970478456,0.09169794803932155,0.01723255888501622
842.2732575084874,1.5315416428922906,-1.4288900302103364,0.36234040272215007,-0.48725308141296464,0.04038270243456884,-0.14122301861267958
842.3732575084873,1.5679775966766452,-1.4783214534446507,0.3663786729656033,-0.5013753832742197,0.04038270243456884,-0.14122301861267958
842.4732575084872,1.5441983280209906,-1.6172926517130728,0.31994520122136205,-0.5879745739139368,0.02212144521426811,-0.1671982314753771
842.5732575084874,1.48638581746193,-1.7571543664829004,0.24640196124407943,-0.6714483800492659,-0.005535315468034853,-0.1913367853355546
842.6732575084873,1.6646705431052984,-1.6633334277477743,0.3737619445130737,-0.5574514215113902,0.04072705254414787,-0.14364201963539255
842.7732575084872,1.3859654156715493,-1.4477711667594328,0.10522026128240235,-0.3403291621152205,-0.06054552106535723,-0.058479237842018195
842.8732575084873,1.4417477331793835,-1.5804800875251295,0.13703312169660842,-0.4269464948058808,-0.04686747585154186,-0.08737952139033506
842.9732575084872,1.4552167079697746,-1.6236116346126297,0.1323463741114585,-0.4356844469449064,-0.04686747585154186,-0.08737952139033506
843.0732575084874,1.111870777086447,-0.917590699501955,-0.1710321448992986,0.17356571918939406,-0.15550548656366892,0.1344691627019411
843.1732575084873,1.0939900351637157,-0.899561781769523,-0.18658269355565135,0.18701263545957594,-0.15550548656366892,0.1344691627019411
843.2732575084872,1.049550636709486,-1.1513408187923613,-0.2188153808682268,-0.0274370548101996,-0.1603690066523658,0.0514030795279147
843.3732575084873,1.0268672535893695,-1.1538275088757448,-0.23485228153348525,-0.022296746857401118,-0.1603690066523658,0.0514030795279147
843.4732575084872,0.9225685274476124,-0.834175227807867,-0.31750730867290944,0.24735081669599215,-0.18447221163737593,0.14620064029180166
843.5732575084871,0.8956638134447341,-0.9606100801168077,-0.3310946858991305,0.13558160355431206,-0.1826979807807552,0.10049768388698807
843.6732575084873,0.5764413257677454,-1.154285856791206,-0.5867585783833308,-0.025166938242825083,-0.26855609339027203,0.039308272001819085
843.7732575084872,0.9039399501253887,-1.0756286719408088,-0.27960278692433654,0.047673419358557845,-0.14447535663348848,0.06465976455378673
843.8732575084873,0.9745197709921841,-0.7796947640086401,-0.21155330585719953,0.2929112721909068,-0.11467670260011842,0.15009526574273674
843.9732575084872,0.9527910568934839,-0.7496531604608638,-0.22302097611720095,0.3079207987651668,-0.11467670260011842,0.15009526574273674
844.0732575084871,1.229356191378095,-0.7789698110026759,0.016368639707212907,0.2710845136027054,-0.023473268726480742,0.13102485080079382
844.1732575084873,1.230875689005186,-0.7512062353883627,0.014021312834561631,0.28418699868280267,-0.023473268726480742,0.13102485080079382
844.2732575084872,0.9946728296491538,-0.9715718537402881,-0.19283137007771312,0.0903046029268871,-0.09939234105108899,0.05631630258468299
844.3732575084871,0.9748927309361455,-0.9622598119346847,-0.20277060418281298,0.09593623318535029,-0.09939234105108899,0.05631630258468299
844.4732575084872,1.2420738102944635,-0.9957461155772965,0.027043105950826048,0.06590696726926946,-0.012646966081945016,0.043535685416635675
844.5732575084871,1.521240411969592,-1.5412140594534094,0.25875047162758036,-0.3892613477051023,0.07240642800897168,-0.12262958650751717
844.6732575084873,1.7844952150783717,-1.634241303468449,0.46327968661605917,-0.4455014441525126,0.14375961179321003,-0.13838463229948939
844.7732575084872,1.5279144789403565,-1.9006362048011514,0.21595105467945255,-0.647535005250414,0.04653988022453963,-0.2076207248129442
844.8732575084871,1.4050469989608332,-2.005159629852355,0.10034883134365473,-0.7000945115941956,0.0031022702399904067,-0.21899823601647067
844.9732575084872,1.4150973934464122,-2.0762640721919556,0.1006590583676542,-0.7219943351958725,0.0031022702399904067,-0.21899823601647067
845.0732575084871,1.5419117975415884,-1.9657704049455884,0.19876992209556738,-0.5903570339406953,0.038661300729298874,-0.16331335578539363
845.173257508487,1.5619820962547732,-2.02562267511853,0.20263605216849376,-0.6066883695192198,0.038661300729298874,-0.16331335578539363
845.2732575084872,1.7476678560577172,-1.537917060764264,0.3510368964587104,-0.16557965107146785,0.09293496915836864,0.0022753674070069285
845.3732575084871,1.7832362205493475,-1.5544636490343606,0.3603303933745388,-0.16535211433076738,0.09293496915836864,0.0022753674070069285
845.4732575084872,1.7834041691607274,-1.2776438841033078,0.339375534853911,0.07612384789908387,0.08199076597926558,0.0887371252237069
845.5732575084871,1.6506056663226467,-1.0922667734663811,0.20675451695996425,0.23253765146215963,0.030580193933560484,0.1420883152908913
845.673257508487,1.6993246734415177,-1.222210995274762,0.23302813097677974,0.12020488365636273,0.03897655755189258,0.09675410774583518
845.7732575084872,1.7139643773469904,-1.3951726533790563,0.2292908486413063,-0.02794619962667647,0.03614028088253586,0.03869048192644668
845.8732575084871,1.8272950126987046,-1.5355897267084966,0.30788739953687116,-0.1372190602587372,0.06322463307170305,-0.0017930785019721548
845.973257508487,1.8583998758177216,-1.5493205981268678,0.31420986284403574,-0.13739836810893424,0.06322463307170305,-0.0017930785019721548
846.0732575084871,1.827453359061096,-1.302731259915047,0.2683395429670104,0.07497962772655588,0.044335416700740204,0.0739861764715786
846.173257508487,1.854508990441276,-1.2948633662600408,0.2727730846370804,0.08237824537370701,0.044335416700740204,0.0739861764715786
846.2732575084872,1.730265174680488,-1.223509647635486,0.14359809212321553,0.14356097163167614,-0.006070430116897174,0.09387938656420927
846.3732575084871,1.744594631742212,-1.2086841535395112,0.14299104911152635,0.15294891028808852,-0.006070430116897174,0.09387938656420927
846.473257508487,1.738536239079551,-1.3192002234746327,0.12545951704544664,0.05848274214991557,-0.012193905070857922,0.0566587969925367
846.5732575084871,1.7900259206219404,-1.0927760380399452,0.1571014879606946,0.2474432425096309,-0.00019688578878014965,0.12293899294585134
846.673257508487,1.7985861061970105,-1.0195435545407516,0.15113113967657038,0.299098109841877,-0.0023490556325673735,0.13704027113083786
846.773257508487,1.6670462911625665,-0.8986145755541471,0.024502310772353673,0.38967390660477025,-0.049302695814487096,0.16532103410205282
846.8732575084871,1.5127169758812535,-1.0343454457854468,-0.11052251929324028,0.26210639915648654,-0.09629400475059566,0.11376042880114101
846.973257508487,1.5011832539281875,-1.0075660037258174,-0.1201519197682911,0.2734824420365903,-0.09629400475059566,0.11376042880114101
847.0732575084871,1.9023003110690266,-1.2051862684179986,0.21573771375706902,0.09596239096283991,0.02905943766025844,0.045123486772469176
847.173257508487,1.924019379633015,-1.1953644118878615,0.21864365752309223,0.10047473964008273,0.02905943766025844,0.045123486772469176
847.273257508487,1.9132968236145433,-1.2616729507038904,0.1921619666591511,0.04081106232276217,0.01782043784863686,0.021784105771761875
847.3732575084871,1.9326021224697283,-1.2574829239427494,0.19394401044401724,0.04298947289994133,0.01782043784863686,0.021784105771761875
847.473257508487,1.883220048386151,-1.3256241657328327,0.13838820942760477,-0.014497159469146413,-0.0029250544038226696,0.0004005693491576298
847.5732575084869,1.9061402055821945,-1.5253198703081854,0.1457590287672416,-0.17940947747209052,-0.00012732931966866938,-0.0592469843785647
847.673257508487,1.969888495487096,-1.6068666075132294,0.1866768873334965,-0.23738650573111358,0.014676001583825107,-0.07789501108060908
847.773257508487,2.0138863052160363,-1.5452185507311857,0.20991394204190658,-0.17218278866813697,0.022763060746798826,-0.05104114898006522
847.8732575084871,1.8482133303405819,-1.7200558271476845,0.056958950553387386,-0.3064769247351842,-0.033307860536914514,-0.09726692051843104
847.973257508487,1.8537426860932313,-1.7511898542237663,0.05362816449969896,-0.3162036167870184,-0.033307860536914514,-0.09726692051843104
848.0732575084869,2.037022880049644,-1.4714877891773863,0.19862412079005398,-0.06946799604263396,0.020386238825955503,-0.005323165205647067
848.173257508487,2.056987223322807,-1.4784612046076875,0.20066274467265233,-0.07000031256319938,0.020386238825955503,-0.005323165205647067
848.273257508487,2.14712806652329,-1.2481205011407335,0.2604962297359646,0.12135782084303948,0.041167130279086944,0.06251679294728399
848.3732575084869,2.1733835251482576,-1.2356721350917048,0.26461294276386954,0.12760950013776218,0.041167130279086944,0.06251679294728399
848.473257508487,2.14762427335194,-1.2916289789709403,0.22507917240231307,0.07708997325668644,0.025373882937633936,0.042170387496624495
848.5732575084869,1.9326151483507805,-1.4163266020814633,0.027402160937885594,-0.0290374452742254,-0.047720350243351174,0.002269313343077936
848.673257508487,1.8506555829999003,-1.454454934615578,-0.047673585047095395,-0.05778106193091666,-0.07314703133930203,-0.008109541059120427
848.773257508487,1.8260944545480715,-1.597965714088176,-0.07173382635527334,-0.17576430186284256,-0.07936777323340015,-0.05121667463151161
848.8732575084869,1.851166365484126,-1.844706365856048,-0.05254173640607922,-0.36881132929448085,-0.06956858579354154,-0.1184586696212267
848.973257508487,1.8455643489145421,-1.8821797921336543,-0.05949859498544286,-0.3806571962566197,-0.06956858579354154,-0.1184586696212267
849.0732575084869,1.7268836282560067,-2.0712137441030993,-0.15852053874783487,-0.5133548687927558,-0.10247905243397838,-0.1610199738603224
849.1732575084868,1.7105191791190686,-2.1233543308516283,-0.16876844399122337,-0.5294568661787734,-0.10247905243397838,-0.1610199738603224
849.273257508487,1.7367229531249437,-1.9715853718962824,-0.13706210344658556,-0.3687741345356466,-0.08569369238315569,-0.0954647176390738
849.3732575084869,1.7225882743183827,-2.008940108938008,-0.14563147268489335,-0.37832060629954534,-0.08569369238315569,-0.0954647176390738
849.473257508487,1.6821514675648392,-1.990101892809945,-0.17538664288009126,-0.3408683754285827,-0.09335895903446062,-0.07862070948989132
849.5732575084869,2.147593135994087,-2.1008766790910616,0.22258045406489152,-0.4122116237458651,0.055339136459831795,-0.10157580146235422
849.6732575084868,2.2866999599328235,-1.7496576100588672,0.32514651962384916,-0.09929214552688685,0.09043266920558823,0.014168289761085778
849.773257508487,2.226069351276195,-1.3486988909172681,0.25351568579638845,0.25171895076159756,0.06046332733853767,0.142782378587122
849.8732575084869,2.414613996142561,-1.318355285070534,0.394940483981168,0.2696568813918533,0.10936322960675851,0.14409186147463734
849.9732575084868,2.4546548606886747,-1.2906691376240012,0.40587680694183387,0.2840660675393039,0.10936322960675851,0.14409186147463734
850.0732575084869,2.7646189958837475,-1.6665388863678783,0.6408128207510173,-0.03375174395181461,0.1904753637826385,0.025224211108492888
850.1732575084868,2.8296526547777026,-1.6697879397075144,0.6598603571292638,-0.031229322840967612,0.1904753637826385,0.025224211108492888
850.273257508487,3.1406662505707295,-1.56300225364526,0.8894124302727617,0.06645329040688322,0.26871104464454876,0.060707720575191734
850.3732575084869,3.230951048821145,-1.5560533860017023,0.9162835347371922,0.07252406246439687,0.26871104464454876,0.060707720575191734
850.4732575084868,3.0379067313254606,-1.518238536243996,0.7050160128086814,0.10348003119211628,0.18254974845406674,0.06962640198568411
850.5732575084869,3.3191651940135736,-1.2530326307275477,0.9000641264608602,0.32220769739615795,0.24709335235241794,0.14620163026640315
850.6732575084868,3.0819995478070052,-1.4407010716072015,0.6514139391096287,0.15543665530621553,0.14822765507451646,0.08121725688384815
850.7732575084867,3.094696057305503,-1.2380860126669448,0.6203942618346474,0.32240552369841985,0.1311978050107626,0.1396563745459778
850.8732575084869,3.0525978217218235,-1.1085685944549883,0.546420068044394,0.4156587098602738,0.09973868914021448,0.16802643036927242
850.9732575084868,3.1077385219719136,-1.066162591317154,0.5563939369584064,0.4324613528971858,0.09973868914021448,0.16802643036927242
851.0732575084869,2.9853116193666813,-1.4161460041092964,0.4200190981267699,0.1240252119674444,0.04740507601484917,0.051124061499359295
851.1732575084868,3.027550554559394,-1.4034878626050669,0.4247596057282505,0.12913761811737567,0.04740507601484917,0.051124061499359295
851.2732575084867,3.272899239641716,-1.3925945530121067,0.6066838401222335,0.13023542371357585,0.11391899795251773,0.049080252921221874
851.3732575084869,3.3341372186437863,-1.3793256093761246,0.6180757399175009,0.13514344900570474,0.11391899795251773,0.049080252921221874
851.4732575084868,3.190833353390099,-1.1260169564257876,0.45821652008268543,0.3370586586466321,0.051958371636271976,0.11968625761030016
851.5732575084867,3.6648825732471213,-1.098892441887444,0.8239741355334343,0.3430533414437894,0.18359219382939476,0.117526051768841
851.6732575084868,3.6987923423009708,-1.1332155278724014,0.8012091672207309,0.2978973692323833,0.16871884516002955,0.09713824829570611
