时间(s),X坐标(m),Y坐标(m)
270.4000000008427,-0.932248428880114,3.268604493303584
270.5000000008427,-0.9347740105335489,3.2641070809762835
270.6000000008427,-0.9372907309911187,3.2596043604557776
270.70000000084275,-0.9397985791461314,3.255096349214604
270.8000000008428,-0.9422975438999455,3.2505830647307716
270.9000000008428,-0.9447876141818381,3.2460645245010817
271.0000000008428,-0.9472687789708513,3.241540746055822
271.10000000084284,-0.9497410272667608,3.2370117469391397
271.20000000084286,-0.9522043481195603,3.2324775447285945
271.3000000008429,-0.9546587305985906,3.2279381570145853
271.4000000008429,-0.9571041638175288,3.2233936014167535
271.50000000084293,-0.959540636922487,3.2188438955760867
271.60000000084295,-0.9619681390907935,3.2142890571539784
271.700000000843,-0.9643866595403727,3.2097291038382627
271.800000000843,-0.9667961875205862,3.2051640533371826
271.900000000843,-0.96919671231336,3.200593923379979
272.00000000084304,-0.9715882232448396,3.196018731724355
272.10000000084307,-0.9739707096610482,3.1914384961407185
272.2000000008431,-0.9763441609605895,3.1868532344329745
272.3000000008431,-0.9787085665619846,3.1822629644176796
272.40000000084314,-0.9810639159282454,3.177667703939472
272.50000000084316,-0.9834101985551783,3.1730674708636384
272.6000000008432,-0.9857474039703471,3.168462283075324
272.7000000008432,-0.988075521742481,3.1638521584853274
272.8000000008432,-0.9903945414721329,3.1592371150242107
272.90000000084325,-0.9927044527928492,3.1546171706428874
273.0000000008433,-0.9950052453829931,3.1499923433198553
273.1000000008433,-0.9972969089410695,3.1453626510459243
273.2000000008433,-0.9995794332188526,3.1407281118443615
273.30000000084334,-1.0018528079882953,3.1360887437506935
273.40000000084336,-1.0041170230664238,3.1314445648276363
273.5000000008434,-1.0063720683034842,3.1267955931579072
273.6000000008434,-1.0086179335818897,3.1221418468434545
273.70000000084343,-1.010854608825748,3.1174833440110636
273.80000000084345,-1.0130820839914028,3.11282010280665
273.9000000008435,-1.0153003490686112,3.1081521413958217
274.0000000008435,-1.0175093940925168,3.1034794779708843
274.1000000008435,-1.019709209118659,3.0988021307360545
274.20000000084354,-1.0218997842565178,3.0941201179269555
274.30000000084357,-1.0240811096360047,3.089433457791063
274.4000000008436,-1.0262531754326698,3.0847421686021512
274.5000000008436,-1.028415971855698,3.080046268653332
274.60000000084364,-1.0305694891468384,3.075345776256313
274.70000000084366,-1.032713717590048,3.0706407097468036
274.8000000008437,-1.0348486475019119,3.0659310874790116
274.9000000008437,-1.0369742692328394,3.0612169278261723
275.0000000008437,-1.0390905731791795,3.056498249187319
275.10000000084375,-1.0411975497579258,3.05177506997299
275.2000000008438,-1.043295189440663,3.0470474086240555
275.3000000008438,-1.0453834827196542,3.042315283592833
275.4000000008438,-1.0474624201333396,3.037578713357031
275.50000000084384,-1.0495319922541935,3.0328377164130282
275.60000000084386,-1.0515921896876437,3.0280923112751537
275.7000000008439,-1.0536430030818251,3.0233425164809056
275.8000000008439,-1.0556844231178881,3.0185883505856252
275.90000000084393,-1.0577164405112,3.013829832163011
276.00000000084395,-1.0597390460235983,3.0090669798116414
276.100000000844,-1.0617522304378029,3.0042998121411966
276.200000000844,-1.063755984591754,2.9995283477906
276.300000000844,-1.065750299344308,2.994752605409819
276.40000000084405,-1.06773516560103,2.9899726036732845
276.50000000084407,-1.069710574301908,2.985188361273427
276.6000000008441,-1.0716765164202537,2.980399896919968
276.7000000008441,-1.073632982972566,2.975607229344954
276.80000000084414,-1.0755799650087248,2.970810377297618
276.90000000084416,-1.0775174536132095,2.966009359544869
277.0000000008442,-1.0794454399174929,2.9612041948775727
277.1000000008442,-1.0813639150741592,2.9563949020972746
277.2000000008442,-1.0832728702916188,2.951581500033674
277.30000000084425,-1.085172296799426,2.946764007527091
277.4000000008443,-1.0870621858743537,2.941942443441393
277.5000000008443,-1.0889425288279724,2.937116826657757
277.6000000008443,-1.0908133170055367,2.932287176073986
277.70000000084434,-1.09267454179595,2.927453510609344
277.80000000084436,-1.094526194621857,2.9226158491996213
277.9000000008444,-1.0963682669408672,2.9177742107975986
278.0000000008444,-1.0982007502580826,2.912928614379081
278.10000000084443,-1.1000236360999396,2.9080790789301334
278.20000000084445,-1.1018369160492865,2.903225623463862
278.3000000008445,-1.103640581710337,2.8983682670035735
278.4000000008445,-1.1054346247350129,2.893507028595179
278.5000000008445,-1.1072190368103931,2.8886419273012063
278.60000000084455,-1.1089938096575858,2.883772982200143
278.70000000084457,-1.110758935041796,2.8789002123910716
278.8000000008446,-1.1125144047623166,2.8740236369889303
278.9000000008446,-1.1142602106537596,2.869143275124946
279.00000000084464,-1.1159963445987091,2.864259145952427
279.10000000084466,-1.1177227985012963,2.859371268634519
279.2000000008447,-1.1194395643226267,2.8544796623602844
279.3000000008447,-1.1211466340453833,2.849584346328562
279.4000000008447,-1.1228439997004283,2.844685339759844
279.50000000084475,-1.1245316533541305,2.8397826618905393
279.6000000008448,-1.126209587107224,2.834876331972344
279.7000000008448,-1.1278777931049704,2.8299663692766712
279.8000000008448,-1.1295362635270418,2.825052793090106
279.90000000084484,-1.1311849905887703,2.8201356227148198
280.00000000084486,-1.132823966553921,2.8152148774741113
280.1000000008449,-1.1344531837080152,2.810290576700691
280.2000000008449,-1.1360726343940912,2.8053627397520478
280.30000000084493,-1.1376823109769705,2.8004313859950196
280.40000000084495,-1.139282205870105,2.7954965348171377
280.500000000845,-1.1408723115227837,2.790558205621145
280.600000000845,-1.142452620418974,2.785616417824385
280.700000000845,-1.1440231250875854,2.7806711908630315
280.80000000084505,-1.1455838180922648,2.7757225441877447
280.90000000084507,-1.147134692032646,2.770770497264066
281.0000000008451,-1.14867573955723,2.7658150695776937
281.1000000008451,-1.1502069533364703,2.7608562806233015
281.20000000084514,-1.1517283260988602,2.7558941499192033
281.30000000084516,-1.153239850594871,2.7509286969926263
281.4000000008452,-1.1547415196240358,2.7459599413905256
281.5000000008452,-1.1562333260220399,2.74098790267435
281.6000000008452,-1.1577152626595613,2.736012600419456
281.70000000084525,-1.1591873224526166,2.731034054219137
281.8000000008453,-1.1606494983522562,2.7260522836804792
281.9000000008453,-1.1621017833458285,2.721067308424735
282.0000000008453,-1.1635441704699747,2.7160791480923443
282.10000000084534,-1.1649766527834764,2.711087822332281
282.20000000084536,-1.1663992234036504,2.706093350816003
282.3000000008454,-1.16781187546998,2.7010957532234414
282.4000000008454,-1.1692146021714263,2.6960950492532776
282.50000000084543,-1.1706073967334083,2.691091258617968
282.60000000084545,-1.1719902524166252,2.686084401043181
282.7000000008455,-1.1733631625274863,2.6810744962716138
282.8000000008455,-1.1747261204077328,2.676061564059065
282.9000000008455,-1.176079119435702,2.6710456241747718
283.00000000084555,-1.1774221530394267,2.6660266964061727
283.10000000084557,-1.1787552146692573,2.661004800548805
283.2000000008456,-1.1800782978345539,2.6559799564195186
283.3000000008456,-1.1813913960670193,2.650952183843196
283.40000000084564,-1.1826945029482283,2.6459215026624863
283.50000000084566,-1.183987612096506,2.6408879327330865
283.6000000008457,-1.1852707171657366,2.6358514939232007
283.7000000008457,-1.1865438118558724,2.630812206117149
283.8000000008457,-1.1878068899024732,2.6257700892116476
283.90000000084575,-1.189059945077978,2.6207251631161252
284.0000000008458,-1.190302971204905,2.6156774477572196
284.1000000008458,-1.1915359621282624,2.6106269630692207
284.2000000008458,-1.1927589117525144,2.6055737290065566
284.30000000084584,-1.1939718140046387,2.600517765531243
284.40000000084586,-1.195174662861862,2.5954590926220624
284.5000000008459,-1.1963674523384351,2.590397730270115
284.6000000008459,-1.1975501764844327,2.5853336984783004
284.70000000084593,-1.1987228293963392,2.5802670172647186
284.80000000084596,-1.1998854052065049,2.575197706659148
284.900000000846,-1.2010378980844298,2.5701257867033416
285.000000000846,-1.2021803022500601,2.5650512774552743
285.100000000846,-1.2033126119459925,2.5599741989801195
285.20000000084605,-1.2044348214747027,2.5548945713619973
285.30000000084607,-1.2055469251613404,2.549812414692169
285.4000000008461,-1.2066489173816626,2.5447277490776603
285.5000000008461,-1.207740792548715,2.5396405946370795
285.60000000084614,-1.2088225451116117,2.5345509715001167
285.70000000084616,-1.2098941695661976,2.5294588998107344
285.8000000008462,-1.2109556604444345,2.5243643997238614
285.9000000008462,-1.2120070123156854,2.5192674914056594
286.0000000008462,-1.2130482198001027,2.514168195037498
286.10000000084625,-1.214079277540642,2.5090665308074964
286.2000000008463,-1.2151001802405477,2.5039625189215338
286.3000000008463,-1.216110922625889,2.498856179592174
286.4000000008463,-1.2171114994736727,2.493747533046732
286.50000000084634,-1.218101905598436,2.488636599523356
286.60000000084636,-1.2190821358510258,2.4835233992705636
286.7000000008464,-1.2200521851293262,2.478407952550212
286.8000000008464,-1.2210120483675668,2.4732902796344014
286.90000000084643,-1.2219617205376196,2.4681704008057204
287.00000000084646,-1.2229011966624723,2.4630483363609494
287.1000000008465,-1.2238304717880615,2.4579241066031674
287.2000000008465,-1.224749541020984,2.4527977318520007
287.3000000008465,-1.2256583994908035,2.4476692324333076
287.40000000084655,-1.2265570423783385,2.4425386286866844
287.50000000084657,-1.2274454649021722,2.4374059409618103
287.6000000008466,-1.22832366231742,2.4322711896180067
287.7000000008466,-1.2291916299265162,2.4271343950269983
287.80000000084664,-1.2300493630684597,2.4219955775700237
287.90000000084666,-1.2308968571201158,2.4168547576380552
288.0000000008467,-1.2317341075097696,2.4117119556352407
288.1000000008467,-1.2325611096887905,2.406567191971564
288.2000000008467,-1.233377859169564,2.4014204870723512
288.30000000084675,-1.2341843514875779,2.396271861368703
288.4000000008468,-1.2349805822298658,2.391121335304427
288.5000000008468,-1.2357665470214414,2.3859689293326607
288.6000000008468,-1.2365422415240552,2.380814663915452
288.70000000084684,-1.2373076614470464,2.3756585595263076
288.80000000084686,-1.2380628025365281,2.3705006366475234
288.9000000008469,-1.2388076605766851,2.365340915770372
289.0000000008469,-1.2395422314034046,2.36017941739827
289.10000000084693,-1.240266510875781,2.355016162040006
289.20000000084696,-1.2409804949142593,2.3498511702184945
289.300000000847,-1.2416841794625086,2.3446844624619585
289.400000000847,-1.2423775605160197,2.3395160593103084
289.500000000847,-1.2430606341084642,2.334345981312022
289.60000000084705,-1.2437333963104449,2.3291742490237506
289.70000000084707,-1.2443958432403992,2.32400088301265
289.8000000008471,-1.2450479710537272,2.3188259038539307
289.9000000008471,-1.245689775944097,2.313649332131023
290.00000000084714,-1.246321254157137,2.3084711884384674
290.10000000084716,-1.2469424019618016,2.303291493375717
290.2000000008472,-1.2475532156887035,2.2981102675551157
290.3000000008472,-1.248153691691798,2.2929275315938566
290.4000000008472,-1.2487438263771122,2.2877433061197765
290.50000000084725,-1.2493236161890395,2.2825576117685213
290.6000000008473,-1.2498930576090799,2.2773704691831753
290.7000000008473,-1.2504521471667975,2.272181899016371
290.8000000008473,-1.251000881428895,2.266991921928056
290.90000000084734,-1.2515392570005237,2.2618005585856276
291.00000000084736,-1.2520672705390379,2.256607829666554
291.1000000008474,-1.2525849187252254,2.2514137558527505
291.2000000008474,-1.2530921983018097,2.246218357837794
291.30000000084743,-1.2535891060349627,2.2410216563196435
291.40000000084746,-1.254075638743162,2.2358236720058597
291.5000000008475,-1.2545517932834263,2.2306244256110457
291.6000000008475,-1.2550175665500425,2.2254239378564975
291.7000000008475,-1.2554729554855697,2.220222229472097
291.80000000084755,-1.255917957069861,2.215019321194297
291.90000000084757,-1.2563525683213836,2.2098152337662342
292.0000000008476,-1.2567767863110364,2.2046099879400796
292.1000000008476,-1.2571906081332482,2.199403604471979
292.20000000084764,-1.2575940309446363,2.194196104128494
292.30000000084766,-1.2579870519253604,2.1889875076800953
292.4000000008477,-1.258369668308101,2.1837778359058166
292.5000000008477,-1.258741877364232,2.178567109590963
292.60000000084773,-1.2591036764025505,2.173355349526785
292.70000000084775,-1.259455062780313,2.1681425765121567
292.8000000008478,-1.2597960338922156,2.162928811351776
292.9000000008478,-1.2601265871717167,2.1577140748562496
293.0000000008478,-1.2604467201049032,2.1524983878441635
293.10000000084784,-1.260756430201483,2.1472817711376084
293.20000000084787,-1.2610557150335833,2.142064245567857
293.3000000008479,-1.261344572196963,2.1368458319696186
293.4000000008479,-1.2616229993400938,2.1316265511851107
293.50000000084793,-1.261890994150279,2.12640642406204
293.60000000084796,-1.262148554352375,2.121185471453316
293.700000000848,-1.2623956777198737,2.115963714218502
293.800000000848,-1.2626323620638367,2.1107411732222388
293.900000000848,-1.2628586052342174,2.1055178693342986
294.00000000084805,-1.2630744051337786,2.100293823431376
294.10000000084807,-1.2632797596889813,2.095069056393198
294.2000000008481,-1.2634746668889156,2.0898435891074225
294.3000000008481,-1.2636591247463818,2.0846174424646744
294.40000000084814,-1.2638331313270612,2.079390637362031
294.50000000084816,-1.2639966847355928,2.074163194701284
294.6000000008482,-1.2641497831142825,2.0689351353886707
294.7000000008482,-1.2642924246542242,2.0637064803361067
294.80000000084823,-1.2644246075842007,2.0584772504598337
294.90000000084825,-1.2645463301720046,2.0532474666804497
295.0000000008483,-1.2646575907383928,2.0480171499244184
295.1000000008483,-1.2647583876278894,2.0427863211207598
295.2000000008483,-1.2648487192478306,2.037555001205169
295.30000000084834,-1.2649285840293292,2.03232321111583
295.40000000084837,-1.26499798045653,2.0270909717963237
295.5000000008484,-1.2650569070526454,2.021858304194167
295.6000000008484,-1.265105362378659,2.0166252292605655
295.70000000084843,-1.2651433450444713,2.0113917679514257
295.80000000084846,-1.2651708536977704,2.0061579412262254
295.9000000008485,-1.2651878870253574,2.0009237700480176
296.0000000008485,-1.2651944437671356,1.9956892753846587
296.1000000008485,-1.2651905226868378,1.9904544782060887
296.20000000084855,-1.2651761226111637,1.9852193994876584
296.30000000084857,-1.2651512423906497,1.9799840602067336
296.4000000008486,-1.2651158809289889,1.9747484813450162
296.5000000008486,-1.265070037169036,1.969512683887361
296.60000000084864,-1.265013710091505,1.964276688821553
296.70000000084866,-1.2649468987261405,1.9590405171390985
296.8000000008487,-1.2648696021405579,1.953804189834315
296.9000000008487,-1.2647818194415716,1.9485677279043134
297.00000000084873,-1.2646835497892177,1.9433311523499484
297.10000000084875,-1.2645747923674096,1.9380944841736791
297.2000000008488,-1.2644555464231588,1.9328577443821087
297.3000000008488,-1.2643258112273625,1.9276209539833777
297.4000000008488,-1.2641855861041824,1.922384133988896
297.50000000084884,-1.2640348704170186,1.9171473054124466
297.60000000084887,-1.2638736635672023,1.9119104892699843
297.7000000008489,-1.263701965005187,1.9066737065801997
297.8000000008489,-1.263519774219371,1.9014369783638387
297.90000000084893,-1.2633270907374208,1.896200325643651
298.00000000084896,-1.2631239141403188,1.8909637694450572
298.100000000849,-1.2629102440329643,1.8857273307946039
298.200000000849,-1.262686080083461,1.8804910307217295
298.300000000849,-1.2624514219838372,1.8752548902569313
298.40000000084905,-1.2622062694794722,1.8700189304328994
298.50000000084907,-1.261950622355047,1.8647831722839057
298.6000000008491,-1.2616844804332321,1.859547636845639
298.7000000008491,-1.2614078435858898,1.8543123451555399
298.80000000084914,-1.2611207117228824,1.8490773182523395
298.90000000084916,-1.2608230847933952,1.8438425771759857
299.0000000008492,-1.2605149627999994,1.8386081429680345
299.1000000008492,-1.2601963457692156,1.833374036670688
299.20000000084923,-1.2598672337908567,1.828140279327764
299.30000000084925,-1.2595276269786884,1.8229068919836569
299.4000000008493,-1.259177525499888,1.817673895683893
299.5000000008493,-1.2588169295609768,1.8124413114747924
299.6000000008493,-1.2584458394065088,1.807209160403325
299.70000000084934,-1.2580642553302888,1.801977463517225
299.80000000084937,-1.2576721776641584,1.7967462418647568
299.9000000008494,-1.2572696067793214,1.7915155164946155
300.0000000008494,-1.2568565431004195,1.7862853084560313
300.10000000084943,-1.2564329870760655,1.7810556387983993
300.20000000084946,-1.255998939218216,1.775826528571458
300.3000000008495,-1.2555544000628018,1.7705979988250435
300.4000000008495,-1.25509937019921,1.7653700706090507
300.5000000008495,-1.2546338502562029,1.7601427649733816
300.60000000084955,-1.2541578409006007,1.7549161029678269
300.70000000084957,-1.2536713428485045,1.7496901056419516
300.8000000008496,-1.2531743568540814,1.7444647940450861
300.9000000008496,-1.252666883710884,1.7392401892261982
301.00000000084964,-1.2521489242659292,1.734016312233717
301.10000000084966,-1.2516204793902186,1.7287931841157578
301.2000000008497,-1.2510815500181276,1.7235708259195146
301.3000000008497,-1.2505321371080158,1.7183492586917974
301.40000000084973,-1.2499722416717207,1.7131285034783978
301.50000000084975,-1.24940186476047,1.7079085813243209
301.6000000008498,-1.2488210074635624,1.7026895132736972
301.7000000008498,-1.2482296709195884,1.697471320369444
301.8000000008498,-1.24762785630521,1.692254023653478
301.90000000084984,-1.2470155648364818,1.6870376441665642
302.00000000084987,-1.2463927977829388,1.6818222029478616
302.1000000008499,-1.2457595564381017,1.6766077210357302
302.2000000008499,-1.2451158421588673,1.6713942194663312
302.30000000084993,-1.2444616563261173,1.6661817192749588
302.40000000084996,-1.2437970003742076,1.6609702414948178
302.50000000085,-1.2431218757768834,1.655759807157537
302.60000000085,-1.2424362840459588,1.6505504372931072
302.70000000085,-1.2417402267425381,1.6453421529293166
302.80000000085005,-1.2410337054657874,1.6401349750921863
302.90000000085007,-1.2403167218542568,1.6349289248057945
303.0000000008501,-1.2395892775999586,1.6297240230915355
303.1000000008501,-1.2388513744188858,1.6245202909695253
303.20000000085014,-1.2381030140903884,1.6193177494564108
303.30000000085016,-1.2373441984177935,1.6141164195674929
303.4000000008502,-1.2365749292578814,1.608916322314903
303.5000000008502,-1.2357952085068016,1.603717478708404
303.60000000085023,-1.235005038098752,1.598519909755356
303.70000000085025,-1.2342044200171935,1.593323636459929
303.8000000008503,-1.2333933562836301,1.588128679823765
303.9000000008503,-1.2325718489589246,1.5829350608457693
304.0000000008503,-1.2317399001573688,1.5777428005210887
304.10000000085034,-1.2308975120172156,1.5725519198431064
304.20000000085037,-1.230044686740029,1.5673624398004633
304.3000000008504,-1.2291814265513312,1.56217438137997
304.4000000008504,-1.2283077337300554,1.5569877655642026
304.50000000085043,-1.2274236105944722,1.551802613332578
304.60000000085046,-1.2265290595008613,1.5466189456613424
304.7000000008505,-1.2256240828547182,1.5414367835225566
304.8000000008505,-1.2247086830995486,1.5362561478849908
304.9000000008505,-1.2237828627181764,1.5310770597138887
305.00000000085055,-1.2228466242467992,1.5258995399696604
305.10000000085057,-1.2218999702455484,1.5207236096104726
305.2000000008506,-1.2209429033377912,1.51554928958848
305.3000000008506,-1.2199754261708258,1.5103766008535262
305.40000000085064,-1.2189975414452936,1.5052055643501403
305.50000000085066,-1.2180092519011283,1.5000362010189
305.6000000008507,-1.217010560316226,1.4948685317964512
305.7000000008507,-1.2160014695176298,1.4897025776142687
305.80000000085073,-1.2149819823703358,1.4845383593997685
305.90000000085075,-1.2139521017786044,1.4793758980760519
306.0000000008508,-1.2129118306999902,1.4742152145603113
306.1000000008508,-1.2118611721159485,1.4690563297670156
306.2000000008508,-1.2108001290710724,1.463899264603349
306.30000000085084,-1.2097287046338492,1.4587440399737037
306.40000000085087,-1.2086469019260222,1.4535906767760838
306.5000000008509,-1.207554724108559,1.4484391959037524
306.6000000008509,-1.2064521743803192,1.443289618245279
306.70000000085093,-1.2053392559892284,1.4381419646830738
306.80000000085096,-1.2042159722211063,1.4329962560947234
306.900000000851,-1.2030823264009594,1.4278525133527085
307.000000000851,-1.2019383219069824,1.4227107573225315
307.100000000851,-1.2007839621412248,1.4175710088664908
307.20000000085105,-1.199619250568757,1.412433288838327
307.30000000085107,-1.1984441906784973,1.407297618088508
307.4000000008511,-1.1972587860125032,1.4021640174600438
307.5000000008511,-1.1960630401519756,1.3970325077904175
307.60000000085114,-1.1948569567159373,1.3919031099116537
307.70000000085116,-1.193640539372368,1.3867758446486276
307.8000000008512,-1.192413791827049,1.3816507328206318
307.9000000008512,-1.1911767178248618,1.3765277952410628
308.00000000085123,-1.1899293211637652,1.3714070527152704
308.10000000085125,-1.1886716056655158,1.3662885260449185
308.2000000008513,-1.1874035752147343,1.3611722360218463
308.3000000008513,-1.1861252337198291,1.3560582034341397
308.4000000008513,-1.1848365851422284,1.350946449061359
308.50000000085134,-1.1835376334824068,1.345836993676747
308.60000000085137,-1.182228382778559,1.340729858047328
308.7000000008514,-1.1809088371177092,1.335625062931992
308.8000000008514,-1.1795790006245874,1.3305226290832852
308.90000000085143,-1.1782388774629202,1.325422577247072
309.00000000085146,-1.1768884718493693,1.3203249281600986
309.1000000008515,-1.1755277880243282,1.315229702554948
309.2000000008515,-1.1741568302908814,1.3101369211531138
309.3000000008515,-1.1727756029758347,1.305046604671857
309.40000000085155,-1.1713841104588578,1.2999587738188447
309.50000000085157,-1.1699823571585548,1.2948734492946428
309.6000000008516,-1.16857034753114,1.2897906517928368
309.7000000008516,-1.1671480860815133,1.2847104019978965
309.80000000085164,-1.1657155773521675,1.2796327205871862
309.90000000085166,-1.1642728259244697,1.2745576282306033
310.0000000008517,-1.162819836432555,1.269485145587866
310.1000000008517,-1.161356613534215,1.2644152933140491
310.20000000085173,-1.1598831619497378,1.259348092051873
310.30000000085175,-1.158399486423058,1.254283562439348
310.4000000008518,-1.156905591750796,1.2492217251038251
310.5000000008518,-1.1554014827683772,1.2441626006647715
310.6000000008518,-1.1538871643487125,1.239106209733921
310.70000000085184,-1.1523626414132324,1.2340525729129075
310.80000000085187,-1.1508279189208275,1.2290017107955002
310.9000000008519,-1.1492830018691307,1.2239536439672198
311.0000000008519,-1.1477278953083623,1.218908393002342
311.10000000085194,-1.1461626043123132,1.2138659784700254
311.20000000085196,-1.1445871340170384,1.2088264209258184
311.300000000852,-1.1430014895821514,1.2037897409200822
311.400000000852,-1.1414056762197635,1.1987559589914554
311.500000000852,-1.1397996991806474,1.1937250956699081
311.60000000085205,-1.1381835637529172,1.1886971714769232
311.70000000085207,-1.1365572752730215,1.1836722069229053
311.8000000008521,-1.1349208391147276,1.178650222509643
311.9000000008521,-1.1332742606903898,1.1736312387298953
312.00000000085214,-1.1316175454647408,1.1686152760641169
312.10000000085216,-1.1299506989259902,1.1636023549871701
312.2000000008522,-1.1282737266243648,1.158592495959047
312.3000000008522,-1.1265866341335546,1.153585719434079
312.40000000085223,-1.1248894270795282,1.1485820458538225
312.50000000085225,-1.1231821111267557,1.1435814956503854
312.6000000008523,-1.1214646919768914,1.1385840892466317
312.7000000008523,-1.119737175379719,1.1335898470533752
312.8000000008523,-1.1179995671221832,1.128598789472062
312.90000000085234,-1.1162518730296505,1.1236109368943288
313.00000000085237,-1.1144940989796317,1.1186263096984512
313.1000000008524,-1.1127262508730116,1.113644928256638
313.2000000008524,-1.1109483346724205,1.108666812924985
313.30000000085244,-1.1091603563638461,1.1036919840534538
313.40000000085246,-1.1073623219853137,1.0987204619781719
313.5000000008525,-1.1055542376131728,1.0937522670250406
313.6000000008525,-1.1037361093607911,1.0887874195099707
313.7000000008525,-1.1019079433894383,1.083825939735844
313.80000000085255,-1.1000697458973696,1.0788678479954448
313.9000000008526,-1.0982215231210692,1.073913164570952
314.0000000008526,-1.096363281348935,1.0689619097301555
314.1000000008526,-1.0944950268926172,1.0640141037342827
314.20000000085264,-1.0926167661252109,1.059069766827219
314.30000000085266,-1.0907285054430458,1.054128919246223
314.4000000008527,-1.0888302512942447,1.049191581213699
314.5000000008527,-1.0869220101650543,1.044257772941032
314.60000000085273,-1.08500378857855,1.0393275146288876
314.70000000085275,-1.0830755931054625,1.0344008264639184
314.8000000008528,-1.0811374303533305,1.0294777286219385
314.9000000008528,-1.0791893069677232,1.0245582412673846
315.0000000008528,-1.0772312296458402,1.0196423845492575
315.10000000085284,-1.075263205108012,1.0147301786095284
315.20000000085287,-1.0732852401356943,1.00982164357159
315.3000000008529,-1.0712973415334557,1.0049167995517405
315.4000000008529,-1.0692995161573697,1.0000156666503701
315.50000000085294,-1.067291770901426,0.9951182649560812
315.60000000085296,-1.0652741126962466,0.9902246145460165
315.700000000853,-1.0632465485198463,0.9853347354823483
315.800000000853,-1.0612090853868383,0.9804486478156631
315.900000000853,-1.0591617303496514,0.9755663715844041
316.00000000085305,-1.0571044905120575,0.9706879268105373
316.1000000008531,-1.0550373730008262,0.9658133335085323
316.2000000008531,-1.0529603850034968,0.9609426116730424
316.3000000008531,-1.050873533730586,0.9560757812911593
316.40000000085314,-1.04877682644382,0.9512128623330344
316.50000000085316,-1.0466702704426192,0.9463538747562643
316.6000000008532,-1.0445538730628199,0.9414988385062422
316.7000000008532,-1.0424276416873621,0.9366477735124328
316.80000000085323,-1.0402915837355666,0.9318006996919834
316.90000000085325,-1.0381457066643387,0.9269576369491321
317.0000000008533,-1.035990017981618,0.9221186051706
317.1000000008533,-1.0338245252181975,0.9172836242351471
317.2000000008533,-1.0316492359652651,0.9124527140004948
317.30000000085334,-1.0294641578368415,0.9076258943163393
317.40000000085337,-1.027269298497834,0.9028031850143976
317.5000000008534,-1.0250646656506057,0.897984605913072
317.6000000008534,-1.0228502670337052,0.8931701768178273
317.70000000085344,-1.0206261104324836,0.8883599175172512
317.80000000085346,-1.0183922036684347,0.8835538477868738
317.9000000008535,-1.0161485546003917,0.8787519873885584
318.0000000008535,-1.013895171137891,0.8739543560656241
318.1000000008535,-1.0116320612131715,0.8691609735529673
318.20000000085355,-1.0093592328184626,0.8643718595632213
318.3000000008536,-1.0070766939686737,0.8595870338005327
318.4000000008536,-1.0047844527292618,0.8548065159500455
318.5000000008536,-1.0024825172028862,0.8500303256828321
318.60000000085364,-1.0001708955281408,0.8452584826562947
318.70000000085366,-0.9978495958901014,0.8404910065100117
318.8000000008537,-0.9955186265097379,0.8357279168697751
318.9000000008537,-0.9931779956451002,0.8309692333469567
319.00000000085373,-0.9908277116045842,0.8262149755333583
319.10000000085375,-0.9884677827191268,0.8214651630118999
319.2000000008538,-0.9860982173792334,0.8167198153420276
319.3000000008538,-0.983719023997928,0.8119789520742424
319.4000000008538,-0.9813302110384159,0.8072425927390207
319.50000000085384,-0.9789317870008347,0.8025107568520145
319.60000000085387,-0.9765237604209973,0.797783463914481
319.7000000008539,-0.9741061398808548,0.7930607334089133
319.8000000008539,-0.9716789339979914,0.7883425848032939
319.90000000085394,-0.9692421514267942,0.7836290375504347
320.00000000085396,-0.9667958008716203,0.778920111082559
320.100000000854,-0.9643398910591994,0.7742158248225537
320.200000000854,-0.961874430775378,0.7695161981686285
320.300000000854,-0.9593994288283514,0.7648212505095926
320.40000000085405,-0.9569148940761106,0.760131001213215
320.5000000008541,-0.9544208354132959,0.7554454696316935
320.6000000008541,-0.9519172617699453,0.7507646751021103
320.7000000008541,-0.9494041821218766,0.746088636941852
320.80000000085414,-0.9468816054802609,0.741417374453073
320.90000000085416,-0.9443495408927809,0.7367509069220124
321.0000000008542,-0.941807997456694,0.7320892536133112
321.1000000008542,-0.9392569842914498,0.7274324337818214
321.20000000085423,-0.9366965105751425,0.7227804666565214
321.30000000085425,-0.9341265855080332,0.7181333714565385
321.4000000008543,-0.9315472183397744,0.7134911673789518
321.5000000008543,-0.9289584183563679,0.7088538736045296
321.6000000008543,-0.926360194878923,0.7042215092982067
321.70000000085435,-0.9237525572739498,0.699594093604297
321.80000000085437,-0.9211355149430182,0.6949716456511672
321.9000000008544,-0.9185090773239026,0.6903541845505303
322.0000000008544,-0.9158732539035379,0.6857417293914982
322.10000000085444,-0.9132280541908628,0.6811342992529441
322.20000000085446,-0.9105734877529608,0.676531913186683
322.3000000008545,-0.9079095641788915,0.6719345902342291
322.4000000008545,-0.9052362931066831,0.667342349414049
322.5000000008545,-0.9025536842103978,0.6627552097275636
322.60000000085455,-0.8998617471989003,0.6581731901596499
322.7000000008546,-0.8971604918260578,0.6535963096736443
322.8000000008546,-0.8944499278804898,0.6490245872162281
322.9000000008546,-0.8917300651866995,0.6444580417166952
323.00000000085464,-0.8890009136179138,0.6398966920807436
323.10000000085466,-0.886262483069166,0.6353405572033878
323.2000000008547,-0.8835147834931116,0.630789655951407
323.3000000008547,-0.8807578248641843,0.6262440071808353
323.40000000085473,-0.8779916172053397,0.621703629723668
323.50000000085475,-0.8752161705752393,0.6171685423941233
323.6000000008548,-0.8724314950670261,0.6126387639891735
323.7000000008548,-0.8696376008184303,0.6081143132833392
323.8000000008548,-0.8668344980016125,0.6035952090337806
323.90000000085485,-0.8640221968242806,0.5990814699795457
324.00000000085487,-0.8612007075424096,0.5945731148350993
324.1000000008549,-0.8583700404335741,0.5900701623037817
324.2000000008549,-0.8555302058324253,0.5855726310595308
324.30000000085494,-0.8526812140951845,0.5810805397650978
324.40000000085496,-0.8498230756261296,0.5765939070582138
324.500000000855,-0.8469558008648992,0.5721127515581101
324.600000000855,-0.8440794002852814,0.5676370918660725
324.700000000855,-0.8411938844052156,0.5631669465600324
324.80000000085505,-0.8382992637767352,0.5587023341998636
324.9000000008551,-0.8353955489870708,0.5542432733266078
325.0000000008551,-0.8324827506712433,0.5497897824557464
325.1000000008551,-0.829560879485657,0.5453418800911987
325.20000000085514,-0.8266299461432245,0.5408995847063246
325.30000000085516,-0.8236899613782103,0.536462914762861
325.4000000008552,-0.8207409359724509,0.5320318886965507
325.5000000008552,-0.8177828807427845,0.5276065249239212
325.60000000085523,-0.8148158065398508,0.5231868418428616
325.70000000085525,-0.8118397242579878,0.5187728578270125
325.8000000008553,-0.8088546448252779,0.5143645912312669
325.9000000008553,-0.8058605792046338,0.5099620603909716
326.0000000008553,-0.8028575384062631,0.5055652836149449
326.10000000085535,-0.7998455334615332,0.5011742792000087
326.20000000085537,-0.7968245754577243,0.4967890654112821
326.3000000008554,-0.7937946755032446,0.49240966050182833
326.4000000008554,-0.7907558447535683,0.48803608269775156
326.50000000085544,-0.7877080943987999,0.4836683502052309
326.60000000085546,-0.7846514356624813,0.4793064812111225
326.7000000008555,-0.7815858798113829,0.4749504938771487
326.8000000008555,-0.7785114381456538,0.4706004063455998
326.9000000008555,-0.7754281219998941,0.4662562367385142
327.00000000085555,-0.7723359427554837,0.46191800315044246
327.1000000008556,-0.7692349118147279,0.45758572366351014
327.2000000008556,-0.7661250406352296,0.4532594163270062
327.3000000008556,-0.7630063406954838,0.4489390991777351
327.40000000085564,-0.7598788235205285,0.44462479022458845
327.50000000085566,-0.756742500669643,0.4403165074558305
327.6000000008557,-0.7535973837351695,0.4360142688397249
327.7000000008557,-0.7504434843521877,0.4317180923185242
327.80000000085573,-0.7472808141887788,0.4274279958143719
327.90000000085575,-0.7441093849470812,0.4231439972284608
328.0000000008558,-0.7409292083754776,0.4188661144335481
328.1000000008558,-0.7377402962430345,0.4145943652895417
328.2000000008558,-0.7345426603734753,0.4103287676223899
328.30000000085585,-0.7313363126111729,0.406069339245133
328.40000000085587,-0.7281212648464999,0.4018160979419549
328.5000000008559,-0.7248975290036681,0.3975690614757177
328.6000000008559,-0.7216651170395624,0.3933282475886119
328.70000000085594,-0.7184240409532978,0.3890936739959492
328.80000000085596,-0.7151743127765999,0.38486535839226343
328.900000000856,-0.7119159445748422,0.3806433184504467
329.000000000856,-0.7086489484590881,0.37642757181401687
329.100000000856,-0.7053733365608346,0.37221813611322263
329.20000000085605,-0.7020891210655729,0.36801502894324434
329.3000000008561,-0.6987963141791927,0.3638182678859347
329.4000000008561,-0.6954949281530199,0.3596278704933573
329.5000000008561,-0.6921849752718038,0.3554438542955667
329.60000000085614,-0.6888664678525631,0.35126623680128266
329.70000000085616,-0.6855394182540231,0.3470950354914893
329.8000000008562,-0.682203838867113,0.3429302678257302
329.9000000008562,-0.6788597421159881,0.33877195124122483
330.00000000085623,-0.6755071404699198,0.33462010314489055
330.10000000085626,-0.6721460464183538,0.33047474092996093
330.2000000008563,-0.6687764725040463,0.32633588195350494
330.3000000008563,-0.6653984312898904,0.32220354355885006
330.4000000008563,-0.6620119353836342,0.31807774305861136
330.50000000085635,-0.6586169974260196,0.3139584977427163
330.60000000085637,-0.6552136300896411,0.3098458248791025
330.7000000008564,-0.6518018460882566,0.3057397417071253
330.8000000008564,-0.6483816581674101,0.3016402654440453
330.90000000085644,-0.6449530791054349,0.2975474132841237
331.00000000085646,-0.6415161217251883,0.293461202390404
331.1000000008565,-0.6380707988694352,0.2893816499118359
331.2000000008565,-0.6346171234335427,0.2853087729601213
331.3000000008565,-0.6311551083327467,0.2812425886328112
331.40000000085655,-0.6276847665265373,0.27718311399583384
331.5000000008566,-0.6242061110069543,0.2731303660917598
331.6000000008566,-0.6207191547974609,0.26908436194052204
331.7000000008566,-0.6172239109621243,0.2650451185326345
331.80000000085664,-0.6137203925963652,0.26101265283587144
331.90000000085666,-0.6102086128279437,0.25698698179434126
332.0000000008567,-0.6066885848285333,0.2529681223200293
332.1000000008567,-0.6031603217894378,0.24895609131042268
332.20000000085673,-0.5996238369538366,0.24495090562469177
332.30000000085676,-0.5960791435845001,0.2409525821074528
332.4000000008568,-0.592526254987833,0.23696113757079962
332.5000000008568,-0.5889651845023323,0.23297658880280675
332.6000000008568,-0.5853959454974753,0.22899895256827194
332.70000000085685,-0.5818185513827681,0.22502824560174842
332.80000000085687,-0.578233015598624,0.22106448461441272
332.9000000008569,-0.5746393516173325,0.21710768629311827
333.0000000008569,-0.5710375729544674,0.21315786729170227
333.10000000085694,-0.5674276931449492,0.20921504424910453
333.20000000085696,-0.5638097257748215,0.20527923376489404
333.300000000857,-0.5601836844494337,0.2013504524236871
333.400000000857,-0.5565495828171334,0.19742871677668922
333.500000000857,-0.5529074345578908,0.19351404335043376
333.60000000085705,-0.5492572533821983,0.18960644864754864
333.7000000008571,-0.545599053039985,0.1857059491396033
333.8000000008571,-0.5419328473116283,0.18181256127416084
333.9000000008571,-0.5382586500089048,0.17792630147381283
334.00000000085714,-0.5345764749862281,0.17404718612725478
334.10000000085716,-0.5308863361170664,0.17017523160789141
334.2000000008572,-0.527188247325239,0.16631045424871554
334.3000000008572,-0.5234822225535782,0.16245287036737463
334.40000000085723,-0.5197682757872588,0.15860249624723094
334.50000000085726,-0.5160464210425926,0.15475934814633183
334.6000000008573,-0.5123166723659458,0.15092344229819726
334.7000000008573,-0.5085790438425113,0.1470947949044861
334.8000000008573,-0.5048335495874607,0.14327342214223146
334.90000000085735,-0.501080203746874,0.13945934016285605
335.00000000085737,-0.4973190205088016,0.13565256508301876
335.1000000008574,-0.49355001408004856,0.13185311300369967
335.2000000008574,-0.4897731987169789,0.12806099998444187
335.30000000085744,-0.48598858869466843,0.12427624206905608
335.40000000085746,-0.4821961983298607,0.1204988552662064
335.5000000008575,-0.4783960419699401,0.11672885555860793
335.6000000008575,-0.4745881339918637,0.11296625890383583
335.70000000085753,-0.47077248881078937,0.10921108122681367
335.80000000085755,-0.4669491208713693,0.10546333842722985
335.9000000008576,-0.46311804464866096,0.10172304637853266
336.0000000008576,-0.4592792746590108,0.09799022091855097
336.1000000008576,-0.45543282543721175,0.09426487786905298
336.20000000085764,-0.4515787115667995,0.09054703300936162
336.30000000085766,-0.4477169476497128,0.0868367021026863
336.4000000008577,-0.44384754832886797,0.0831339008762402
336.5000000008577,-0.43997052827731264,0.07943864503066292
336.60000000085773,-0.4360859021971728,0.07575095024085268
336.70000000085776,-0.43219368482813275,0.07207083214827814
336.8000000008578,-0.42829389093887454,0.06839830636857128
336.9000000008578,-0.42438653532797,0.06473338849050414
337.0000000008578,-0.42047163283458006,0.061076094066388295
337.10000000085785,-0.4165491983159962,0.057426438632098745
337.20000000085787,-0.4126192466774177,0.05378443768007238
337.3000000008579,-0.40868179284212924,0.05015010668625741
337.4000000008579,-0.4047368517736858,0.04652346108977011
337.50000000085794,-0.4007844384652499,0.042904516302538845
337.60000000085796,-0.39682456793855714,0.039293287710158664
337.700000000858,-0.3928572552522439,0.035689790664029705
337.800000000858,-0.38888251549343567,0.03209404048912372
337.90000000085803,-0.3849003637786187,0.028506052482942683
338.00000000085805,-0.3809108152641496,0.02492584190570074
338.1000000008581,-0.37691388512419244,0.02135342400080595
338.2000000008581,-0.3729095885799657,0.01778881396725151
338.3000000008581,-0.368897940870449,0.014232026987173307
338.40000000085814,-0.3648789572741665,0.010683078205054338
338.50000000085817,-0.36085265309871367,0.007141982737585638
338.6000000008582,-0.3568190436797395,0.0036087556745414097
338.7000000008582,-0.3527781443891215,8.341207074803199e-05
338.80000000085823,-0.3487299706267065,-0.0034340330459774627
338.90000000085826,-0.344674537821162,-0.006943564675886119
339.0000000008583,-0.34061186144029026,-0.010445167857329306
339.1000000008583,-0.3365419569693703,-0.013938827645828003
339.2000000008583,-0.33246483993985965,-0.017424529142279554
339.30000000085835,-0.32838052590064504,-0.02090225746480133
339.40000000085837,-0.3242890304394157,-0.0243719977699699
339.5000000008584,-0.32019036917238586,-0.027833735242746474
339.6000000008584,-0.31608455774329247,-0.031287455095581757
339.70000000085844,-0.31197161183141164,-0.03473314257661421
339.80000000085846,-0.30785154714345675,-0.03817078296156225
339.9000000008585,-0.30372437941440805,-0.041600361554800395
340.0000000008585,-0.29959012441763144,-0.04502186369960268
340.10000000085853,-0.29544879794363,-0.04843527475676965
340.20000000085855,-0.2913004158281903,-0.05184058013342127
340.3000000008586,-0.2871449939241878,-0.055237765254253474
340.4000000008586,-0.2829825481225433,-0.0586268155832134
340.5000000008586,-0.27881309434214346,-0.06200771661321501
340.60000000085864,-0.2746366485288557,-0.06538045386522365
340.70000000085867,-0.2704532266633819,-0.06874501289661872
340.8000000008587,-0.2662628447533172,-0.0721013792929204
340.9000000008587,-0.26206551883395884,-0.07544953866888232
341.00000000085873,-0.25786126497822126,-0.07878947667894139
341.10000000085876,-0.2536500992758106,-0.08212117899541117
341.2000000008588,-0.2494320378608039,-0.08544463133784969
341.3000000008588,-0.2452070968840206,-0.08875981944374006
341.4000000008588,-0.24097529253355024,-0.09206672909059418
341.50000000085885,-0.23673664102487602,-0.09536534608546249
341.60000000085887,-0.2324911585999085,-0.09865565626399803
341.7000000008589,-0.2282388615346747,-0.10193764549897946
341.8000000008589,-0.22397976613153944,-0.10521129969187576
341.90000000085894,-0.2197138887199917,-0.10847660477395626
342.00000000085896,-0.21544124566635475,-0.11173354671694335
342.100000000859,-0.21116185335339094,-0.11498211151077911
342.200000000859,-0.20687572820730088,-0.11822228519355552
342.30000000085903,-0.20258288667067442,-0.12145405382163174
342.40000000085905,-0.19828334522258023,-0.12467740349215889
342.5000000008591,-0.1939771203688968,-0.12789232033238757
342.6000000008591,-0.18966422864136512,-0.1310987904987118
342.7000000008591,-0.18534468660511022,-0.13429680018534823
342.80000000085914,-0.18101851085102835,-0.1374863356157419
342.90000000085917,-0.17668571799655133,-0.14066738304369292
343.0000000008592,-0.17234632469514616,-0.14383992876420792
343.1000000008592,-0.1680003476163589,-0.14700395909084985
343.20000000085923,-0.16364780347222235,-0.15015946038622124
343.30000000085926,-0.15928870899079745,-0.15330641903152742
343.4000000008593,-0.15492308093581844,-0.15644482144951105
343.5000000008593,-0.15055093609723502,-0.15957465409356247
343.6000000008593,-0.1461722912902835,-0.16269590344674503
343.70000000085935,-0.1417871633628357,-0.16580855603062886
343.80000000085937,-0.13739556918795703,-0.16891259839653988
343.9000000008594,-0.13299752566464945,-0.17200801712670177
344.0000000008594,-0.12859304972713653,-0.17509479884528215
344.10000000085944,-0.1241821583253537,-0.17817293019533414
344.20000000085946,-0.11976486845075193,-0.18124239786982113
344.3000000008595,-0.11534119711044219,-0.1843031885806376
344.4000000008595,-0.11091116134638868,-0.18735528908194599
344.50000000085953,-0.1064747782261663,-0.19039868615909283
344.60000000085955,-0.1020320648420496,-0.19343336662761496
344.7000000008596,-0.09758303831818632,-0.1964593173422246
344.8000000008596,-0.09312771580332943,-0.19947652518790693
344.9000000008596,-0.08866611447155734,-0.20248497708107605
345.00000000085964,-0.08419825153133996,-0.20548465998081114
345.10000000085967,-0.07972414420648552,-0.20847556086539876
345.2000000008597,-0.07524380976133191,-0.2114576667638871
345.3000000008597,-0.07075726547550268,-0.2144309647245764
345.40000000085973,-0.06626452866263757,-0.21739544183874815
345.50000000085976,-0.061765616661369184,-0.22035108522939312
345.6000000008598,-0.05726054683443308,-0.22329788205019932
345.7000000008598,-0.05274933657566404,-0.2262358194946837
345.8000000008598,-0.048232003302902504,-0.22916488478713978
345.90000000085985,-0.04370856445869149,-0.23208506518380992
346.00000000085987,-0.039179037519120954,-0.234996347984307
346.1000000008599,-0.03464343997523946,-0.237898720507766
346.2000000008599,-0.0301017893576216,-0.24079217012491347
346.30000000085994,-0.02555410321174681,-0.24367668422604108
346.40000000085996,-0.021000399116259172,-0.24655225024512106
346.50000000086,-0.016440694674167176,-0.24941885564834804
346.60000000086,-0.011875007511974131,-0.25227648793310803
346.70000000086003,-0.007303355286494945,-0.2551251346372533
346.80000000086005,-0.002725755677941702,-0.2579647833299048
346.9000000008601,0.0018577736094038885,-0.2607954216126398
347.0000000008601,0.0064472148385727405,-0.26361703713109597
347.1000000008601,0.011042550258023826,-0.26642961755073963
347.20000000086014,0.015643762077711627,-0.26923315058943886
347.30000000086017,0.020250832493073176,-0.27202762398493263
347.4000000008602,0.024863743667245485,-0.2748130255193224
347.5000000008602,0.029482477739639173,-0.2775893430074322
347.60000000086023,0.0341070168267882,-0.2803565642957597
347.70000000086026,0.038737343015717435,-0.283114677271891
347.8000000008603,0.04337343837067414,-0.2858636698551625
347.9000000008603,0.04801528493247826,-0.2886035299978607
348.0000000008603,0.0526628647101345,-0.29133424569700306
348.10000000086035,0.057316159698468566,-0.2940558049697353
348.20000000086037,0.06197515185484091,-0.29676819588639713
348.3000000008604,0.06663982312248856,-0.2994714065374977
348.4000000008604,0.0713101554132276,-0.30216542505857164
348.50000000086044,0.0759861306157957,-0.3048502396183632
348.60000000086046,0.08066773059668123,-0.30752583841776043
348.7000000008605,0.08535493719367857,-0.3101922096993475
348.8000000008605,0.09004773222243398,-0.3128493417379272
348.90000000086053,0.09474609747581901,-0.31549722284173387
349.00000000086055,0.09945001471577611,-0.31813584136438544
349.1000000008606,0.10415946569046808,-0.3207651856799204
349.2000000008606,0.10887443211164796,-0.3233852442163429
349.3000000008606,0.11359489567734546,-0.3259960054221174
349.40000000086064,0.1183208380550615,-0.32859745779137856
349.50000000086067,0.12305224088987704,-0.33118958985194585
349.6000000008607,0.12778908580526105,-0.33377239016424076
349.7000000008607,0.13253135439681496,-0.33634584733097095
349.80000000086073,0.13727902823863053,-0.33890994998751767
349.90000000086076,0.14203208888268898,-0.34146468680316316
350.0000000008608,0.14679051785094366,-0.34401004649321143
350.1000000008608,0.15155429665197306,-0.3465460177936702
350.2000000008608,0.15632340675901454,-0.34907258949526043
350.30000000086085,0.1610978296319876,-0.35158975040944573
350.40000000086087,0.16587754670119015,-0.35409748939399066
350.5000000008609,0.17066253937516937,-0.3565957953408063
350.6000000008609,0.17545278904150663,-0.3590846571748506
350.70000000086094,0.1802482770607537,-0.36156406386394047
350.80000000086096,0.18504898477260162,-0.36403400440900957
350.900000000861,0.18985489349530427,-0.366494467845349
351.000000000861,0.1946659845180006,-0.368945443254891
351.10000000086103,0.19948223911686558,-0.37138691974054683
351.20000000086105,0.20430363853381867,-0.3738188864606686
351.3000000008611,0.20913016399787315,-0.37624133259462533
351.4000000008611,0.21396179670933924,-0.37865424736869757
351.5000000008611,0.2187985178474538,-0.38105762004376165
351.60000000086114,0.22364030857114525,-0.38345143991417235
351.70000000086117,0.22848715001316383,-0.38583569631770204
351.8000000008612,0.233339023286056,-0.3882103786256702
351.9000000008612,0.23819590948161198,-0.39057547624419503
352.00000000086123,0.24305778966343256,-0.3929309786266354
352.10000000086126,0.24792464488257118,-0.3952768752475966
352.2000000008613,0.2527964561569285,-0.3976131556378336
352.3000000008613,0.2576732044919163,-0.39993980934938506
352.4000000008613,0.2625548708651742,-0.40225682598179213
352.50000000086135,0.2674414362339547,-0.4045641951696261
352.60000000086137,0.2723328815358667,-0.4068619065813567
352.7000000008614,0.2772291876832045,-0.4091499499294118
352.8000000008614,0.2821303355687248,-0.4114283149601839
352.90000000086144,0.28703630606511826,-0.41369699145529215
353.00000000086146,0.29194708001782443,-0.41595596924417866
353.1000000008615,0.2968626382601577,-0.4182052381777911
353.2000000008615,0.3017829615933958,-0.4204447881639123
353.30000000086153,0.3067080308067509,-0.42267460913186666
353.40000000086155,0.3116378266626064,-0.4248946910590556
353.5000000008616,0.31657232990365436,-0.4271050239583314
353.6000000008616,0.32151152125361593,-0.42930559787685046
353.7000000008616,0.326455381411771,-0.4314964029062507
353.80000000086164,0.33140389105853707,-0.43367742917253826
353.90000000086167,0.33635703085496627,-0.4358486668373616
354.0000000008617,0.34131478143581095,-0.4380101061107561
354.1000000008617,0.3462771234241254,-0.4401617372245134
354.20000000086173,0.35124403741205545,-0.4423035504679226
354.30000000086176,0.3562155039801096,-0.44443553615206355
354.4000000008618,0.3611915036829234,-0.4465576846366487
354.5000000008618,0.36617201705614666,-0.4486699863172488
354.6000000008618,0.37115702461714006,-0.45077243162413116
354.70000000086185,0.37614650685970613,-0.45286501103255095
354.80000000086187,0.38114044425946825,-0.4549477150525223
354.9000000008619,0.3861388172733944,-0.457020534230103
355.0000000008619,0.39114160633311523,-0.4590834591602818
355.10000000086194,0.39614879185899576,-0.4611364804600459
355.20000000086196,0.40116035424163426,-0.4631795888045203
355.300000000862,0.4061762738604244,-0.4652127748908621
355.400000000862,0.4111965310698549,-0.467236029465396
355.50000000086203,0.4162211062061422,-0.4692493433106994
355.60000000086205,0.42124997958790467,-0.47125270724442675
355.7000000008621,0.426283131511097,-0.473246112129708
355.8000000008621,0.4313205422541859,-0.47522954886480806
355.9000000008621,0.4363621920776991,-0.47720300838442187
356.00000000086214,0.4414080612177991,-0.47916648167270187
356.10000000086217,0.4464581298998205,-0.4811199597360333
356.2000000008622,0.4515123783204894,-0.4830634336395556
356.3000000008622,0.45657078666576545,-0.48499689447067307
356.40000000086224,0.4616333350976821,-0.4869203333664751
356.50000000086226,0.4667000037607204,-0.48883374150068315
356.6000000008623,0.4717707727824604,-0.4907371100824601
356.7000000008623,0.4768456222687249,-0.4926304303669154
356.8000000008623,0.48192453230854854,-0.49451369364465686
356.90000000086235,0.48700748297375074,-0.496386891243095
357.00000000086237,0.49209445431276844,-0.4982500145396035
357.1000000008624,0.4971854263636539,-0.5001030549340137
357.2000000008624,0.5022803791370218,-0.5019460038855064
357.30000000086244,0.5073792926331643,-0.5037788528757512
357.40000000086246,0.5124821468294347,-0.5056015934365998
357.5000000008625,0.5175889216863626,-0.5074142171369008
357.6000000008625,0.5226995971482825,-0.5092167155812956
357.70000000086253,0.5278141531386855,-0.5110090804208245
357.80000000086255,0.532932569564981,-0.512791303342376
357.9000000008626,0.5380548263180966,-0.5145633760699996
358.0000000008626,0.5431809032665741,-0.516325290378194
358.1000000008626,0.548310780269017,-0.5180770380641324
358.20000000086264,0.5534444371577714,-0.519818610984908
358.30000000086267,0.5585818537553076,-0.5215500010203185
358.4000000008627,0.5637230098621573,-0.5232712001008208
358.5000000008627,0.5688678852627667,-0.5249822001942195
358.60000000086274,0.5740164597260988,-0.5266829933044492
358.70000000086276,0.5791687130011967,-0.5283735714822778
358.8000000008628,0.5843246248217355,-0.5300539268146565
358.9000000008628,0.5894841749056506,-0.5317240514260412
359.0000000008628,0.594647342949495,-0.5333839374918043
359.10000000086285,0.5998141086403356,-0.5350335772102001
359.2000000008629,0.6049844516401737,-0.5366729628399495
359.3000000008629,0.6101583516015878,-0.5383020866626838
359.4000000008629,0.6153357881562276,-0.539920941011152
359.50000000086294,0.6205167409204007,-0.5415295182557863
359.60000000086296,0.6257011894956528,-0.5431278108034729
359.700000000863,0.6308891134645427,-0.5447158111083471
359.800000000863,0.6360804923949811,-0.5462935116610479
359.90000000086303,0.6412753058398852,-0.5478609049900478
360.00000000086305,0.6464735333318052,-0.5494179836751828
360.1000000008631,0.65167515439426,-0.5509647403193683
360.2000000008631,0.6568801485269102,-0.5525011675865115
360.3000000008631,0.6620884952204502,-0.5540272581636265
360.40000000086314,0.667300173945663,-0.5555430047892832
360.50000000086317,0.6725151641587408,-0.5570484002400552
360.6000000008632,0.6777334453018398,-0.5585434373292786
360.7000000008632,0.6829549967990718,-0.5600281089179362
360.80000000086324,0.6881797980606283,-0.5615024079038221
360.90000000086326,0.6934078284824606,-0.5629663272228773
361.0000000008633,0.6986390674411765,-0.5644198598628316
361.1000000008633,0.7038734943048138,-0.5658629988346835
361.2000000008633,0.709111088418768,-0.5672957372109249
361.30000000086335,0.7143518291199287,-0.568718068087342
361.4000000008634,0.7195956957263023,-0.5701299846116944
361.5000000008634,0.724842667542061,-0.5715314799700504
361.6000000008634,0.7300927238580737,-0.5729225473855349
361.70000000086344,0.7353458439481159,-0.5743031801292992
361.80000000086346,0.7406020070727766,-0.5756733715095969
361.9000000008635,0.7458611924791654,-0.5770331148731283
362.0000000008635,0.7511233793960819,-0.5783824036187889
362.10000000086353,0.756388547044219,-0.579721231168923
362.20000000086355,0.7616566746228537,-0.5810495910078426
362.3000000008636,0.766927741323221,-0.5823674766433338
362.4000000008636,0.7722017263187096,-0.5836748816355521
362.5000000008636,0.7774786087696394,-0.5849717995832537
362.60000000086364,0.7827583678237651,-0.5862582241225307
362.70000000086367,0.7880409826127046,-0.58753414893786
362.8000000008637,0.7933264322556309,-0.5887995677511003
362.9000000008637,0.7986146958590052,-0.59005447432284
363.00000000086374,0.8039057525120199,-0.5912988624662477
363.10000000086376,0.8091995812962289,-0.5925327260181119
363.2000000008638,0.8144961612730037,-0.5937560588776402
363.3000000008638,0.8197954714961434,-0.5949688549676831
363.4000000008638,0.8250974910026457,-0.5961711082638372
363.50000000086385,0.8304021988172106,-0.5973628127805746
363.6000000008639,0.8357095739527185,-0.5985439625699698
363.7000000008639,0.8410195954068784,-0.5997145517328227
363.8000000008639,0.8463322421656994,-0.6008745744075761
363.90000000086394,0.8516474932032512,-0.6020240247716714
364.00000000086396,0.8569653274773841,-0.6031628970554954
364.100000000864,0.8622857239387807,-0.6042911855132158
364.200000000864,0.8676086615191894,-0.6054088844618463
364.30000000086403,0.8729341191432569,-0.6065159882422029
364.40000000086405,0.8782620757198819,-0.6076124912482035
364.5000000008641,0.8835925101464401,-0.608698387912903
364.6000000008641,0.8889254013092389,-0.6097736727072072
364.7000000008641,0.8942607280803874,-0.6108383401510689
364.80000000086415,0.8995984693210461,-0.6118923848023312
364.90000000086417,0.9049386038812144,-0.6129358012580894
365.0000000008642,0.9102811105957279,-0.6139685841687281
365.1000000008642,0.9156259682927308,-0.6149907282085645
365.20000000086424,0.9209731557826878,-0.6160022281151631
365.30000000086426,0.9263226518694394,-0.617003078650042
365.4000000008643,0.9316744353421359,-0.6179932746281558
365.5000000008643,0.9370284849791861,-0.6189728109038397
365.6000000008643,0.9423847795486857,-0.6199416823695155
365.70000000086435,0.9477432978055114,-0.6208998839669535
365.8000000008644,0.9531040184943502,-0.6218474106760481
365.9000000008644,0.9584669203495114,-0.6227842575161832
366.0000000008644,0.9638319820912047,-0.6237104195603529
366.10000000086444,0.9691991824334263,-0.6246258919056279
366.20000000086446,0.9745685000737554,-0.6255306697127028
366.3000000008645,0.9799399137036255,-0.6264247481663677
366.4000000008645,0.9853134020008474,-0.6273081225051605
366.50000000086453,0.990688943633278,-0.6281807880072294
366.60000000086455,0.9960665172592206,-0.6290427399890298
366.7000000008646,1.0014461015247462,-0.6298939738166476
366.8000000008646,1.0068276750664973,-0.6307344848945102
366.9000000008646,1.0122112165115285,-0.6315642686667562
367.00000000086465,1.0175967044738679,-0.6323833206314371
367.10000000086467,1.0229841175618095,-0.6331916363108132
367.2000000008647,1.028373434368499,-0.6339892112911194
367.3000000008647,1.0337646334814163,-0.6347760411828167
367.40000000086474,1.039157693475496,-0.6355521216504081
367.50000000086476,1.0445525929165114,-0.6363174483982198
367.6000000008648,1.0499493103614488,-0.6370720171690897
367.7000000008648,1.0553478243560521,-0.6378158237557486
367.8000000008648,1.0607481134374024,-0.6385488639894711
367.90000000086485,1.0661501561337863,-0.6392711337414488
368.0000000008649,1.0715539309615405,-0.6399826289370667
368.1000000008649,1.076959416431752,-0.6406833455260417
368.2000000008649,1.0823665910416413,-0.6413732795223914
368.30000000086494,1.0877754332832477,-0.6420524269644823
368.40000000086496,1.0931859216371431,-0.6427207839449914
368.500000000865,1.0985980345755326,-0.6433783465966173
368.600000000865,1.1040117505626061,-0.6440251110907598
368.70000000086503,1.1094270480523085,-0.6446610736489553
368.80000000086505,1.114843905490691,-0.6452862305314702
368.9000000008651,1.1202623013158093,-0.6459005780386781
369.0000000008651,1.1256822139548541,-0.6465041125254042
369.1000000008651,1.1311036218302537,-0.6470968303709193
369.20000000086515,1.1365265033518517,-0.6476787280190958
369.30000000086517,1.141950836924798,-0.6482498019382669
369.4000000008652,1.1473766009438653,-0.6488100486513256
369.5000000008652,1.1528037737962604,-0.6493594647213674
369.60000000086524,1.158232333861945,-0.6498980467503634
369.70000000086526,1.1636622595116373,-0.6504257913906442
369.8000000008653,1.1690935291089362,-0.6509426953334414
369.9000000008653,1.1745261210102487,-0.6514487553102688
370.0000000008653,1.1799600135622081,-0.6519439681073287
370.10000000086535,1.185395185107175,-0.6524283305353726
370.2000000008654,1.1908316139762165,-0.6529018394700281
370.3000000008654,1.1962692784961952,-0.6533644918114859
370.4000000008654,1.2017081569846835,-0.653816284514724
370.50000000086544,1.2071482277524912,-0.6542572145750887
370.60000000086546,1.2125894691039654,-0.6546872790269602
370.7000000008655,1.2180318593352204,-0.6551064749552806
370.8000000008655,1.2234753767360285,-0.65551479948405
370.90000000086553,1.2289199995897753,-0.6559122497777086
371.00000000086555,1.2343657061711624,-0.6562988230555991
371.1000000008656,1.2398124747511083,-0.6566745165617086
371.2000000008656,1.2452602835905417,-0.6570393276051488
371.3000000008656,1.2507091109466757,-0.6573932535196874
371.40000000086565,1.2561589350685332,-0.6577362916940843
371.50000000086567,1.261609734199184,-0.6580684395576177
371.6000000008657,1.2670614865760128,-0.6583896945787422
371.7000000008657,1.272514170429181,-0.6587000542766565
371.80000000086574,1.2779677639832898,-0.6589995162097593
371.90000000086576,1.2834222454573647,-0.6592880779770305
372.0000000008658,1.288877593062847,-0.6595657372325459
372.1000000008658,1.2943337850078898,-0.6598324916551089
372.2000000008658,1.2997907994919564,-0.6600883389888716
372.30000000086585,1.3052486147112914,-0.660333277002725
372.4000000008659,1.3107072088550473,-0.6605673035207351
372.5000000008659,1.3161665601072337,-0.6607904164076188
372.6000000008659,1.3216266466469588,-0.6610026135673979
372.70000000086594,1.3270874466471274,-0.6612038929550009
372.80000000086596,1.3325489382758735,-0.6613942525646804
372.900000000866,1.338011099696562,-0.6615736904313958
373.000000000866,1.3434739090660723,-0.661742204645374
373.10000000086603,1.34893734453849,-0.6618997933216448
373.20000000086605,1.3544013842605283,-0.6620464546407817
373.3000000008661,1.3598660063761758,-0.6621821868081708
373.4000000008661,1.3653311890234332,-0.6623069880845343
373.5000000008661,1.3707969103359687,-0.6624208567713628
373.60000000086615,1.3762631484433356,-0.6625237912095641
373.70000000086617,1.3817298814699046,-0.6626157897910933
373.8000000008662,1.3871970875360649,-0.6626968509473388
373.9000000008662,1.3926647447582539,-0.6627669731505058
374.00000000086624,1.3981328312475276,-0.6628261549282171
374.10000000086626,1.403601325112645,-0.6628743948329618
374.2000000008663,1.4090702044563055,-0.6629116914829432
374.3000000008663,1.414539447378981,-0.6629380435212395
374.4000000008663,1.4200090319762633,-0.6629534496464053
374.50000000086635,1.42547893634023,-0.6629579085978645
374.6000000008664,1.4309491385596376,-0.6629514191545534
374.7000000008664,1.4364196167190775,-0.6629339801465777
374.8000000008664,1.441890348899943,-0.6629055904435688
374.90000000086644,1.4473613131804974,-0.6628662489560702
375.00000000086646,1.4528324876347432,-0.6628159546501668
375.1000000008665,1.458303850334885,-0.6627547065168666
375.2000000008665,1.4637753793483703,-0.6626825036130348
375.30000000086653,1.469247052740918,-0.6625993450204661
375.40000000086656,1.4747188485744869,-0.6625052298765477
375.5000000008666,1.4801907449083425,-0.6624001573596201
375.6000000008666,1.4856627197992132,-0.6622841266876163
375.7000000008666,1.4911347513006876,-0.6621571371297397
375.80000000086665,1.4966068174639555,-0.6620191879947981
375.90000000086667,1.502078896337897,-0.6618702786325865
376.0000000008667,1.5075509659682393,-0.6617104084485477
376.1000000008667,1.5130230043994095,-0.6615395768730903
376.20000000086674,1.5184949896724047,-0.6613577834025997
376.30000000086676,1.5239668998269917,-0.661165027558433
376.4000000008668,1.5294387129002844,-0.6609613089176338
376.5000000008668,1.5349104069275237,-0.6607466270982674
376.6000000008668,1.5403819599422164,-0.6605209817580561
376.70000000086685,1.545853349975761,-0.6602843726060739
376.8000000008669,1.5513245550579455,-0.6600367993910594
376.9000000008669,1.5567955532170645,-0.6597782619027999
377.0000000008669,1.5622663224793754,-0.6595087599868119
377.10000000086694,1.567736840870336,-0.6592282935136127
377.20000000086696,1.5732070864133023,-0.6589368624197873
377.300000000867,1.5786770371309031,-0.6586344666669253
377.400000000867,1.5841466710442307,-0.6583211062723755
377.50000000086703,1.5896159661733251,-0.6579967812945614
377.60000000086706,1.5950849005372816,-0.6576614918316097
377.7000000008671,1.6005534521541174,-0.6573152380330587
377.8000000008671,1.6060215990410402,-0.6569580200881582
377.9000000008671,1.6114893192145892,-0.6565898382272498
378.00000000086715,1.6169565906903816,-0.6562106927364644
378.10000000086717,1.6224233914837378,-0.6558205839269582
378.2000000008672,1.6278896996091974,-0.6554195121760201
378.3000000008672,1.6333554930810745,-0.6550074778859669
378.40000000086724,1.638820749913266,-0.6545844815149242
378.50000000086726,1.6442854481194429,-0.6541505235621254
378.6000000008673,1.6497495657131296,-0.6537056045665419
378.7000000008673,1.655213080707803,-0.653249725118596
378.8000000008673,1.6606759711169214,-0.6527828858484503
378.90000000086735,1.666138214954101,-0.6523050874273866
379.0000000008674,1.6715997902331585,-0.6518163305825136
379.1000000008674,1.6770606749681143,-0.6513166160659796
379.2000000008674,1.6825208471735382,-0.6508059446961034
379.30000000086744,1.6879802848642735,-0.6502843173162456
379.40000000086746,1.6934389660558655,-0.6497517348256027
379.5000000008675,1.6988968687644581,-0.6492081981644979
379.6000000008675,1.7043539710068498,-0.6486537083130082
379.70000000086753,1.7098102508008197,-0.6480882663026791
379.80000000086756,1.7152656861649263,-0.6475118732048117
379.9000000008676,1.720720255118712,-0.6469245301318365
380.0000000008676,1.726173935683045,-0.6463262382520256
380.1000000008676,1.7316267058795005,-0.6457169987586961
380.20000000086765,1.7370785437315204,-0.6450968129113464
380.30000000086767,1.742529427263325,-0.644465681994519
380.4000000008677,1.7479793345009615,-0.6438236073485986
380.5000000008677,1.753428243471906,-0.6431705903550975
380.60000000086774,1.7588761322050805,-0.6425066324352826
380.70000000086776,1.7643229787314243,-0.6418317350618867
380.8000000008678,1.7697687610834523,-0.6411458997473961
380.9000000008678,1.775213457295489,-0.6404491280454214
381.00000000086783,1.7806570454043018,-0.6397414215654069
381.10000000086785,1.7860995034478704,-0.6390227819418356
381.2000000008679,1.7915408094673764,-0.6382932108753572
381.3000000008679,1.7969809415052822,-0.6375527100916585
381.4000000008679,1.8024198776069937,-0.6368012813722499
381.50000000086794,1.807857595820166,-0.6360389265397559
381.60000000086796,1.8132940741947043,-0.6352656474565392
381.700000000868,1.8187292907835662,-0.6344814460364061
381.800000000868,1.8241632236420835,-0.6336863242328982
381.90000000086803,1.8295958508282206,-0.6328802840406584
382.00000000086806,1.835027150403509,-0.6320633275101333
382.1000000008681,1.840457100431192,-0.6312354567167925
382.2000000008681,1.8458856789790454,-0.6303966738022309
382.3000000008681,1.8513128641166268,-0.6295469809330627
382.40000000086815,1.8567386339175624,-0.6286863803316858
382.50000000086817,1.8621629664585564,-0.6278148742615806
382.6000000008682,1.8675858398193559,-0.6269324650259345
382.7000000008682,1.8730072320837898,-0.6260391549793348
382.80000000086824,1.8784271213388628,-0.6251349465160697
382.90000000086826,1.8838454856750402,-0.6242198420714896
383.0000000008683,1.8892623031874765,-0.6232938441366961
383.1000000008683,1.8946775519735406,-0.6223569552277877
383.20000000086833,1.9000912101364602,-0.6214091779269197
383.30000000086835,1.9055032557817473,-0.6204505148412403
383.4000000008684,1.9109136670201055,-0.6194809686336173
383.5000000008684,1.9163224219661377,-0.6185005420079535
383.6000000008684,1.9217294987382902,-0.6175092377078117
383.70000000086844,1.9271348754601254,-0.6165070585280898
383.80000000086847,1.9325385302591784,-0.6154940073033359
383.9000000008685,1.9379404412672714,-0.6144700869091042
384.0000000008685,1.9433405866220337,-0.6134353002766266
384.10000000086853,1.9487389444638112,-0.6123896503620956
384.20000000086856,1.9541354929401376,-0.6113331401876638
384.3000000008686,1.9595302102013332,-0.6102657728004397
384.4000000008686,1.9649230744040258,-0.6091875513031672
384.5000000008686,1.9703140637095715,-0.6080984788395607
384.60000000086865,1.9757031562839698,-0.6069985585929303
384.70000000086867,1.9810903302993694,-0.6058877937978355
384.8000000008687,1.9864755639326832,-0.6047661877284196
384.9000000008687,1.9918588353659326,-0.6036337436997613
385.00000000086874,1.997240122788071,-0.602490465082518
385.10000000086876,2.002619404391271,-0.6013363552722615
385.2000000008688,2.0079966583762143,-0.6001714177304031
385.3000000008688,2.013371862946874,-0.5989956559432615
385.40000000086883,2.0187449963146498,-0.5978090734526835
385.50000000086885,2.024116036696495,-0.5966116738414045
385.6000000008689,2.0294849623147995,-0.5954034607316762
385.7000000008689,2.0348517513991293,-0.5941844377968936
385.8000000008689,2.040216382184618,-0.5929546087499538
385.90000000086894,2.0455788329123314,-0.5917139773446005
386.00000000086897,2.0509390818313777,-0.5904625473900353
386.100000000869,2.0562971071945886,-0.5892003227203186
386.200000000869,2.061652887264631,-0.5879273072352009
386.30000000086903,2.067006400307964,-0.5866435048592833
386.40000000086906,2.072357624599589,-0.5853489195725636
386.5000000008691,2.0777065384208813,-0.5840435553958317
386.6000000008691,2.083053120059449,-0.5827274163892977
386.7000000008691,2.0883973478111093,-0.5814005066641885
386.80000000086915,2.093739199978039,-0.5800628303711348
386.90000000086917,2.0990786548691664,-0.5787143917015078
387.0000000008692,2.104415690802576,-0.5773551949019949
387.1000000008692,2.109750286100576,-0.5759852442440745
387.20000000086924,2.115082419096641,-0.5746045440647414
387.30000000086926,2.1204120681285366,-0.573213098725772
387.4000000008693,2.1257392115436797,-0.5718109126441882
387.5000000008693,2.1310638276966776,-0.5703979902776892
387.60000000086933,2.136385894949169,-0.5689743361232823
387.70000000086935,2.141705391672029,-0.5675399547288446
387.8000000008694,2.1470222962432786,-0.566094850681542
387.9000000008694,2.1523365870485147,-0.5646390286091598
388.0000000008694,2.1576482424836136,-0.5631724931946329
388.10000000086944,2.162957240949169,-0.5616952491456123
388.20000000086947,2.1682635608582483,-0.5602073012350635
388.3000000008695,2.1735671806287074,-0.5587086542606563
388.4000000008695,2.1788680786891765,-0.55719931307513
388.50000000086953,2.184166233476301,-0.5556792825717702
388.60000000086956,2.189461623434541,-0.5541485676830427
388.7000000008696,2.194754227018609,-0.5526071733921154
388.8000000008696,2.2000440226911646,-0.5510551047213152
388.9000000008696,2.2053309889232593,-0.5494923667334501
389.00000000086965,2.2106151041973323,-0.5479189645462896
389.10000000086967,2.2158963470010393,-0.5463349033022331
389.2000000008697,2.221174695835823,-0.5447401882087659
389.3000000008697,2.2264501292084127,-0.5431348244979906
389.40000000086974,2.2317226256374196,-0.5415188174568797
389.50000000086976,2.236992163650286,-0.539892172412806
389.6000000008698,2.2422587217830587,-0.5382548947321801
389.7000000008698,2.2475222785830615,-0.5366069898319251
389.80000000086983,2.2527828126063527,-0.5349484631679762
389.90000000086985,2.2580403024181983,-0.5332793202365947
390.0000000008699,2.2632947265963503,-0.5315995665887951
390.1000000008699,2.2685460637242767,-0.5299092078001251
390.2000000008699,2.2737942924005483,-0.5282082495109618
390.30000000086994,2.2790393912295217,-0.5264966973862015
390.40000000086997,2.284281338828534,-0.5247745571453926
390.50000000087,2.2895201138245653,-0.5230418345483203
390.60000000087,2.294755694853987,-0.5212985353936469
390.70000000087003,2.299988060565471,-0.5195446655303378
390.80000000087006,2.3052171896172036,-0.5177802308462084
390.9000000008701,2.3104430606773896,-0.5160052372692292
391.0000000008701,2.315665652427829,-0.5142196907818917
391.1000000008701,2.3208849435565297,-0.5124235973911141
391.20000000087015,2.3261009127679086,-0.5106169631683629
391.30000000087017,2.3313135387726605,-0.5087997942095159
391.4000000008702,2.336522800295566,-0.5069720966648609
391.5000000008702,2.3417286760718556,-0.5051338767247427
391.60000000087024,2.3469311448469368,-0.5032851406182075
391.70000000087026,2.3521301853795245,-0.501425894624374
391.8000000008703,2.3573257764386404,-0.49955614506103446
391.9000000008703,2.3625178968041323,-0.4976758982859478
392.00000000087033,2.367706525270538,-0.49578516071113954
392.10000000087035,2.372891640639094,-0.49388393877294523
392.2000000008704,2.3780732217287515,-0.4919722389719423
392.3000000008704,2.38325124736523,-0.49005006783300153
392.4000000008704,2.3884256963894286,-0.4881174319351384
392.50000000087044,2.3935965476535053,-0.4861743378972284
392.60000000087047,2.3987637800205768,-0.48422079237665794
392.7000000008705,2.4039273723680776,-0.48225680208063726
392.8000000008705,2.4090873035845246,-0.4802823737548548
392.90000000087053,2.414243552570069,-0.4782975141847623
393.00000000087056,2.4193960982406475,-0.47630223020980067
393.1000000008706,2.4245449195193833,-0.47429652869359545
393.2000000008706,2.429689995348408,-0.4722804165636798
393.3000000008706,2.434831304677112,-0.47025390077175266
393.40000000087065,2.4399688264711585,-0.46821698832337166
393.50000000087067,2.4451025397082757,-0.46616968626374156
393.6000000008707,2.450232423377922,-0.4641120016763712
393.7000000008707,2.4553584564848814,-0.4620439416943215
393.80000000087074,2.4604806180457937,-0.45996551348892273
393.90000000087076,2.465598887089735,-0.45787672427104886
394.0000000008708,2.470713242662657,-0.4557775813052656
394.1000000008708,2.4758236638181867,-0.4536680918801858
394.20000000087083,2.480930129630246,-0.4515482633479689
394.30000000087085,2.4860326191805044,-0.449418103084802
394.4000000008709,2.491131111567993,-0.44727761852042425
394.5000000008709,2.4962255859046047,-0.44512681712399405
394.6000000008709,2.501316021314733,-0.44296570640275046
394.70000000087094,2.506402396939097,-0.4407942939131931
394.80000000087097,2.5114846919310487,-0.4386125872498655
394.900000000871,2.516562885457173,-0.4364205940466188
395.000000000871,2.5216369567020065,-0.4342183219906752
395.10000000087103,2.5267068848582515,-0.43200577879315843
395.20000000087106,2.531772649140188,-0.4297829722283535
395.3000000008711,2.5368342287703287,-0.42754991009442606
395.4000000008711,2.541891602989625,-0.4253066002427617
395.5000000008711,2.5469447510526844,-0.42305305056391984
395.60000000087115,2.551993652227389,-0.4207892689863033
395.70000000087117,2.5570382857989404,-0.4185152634872652
395.8000000008712,2.562078631065936,-0.41623104208196227
395.9000000008712,2.5671146673409995,-0.41393661282460537
396.00000000087124,2.5721463739557873,-0.4116319838224329
396.10000000087126,2.5771737302506033,-0.4093171632064294
396.2000000008713,2.5821967155886023,-0.40699215917033066
396.3000000008713,2.5872153093416523,-0.40465697993159566
396.40000000087133,2.5922294909011345,-0.40231163376055024
396.50000000087135,2.5972392396728825,-0.39995612896643246
396.6000000008714,2.602244535076764,-0.3975904738960706
396.7000000008714,2.607245356550953,-0.3952146769449125
396.8000000008714,2.6122416835477797,-0.39282874654595257
396.90000000087144,2.6172334955343928,-0.3904326911709715
397.00000000087147,2.622220771998049,-0.3880265193444148
397.1000000008715,2.6272034924351297,-0.38561023961430785
397.2000000008715,2.6321816363661314,-0.38318386059098775
397.30000000087153,2.637155183320738,-0.38074739090834786
397.40000000087156,2.6421241128492214,-0.37830083925277613
397.5000000008716,2.647088404517092,-0.3758442143492971
397.6000000008716,2.652048037904649,-0.37337752496025445
397.7000000008716,2.6570029926114787,-0.3709007798962599
397.80000000087165,2.6619532482520882,-0.3684139880052012
397.90000000087167,2.666898784456584,-0.3659171581734679
398.0000000008717,2.67183958087624,-0.36341029933972807
398.1000000008717,2.676775617171932,-0.36089342046605455
398.20000000087174,2.6817068730299143,-0.358366530576369
398.30000000087176,2.686633328146108,-0.35582963871797285
398.4000000008718,2.691554962238071,-0.35328275399026676
398.5000000008718,2.6964717550393766,-0.3507258855309946
398.60000000087183,2.7013836862991516,-0.34815904251493557
398.70000000087185,2.7062907357867907,-0.34558223416476536
398.8000000008719,2.7111928832873566,-0.34299546974014866
398.9000000008719,2.716090108602285,-0.3403987585389525
399.0000000008719,2.720982391555232,-0.3377921099109149
399.10000000087194,2.7258697119799304,-0.3351755332289942
399.20000000087197,2.7307520497367475,-0.33254903792750845
399.300000000872,2.735629384696189,-0.3299126334639693
399.400000000872,2.7405016967514486,-0.32726632934757066
399.50000000087203,2.745368965812508,-0.3246101351255406
399.60000000087206,2.750231171805656,-0.32194406038184337
399.7000000008721,2.7550882946784117,-0.31926811474794975
399.8000000008721,2.7599403143947057,-0.3165823078920172
399.9000000008721,2.764787210935617,-0.3138866495200894
400.00000000087215,2.769628964305505,-0.3111811493896516
400.10000000087217,2.774465554519273,-0.308465817281215
400.2000000008722,2.779296961619682,-0.30574066303613745
400.3000000008722,2.7841231656601044,-0.30300569651877474
400.40000000087224,2.788944146717652,-0.30026092764472667
400.50000000087226,2.7937598848870002,-0.2975063663673029
400.6000000008723,2.7985703602798635,-0.29474202267623395
400.7000000008723,2.8033755530301474,-0.29196790660834687
400.80000000087233,2.808175443288917,-0.28918402823683864
400.90000000087235,2.8129700112251506,-0.2863903976724608
401.0000000008724,2.8177592370321385,-0.2835870250769562
401.1000000008724,2.8225431009141815,-0.28077392063489015
401.2000000008724,2.8273215831046796,-0.27795109459113543
401.30000000087244,2.8320946638481055,-0.27511855721335754
401.40000000087247,2.8368623234137056,-0.27227631882000713
401.5000000008725,2.8416245420890505,-0.2694243897669049
401.6000000008725,2.846381300179483,-0.2665627804459622
401.70000000087254,2.8511325780134964,-0.26369150129575714
401.80000000087256,2.855878355937477,-0.26081056279090575
401.9000000008726,2.8606186143164853,-0.25791997544323153
402.0000000008726,2.8653533335409227,-0.25501974981507897
402.1000000008726,2.8700824940126632,-0.25210989649140125
402.20000000087265,2.874806076163901,-0.2491904261168954
402.30000000087267,2.879524060438365,-0.24626134935883653
402.4000000008727,2.8842364273055825,-0.24332267693480417
402.5000000008727,2.8889431572541566,-0.24037441959939304
402.60000000087274,2.893644230791204,-0.23741658814294422
402.70000000087276,2.898339628447931,-0.23444919340201625
402.8000000008728,2.9030293307741664,-0.23147224624885782
402.9000000008728,2.9077133183391632,-0.22848575759256326
403.00000000087283,2.9123915717385387,-0.2254897383922571
403.10000000087285,2.9170640715798393,-0.2224841996294501
403.2000000008729,2.921730798502142,-0.21946915234480674
403.3000000008729,2.926391733156516,-0.2164446076013457
403.4000000008729,2.931046856220851,-0.21341057651188927
403.50000000087294,2.93569614839286,-0.21036707022590462
403.60000000087297,2.940339590389487,-0.2073140999282462
403.700000000873,2.944977162952699,-0.2042516768495182
403.800000000873,2.9496088468438124,-0.20117981225565312
403.90000000087304,2.954234622844317,-0.198098517449051
404.00000000087306,2.9588544717630842,-0.1950078037816288
404.1000000008731,2.963468374421365,-0.19190768262745783
404.2000000008731,2.968076311673126,-0.18879816541915123
404.3000000008731,2.9726782643847836,-0.18567926361144338
404.40000000087315,2.9772742134505847,-0.18255098870835046
404.5000000008732,2.9818641397853476,-0.17941335225014737
404.6000000008732,2.9864480243238356,-0.1762663658121218
404.7000000008732,2.9910258480267577,-0.17311004101482474
404.80000000087324,2.9955975918748914,-0.16994438951375962
404.90000000087326,3.0001632368699234,-0.16676942300050424
405.0000000008733,3.0047227640419223,-0.16358515321561923
405.1000000008733,3.009276154433784,-0.16039159192157854
405.20000000087333,3.0138233891223156,-0.15718875093876244
405.30000000087335,3.0183644491972155,-0.15397664210943005
405.4000000008734,3.022899315777013,-0.15075527732457966
405.5000000008734,3.0274279700015416,-0.14752466851106738
405.6000000008734,3.031950393031285,-0.14428482763037337
405.70000000087344,3.0364665660535994,-0.1410357666887353
405.80000000087347,3.040976470276608,-0.13777749772695164
405.9000000008735,3.0454800869300787,-0.1345100328214882
406.0000000008735,3.0499773972731505,-0.13123338409724156
406.10000000087354,3.0544683825782366,-0.1279475637007712
406.20000000087356,3.058953024152835,-0.12465258383588083
406.3000000008736,3.063431303317781,-0.12134845672800121
406.4000000008736,3.0679032014237224,-0.11803519465074
406.5000000008736,3.0723686998433353,-0.1147128099131477
406.60000000087365,3.076827779970657,-0.11138131485849642
406.7000000008737,3.081280423227499,-0.10804072187429045
406.8000000008737,3.085726611057143,-0.10469104338218926
406.9000000008737,3.090166324925233,-0.10133229183909795
407.00000000087374,3.094599546327771,-0.09796447974977984
407.10000000087376,3.0990262567744695,-0.09458761964040198
407.2000000008738,3.1034464378112894,-0.09120172409368899
407.3000000008738,3.107860070997962,-0.08780680571373196
407.40000000087383,3.112267137925011,-0.08440287715221734
407.50000000087385,3.1166676202057086,-0.08098995109584432
407.6000000008739,3.121061499475382,-0.07756804026511656
407.7000000008739,3.1254487573980256,-0.07413715742422756
407.8000000008739,3.1298293756597984,-0.07069731537110654
407.90000000087394,3.134203335969936,-0.06724852693849068
408.00000000087397,3.138570620069002,-0.0637908050063817
408.100000000874,3.142931209711707,-0.060324162475916904
408.200000000874,3.147285086690153,-0.056848612304082835
408.30000000087404,3.1516322328106496,-0.05336416746896356
408.40000000087406,3.155972629911264,-0.049870840995637045
408.5000000008741,3.1603062598535208,-0.0463686459437488
408.6000000008741,3.16463310452168,-0.04285759540631644
408.7000000008741,3.16895314582956,-0.03933770251948715
408.80000000087415,3.173266365713829,-0.03580898045271086
408.9000000008742,3.177572746134941,-0.03227144240979336
409.0000000008742,3.181872269085635,-0.02872510164119103
409.1000000008742,3.1861649165732224,-0.0251699714182192
409.20000000087424,3.1904506706435405,-0.021606065067312455
409.30000000087426,3.194729513357058,-0.0180333959357249
409.4000000008743,3.1990014268069578,-0.01445197741708154
409.5000000008743,3.2032663931105834,-0.010861822939115183
409.60000000087433,3.2075243944086957,-0.007262945962485873
409.70000000087435,3.211775412872484,-0.0036553599904044724
409.8000000008744,3.2160194306966603,-3.907855893715461e-05
409.9000000008744,3.2202564301004193,0.003585884761959715
410.0000000008744,3.2244863933361887,0.007219516356311288
410.10000000087445,3.228709302671398,0.01086180258756942
410.20000000087447,3.2329251404131165,0.014512729764821812
410.3000000008745,3.237133888883473,0.01817228417662365
410.4000000008745,3.2413355304382456,0.021840452065800542
410.50000000087454,3.2455300474580664,0.02551721964154343
410.60000000087456,3.249717422347649,0.029202573080574487
410.7000000008746,3.253897637543005,0.032896498517662125
410.8000000008746,3.258070675504338,0.03659898205518102
410.9000000008746,3.262236518717022,0.04031000976209516
411.00000000087465,3.266395149700595,0.04402956766200079
411.1000000008747,3.270546550990015,0.04775764175821534
411.2000000008747,3.2746907051609826,0.0514942180004712
411.3000000008747,3.2788275948046754,0.05523928231826379
411.40000000087474,3.2829572025468536,0.058992820596018014
411.50000000087476,3.2870795110388116,0.06275481868501115
411.6000000008748,3.291194502956585,0.06652526240452429
411.7000000008748,3.295302161008358,0.07030413753249912
411.80000000087483,3.2994024679271625,0.07409142981495823
411.90000000087485,3.3034954064718827,0.077887124965008
412.0000000008749,3.3075809594364918,0.08169120865105858
412.1000000008749,3.3116591096307944,0.08550366652154362
412.2000000008749,3.3157298399064237,0.08932448417211039
412.30000000087495,3.3197931331309,0.09315364717847271
412.40000000087497,3.323848972207241,0.09699114107195378
412.500000000875,3.3278973400646725,0.10083695135123119
412.600000000875,3.3319382196578164,0.10469106348347222
412.70000000087504,3.335971593974281,0.10855346289513504
412.80000000087506,3.3399974460271755,0.11242413498124708
412.9000000008751,3.3440157588561266,0.1163030651044282
413.0000000008751,3.348026515536752,0.12019023858329184
413.1000000008751,3.352029699160907,0.12408564071678568
413.20000000087515,3.3560252928633583,0.1279892567518917
413.3000000008752,3.360013279795166,0.13190107191597042
413.4000000008752,3.363993643143786,0.1358210713926899
413.5000000008752,3.3679663661235426,0.13974924033358854
413.60000000087524,3.3719314319747964,0.1436855638591944
413.70000000087526,3.3758888239717244,0.14763002704997452
413.8000000008753,3.3798385254146437,0.1515826149554657
413.9000000008753,3.383780519631049,0.1555433125933181
414.00000000087533,3.3877147899853237,0.15951210493788287
414.10000000087535,3.3916413198584845,0.16348897694416503
414.2000000008754,3.395560092675516,0.16747391351604898
414.3000000008754,3.399471091878095,0.1714668995381184
414.4000000008754,3.403374300945182,0.17546791985198001
414.50000000087545,3.4072697033832666,0.1794769592676388
414.60000000087547,3.4111572827254997,0.1834940025646007
414.7000000008755,3.4150370225396687,0.18751903448297771
414.8000000008755,3.4189089064203237,0.19155203973246585
414.90000000087554,3.4227729179898447,0.19559300299140875
415.00000000087556,3.426629040908377,0.19964190889557648
415.1000000008756,3.430477258853096,0.2036987420617205
415.2000000008756,3.434317555546188,0.20776348705633813
415.3000000008756,3.438149914726922,0.21183612842695454
415.40000000087565,3.4419743201727298,0.21591665067885163
415.5000000008757,3.445790755689208,0.2200050382862509
415.6000000008757,3.44959920510924,0.2241012756934
415.7000000008757,3.4533996523011434,0.22820534730583403
415.80000000087574,3.4571920811606205,0.23231723749919966
415.90000000087576,3.4609764756118375,0.23643693061833954
416.0000000008758,3.464752819617603,0.2405644109662674
416.1000000008758,3.46852109715814,0.24469966282731376
416.20000000087583,3.4722812922597033,0.2488426704364404
416.30000000087585,3.4760333889660124,0.25299341800997344
416.4000000008759,3.4797773713598077,0.2571518897227474
416.5000000008759,3.483513223552631,0.2613180697190923
416.6000000008759,3.4872409296839275,0.2654919421139018
416.70000000087595,3.490960473929365,0.26967349098405496
416.80000000087597,3.4946718404925976,0.2738627003770825
416.900000000876,3.4983750136063723,0.2780595543102726
417.000000000876,3.5020699775429316,0.28226403675984557
417.10000000087604,3.5057567165923125,0.28647613168368125
417.20000000087606,3.509435215091587,0.29069582299119856
417.3000000008761,3.5131054573956746,0.29492309457352484
417.4000000008761,3.516767427899364,0.2991579302810654
417.5000000008761,3.520421111026872,0.3034003139342889
417.60000000087615,3.5240664912309057,0.3076502293247788
417.7000000008762,3.5277035530011696,0.3119076602068179
417.8000000008762,3.531332280855958,0.3161725903058923
417.9000000008762,3.534952659343277,0.3204450033178189
418.00000000087624,3.5385646730514617,0.32472488289812573
418.10000000087626,3.542168306587018,0.32901221268435143
418.2000000008763,3.5457635446044726,0.333306976266502
418.3000000008763,3.549350371776571,0.3376091572166442
418.40000000087633,3.5529287728167604,0.3419187390669095
418.50000000087635,3.5564987324685227,0.34623570532007314
418.6000000008764,3.5600602355044275,0.3505600394505872
418.7000000008764,3.563613266734798,0.3548917248963336
418.8000000008764,3.5671578109991313,0.3592307450669604
418.90000000087645,3.5706938531672403,0.3635770833430333
419.00000000087647,3.5742213781500958,0.3679307230656268
419.1000000008765,3.5777403708772053,0.3722916475581848
419.2000000008765,3.581250816327062,0.3766598400975647
419.30000000087654,3.5847526994967494,0.38103528394304476
419.40000000087656,3.5882460054248604,0.3854179623147722
419.5000000008766,3.5917307191806267,0.389807858404131
419.6000000008766,3.595206825862938,0.39420495537475486
419.7000000008766,3.5986743106091916,0.39860923635445356
419.80000000087665,3.6021331585865375,0.4030206844433811
419.9000000008767,3.605583354993037,0.40743928271320784
420.0000000008767,3.6090248850687017,0.41186501419692256
420.1000000008767,3.612457734072442,0.41629786191025003
420.20000000087674,3.6158818873131127,0.4207378088232992
420.30000000087676,3.619297330118516,0.425184837888967
420.4000000008768,3.6227040478587624,0.4296389320218369
420.5000000008768,3.6261020259351833,0.4341000741083344
420.60000000087683,3.6294912497793437,0.43856824700772323
420.70000000087686,3.6328717048620405,0.4430434335442037
420.8000000008769,3.636243376684393,0.4475256165149064
420.9000000008769,3.639606250779007,0.4520147786890891
421.0000000008769,3.64296031272123,0.4565109027981589
421.10000000087695,3.646305548105663,0.46101397155663315
421.20000000087697,3.6496419425777846,0.4655239676343982
421.300000000877,3.6529694818023746,0.47004087368450287
421.400000000877,3.6562881514873,0.4745646723225209
421.50000000087704,3.659597937372221,0.4790953461364855
421.60000000087706,3.6628988252275874,0.48363287768786317
421.7000000008771,3.6661908008638013,0.48817724950383345
421.8000000008771,3.6694738501221353,0.49272844408510763
421.9000000008771,3.672747958875922,0.4972864439051462
422.00000000087715,3.6760131130420124,0.5018512314004038
422.1000000008772,3.6792692985568554,0.5064227889908249
422.2000000008772,3.682516501408683,0.5110010990527313
422.3000000008772,3.685754707605371,0.5155861439459886
422.40000000087724,3.688983903198651,0.5201779059938383
422.50000000087726,3.6922040742726194,0.5247763674926109
422.6000000008773,3.6954152069427018,0.5293815107126805
422.7000000008773,3.698617287364975,0.5339933178909246
422.80000000087733,3.7018103017269235,0.5386117712383615
422.90000000087736,3.704994236248649,0.5432368529393934
423.0000000008774,3.7081690771945377,0.5478685451422789
423.1000000008774,3.7113348108489053,0.5525068299791547
423.2000000008774,3.7144914235487443,0.5571516895395574
423.30000000087745,3.717638901651024,0.5618031058969568
423.40000000087747,3.7207772315573253,0.5664610610890687
423.5000000008775,3.723906399702139,0.5711255371273378
423.6000000008775,3.727026392551816,0.5757965159978711
423.70000000087754,3.730137196614047,0.580473979654083
423.80000000087756,3.7332387984284616,0.5851579100241522
423.9000000008776,3.736331184567849,0.589848289010288
424.0000000008776,3.7394143416500167,0.5945450984794309
424.1000000008776,3.742488256313035,0.5992483202827947
424.20000000087765,3.7455529152485254,0.6039579362300371
424.3000000008777,3.7486083051684185,0.6086739281151443
424.4000000008777,3.7516544128299842,0.6133962776972306
424.5000000008777,3.7546912250239406,0.6181249667097899
424.60000000087774,3.757718728573386,0.6228599768616132
424.70000000087776,3.7607369103434234,0.6276012898296168
424.8000000008778,3.7637457572316135,0.6323488872661129
424.9000000008778,3.7667452561692087,0.6371027507981005
425.00000000087783,3.7697353941332086,0.6418628620182023
425.10000000087786,3.7727161581211943,0.6466292025037162
425.2000000008779,3.7756875351851455,0.651401753791444
425.3000000008779,3.7786495123976724,0.6561804974029186
425.4000000008779,3.7816020768774425,0.6609654148257005
425.50000000087795,3.7845452157770967,0.6657564875223936
425.60000000087797,3.787478916282155,0.6705536969315371
425.700000000878,3.7904031656207993,0.6753570244606286
425.800000000878,3.793317951054179,0.6801664514932064
425.90000000087804,3.7962232598776566,0.6849819593881635
426.00000000087806,3.7991190794330336,0.6898035294709224
426.1000000008781,3.802005397083013,0.6946311430519883
426.2000000008781,3.8048822002455296,0.6994647814024499
426.30000000087813,3.807749476359462,0.7043044257785362
426.40000000087815,3.8106072129104365,0.7091500574034151
426.5000000008782,3.8134553974185668,0.7140016574759716
426.6000000008782,3.816294017437346,0.7188592071716796
426.7000000008782,3.819123060563566,0.7237226876358176
426.80000000087824,3.821942514427469,0.7285920799903564
426.90000000087826,3.8247523666940135,0.7334673653332998
427.0000000008783,3.8275526050752937,0.7383485247301043
427.1000000008783,3.830343217304608,0.7432355392317227
427.20000000087833,3.8331241911712954,0.7481283898507856
427.30000000087836,3.8358955144859435,0.7530270575854792
427.4000000008784,3.838657175106569,0.7579315234018581
427.5000000008784,3.8414091609261733,0.7628417682423774
427.6000000008784,3.8441514598716147,0.7677577730267413
427.70000000087845,3.846884059913668,0.7726795186453173
427.80000000087847,3.8496069490570437,0.7776069859658316
427.9000000008785,3.8523201153416604,0.7825401558327325
428.0000000008785,3.8550235468552367,0.7874790090588528
428.10000000087854,3.8577172317069968,0.7924235264429429
428.20000000087856,3.860401158062989,0.7973736887465459
428.3000000008786,3.863075314110811,0.8023294767171814
428.4000000008786,3.8657396880861477,0.8072908710711764
428.50000000087863,3.8683942682601513,0.8122578525019524
428.60000000087865,3.8710390429383024,0.8172304016808545
428.7000000008787,3.873674000470599,0.822208499250763
428.8000000008787,3.876299129241443,0.8271921258325889
428.9000000008787,3.878914417670919,0.8321812620246629
429.00000000087874,3.881519854227565,0.8371758883946514
429.10000000087877,3.88411542740171,0.8421759854965664
429.2000000008788,3.8867011257412774,0.8471815338483362
429.3000000008788,3.8892769378160255,0.8521925139542954
429.40000000087883,3.8918428522444404,0.8572089062885422
429.50000000087886,3.8943988576809465,0.8622306913029743
429.6000000008789,3.8969449428147507,0.8672578494280918
429.7000000008789,3.899481096380167,0.8722903610668145
429.8000000008789,3.902007307146365,0.8773282066007768
429.90000000087895,3.904523563918664,0.8823713663897426
430.00000000087897,3.907029855551457,0.8874198207637718
430.100000000879,3.909526170921212,0.8924735500397015
430.200000000879,3.9120124989627367,0.8975325344994329
430.30000000087904,3.914488828632952,0.902596754411706
430.40000000087906,3.9169551489381376,0.9076661900159898
430.5000000008791,3.919411448920965,0.9127408215302675
430.6000000008791,3.9218577176593277,0.9178206291518181
430.70000000087913,3.9242939442767883,0.9229055930512355
430.80000000087915,3.926720117932205,0.9279956933785193
430.9000000008792,3.92913622782104,0.9330909102625162
431.0000000008792,3.931542263188443,0.9381912238033463
431.1000000008792,3.9339382133019116,0.9432966140883452
431.20000000087924,3.936324067488,0.9484070611710703
431.30000000087927,3.938699815095646,0.953522545092357
431.4000000008793,3.941065445523747,0.9586430458647535
431.5000000008793,3.943420948208043,0.9637685434800446
431.60000000087933,3.9457663126199165,0.9688990179100077
431.70000000087936,3.948101528276974,0.9740344491006441
431.8000000008794,3.950426584732538,0.9791748169780642
431.9000000008794,3.9527414715769726,0.9843201014479535
432.0000000008794,3.9550461784509237,0.9894702823882557
432.10000000087945,3.957340695017648,0.9946253396645754
432.20000000087947,3.9596250110001563,0.9997852531099141
432.3000000008795,3.9618991161441053,1.0049500025449958
432.4000000008795,3.964163000245696,1.0101195677632486
432.50000000087954,3.9664166531383955,1.0152939285380702
432.60000000087956,3.968660064691729,1.0204730646235645
432.7000000008796,3.9708932248219817,1.0256569557489754
432.8000000008796,3.9731161234815637,1.0308455816243627
432.90000000087963,3.975328750660347,1.0360389219400974
433.00000000087965,3.97753109639906,1.0412369563598134
433.1000000008797,3.9797231507612967,1.046439664535255
433.2000000008797,3.9819049038710777,1.0516470260867505
433.3000000008797,3.9840763458753217,1.0568590206228017
433.40000000087974,3.9862374669720575,1.0620756277256205
433.50000000087977,3.988388257396993,1.0672968269581276
433.6000000008798,3.990528707422299,1.0725225978646615
433.7000000008798,3.9926588073674134,1.0777529199656373
433.80000000087983,3.9947785475882966,1.0829877727630102
433.90000000087986,3.996887918478779,1.0882271357397906
434.0000000008799,3.9989869104841014,1.0934709883532547
434.1000000008799,4.001075514072616,1.0987193100492427
434.2000000008799,4.003153719773751,1.103972080243388
434.30000000087995,4.005221518140077,1.1092292783399544
434.40000000087997,4.007278899775819,1.1144908837179295
434.50000000088,4.009325855323281,1.1197568757377598
434.60000000088,4.011362375461616,1.1250272337420397
434.70000000088004,4.013388450917736,1.1303019370503762
434.80000000088006,4.0154040724554605,1.1355809649646393
434.9000000008801,4.01740923087687,1.140864296768511
435.0000000008801,4.019403917035987,1.1461519117209669
435.10000000088013,4.021388121810185,1.151443789070008
435.20000000088015,4.023361836138536,1.1567399080346377
435.3000000008802,4.025325050983494,1.16204024782295
435.4000000008802,4.027277757359693,1.1673447876187937
435.5000000008802,4.029219946320228,1.1726535065882358
435.60000000088024,4.031151608955408,1.1779663838802192
435.70000000088027,4.033072736403784,1.1832833986216547
435.8000000008803,4.034983319841177,1.1886045299224532
435.9000000008803,4.036883350482052,1.1939297568750988
436.00000000088033,4.038772819593328,1.1992590585484
436.10000000088036,4.040651718465501,1.2045924140006545
436.2000000008804,4.04252003845137,1.2099298022623945
436.3000000008804,4.044377770927339,1.2152712023537064
436.4000000008804,4.0462249073224905,1.2206165932714725
436.50000000088045,4.04806143910474,1.2259659539955585
436.60000000088047,4.049887357779581,1.2313192634894492
436.7000000008805,4.051702654901207,1.2366765006955547
436.8000000008805,4.053507322061426,1.2420376445400265
436.90000000088054,4.0553013508910505,1.24740267393236
437.00000000088056,4.057084733073845,1.2527715677594233
437.1000000008806,4.05885746031737,1.258144304898043
437.2000000008806,4.060619524392064,1.2635208641985178
437.30000000088063,4.062370917092185,1.2689012245011726
437.40000000088065,4.064111630265161,1.2742853646241765
437.5000000008807,4.065841655797605,1.2796732633694567
437.6000000008807,4.067560985614039,1.2850648995233087
437.7000000008807,4.0692696116881235,1.2904602518519253
437.80000000088074,4.070967526031485,1.295859299105989
437.90000000088077,4.072654720695095,1.3012620200203
438.0000000008808,4.074331187783347,1.3066683933080872
438.1000000008808,4.075996919424642,1.312078397673012
438.20000000088083,4.0776519078108056,1.3174920117934656
438.30000000088086,4.079296145157699,1.3229092143383399
438.4000000008809,4.080929623734807,1.3283299839554275
438.5000000008809,4.082552335851147,1.3337542992770586
438.6000000008809,4.08416427385396,1.339182138920689
438.70000000088095,4.0857654301400546,1.3446134814846507
438.80000000088097,4.087355797144528,1.3500483055525239
438.900000000881,4.088935367342155,1.3554865896927928
439.000000000881,4.090504133261577,1.3609283124534315
439.10000000088104,4.092062087455629,1.3663734523733262
439.20000000088106,4.093609222541124,1.3718219879673565
439.3000000008811,4.095145531159104,1.3772738977413828
439.4000000008811,4.096671006004668,1.3827291601812326
439.50000000088113,4.0981856398127645,1.3881877537580625
439.60000000088115,4.099689425356893,1.3936496569289187
439.7000000008812,4.1011823554605105,1.399114848132713
439.8000000008812,4.102664422985667,1.4045833057943613
439.9000000008812,4.104135620834409,1.4100550083244752
440.00000000088124,4.105595941963081,1.415529934114236
440.10000000088127,4.107045379352421,1.4210080615462202
440.2000000008813,4.108483926047629,1.4264893689802696
440.3000000008813,4.109911575118332,1.4319738347676891
440.40000000088133,4.111328319688631,1.4374614372408352
440.50000000088136,4.112734152922787,1.4429521547181858
440.6000000008814,4.114129068023907,1.4484459655048734
440.7000000008814,4.115513058245428,1.4539428478888894
440.8000000008814,4.11688611687968,1.4594427801450096
440.90000000088145,4.118248237259291,1.4649457405345014
441.00000000088147,4.119599412771592,1.4704517073002807
441.1000000008815,4.120939636828491,1.475960658677145
441.2000000008815,4.122268902906831,1.4814725728784455
441.30000000088154,4.1235872045080555,1.4869874281094857
441.40000000088156,4.124894535188489,1.4925052025577032
441.5000000008816,4.126190888544909,1.49802587439746
441.6000000008816,4.127476258213209,1.5035494217905492
441.70000000088163,4.12875063787998,1.5090758228826293
441.80000000088165,4.1300140212709895,1.5146050558069146
441.9000000008817,4.131266402152582,1.5201370986839162
442.0000000008817,4.13250777434618,1.5256719296168857
442.1000000008817,4.133738131697956,1.531209526701447
442.20000000088174,4.134957468119483,1.5367498680130733
442.30000000088177,4.136165777547099,1.542292931619681
442.4000000008818,4.137363053972399,1.5478386955724188
442.5000000008818,4.1385492914276965,1.553387137910166
442.60000000088183,4.139724483984695,1.5589382366600129
442.70000000088186,4.14088862576614,1.564491969833925
442.8000000008819,4.142041710934202,1.5700483154322051
442.9000000008819,4.143183733691899,1.5756072514432642
443.0000000008819,4.144314688297705,1.5811687558393608
443.10000000088195,4.145434569034997,1.5867328065856183
443.20000000088197,4.146543370252974,1.5922993816283078
443.300000000882,4.147641086325763,1.5978684589066352
443.400000000882,4.148727711683097,1.6034400163441487
443.50000000088204,4.149803240795695,1.6090140318529398
443.60000000088206,4.1508676681739125,1.614590483334099
443.7000000008821,4.151920988379466,1.6201693486746085
443.8000000008821,4.152963196013742,1.6257506057505755
443.90000000088213,4.1539942857192305,1.631334232427033
444.00000000088215,4.155014252194215,1.6369202065539659
444.1000000008822,4.156023090162035,1.642508505974721
444.2000000008822,4.157020794412254,1.6480991085151113
444.3000000008822,4.158007359759509,1.6536919919943824
444.40000000088224,4.1589827810743785,1.6592871342172288
444.50000000088227,4.159947053268667,1.6648845129777086
444.6000000008823,4.160900171294049,1.6704841060596693
444.7000000008823,4.161842130153859,1.676085891233882
444.80000000088233,4.162772924891338,1.6816898462610326
444.90000000088236,4.163692550591062,1.6872959488915504
445.0000000008824,4.164601002393722,1.6929041768619306
445.1000000008824,4.1654982754652075,1.6985145079025321
445.2000000008824,4.166384365037997,1.7041269197275066
445.30000000088245,4.1672592663697845,1.70974139004494
445.40000000088247,4.1681229747745245,1.7153578965494845
445.5000000008825,4.1689754856076195,1.7209764169259767
445.6000000008825,4.169816794264561,1.726596928849839
445.70000000088254,4.170646896192771,1.7322194099844457
445.80000000088256,4.171465786879803,1.73784383798389
445.9000000008826,4.1722734618547594,1.743470190492836
446.0000000008826,4.173069916703158,1.7490984451431353
446.10000000088263,4.173855147035842,1.7547285795610037
446.20000000088265,4.1746291485305935,1.7603605713577783
446.3000000008827,4.175391916890546,1.7659943981392319
446.4000000008827,4.1761434478753685,1.771630037498833
446.5000000008827,4.1768837372863965,1.7772674670210655
446.60000000088274,4.177612780965249,1.7829066642818
446.70000000088277,4.178330574805745,1.7885476068458956
446.8000000008828,4.1790371147420275,1.7941902722697303
446.9000000008828,4.179732396749991,1.7998346381010832
447.00000000088284,4.18041641686222,1.8054806818760496
447.10000000088286,4.18108917113675,1.8111283811255976
447.2000000008829,4.181750655698872,1.8167777133671545
447.3000000008829,4.182400866699344,1.8224286561130925
447.4000000008829,4.18303980034573,1.8280811868646047
447.50000000088295,4.183667452887455,1.8337352831147338
447.60000000088297,4.1842838206144135,1.8393909223487146
447.700000000883,4.184888899868934,1.8450480820418163
447.800000000883,4.185482687033851,1.8507067396616326
447.90000000088304,4.1860651785339416,1.8563668726679912
448.00000000088306,4.1866363708509216,1.8620284585101738
448.1000000008831,4.187196260492069,1.867691474632843
448.2000000008831,4.1877448440322125,1.8733558984684635
448.30000000088313,4.188282118071759,1.8790217074449531
448.40000000088315,4.1888080792681635,1.8846888789801897
448.5000000008832,4.189322724320911,1.8903573904847337
448.6000000008832,4.189826049970131,1.8960272193621526
448.7000000008832,4.190318053008607,1.9016983430070966
448.80000000088324,4.190798730269792,1.9073707388073489
448.90000000088327,4.191268078629255,1.9130443841437668
449.0000000008833,4.19172609501973,1.9187192563877975
449.1000000008833,4.1921727763996115,1.9243953329067822
449.20000000088334,4.192608119795114,1.9300725910572165
449.30000000088336,4.193032122258131,1.9357510081915599
449.4000000008834,4.193444780897817,1.9414305616533742
449.5000000008834,4.1938460928655275,1.9471112287797476
449.6000000008834,4.194236055353413,1.9527929869015845
449.70000000088345,4.19461466560647,1.9584758133419256
449.8000000008835,4.194981920910516,1.9641596854177574
449.9000000008835,4.195337818593634,1.969844580439987
450.0000000008835,4.195682356041276,1.9755304757112508
450.10000000088354,4.196015530664662,1.9812173485305968
450.20000000088356,4.196337339943058,1.9869051761875842
450.3000000008836,4.196647781381504,1.9925939359682523
450.4000000008836,4.196946852542496,1.9982836051508843
450.50000000088363,4.197234551030871,2.0039741610081343
450.60000000088365,4.1975108744924,2.009665580807291
450.7000000008837,4.197775820625875,2.015357841808837
450.8000000008837,4.19802938717104,2.021050921268018
450.9000000008837,4.1982715719100465,2.0267447964348477
451.00000000088374,4.198502372682601,2.032439444552214
451.10000000088377,4.198721787354251,2.0381348428599324
451.2000000008838,4.1989298138588085,2.043830968589695
451.3000000008838,4.199126450155928,2.0495277989701908
451.40000000088384,4.199311694262903,2.0552253112234977
451.50000000088386,4.199485544239491,2.0609234825669143
451.6000000008839,4.1996479981865065,2.0666222902131954
451.7000000008839,4.199799054257937,2.072321711369354
451.8000000008839,4.1999387106488495,2.078021723237979
451.90000000088395,4.200066965596822,2.083722303017275
452.000000000884,4.200183817397154,2.0894234278994857
452.100000000884,4.200289264371053,2.0951250750742947
452.200000000884,4.200383304908181,2.1008272217246233
452.30000000088404,4.200465937424114,2.1065298450309085
452.40000000088406,4.200537160392215,2.112232922168136
452.5000000008841,4.200596972328417,2.1179364303073624
452.6000000008841,4.2006453717898165,2.123640346615915
452.70000000088413,4.200682357386814,2.129344648256445
452.80000000088415,4.20070792777099,2.1350493123880137
452.9000000008842,4.200722081636545,2.140754316166147
453.0000000008842,4.200724817735535,2.146459636741558
453.1000000008842,4.200716134845985,2.152165251262918
453.20000000088424,4.200696031814527,2.157871136873515
453.30000000088427,4.200664507513768,2.163577270714666
453.4000000008843,4.200621560874227,2.169283629923398
453.5000000008843,4.20056719086909,2.1749901916336603
453.60000000088434,4.200501396512792,2.1806969329765007
453.70000000088436,4.200424176873188,2.186403831079358
453.8000000008844,4.200335531059389,2.192110863066903
453.9000000008844,4.200235458223213,2.197818006061124
454.0000000008844,4.200123957574458,2.203525237180359
454.10000000088445,4.200001028348929,2.2092325335414245
454.2000000008845,4.1998666698511755,2.2149398722571245
454.3000000008845,4.199720881411761,2.2206472304388187
454.4000000008845,4.199563662419273,2.226354585194737
454.50000000088454,4.199395012305039,2.2320619136308846
454.60000000088456,4.199214930541709,2.2377691928511907
454.7000000008846,4.199023416655441,2.2434763999570424
454.8000000008846,4.198820470213718,2.2491835120478925
454.90000000088463,4.198606090826795,2.2548905062213667
455.00000000088465,4.198380278162997,2.2605973595726
455.1000000008847,4.1981430319167,2.2663040491957274
455.2000000008847,4.197894351851125,2.2720105521822536
455.3000000008847,4.197634237755548,2.2777168456227574
455.40000000088475,4.197362689477345,2.2834229066058467
455.50000000088477,4.197079706906692,2.2891287122187602
455.6000000008848,4.196785289975139,2.2948342395474977
455.7000000008848,4.196479438667817,2.300539465676594
455.80000000088484,4.196162153011233,2.306244367689466
455.90000000088486,4.195833433074718,2.311948922668564
456.0000000008849,4.195493278985737,2.31765310769501
456.1000000008849,4.195141690897834,2.323356899849453
456.2000000008849,4.194778669033475,2.3290602762112917
456.30000000088495,4.1944042136412065,2.334763213859521
456.400000000885,4.194018325027741,2.340465689872332
456.500000000885,4.193621003542627,2.346167681327406
456.600000000885,4.193212249576822,2.351869165302004
456.70000000088504,4.192792063574906,2.3575701188730003
456.80000000088506,4.192360446022878,2.3632705191169885
456.9000000008851,4.191917397449595,2.3689703431104547
457.0000000008851,4.191462918442095,2.374669567929719
457.10000000088513,4.190997009613513,2.380368170651148
457.20000000088515,4.190519671645946,2.3860661283512448
457.3000000008852,4.1900309052475855,2.391763418106633
457.4000000008852,4.18953071118483,2.397460016994292
457.5000000008852,4.189019090266933,2.4031559020915525
457.60000000088525,4.188496043344592,2.408851050476164
457.70000000088527,4.187961571322144,2.414545439226562
457.8000000008853,4.1874156751453615,2.4202390454217277
457.9000000008853,4.186858355802885,2.425931846141393
458.00000000088534,4.186289614341565,2.4316238184662984
458.10000000088536,4.185709451834357,2.4373149394777562
458.2000000008854,4.1851178694231965,2.4430051862585884
458.3000000008854,4.184514868276127,2.448694535892261
458.4000000008854,4.1839004496193954,2.4543829654637737
458.50000000088545,4.183274614722119,2.4600704520593384
458.6000000008855,4.182637364894859,2.4657569727664095
458.7000000008855,4.1819887015018224,2.471442504674203
458.8000000008855,4.181328625948659,2.4771270248733175
458.90000000088554,4.180657139683884,2.4828105104559612
459.00000000088556,4.179974244214215,2.488492938516517
459.1000000008856,4.1792799410724655,2.494174286150459
459.2000000008856,4.178574231860434,2.499854530456168
459.30000000088563,4.177857118206018,2.5055336485331887
459.40000000088565,4.177128601795304,2.511211617483765
459.5000000008857,4.176388684357244,2.516888414412209
459.6000000008857,4.175637367662217,2.522564016424914
459.7000000008857,4.1748746535342285,2.5282384006311105
459.80000000088575,4.17410054383871,2.5339115441422413
459.90000000088577,4.173315040483945,2.5395834240722186
460.0000000008858,4.172518145436392,2.5452540175383036
460.1000000008858,4.171709860688603,2.550923301659374
460.20000000088584,4.17089018830206,2.5565912535585893
460.30000000088586,4.170059130364334,2.5622578503607993
460.4000000008859,4.169216689021155,2.5679230691947232
460.5000000008859,4.168362866461093,2.573586887192013
460.6000000008859,4.167497664914108,2.579249281487229
460.70000000088595,4.166621086663749,2.5849102292188446
460.800000000886,4.165733134034961,2.590569707528383
460.900000000886,4.164833809395506,2.596227693560697
461.000000000886,4.163923115171272,2.601884164465151
461.10000000088604,4.163001053814212,2.6075390973932486
461.20000000088606,4.162067627845152,2.6131924695021675
461.3000000008861,4.161122839810981,2.6188442579512974
461.4000000008861,4.160166692316682,2.6244944399050616
461.50000000088613,4.159199188010026,2.6301429925316753
461.60000000088615,4.158220329580146,2.6357898930031
461.7000000008862,4.157230119769697,2.6414351184962874
461.8000000008862,4.156228561362681,2.647078646192065
461.9000000008862,4.155215657185857,2.6527204532754487
462.00000000088625,4.154191410124043,2.6583605169371363
462.10000000088627,4.153155823088088,2.663998814370491
462.2000000008863,4.152108899057623,2.669635322775929
462.3000000008863,4.151050641038305,2.6752700193566064
462.40000000088634,4.149981052093803,2.68090288132188
462.50000000088636,4.148900135330512,2.6865338858857557
462.6000000008864,4.147807893896118,2.6921630102668175
462.7000000008864,4.146704330991753,2.6977902316897144
462.8000000008864,4.145589449859836,2.703415527383802
462.90000000088645,4.144463253785473,2.709038874583483
463.0000000008865,4.143325746111723,2.7146602505300117
463.1000000008865,4.142176930207633,2.7202796324678293
463.2000000008865,4.141016809510916,2.725896997649811
463.30000000088654,4.1398453874852645,2.731512323332093
463.40000000088656,4.138662667652279,2.737125586778183
463.5000000008866,4.137468653576203,2.7427367652570975
463.6000000008866,4.136263348862496,2.748345836043256
463.70000000088663,4.1350467571699525,2.753952776418216
463.80000000088666,4.133818882198571,2.759557563669075
463.9000000008867,4.132579727690951,2.7651601750888406
464.0000000008867,4.131329297447536,2.7707605879785264
464.1000000008867,4.130067595294696,2.776358779642859
464.20000000088675,4.128794625127318,2.7819547273963807
464.30000000088677,4.127510390866205,2.787548408557422
464.4000000008868,4.126214896489946,2.793139800452841
464.5000000008868,4.1249081460196795,2.798728880415866
464.60000000088684,4.123590143517651,2.8043156257859545
464.70000000088686,4.1222608930993285,2.809900013910774
464.8000000008869,4.120920398921282,2.815482022144364
464.9000000008869,4.119568665182577,2.821061627847527
465.0000000008869,4.118205696139979,2.8266388083902405
465.10000000088695,4.116831496076111,2.8322135411467118
465.200000000887,4.115446069341942,2.8377858035023413
465.300000000887,4.11404942031429,2.843355572846839
465.400000000887,4.112641553427604,2.8489228265796056
465.50000000088704,4.111222473158766,2.854487542107266
465.60000000088706,4.109792184025665,2.8600496968434985
465.7000000008871,4.10835069059925,2.8656092682112697
465.8000000008871,4.106897997491464,2.87116623364074
465.90000000088713,4.105434109356615,2.8767205705696917
466.00000000088716,4.1039590309065535,2.8822722564462344
466.1000000008872,4.102472766878915,2.8878212687232336
466.2000000008872,4.100975322079472,2.8933675848661227
466.3000000008872,4.099466701339766,2.898911182345161
466.40000000088725,4.097946909548796,2.90445203864146
466.50000000088727,4.096415951637856,2.9099901312442062
466.6000000008873,4.094873832579125,2.915525437650473
466.7000000008873,4.093320557397679,2.921057935367685
466.80000000088734,4.091756131159442,2.9265876019112844
466.90000000088736,4.090180558972575,2.932114414805184
467.0000000008874,4.08859384600259,2.937638351584787
467.1000000008874,4.086995997440692,2.943159389790767
467.2000000008874,4.085387018545994,2.948677506977739
467.30000000088745,4.083766914603286,2.9541926807056624
467.4000000008875,4.082135690954621,2.959704888546505
467.5000000008875,4.080493352984208,2.965214108081166
467.6000000008875,4.078839906116981,2.970720316899248
467.70000000088754,4.077175355830583,2.9762234926017723
467.80000000088756,4.075499707643355,2.981723612798593
467.9000000008876,4.073812967115722,2.987220655108887
468.0000000008876,4.072115139865248,2.9927145971644786
468.10000000088763,4.070406231535097,2.998205416602982
468.20000000088766,4.068686247836074,3.003693091077321
468.3000000008877,4.066955194504565,3.0091775982462803
468.4000000008877,4.065213077333999,3.014658915781799
468.5000000008877,4.06345990215979,3.0201370213655934
468.60000000088775,4.061695674857917,3.025611892688911
468.70000000088777,4.0599204013568535,3.0310835074554796
468.8000000008878,4.0581340876256125,3.036551843378674
468.9000000008878,4.056336739675117,3.0420168781820403
469.00000000088784,4.054528363573189,3.047478589602931
469.10000000088786,4.0527089654131405,3.0529369553850003
469.2000000008879,4.050878551355642,3.0583919532885653
469.3000000008879,4.049037127586841,3.063843561080315
469.4000000008879,4.0471847003496695,3.069291756541256
469.50000000088795,4.045321275928869,3.0747365174630157
469.600000000888,4.043446860649567,3.0801778216475664
469.700000000888,4.041561460889154,3.0856156469104112
469.800000000888,4.039665083065382,3.0910499710775285
469.90000000088804,4.037757733637715,3.096480771985906
470.00000000088806,4.035839419122252,3.1019080274874815
470.1000000008881,4.0339101460604665,3.1073317154410085
470.2000000008881,4.031969921060889,3.1127518137232615
470.30000000088813,4.030018750757407,3.1181683002179055
470.40000000088816,4.028056641840413,3.12358115282406
470.5000000008882,4.026083601041904,3.128990349452309
470.6000000008882,4.024099635134078,3.1343958680243955
470.7000000008882,4.022104750941137,3.139797686476647
470.80000000088825,4.020098955327456,3.1451957827566726
470.90000000088827,4.018082255198904,3.150590134823939
471.0000000008883,4.016054657517707,3.1559807206540027
471.1000000008883,4.014016169271338,3.1613675182297483
471.20000000088834,4.011966797513978,3.1667505055534284
471.30000000088836,4.009906549325038,3.1721296606346976
471.4000000008884,4.007835431840151,3.1775049614998023
471.5000000008884,4.005753452236336,3.182876386187295
471.60000000088843,4.003660617730592,3.1882439127476987
471.70000000088845,4.001556935591655,3.1936075192471645
471.8000000008885,3.999442413128209,3.1989671837639384
471.9000000008885,3.997317057690218,3.2043228843889566
472.0000000008885,3.9951808766836954,3.2096745992303823
472.10000000088854,3.9930338775397587,3.2150223064042147
472.20000000088856,3.990876067755871,3.2203659840471697
472.3000000008886,3.988707454854581,3.225705610303868
472.4000000008886,3.986528046414347,3.2310411633366583
472.50000000088863,3.984337850054777,3.2363726213210313
472.60000000088866,3.9821368734352363,3.2416999624452476
472.7000000008887,3.9799251242665177,3.247023164914245
472.8000000008887,3.977702610299142,3.2523422069458587
472.9000000008887,3.975469339324669,3.2576570667714506
473.00000000088875,3.9732253191903766,3.2629677226407328
473.10000000088877,3.9709705577684993,3.2682741528117614
473.2000000008888,3.9687050629972225,3.2735763355646483
473.3000000008888,3.9664288428396657,3.2788742491879193
473.40000000088884,3.964141905314516,3.284167871988954
473.50000000088886,3.9618442584813622,3.2894571822890972
473.6000000008889,3.9595359104393095,3.2947421584232686
473.7000000008889,3.9572168693385725,3.300022778744101
473.80000000088893,3.9548871433688424,3.3052990216179348
473.90000000088895,3.9525467407605896,3.3105708654254595
474.000000000889,3.950195669799661,3.315838288566832
474.100000000889,3.9478339387967,3.3211012694510558
474.200000000889,3.945461556127872,3.3263597865105288
474.30000000088904,3.9430785301941165,3.3316138181865638
474.40000000088907,3.9406848694515784,3.336863342940449
474.5000000008891,3.9382805823970406,3.3421083392482593
474.6000000008891,3.93586567756654,3.3473487856004445
474.70000000088913,3.93344016354689,3.3525846605061966
474.80000000088916,3.9310040489641116,3.357815942489207
474.9000000008892,3.9285573424847344,3.3630426100883435
475.0000000008892,3.926100052830289,3.3682646418630604
475.1000000008892,3.9236321887469296,3.3734820163821637
475.20000000088925,3.921153759045884,3.378694712239163
475.30000000088927,3.9186647725629817,3.3839027080369863
475.4000000008893,3.916165238188884,3.389105982399654
475.5000000008893,3.913655164854604,3.3943045139667936
475.60000000088934,3.911134561530127,3.399498281393197
475.70000000088936,3.9086034372358514,3.4046872633534244
475.8000000008894,3.9060618010311114,3.409871438537329
475.9000000008894,3.9035096620154572,3.415050785650755
476.00000000088943,3.900947029343041,3.4202252834212397
476.10000000088945,3.8983739121924605,3.4253949105861676
476.2000000008895,3.895790319806917,3.4305596459089505
476.3000000008895,3.8931962614540305,3.4357194681629126
476.4000000008895,3.8905917464558373,3.44087435614357
476.50000000088954,3.887976784174427,3.446024288662864
476.60000000088957,3.885351384010578,3.4511692445486872
476.7000000008896,3.882715555415103,3.456309202649721
476.8000000008896,3.8800693078774486,3.461444141830721
476.90000000088963,3.8774126509269675,3.466574040973244
477.00000000088966,3.874745594147196,3.4716988789816483
477.1000000008897,3.8720681471459284,3.476818634770631
477.2000000008897,3.869380319595063,3.4819332872822213
477.3000000008897,3.866682121190726,3.4870428154688518
477.40000000088975,3.8639735616830304,3.4921471983062458
477.50000000088977,3.861254650861825,3.4972464147873614
477.6000000008898,3.8585253985553374,3.502340443921887
477.7000000008898,3.8557858146414272,3.50742926474131
477.80000000088984,3.853035909036282,3.512512856293975
477.90000000088986,3.8502756916956704,3.517591197645833
478.0000000008899,3.847505172629105,3.522664267886737
478.1000000008899,3.844724361870157,3.5277320461173645
478.20000000088993,3.8419332695159647,3.532794511467008
478.30000000088995,3.8391319056876947,3.537851643075858
478.40000000089,3.8363202805600594,3.5429034201084937
478.50000000089,3.8334984043471687,3.547949821747534
478.60000000089,3.830666287301191,3.5529908271930983
478.70000000089004,3.8278239397235003,3.5580264156681016
478.80000000089007,3.8249713719534704,3.5630565664130955
478.9000000008901,3.822108594369715,3.568081258687039
479.0000000008901,3.819235617404139,3.5731004717738752
479.10000000089013,3.8163524515124907,3.5781141849688582
479.20000000089016,3.8134591072135278,3.583122377597147
479.3000000008902,3.810555595049826,3.5881250289952833
479.4000000008902,3.8076419256170366,3.5931221185252724
479.5000000008902,3.804718109549864,3.598113625567953
479.60000000089025,3.8017841575207214,3.603099529522444
479.70000000089027,3.7988400802507862,3.608079809811655
479.8000000008903,3.7958858884989004,3.613054445876891
479.9000000008903,3.7929215930627938,3.618023417178657
480.00000000089034,3.7899472047929867,3.622986703203524
480.10000000089036,3.7869627345636303,3.6279442834498576
480.2000000008904,3.7839681933113085,3.632896137447199
480.3000000008904,3.780963591996207,3.6378422447369534
480.40000000089043,3.777948941631081,3.6427825848870614
480.50000000089045,3.774924253267374,3.647717137485088
480.6000000008905,3.771889537993892,3.6526458821376373
480.7000000008905,3.768844806947744,3.6575687984760963
480.8000000008905,3.7657900713033357,3.662485866151004
480.90000000089054,3.762725342273586,3.6673970648328913
481.00000000089057,3.75965063112371,3.6723023742194125
481.1000000008906,3.75656594914232,3.6772017740204976
481.2000000008906,3.753471307679858,3.682095243978518
481.30000000089063,3.7503667181101292,3.6869827638481873
481.40000000089066,3.747252191858995,3.691864313411815
481.5000000008907,3.744127740390626,3.696739872472116
481.6000000008907,3.7409933752061786,3.7016094208515984
481.7000000008907,3.7378491078546365,3.70647293839853
481.80000000089075,3.734694949921913,3.7113304049810942
481.90000000089077,3.731530913032042,3.716181800488235
482.0000000008908,3.728357008860818,3.7210271048370815
482.1000000008908,3.7251732491071934,3.7258662979575083
482.20000000089084,3.7219796455313228,3.730699359813087
482.30000000089086,3.718776209916485,3.7355262703802006
482.4000000008909,3.715562954097484,3.740347009663884
482.5000000008909,3.712339889947028,3.745161557690347
482.60000000089093,3.7091070293744264,3.749969894506348
482.70000000089095,3.7058643843363104,3.7547720001853695
482.800000000891,3.702611966825855,3.759567854821551
482.900000000891,3.699349788873951,3.764357438530568
483.000000000891,3.6960778625627,3.769140731457331
483.10000000089104,3.6927961999971157,3.7739177137599658
483.20000000089107,3.6895048133427593,3.7786883656315275
483.3000000008911,3.6862037147880686,3.7834526672783526
483.4000000008911,3.682892916572438,3.7882105989364727
483.50000000089113,3.679572430972753,3.7929621408638656
483.60000000089116,3.6762422703021045,3.7977072733397903
483.7000000008912,3.6729024469203853,3.802445976671189
483.8000000008912,3.669552973223623,3.807178231186406
483.9000000008912,3.666193861645147,3.8119040172360865
484.00000000089125,3.6628251246689287,3.8166233152011406
484.10000000089127,3.659446774801591,3.821336105476159
484.2000000008913,3.656058824609617,3.826042368491886
484.3000000008913,3.652661286682104,3.830742084692813
484.40000000089134,3.6492541736585355,3.8354352345541556
484.50000000089136,3.6458374982154593,3.8401217985738363
484.6000000008914,3.642411273065207,3.844801757271794
484.7000000008914,3.63897551096637,3.849475091196598
484.80000000089143,3.635530224713262,3.8541417809189467
484.90000000089145,3.6320754271370608,3.858801807032595
485.0000000008915,3.6286111311189915,3.863455150162591
485.1000000008915,3.625137349562664,3.8681017909481215
485.2000000008915,3.621654095430844,3.872741710065741
485.30000000089154,3.6181613817086467,3.877374888206208
485.40000000089157,3.6146592214309625,3.882001306092023
485.5000000008916,3.6111476276693057,3.8866209444691475
485.6000000008916,3.607626613530546,3.89123378410628
485.70000000089163,3.6040961921672565,3.895839805801689
485.80000000089166,3.6005563767672992,3.9004389903764958
485.9000000008917,3.597007180554942,3.9050313186756216
486.0000000008917,3.59344861680389,3.909616771576302
486.1000000008917,3.5898806988099556,3.914195329970359
486.20000000089175,3.5863034399273794,3.9187669747881837
486.30000000089177,3.582716853532472,3.9233316869748203
486.4000000008918,3.5791209530507,3.927889447508065
486.5000000008918,3.5755157519436933,3.9324402373899137
486.60000000089184,3.571901263707991,3.9369840376458223
486.70000000089186,3.568277501885257,3.9415208293317407
486.8000000008919,3.5646444800519936,3.946050593527186
486.9000000008919,3.561002211820647,3.950573311336214
487.00000000089193,3.5573507108524653,3.955088963896193
487.10000000089195,3.553689990830521,3.9595975323595285
487.200000000892,3.550020065495559,3.964098997918377
487.300000000892,3.546340948610104,3.9685933417799966
487.400000000892,3.542652653985198,3.9730805451853954
487.50000000089204,3.5389551954675653,3.9775605894005164
487.60000000089207,3.5352485869383874,3.9820334557154684
487.7000000008921,3.531532842323369,3.9864991254517665
487.8000000008921,3.5278079755825935,3.990957579955197
487.90000000089213,3.5240740007116043,3.9954088005968167
488.00000000089216,3.5203309317540965,3.999852768781986
488.1000000008922,3.5165787827752943,4.0042894659315476
488.2000000008922,3.5128175678973124,4.008718873507256
488.3000000008922,3.5090473012637506,4.013140972986411
488.40000000089225,3.5052679970660607,4.017555745881051
488.50000000089227,3.5014796695308945,4.021963173728876
488.6000000008923,3.4976823329188838,4.02636323809244
488.7000000008923,3.4938760015345673,4.030755920566607
488.80000000089234,3.4900606897163824,4.03514120277122
488.90000000089236,3.4862364118377323,4.0395190663521054
489.0000000008924,3.482403182319503,4.043889492990369
489.1000000008924,3.478561015603803,4.0482524643830295
489.20000000089243,3.474709926188826,4.0526079622691835
489.30000000089245,3.4708499285939443,4.056955968403908
489.4000000008925,3.4669810373857093,4.061296464577982
489.5000000008925,3.463103267165362,4.065629432608559
489.6000000008925,3.4592166325676317,4.069954854338343
489.70000000089254,3.45532114827052,4.074272711643241
489.80000000089257,3.4514168289854457,4.078582986424814
489.9000000008926,3.4475036894582836,4.082885660611327
490.0000000008926,3.443581744481687,4.087180716167284
490.10000000089263,3.4396510088692214,4.091468135073534
490.20000000089266,3.4357114974897147,4.095747899354141
490.3000000008927,3.431763225232862,4.100019991049576
490.4000000008927,3.427806207034828,4.1042843922369805
490.5000000008927,3.423840457865952,4.108541085020562
490.60000000089275,3.419865992729568,4.112790051530766
490.70000000089277,3.415882826671623,4.117031273932108
490.8000000008928,3.4118909747709685,4.121264734415453
490.9000000008928,3.407890452140389,4.125490415199062
491.00000000089284,3.4038812739387474,4.129708298538379
491.10000000089286,3.3998634553454954,4.133918366705623
491.2000000008929,3.3958370115944883,4.138120602017349
491.3000000008929,3.391801957940125,4.142314986806949
491.40000000089293,3.3877583096825585,4.146501503445418
491.50000000089295,3.38370608215559,4.150680134331518
491.600000000893,3.3796452907254855,4.154850861890913
491.700000000893,3.37557595080046,4.15901366858421
491.800000000893,3.3714980778211148,4.163168536899027
491.90000000089304,3.3674116872614457,4.167315449351073
492.00000000089307,3.363316794640794,4.171454388494176
492.1000000008931,3.3592134154987594,4.175585336899356
492.2000000008931,3.3551015654284755,4.179708277183071
492.30000000089314,3.350981260043289,4.1838231919790285
492.40000000089316,3.3468525150015562,4.187930063959477
492.5000000008932,3.3427153459947303,4.192028875825114
492.6000000008932,3.3385697687462055,4.1961196103041996
492.7000000008932,3.3344157990206407,4.2002022501607925
492.80000000089325,3.330253452614549,4.204276778186613
492.9000000008933,3.326082745357281,4.208343177202153
493.0000000008933,3.3219036931227777,4.212401430066944
493.1000000008933,3.317716311804902,4.216451519658125
493.20000000089334,3.313520617350159,4.22049342889936
493.30000000089336,3.3093166257249287,4.22452714073197
493.4000000008934,3.305104352939842,4.228552638136738
493.5000000008934,3.3008838150380617,4.2325699041235625
493.60000000089343,3.2966550280941513,4.23657892173056
493.70000000089345,3.2924180082232253,4.240579674032478
493.8000000008935,3.288172771571715,4.244572144132375
493.9000000008935,3.283919334318324,4.248556315162746
494.0000000008935,3.279657712685579,4.252532170296043
494.10000000089354,3.275387922915577,4.256499692722722
494.20000000089357,3.271109981302137,4.260458865680835
494.3000000008936,3.266823904158604,4.264409672426499
494.4000000008936,3.2625297078417965,4.2683520962561845
494.50000000089364,3.2582274087404985,4.272286120496151
494.60000000089366,3.2539170232743375,4.276211728501501
494.7000000008937,3.249598567902767,4.280128903664799
494.8000000008937,3.245272059115994,4.2840376294075675
494.9000000008937,3.240937513435918,4.287937889181412
495.00000000089375,3.236594947427477,4.291829666478785
495.1000000008938,3.232244377674828,4.295712944810541
495.2000000008938,3.2278858208129058,4.299587707736189
495.3000000008938,3.223519293495813,4.303453938833698
495.40000000089384,3.2191448124203363,4.3073116217222704
495.50000000089386,3.2147623943146337,4.31116074005155
495.6000000008939,3.2103720559371394,4.315001277500656
495.7000000008939,3.2059738140853766,4.318833217786986
495.80000000089393,3.201567685587052,4.322656544657504
495.90000000089395,3.197153687300967,4.326471241889909
496.000000000894,3.192731836128153,4.330277293303618
496.100000000894,3.1883021489884955,4.334074682736856
496.200000000894,3.1838646428517094,4.337863394077526
496.30000000089404,3.179419334706309,4.341643411232383
496.40000000089407,3.174966241582675,4.345414718150291
496.5000000008941,3.1705053805419574,4.349177298811185
496.6000000008941,3.1660367686749993,4.352931137225092
496.70000000089414,3.1615604231109806,4.356676217441107
496.80000000089416,3.1570763610086763,4.360412523538521
496.9000000008942,3.1525845995573567,4.364140039627992
497.0000000008942,3.1480851559876966,4.367858749862754
497.1000000008942,3.1435780475488553,4.371568638415226
497.20000000089425,3.1390632915388297,4.375269689508523
497.3000000008943,3.134540905274048,4.378961887384994
497.4000000008943,3.130010906111975,4.38264521632995
497.5000000008943,3.125473311440234,4.386319660660401
497.60000000089434,3.12092813867554,4.389985204724062
497.70000000089436,3.1163754052721746,4.393641832908493
497.8000000008944,3.111815128713427,4.397289529632044
497.9000000008944,3.1072473265124554,4.400928279345054
498.00000000089443,3.1026720162229777,4.4045580665412905
498.10000000089445,3.0980892154168167,4.408178875734079
498.2000000008945,3.093498941713634,4.411790691488438
498.3000000008945,3.088901212751142,4.415393498388996
498.4000000008945,3.0842960462072417,4.418987281064176
498.50000000089454,3.0796834597893668,4.4225720241747215
498.60000000089457,3.0750634712334337,4.426147712412661
498.7000000008946,3.070436098312138,4.429714330510639
498.8000000008946,3.065801358826571,4.433271863232694
498.90000000089464,3.061159270607064,4.436820295375455
499.00000000089466,3.056509851523647,4.440359611779801
499.1000000008947,3.0518531194640683,4.443889797306537
499.2000000008947,3.047189092362898,4.447410836869144
499.3000000008947,3.0425177881723697,4.450922715401082
499.40000000089475,3.0378392248840296,4.454425417880422
499.5000000008948,3.033153420518316,4.4579189293181525
499.6000000008948,3.0284603931235443,4.461403234757138
499.7000000008948,3.0237601607840006,4.464878319281606
499.80000000089484,3.019052741611743,4.468344168007749
499.90000000089486,3.0143381537474214,4.4718007660849555
500.0000000008949,3.0096164153705143,4.475248098707673
500.1000000008949,3.0048875446778243,4.478686151090639
500.20000000089493,3.0001515599119317,4.4821149085022185
500.30000000089495,2.995408479332687,4.485534356231113
500.400000000895,2.990658321238366,4.48894447961144
500.500000000895,2.9859011039554897,4.4923452640108295
500.600000000895,2.9811368458378213,4.495736694829345
500.70000000089505,2.976365565274283,4.499118757509157
500.80000000089507,2.9715872806809283,4.502491437524967
500.9000000008951,2.9668020105017483,4.5058547203852575
501.0000000008951,2.96200977321867,4.509208591644358
501.10000000089514,2.957210587330546,4.51255303687724
501.20000000089516,2.9524044713809414,4.515888041713442
501.3000000008952,2.9475914439302873,4.51921359180319
501.4000000008952,2.942771523576548,4.522529672842914
501.5000000008952,2.9379447289452667,4.525836270563126
501.60000000089525,2.933111078688582,4.5291333707273385
501.7000000008953,2.9282705914929545,4.532420959141884
501.8000000008953,2.923423286071338,4.535699021646179
501.9000000008953,2.9185691811639565,4.538967544113984
502.00000000089534,2.913708295548065,4.542226512465695
502.10000000089536,2.908840648017428,4.545475912642697
502.2000000008954,2.9039662574094436,4.548715730641847
502.3000000008954,2.8990851425779613,4.551945952481031
502.40000000089543,2.8941973224134507,4.555166564225113
502.50000000089545,2.8893028158332887,4.558377551973606
502.6000000008955,2.8844016417807965,4.561578901859564
502.7000000008955,2.879493819232764,4.564770600059557
502.8000000008955,2.8745793671918225,4.567952632783783
502.90000000089555,2.8696583046871864,4.571124986277348
503.00000000089557,2.864730650784177,4.574287646832746
503.1000000008956,2.859796424564211,4.577440600763795
503.2000000008956,2.854855645151243,4.58058383444068
503.30000000089564,2.8499083316852634,4.583717334254958
503.40000000089566,2.8449545033419494,4.586841086645906
503.5000000008957,2.839994179323191,4.589955078087996
503.6000000008957,2.835027378856161,4.593059295089776
503.7000000008957,2.8300541212006456,4.596153724203999
503.80000000089575,2.8250744256415983,4.599238352017573
503.9000000008958,2.820088311489868,4.6023131651528555
504.0000000008958,2.815095798091468,4.605378150280329
504.1000000008958,2.810096904808088,4.608433294092132
504.20000000089584,2.805091651042833,4.611478583337639
504.30000000089586,2.80008005621442,4.614514004787928
504.4000000008959,2.795062139776311,4.617539545262527
504.5000000008959,2.7900379212074844,4.620555191616697
504.60000000089593,2.785007420011519,4.623560930740286
504.70000000089595,2.779970655723729,4.626556749568019
504.800000000896,2.7749276479039215,4.62954263506929
504.900000000896,2.769878416137098,4.632518574249481
505.000000000896,2.7648229800424686,4.635484554162805
505.10000000089605,2.759761359254491,4.638440561885463
505.20000000089607,2.7546935734479003,4.641386584551735
505.3000000008961,2.749619642312614,4.644322609317925
505.4000000008961,2.744539585572329,4.647248623389498
505.50000000089614,2.7394534229755534,4.650164614008178
505.60000000089616,2.7343611742947154,4.653070568450781
505.7000000008962,2.729262859333083,4.655966474039648
505.8000000008962,2.7241584979177276,4.65885231813229
505.9000000008962,2.7190481099001977,4.661728088122722
506.00000000089625,2.7139317151652884,4.664593771454495
506.1000000008963,2.7088093336126025,4.667449355593453
506.2000000008963,2.703680985180866,4.6702948280643515
506.3000000008963,2.698546689823553,4.673130176414281
506.40000000089634,2.693406467526939,4.675955388240187
506.50000000089636,2.6882603383013937,4.6787704511757795
506.6000000008964,2.683108322180507,4.681575352890348
506.7000000008964,2.677950439227806,4.684370081099342
506.80000000089643,2.672786709529923,4.687154623553873
506.90000000089645,2.667617153197244,4.689928968042059
507.0000000008965,2.662441790372417,4.692693102402228
507.1000000008965,2.6572606412124546,4.695447014495311
507.2000000008965,2.652073725912321,4.698190692241956
507.30000000089655,2.6468810646812835,4.700924123585445
507.40000000089657,2.6416826777604285,4.703647296519584
507.5000000008966,2.6364785854142037,4.706360199075443
507.6000000008966,2.6312688079295663,4.709062819320151
507.70000000089664,2.626053365622497,4.711755145367606
507.80000000089666,2.6208322788313714,4.714437165367844
507.9000000008967,2.6156055679175854,4.71710886750839
508.0000000008967,2.610373253273795,4.719770240027657
508.1000000008967,2.605135355306575,4.722421271186945
508.20000000089675,2.599891894459271,4.725061949308051
508.3000000008968,2.5946428911890798,4.727692262735697
508.4000000008968,2.589388365984008,4.730312199865791
508.5000000008968,2.5841283393546823,4.732921749131975
508.60000000089684,2.5788628318335283,4.735520899004422
508.70000000089686,2.5735918639810613,4.738109638000667
508.8000000008969,2.568315456379475,4.740687954674845
508.9000000008969,2.563033629633237,4.743255837619052
509.00000000089693,2.557746404377072,4.745813275476908
509.10000000089696,2.552453801259162,4.748360256915212
509.200000000897,2.5471558409632555,4.750896770662012
509.300000000897,2.5418525441864963,4.753422805468579
509.400000000897,2.536543931655823,4.755938350137989
509.50000000089705,2.5312300241200436,4.758443393511527
509.60000000089707,2.525910842349039,4.760937924467454
509.7000000008971,2.5205864071398403,4.763421931931969
509.8000000008971,2.5152567393104293,4.765895404868312
509.90000000089714,2.509921859700307,4.768358332278142
510.00000000089716,2.504581789178199,4.770810703215283
510.1000000008972,2.499236548625835,4.773252506757011
510.2000000008972,2.493886158959291,4.775683732042571
510.3000000008972,2.48853064110758,4.778104368234702
510.40000000089725,2.4831700160284775,4.780514404548572
510.5000000008973,2.477804304700868,4.782913830238009
510.6000000008973,2.4724335281239718,4.7853026345942435
510.7000000008973,2.4670577073232085,4.787680806957011
510.80000000089734,2.46167686334421,4.790048336703524
510.90000000089736,2.456291017253367,4.7924052132498565
511.0000000008974,2.4509001901452563,4.794751426064834
511.1000000008974,2.4455044031269892,4.797086964641002
511.20000000089743,2.4401036773387927,4.799411818533601
511.30000000089746,2.4346980339333597,4.801725977321626
511.4000000008975,2.429287494091108,4.804029430637094
511.5000000008975,2.423872079012794,4.806322168151109
511.6000000008975,2.418451809918765,4.808604179572608
511.70000000089755,2.4130267080546,4.810875454659566
511.80000000089757,2.407596794685351,4.813135983207851
511.9000000008976,2.4021620910960495,4.815385755052624
512.0000000008977,2.396722618598858,4.81762476008238
512.1000000008976,2.3912783985180237,4.819852988209587
512.2000000008977,2.385829452209621,4.8220704294101076
512.3000000008976,2.380375801041785,4.824277073683792
512.4000000008978,2.37491746640924,4.8264729110841085
512.5000000008977,2.369454469726343,4.828657931704008
512.6000000008978,2.3639868324262174,4.830832125674699
512.7000000008977,2.3585145759663217,4.832995483176933
512.8000000008979,2.3530377218227576,4.83514799442978
512.9000000008978,2.347556291490896,4.837289649691987
513.0000000008979,2.342070306492105,4.8394204392762195
513.1000000008978,2.336579788359412,4.841540353519349
513.200000000898,2.3310847586563868,4.84364938282231
513.3000000008979,2.3255852389581935,4.845747517610267
513.400000000898,2.3200812508655098,4.847834748362556
513.5000000008979,2.314572815997861,4.849911065598397
513.600000000898,2.3090599559927822,4.851976459875666
513.700000000898,2.303542692511156,4.854030921802276
513.8000000008981,2.2980210472317397,4.856074442024848
513.900000000898,2.2924950418517724,4.8581070112300715
514.0000000008981,2.286964698093421,4.860128620159104
514.100000000898,2.28143003769003,4.862139259577539
514.2000000008982,2.2758910824042005,4.864138920315671
514.3000000008981,2.2703478540096445,4.866127593228267
514.4000000008982,2.2648003743045204,4.868105269224788
514.5000000008981,2.2592486651050443,4.870071939254979
514.6000000008983,2.253692748244659,4.872027594307599
514.7000000008982,2.248132645579155,4.873972225421937
514.8000000008983,2.242568378981435,4.875905823676357
514.9000000008982,2.2369999703420875,4.8778283801896745
515.0000000008984,2.231427441575538,4.879739886135693
515.1000000008983,2.2258508146069023,4.881640332712891
515.2000000008984,2.2202701113892704,4.883529711185041
515.3000000008983,2.214685353886352,4.88540801284061
515.4000000008984,2.2090965640852103,4.887275229023286
515.5000000008984,2.203503763990163,4.889131351117406
515.6000000008985,2.197906975621985,4.890976370546688
515.7000000008984,2.1923062210227924,4.892810278785829
515.8000000008985,2.186701522251024,4.894633067348967
515.9000000008984,2.181092901381998,4.896444727791055
516.0000000008986,2.1754803805137843,4.898245251722527
516.1000000008985,2.1698639817546512,4.900034630778713
516.2000000008986,2.1642437272395316,4.901812856660818
516.3000000008985,2.158619639113489,4.903579921094979
516.4000000008987,2.1529917395438454,4.905335815863011
516.5000000008986,2.1473600507143624,4.907080532787752
516.6000000008987,2.141724594824468,4.908814063731759
516.7000000008986,2.1360853940939157,4.910536400609019
516.8000000008988,2.130442470758009,4.912247535373291
516.9000000008987,2.124795847068115,4.913947460019507
517.0000000008988,2.119145545297232,4.9156361665985475
517.1000000008987,2.1134915877280633,4.917313647186395
517.2000000008989,2.107833996668675,4.918979893925476
517.3000000008988,2.1021727944367674,4.92063489898335
517.4000000008989,2.096508003371177,4.922278654583732
517.5000000008988,2.090839645826363,4.923911152991684
517.600000000899,2.0851677441716645,4.925532386512321
517.7000000008989,2.0794923207957234,4.92714234750261
517.800000000899,2.0738133981019304,4.928741028359613
517.9000000008989,2.068130998508919,4.930328421521904
518.000000000899,2.0624451444558503,4.931904519484452
518.100000000899,2.0567558583910848,4.933469314767537
518.2000000008991,2.051063162787011,4.935022799958407
518.300000000899,2.045367080125148,4.936564967669643
518.4000000008991,2.0396676329070433,4.9380958105704185
518.500000000899,2.0339648436490427,4.9396153213715905
518.6000000008992,2.0282587348815695,4.941123492824374
518.7000000008991,2.0225493291533128,4.9426203177322385
518.8000000008992,2.0168366490269154,4.944105788939055
518.9000000008991,2.011120717079434,4.945579899330528
519.0000000008993,2.0054015559073184,4.947042641849184
519.1000000008992,1.9996791881157159,4.9484940094630545
519.2000000008993,1.9939536363324755,4.949933995207637
519.3000000008992,1.9882249231940738,4.951362592143957
519.4000000008994,1.9824930713558744,4.952779793390055
519.5000000008993,1.9767581034872088,4.9541855921059526
519.6000000008994,1.9710200422706854,4.955579981492333
519.7000000008993,1.9652789104061352,4.956962954802512
519.8000000008994,1.9595347306065332,4.958334505330507
519.9000000008994,1.9537875255984347,4.95969462641246
520.0000000008995,1.9480373181266573,4.9610433114417525
520.1000000008994,1.9422841309442078,4.962380553837443
520.2000000008995,1.9365279868254444,4.9637063470865375
520.3000000008994,1.9307689085528408,4.965020684701744
520.4000000008996,1.925006918926623,4.966323560253184
520.5000000008995,1.9192420407601474,4.967614967353262
520.6000000008996,1.9134742968792353,4.968894899655313
520.7000000008995,1.9077037101258834,4.970163350865674
520.8000000008997,1.901930303354416,4.9714203147316525
520.9000000008996,1.8961540994318957,4.972665785042963
521.0000000008997,1.8903751212425073,4.973899755646945
521.1000000008996,1.8845933916781115,4.9751222204167975
521.2000000008998,1.8788089336505633,4.976333173294104
521.3000000008997,1.8730217700793204,4.977532608246326
521.4000000008998,1.86723192390045,4.978720519298715
521.5000000008997,1.8614394180623024,4.979896900519075
521.6000000008999,1.8556442755248739,4.981061746016405
521.7000000008998,1.8498465192632736,4.982215049953043
521.8000000008999,1.8440461722641255,4.983356806532559
521.9000000008998,1.8382432575259475,4.984487010001205
522.0000000009,1.832437798063228,4.9856056546632175
522.1000000008999,1.8266298168976158,4.986712734848849
522.2000000009,1.8208193370693837,4.987808244957158
522.3000000008999,1.8150063816258935,4.988892179413243
522.4000000009,1.809190973629958,4.9899645327003395
522.5000000009,1.8033731361558276,4.9910252993445035
522.6000000009001,1.7975528922885726,4.9920744739132275
522.7000000009,1.7917302651273157,4.993112051027664
522.8000000009001,1.7859052777818718,4.994138025350437
522.9000000009,1.7800779533730924,4.995152391587103
523.0000000009002,1.7742483150366397,4.996155144501545
523.1000000009001,1.768416385914815,4.997146278883806
523.2000000009002,1.7625821891671745,4.998125789593141
523.3000000009001,1.7567457479598432,4.999093671514993
523.4000000009003,1.750907085473235,5.000049919593266
523.5000000009002,1.745066224898343,5.000994528814921
523.6000000009003,1.7392231894361565,5.001927494208591
523.7000000009002,1.7333780023006442,5.002848810856867
523.8000000009004,1.7275306867156321,5.003758473884042
523.9000000009003,1.7216812659151288,5.004656478457575
524.0000000009004,1.7158297631467923,5.005542819803558
524.1000000009003,1.7099762016643958,5.006417493174391
524.2000000009004,1.7041206047375799,5.0072804938920505
524.3000000009004,1.6982629956420272,5.0081318173048395
524.4000000009005,1.6924033976665496,5.008971458819827
524.5000000009004,1.686541834109678,5.009799413887371
524.6000000009005,1.680678328279101,5.010615677999705
524.7000000009004,1.674812903494405,5.011420246703302
524.8000000009006,1.668945583084208,5.012213115586544
524.9000000009005,1.6630763903864478,5.012994280281198
525.0000000009006,1.6572053487515357,5.01376373647796
525.1000000009005,1.651332481535472,5.014521479893963
525.2000000009007,1.6454578121087364,5.015267506316249
525.3000000009006,1.6395813638473236,5.01600181155832
525.4000000009007,1.633703160139178,5.016724391492726
525.5000000009006,1.6278232243810993,5.01743524203551
525.6000000009008,1.6219415799782122,5.018134359144792
525.7000000009007,1.6160582503464584,5.018821738833185
525.8000000009008,1.6101732589099647,5.0194973771554
525.9000000009007,1.6042866291013103,5.020161270209739
526.0000000009009,1.5983983843643703,5.020813414153699
526.1000000009008,1.592508548148082,5.021453805171335
526.2000000009009,1.5866171439144638,5.022082439516922
526.3000000009008,1.5807241951305224,5.0226993134713105
526.400000000901,1.5748297252740313,5.023304423374659
526.5000000009009,1.5689337578307492,5.02389776561081
526.600000000901,1.5630363162939178,5.0244793366058635
526.7000000009009,1.557137424166504,5.025049132840642
526.800000000901,1.5512371049588198,5.025607150838249
526.900000000901,1.545335382188758,5.026153387165563
527.0000000009011,1.539432279384326,5.026687838448885
527.100000000901,1.5335278200780622,5.027210501341198
527.2000000009011,1.5276220278141768,5.027721372565985
527.300000000901,1.5217149261413367,5.028220448873417
527.4000000009012,1.5158065386177915,5.028707727073203
527.5000000009011,1.5098968888089015,5.029183204018912
527.6000000009012,1.5039860002866654,5.029646876606532
527.7000000009011,1.4980738966317138,5.030098741786983
527.8000000009013,1.4921606014311757,5.030538796553621
527.9000000009012,1.4862461382788839,5.030967037943741
528.0000000009013,1.4803305307775934,5.031383463054301
528.1000000009012,1.4744138025340563,5.031788069009028
528.2000000009014,1.468495977165291,5.032180853002407
528.3000000009013,1.4625770782922385,5.032561812255697
528.4000000009014,1.456657129544231,5.032930944049912
528.5000000009013,1.4507361545568345,5.033288245710083
528.6000000009014,1.4448141769714016,5.033633714603804
528.7000000009014,1.4388912204368132,5.033967348153789
528.8000000009015,1.4329673086076018,5.034289143825349
528.9000000009014,1.427042465144127,5.034599099127865
529.0000000009015,1.4211167137144818,5.0348972116305735
529.1000000009014,1.4151900779902173,5.035183478929568
529.2000000009016,1.4092625816517315,5.035457898691933
529.3000000009015,1.4033342483828053,5.035720468611627
529.4000000009016,1.3974051018744165,5.035971186442535
529.5000000009015,1.3914751658228988,5.036210049982699
529.6000000009017,1.3855444639295218,5.036437057072852
529.7000000009016,1.3796130199019818,5.036652205609016
529.8000000009017,1.3736808574527712,5.036855493529931
529.9000000009016,1.3677480002993265,5.037046918818541
530.0000000009018,1.3618144721656114,5.037226479517825
530.1000000009017,1.355880296778515,5.037394173697693
530.2000000009018,1.3499454978723588,5.037549999499241
530.3000000009017,1.3440100991843114,5.037693955090509
530.4000000009019,1.3380741244575316,5.037826038699642
530.5000000009018,1.3321375974396452,5.03794624859905
530.6000000009019,1.3262005418823621,5.0380545831039525
530.7000000009018,1.3202629815427147,5.038151040585001
530.800000000902,1.314324940181678,5.038235619455669
530.9000000009019,1.3083864415642816,5.03830831817376
531.000000000902,1.3024475094608827,5.038369135257245
531.1000000009019,1.296508167644221,5.038418069251099
531.200000000902,1.2905684398930442,5.038455118771658
531.300000000902,1.2846283499884084,5.03848028246227
531.4000000009021,1.278687921716158,5.038493559026515
531.500000000902,1.272747178865718,5.038494947212344
531.6000000009021,1.2668061452297357,5.038484445810612
531.700000000902,1.2608648446050699,5.038462053667731
531.8000000009022,1.2549233007916663,5.038427769673037
531.9000000009021,1.248981537592639,5.038381592760276
532.0000000009022,1.243039578815225,5.038323521923493
532.1000000009021,1.2370974482685047,5.038253556183787
532.2000000009023,1.2311551697661298,5.038171694633768
532.3000000009022,1.2252127671235207,5.038077936393105
532.4000000009023,1.21927026415968,5.037972280641814
532.5000000009022,1.2133276846963041,5.037854726604374
532.6000000009024,1.2073850525574537,5.037725273548244
532.7000000009023,1.201442391570286,5.037583920796543
532.8000000009024,1.1954997255641806,5.03743066771537
532.9000000009023,1.1895570783707983,5.037265513715324
533.0000000009024,1.183614473824719,5.037088458267409
533.1000000009024,1.1776719357618224,5.0368995008697315
533.2000000009025,1.1717294880211238,5.036698641092009
533.3000000009024,1.165787154442862,5.036485878531067
533.4000000009025,1.1598449588696527,5.036261212844167
533.5000000009024,1.1539029251459145,5.0360246437331
533.6000000009026,1.1479610771175675,5.035776170942697
533.7000000009025,1.1420194386325115,5.03551579427353
533.8000000009026,1.1360780335400116,5.035243513569213
533.9000000009025,1.1301368856907195,5.034959328717912
534.0000000009027,1.1241960189369944,5.0346632396682764
534.1000000009026,1.118255457131953,5.034355246396092
534.2000000009027,1.1123152241304113,5.034035348948835
534.3000000009026,1.1063753437878678,5.033703547401129
534.4000000009028,1.1004358399609837,5.0333598418881
534.5000000009027,1.0944967365073306,5.033004232589452
534.6000000009028,1.0885580572851203,5.0326367197279716
534.7000000009027,1.0826198261534268,5.032257303582235
534.8000000009029,1.076682066971826,5.031865984473912
534.9000000009028,1.070744803600387,5.031462762769264
535.0000000009029,1.0648080598996716,5.0310476388950836
535.1000000009028,1.0588718597304536,5.0306206133053175
535.200000000903,1.0529362269537743,5.030181686525671
535.3000000009029,1.0470011854308123,5.02973085910901
535.400000000903,1.0410667590226934,5.029268131668752
535.5000000009029,1.0351329715905604,5.028793504862918
535.600000000903,1.0291998469953318,5.028306979392636
535.700000000903,1.0232674090976703,5.027808556014863
535.8000000009031,1.0173356817578718,5.027298235529667
535.900000000903,1.0114046888358343,5.02677601878173
536.0000000009031,1.0054744541907394,5.026241906676297
536.100000000903,0.9995450016814373,5.025695900145788
536.2000000009032,0.9936163551655972,5.025138000194396
536.3000000009031,0.9876885385004803,5.024568207853488
536.4000000009032,0.981761575542087,5.023986524214993
536.5000000009031,0.9758354901455392,5.023392950415467
536.6000000009033,0.9699103061648676,5.022787487634579
536.7000000009032,0.9639860474527265,5.022170137107838
536.8000000009033,0.9580627378605437,5.021540900113875
536.9000000009032,0.9521404012384527,5.0208997779759335
537.0000000009034,0.9462190614346477,5.020246772077824
537.1000000009033,0.9402987422964475,5.019581883830526
537.2000000009034,0.9343794676685573,5.018905114716802
537.3000000009033,0.9284612613947298,5.018216466246589
537.4000000009034,0.922544147316237,5.01751593999038
537.5000000009034,0.9166281492725752,5.016803537563281
537.6000000009035,0.910713291101288,5.016079260623506
537.7000000009034,0.904799596637422,5.015343110885096
537.8000000009035,0.8988870897139294,5.014595090105198
537.9000000009034,0.8929757941615724,5.013835200085568
538.0000000009036,0.8870657338079643,5.01306344268851
538.1000000009035,0.881156932479296,5.012279819803488
538.2000000009036,0.8752494139976998,5.011484333391708
538.3000000009035,0.8693432021838093,5.010676985441541
538.4000000009037,0.8634383208545666,5.009857778001882
538.5000000009036,0.8575347938242432,5.009026713166225
538.6000000009037,0.8516326449042892,5.008183793071137
538.7000000009036,0.8457318979025377,5.007329019908986
538.8000000009038,0.8398325766238637,5.006462395915215
538.9000000009037,0.8339347048700569,5.005583923369846
539.0000000009038,0.8280383064385413,5.004693604613395
539.1000000009037,0.8221434051247734,5.003791442013525
539.2000000009039,0.8162500247187103,5.002877438009579
539.3000000009038,0.8103581890082662,5.00195159506804
539.4000000009039,0.8044679217764481,5.00101391571587
539.5000000009038,0.7985792468026983,5.000064402524576
539.600000000904,0.7926921878627713,4.99910305810871
539.7000000009039,0.7868067687276845,4.998129885138553
539.800000000904,0.7809230131646334,4.997144886327423
539.9000000009039,0.7750409449368318,4.996148064433161
540.000000000904,0.7691605878019128,4.995139422274043
540.100000000904,0.7632819655149967,4.994118962695449
540.2000000009041,0.7574051018242676,4.993086688614364
540.300000000904,0.7515300204753215,4.992042602974873
540.4000000009041,0.7456567452076286,4.990986708781455
540.500000000904,0.7397852997562002,4.989919009083087
540.6000000009042,0.7339157078515002,4.988839506971711
540.7000000009041,0.7280479932181358,4.987748205594938
540.8000000009042,0.7221821795760237,4.9866451081433425
540.9000000009041,0.7163182906402044,4.985530217851959
541.0000000009043,0.7104563501189249,4.984403538016162
541.1000000009042,0.7045963817173773,4.983265071958389
541.2000000009043,0.6987384091323772,4.982114823072562
541.3000000009042,0.6928824560576082,4.980952794779668
541.4000000009044,0.6870285461794157,4.979778990560968
541.5000000009043,0.681176703178791,4.978593413942143
541.6000000009044,0.6753269507313144,4.977396068491778
541.7000000009043,0.6694793125055916,4.976186957834022
541.8000000009044,0.6636338121646767,4.974966085635902
541.9000000009044,0.6577904733658542,4.973733455608821
542.0000000009045,0.6519493197583985,4.972489071524398
542.1000000009044,0.6461103749879855,4.97123293718127
542.2000000009045,0.6402736626904837,4.969965056449405
542.3000000009044,0.6344392064980854,4.968685433225783
542.4000000009046,0.6286070300344297,4.967394071467535
542.5000000009045,0.6227771569169083,4.9660909751761135
542.6000000009046,0.6169496107566421,4.964776148395782
542.7000000009045,0.6111244151566613,4.963449595226235
542.8000000009047,0.6053015937135807,4.962111319809953
542.9000000009046,0.5994811700173546,4.960761326333688
543.0000000009047,0.593663167648718,4.9593996190442695
543.1000000009046,0.5878476101842633,4.95802620221548
543.2000000009048,0.5820345211893416,4.956641080192256
543.3000000009047,0.5762239242250846,4.955244257346475
543.4000000009048,0.5704158428428648,4.953835738110019
543.5000000009047,0.5646103005869154,4.95241552695898
543.6000000009049,0.5588073209943345,4.950983628412141
543.7000000009048,0.5530069275930151,4.949540047043575
543.8000000009049,0.54720914390358,4.948084787470023
543.9000000009048,0.5414139934391011,4.946617854352382
544.000000000905,0.5356214997022186,4.945139252411451
544.1000000009049,0.529831686190888,4.943648986394912
544.200000000905,0.5240445763903969,4.9421470611213945
544.3000000009049,0.5182601937812725,4.940633481436397
544.400000000905,0.5124785618330739,4.93910825224524
544.500000000905,0.5066997040073311,4.937571378497328
544.6000000009051,0.5009236437575808,4.936022865184617
544.700000000905,0.4951504045270442,4.93446271735419
544.8000000009051,0.4893800097508131,4.9328909400956675
544.900000000905,0.48361248285554104,4.931307538542691
545.0000000009052,0.47784784725624774,4.929712517888603
545.1000000009051,0.4720861263627275,4.9281058833535525
545.2000000009052,0.4663273435706746,4.926487640228389
545.3000000009051,0.46057152227048304,4.924857793830752
545.4000000009053,0.45481868584037977,4.923216349537903
545.5000000009052,0.4490688576496771,4.9215633127710365
545.6000000009053,0.4433220610588342,4.919898688993755
545.7000000009052,0.4375783194168851,4.918222483724595
545.8000000009054,0.43183765606388114,4.9165347025244746
545.9000000009053,0.42610009433055035,4.914835350998182
546.0000000009054,0.4203656575347855,4.9131244348099905
546.1000000009053,0.4146343689887142,4.911401959650872
546.2000000009054,0.40890625198894226,4.909667931282259
546.3000000009054,0.40318132982623583,4.907922355492266
546.4000000009055,0.39745962577799354,4.906165238128396
546.5000000009054,0.39174116311181584,4.9043965850819236
546.6000000009055,0.3860259650855994,4.902616402286366
546.7000000009054,0.3803140549447105,4.900824695729963
546.8000000009056,0.3746054559246762,4.899021471443167
546.9000000009055,0.3689001912508175,4.897206735500121
547.0000000009056,0.36319828413442756,4.895380494034229
547.1000000009055,0.35749975778049725,4.893542753205478
547.2000000009057,0.35180463537707257,4.891693519244017
547.3000000009056,0.34611294010582294,4.889832798406569
547.4000000009057,0.3404246951338583,4.887960597009003
547.5000000009056,0.3347399236176103,4.886076921410777
547.6000000009058,0.32905864870295565,4.884181778013403
547.7000000009057,0.32338089352213883,4.882275173272879
547.8000000009058,0.3177066811967154,4.8803571136872375
547.9000000009057,0.3120360348371555,4.878427605798009
548.0000000009059,0.30636897753870795,4.876486656205717
548.1000000009058,0.3007055323897848,4.874534271537349
548.2000000009059,0.2950457224604428,4.872570458489738
548.3000000009058,0.2893895708138265,4.870595223786172
548.400000000906,0.2837371004973269,4.868608574208806
548.5000000009059,0.2780883345467803,4.866610516583185
548.600000000906,0.2724432959866253,4.8646010577767145
548.7000000009059,0.2668020078265711,4.862580204711023
548.800000000906,0.2611644930647883,4.860547964349569
548.900000000906,0.2555307746874854,4.858504343699099
549.0000000009061,0.24990087566446376,4.856449349825071
549.100000000906,0.24427481895815506,4.854382989819272
549.2000000009061,0.23865262751122973,4.8523052708429955
549.300000000906,0.23303432425891357,4.850216200083846
549.4000000009062,0.22741993211949324,4.8481157847880105
549.5000000009061,0.22180947399882628,4.846004032244833
549.6000000009062,0.21620297279052914,4.843880949785312
549.7000000009061,0.21060045137239697,4.841746544794388
549.8000000009063,0.20500193260984617,4.839600824698607
549.9000000009062,0.19940743935545907,4.83744379696758
550.0000000009063,0.19381699444422484,4.835275469129317
550.1000000009062,0.188230620703233,4.833095848738021
550.2000000009064,0.18264834093841498,4.83090494341702
550.3000000009063,0.1770701779477279,4.8287027608158155
550.4000000009064,0.17149615451100692,4.82648930864216
550.5000000009063,0.16592629339478926,4.824264594646737
550.6000000009064,0.16036061735253335,4.822028626621645
550.7000000009064,0.15479914912078896,4.819781412412629
550.8000000009065,0.14924191142288784,4.8175229599068015
550.9000000009064,0.1436889269684607,4.815253277034085
551.0000000009065,0.1381402184483692,4.812972371782476
551.1000000009064,0.1325958085450475,4.810680252166016
551.2000000009066,0.12705571991837877,4.80837692626746
551.3000000009065,0.12151997521974459,4.806062402195586
551.4000000009066,0.11598859708123267,4.80373668811708
551.5000000009065,0.11046160812076608,4.801399792241301
551.6000000009067,0.10493903094235141,4.799051722818771
551.7000000009066,0.0994208881320067,4.796692488153333
551.8000000009067,0.09390720226170292,4.794322096589962
551.9000000009066,0.08839799588884675,4.791940556516176
552.0000000009068,0.0828932915509014,4.789547876377188
552.1000000009067,0.07739311177637717,4.7871440646440995
552.2000000009068,0.0718974790698515,4.784729129856305
552.3000000009067,0.06640641592687611,4.782303080579064
552.4000000009069,0.06091994482254052,4.779865925435162
552.5000000009068,0.055438088216909376,4.777417673089783
552.6000000009069,0.049960868555301456,4.774958332249016
552.7000000009068,0.04448830826397171,4.772487911671925
552.800000000907,0.0390204297542979,4.770006420158431
552.9000000009069,0.03355725542223662,4.767513866550718
553.000000000907,0.028098807642640767,4.765010259748294
553.1000000009069,0.022645108780888032,4.762495608676373
553.200000000907,0.017196181177042153,4.759969922328001
553.300000000907,0.011752047161619705,4.757433209721916
553.4000000009071,0.00631272904351925,4.754885479933991
553.500000000907,0.0008782491157595326,4.75232674208222
553.6000000009071,-0.004551370344214838,4.749757005325197
553.700000000907,-0.009976107079091148,4.747176278874133
553.8000000009072,-0.015395938847255236,4.744584571980811
553.9000000009071,-0.020810843423366393,4.741981893938984
554.0000000009072,-0.026220798604344578,4.739368254099314
554.1000000009071,-0.03162578219710359,4.736743661837991
554.2000000009073,-0.03702577203523855,4.734108126598551
554.3000000009072,-0.042420745962409925,4.7314616578500335
554.4000000009073,-0.04781068184504983,4.728804265118201
554.5000000009072,-0.05319555756631955,4.726135957970621
554.6000000009074,-0.05857535102577116,4.723456746015181
554.7000000009073,-0.0639500401441494,4.72076663891198
554.8000000009074,-0.06931960285871941,4.718065646361384
554.9000000009073,-0.07468401712386669,4.71535377810542
555.0000000009074,-0.08004326091738173,4.712631043942599
555.1000000009074,-0.08539731222756378,4.709897453696771
555.2000000009075,-0.09074614907075576,4.707153017258604
555.3000000009074,-0.09608974947388091,4.704397744544076
555.4000000009075,-0.10142809148777565,4.701631645525452
555.5000000009074,-0.10676115318084853,4.698854730216481
555.6000000009076,-0.11208891263871357,4.696067008670909
555.7000000009075,-0.11741134796923154,4.693268490994289
555.8000000009076,-0.12272843729759512,4.690459187332122
555.9000000009075,-0.1280401587669582,4.68763910787124
556.0000000009077,-0.13334649054502035,4.684808262854496
556.1000000009076,-0.13864741081050108,4.681966662549886
556.2000000009077,-0.14394289777150973,4.679114317291681
556.3000000009076,-0.14923292964724694,4.676251237439259
556.4000000009078,-0.15451748468196674,4.6733774334078175
556.5000000009077,-0.15979654113833244,4.670492915653698
556.6000000009078,-0.1650700772970154,4.667597694672912
556.7000000009077,-0.1703380714619785,4.664691781012843
556.8000000009079,-0.17560050195532645,4.661775185260484
556.9000000009078,-0.18085734711796064,4.658847918043807
557.0000000009079,-0.1861085853164578,4.655909990046339
557.1000000009078,-0.19135419492892136,4.652961411976531
557.200000000908,-0.1965941543641831,4.6500021946085415
557.3000000009079,-0.20182844204267292,4.64703234874142
557.400000000908,-0.20705703641100004,4.644051885229551
557.5000000009079,-0.21227991593501322,4.641060814968103
557.600000000908,-0.21749705909937148,4.63805914889156
557.700000000908,-0.22270844441306356,4.63504689798533
557.8000000009081,-0.22791405040401813,4.632024073274085
557.900000000908,-0.2331138556197877,4.628990685823109
558.0000000009081,-0.2383078386347245,4.625946746752737
558.100000000908,-0.24349597803521073,4.622892267207997
558.2000000009082,-0.24867825243968,4.6198272583990425
558.3000000009081,-0.25385464047866674,4.616751731560688
558.4000000009082,-0.25902512081000595,4.613665697982571
558.5000000009081,-0.2641896721115963,4.61056916899474
558.6000000009083,-0.2693482730809384,4.607462155966193
558.7000000009082,-0.2745009024408902,4.604344670316385
558.8000000009083,-0.27964753893404437,4.601216723503654
558.9000000009082,-0.2847881613234377,4.5980783270265775
559.0000000009084,-0.2899227484000185,4.5949294924382595
559.1000000009083,-0.2950512789672639,4.59177023131627
559.2000000009084,-0.30017373186201823,4.588600555302673
559.3000000009083,-0.30529008593372486,4.585420476063957
559.4000000009084,-0.310400320060233,4.5822300053209055
559.5000000009084,-0.3155044131402727,4.579029154834323
559.6000000009085,-0.3206023440929665,4.575817936403578
559.7000000009084,-0.32569409186381426,4.572596361878
559.8000000009085,-0.3307796354188316,4.569364443145433
559.9000000009084,-0.33585895374529084,4.566122192133548
560.0000000009086,-0.3409320258594809,4.562869620823997
560.1000000009085,-0.3459988307907145,4.5596067412226535
560.2000000009086,-0.35105934760297325,4.556333565399241
560.3000000009085,-0.356113555373331,4.553050105447668
560.4000000009087,-0.3611614332083656,4.549756373515573
560.5000000009086,-0.366202960236344,4.546452381790204
560.6000000009087,-0.3712381156067047,4.543138142496991
560.7000000009086,-0.37626687849627416,4.539813667910805
560.8000000009088,-0.38128922810317456,4.53647897034462
560.9000000009087,-0.38630514364758917,4.533134062150829
561.0000000009088,-0.3913146043798059,4.5297789557352495
561.1000000009087,-0.39631758956362606,4.526413663527666
561.2000000009089,-0.40131407849881495,4.52303819802102
561.3000000009088,-0.40630405049871887,4.519652571732182
561.4000000009089,-0.4112874849072705,4.5162567972311916
561.5000000009088,-0.4162643610908933,4.51285088712728
561.600000000909,-0.4212346584379575,4.509434854067426
561.7000000009089,-0.4261983563652205,4.506008710747521
561.800000000909,-0.4311554343115027,4.5025724699011445
561.9000000009089,-0.4361058717384831,4.499126144300871
562.000000000909,-0.4410496481390275,4.4956697467721085
562.100000000909,-0.44598674301999985,4.49220329016396
562.2000000009091,-0.4509171359255044,4.488726787387993
562.300000000909,-0.4558408064137099,4.48524025137943
562.4000000009091,-0.46075773407444853,4.4817436951260685
562.500000000909,-0.46566789852083545,4.478237131654456
562.6000000009092,-0.4705712793886935,4.474720574028465
562.7000000009091,-0.475467856343223,4.471194035360318
562.8000000009092,-0.48035760907245395,4.467657528799498
562.9000000009091,-0.4852405172880625,4.4641110675340325
563.0000000009093,-0.4901165607339746,4.460554664804173
563.1000000009092,-0.49498571916859435,4.4569883338735945
563.2000000009093,-0.49984797238883516,4.453412088067707
563.3000000009092,-0.5047033002061547,4.449825940735302
563.4000000009094,-0.5095516824647348,4.446229905277123
563.5000000009093,-0.5143930990328225,4.442623995132211
563.6000000009094,-0.5192275298021294,4.439008223776481
563.7000000009093,-0.5240549546947222,4.435382604733629
563.8000000009094,-0.5288753536562507,4.4317471515641635
563.9000000009094,-0.5336887066567919,4.428101877866674
564.0000000009095,-0.5384949936997316,4.424446797291344
564.1000000009094,-0.5432941948034065,4.420781923511493
564.2000000009095,-0.5480862900259105,4.417107270261424
564.3000000009094,-0.5528712594403553,4.413422851298534
564.4000000009096,-0.557649083153628,4.409728680431533
564.5000000009095,-0.5624197412974581,4.406024771506955
564.6000000009096,-0.5671832140277848,4.40231113840775
564.7000000009095,-0.5719394815318706,4.398587795064058
564.8000000009097,-0.5766885240213044,4.39485475544236
564.9000000009096,-0.5814303217328738,4.391112033546745
565.0000000009097,-0.5861648549377207,4.387359643432241
565.1000000009096,-0.5908921039224073,4.383597599176726
565.2000000009098,-0.595612049014485,4.379825914918268
565.3000000009097,-0.6003246705569902,4.376044604817748
565.4000000009098,-0.6050299489277774,4.372253683086685
565.5000000009097,-0.6097278645303083,4.368453163973943
565.6000000009099,-0.6144183977929889,4.364643061764329
565.7000000009098,-0.6191015291765039,4.360823390789221
565.8000000009099,-0.6237772391666043,4.356994165415863
565.9000000009098,-0.6284455082750016,4.353155400048607
566.00000000091,-0.6331063170487907,4.3493071091420745
566.1000000009099,-0.6377596460509495,4.345449307173431
566.20000000091,-0.642405475886665,4.341582008679234
566.3000000009099,-0.6470437871770718,4.337705228218544
566.40000000091,-0.6516745605791474,4.333818980400379
566.50000000091,-0.6562977767762335,4.329923279870599
566.6000000009101,-0.6609134164773449,4.326018141310513
566.70000000091,-0.6655214604247179,4.322103579447372
566.8000000009101,-0.6701218893863807,4.318179609043801
566.90000000091,-0.6747146841570735,4.314246244899021
567.0000000009102,-0.679299825567942,4.3103035018618225
567.1000000009101,-0.6838772944664713,4.306351394803236
567.2000000009102,-0.6884470717435553,4.3023899386528495
567.3000000009101,-0.6930091383064922,4.2984191483624485
567.4000000009103,-0.6975634750994371,4.2944390389330644
567.5000000009102,-0.7021100630936565,4.29044962540205
567.6000000009103,-0.7066488832868079,4.286450922841707
567.7000000009102,-0.7111799167107011,4.282442946369627
567.8000000009104,-0.7157031444236549,4.278425711138268
567.9000000009103,-0.7202185475114415,4.274399232336159
568.0000000009104,-0.7247261070972444,4.270363525200681
568.1000000009103,-0.7292258043210367,4.2663186049911275
568.2000000009104,-0.7337176203673874,4.262264487024509
568.3000000009104,-0.738201536437719,4.258201186639701
568.4000000009105,-0.7426775337713097,4.254128719224109
568.5000000009104,-0.7471455936352851,4.250047100200922
568.6000000009105,-0.7516056973238727,4.245956345027755
568.7000000009104,-0.7560578261663706,4.241856469206843
568.8000000009106,-0.7605019615192892,4.237747488274767
568.9000000009105,-0.764938084767325,4.233629417803643
569.0000000009106,-0.7693661773335784,4.229502273413694
569.1000000009105,-0.7737862206583839,4.225366070746729
569.2000000009107,-0.7781981962278408,4.221220825501394
569.3000000009106,-0.7826020855453454,4.217066553397881
569.4000000009107,-0.7869978701531344,4.212903270204153
569.5000000009106,-0.7913855316220184,4.208730991723412
569.6000000009108,-0.7957650515506081,4.204549733792752
569.7000000009107,-0.8001364115734888,4.200359512293197
569.8000000009108,-0.8044995933531569,4.19616034313958
569.9000000009107,-0.8088545785810151,4.191952242281712
570.0000000009109,-0.813201348987843,4.187735225716764
570.1000000009108,-0.8175398863220932,4.183509309463149
570.2000000009109,-0.8218701723791404,4.179274509595215
570.3000000009108,-0.8261921889720927,4.1750308422085105
570.400000000911,-0.8305059179538643,4.170778323445594
570.5000000009109,-0.8348113412066587,4.166516969483697
570.600000000911,-0.8391084406411692,4.162246796533401
570.7000000009109,-0.8433971982049575,4.157967820848506
570.800000000911,-0.8476775958741797,4.15368005871607
570.900000000911,-0.8519496156546071,4.149383526457561
571.0000000009111,-0.8562132395923512,4.145078240441034
571.100000000911,-0.8604684497516267,4.140764217055432
571.2000000009111,-0.8647152282447066,4.1364414727447105
571.300000000911,-0.8689535572020264,4.132110023973668
571.4000000009112,-0.8731834187947842,4.127769887253339
571.5000000009111,-0.8774047952241705,4.1234210791288515
571.6000000009112,-0.8816176687205421,4.119063616178123
571.7000000009111,-0.8858220215520005,4.1146975150215575
571.8000000009113,-0.8900178360159191,4.110322792312257
571.9000000009112,-0.8942050944399856,4.105939464737146
572.0000000009113,-0.8983837791931711,4.101547549028939
572.1000000009112,-0.9025538726629757,4.097147061940891
572.2000000009114,-0.9067153572860756,4.092738020280311
572.3000000009113,-0.9108682155177348,4.088320440875001
572.4000000009114,-0.9150124298549169,4.083894340598188
572.5000000009113,-0.9191479828252693,4.079459736356603
572.6000000009115,-0.9232748569862724,4.075016645089194
572.7000000009114,-0.9273930349340134,4.070565083776648
572.8000000009115,-0.931502499294518,4.066105069431769
572.9000000009114,-0.9356032327248133,4.061636619100591
573.0000000009115,-0.9396952179241393,4.057159749874122
573.1000000009115,-0.9437784376106819,4.052674478863548
573.2000000009116,-0.9478528745529009,4.048180823233133
573.3000000009115,-0.9519185115382608,4.043678800167264
573.4000000009116,-0.9559753313968504,4.039168426894934
573.5000000009115,-0.9600233169901239,4.034649720678038
573.6000000009117,-0.9640624512100187,4.030122698810093
573.7000000009116,-0.968092716987929,4.0255873786255965
573.8000000009117,-0.9721140972858425,4.021043777490576
573.9000000009116,-0.9761265750974242,4.016491912803666
574.0000000009118,-0.9801301334594645,4.011931802007645
574.1000000009117,-0.9841247554281095,4.007363462565091
574.2000000009118,-0.9881104241108594,4.002786911990679
574.3000000009117,-0.9920871226346265,3.9982021678188318
574.4000000009119,-0.9960548341698559,3.99360924762773
574.5000000009118,-1.0000135419190266,3.9890081690278283
574.6000000009119,-1.003963229115745,3.9843989496606085
574.7000000009118,-1.007903879033906,3.979781607207757
574.800000000912,-1.0118354749786398,3.9751561593818856
574.9000000009119,-1.0157580002874167,3.97052262392759
575.000000000912,-1.0196714383417298,3.9658810186327456
575.1000000009119,-1.023575772542832,3.9612313613046477
575.200000000912,-1.0274709863443898,3.9565736698016787
575.300000000912,-1.0313570632198839,3.9519079620015836
575.4000000009121,-1.0352339866872162,3.9472342558250073
575.500000000912,-1.039101740296978,3.942552569224236
575.6000000009121,-1.0429603076315217,3.9378629201819653
575.700000000912,-1.04680967231431,3.933165326720297
575.8000000009122,-1.0506498180006645,3.9284598068916345
575.9000000009121,-1.0544807283788968,3.9237463787797333
576.0000000009122,-1.058302387182228,3.9190250605107644
576.1000000009121,-1.0621147781640325,3.9142958702299264
576.2000000009123,-1.0659178851311326,3.9095588261324616
576.3000000009122,-1.0697116919105585,3.904813946432582
576.4000000009123,-1.073496182374641,3.900061249386524
576.5000000009122,-1.0772713404290475,3.8953007532815214
576.6000000009124,-1.081037150011821,3.8905324764345846
576.7000000009123,-1.0847935951029126,3.885756437201317
576.8000000009124,-1.088540659714751,3.8809726539670004
576.9000000009123,-1.0922783278933947,3.876181145147611
577.0000000009125,-1.0960065837306776,3.8713819292006515
577.1000000009124,-1.0997254113389725,3.866575024602249
577.2000000009125,-1.1034347948851222,3.861760449877525
577.3000000009124,-1.1071347185565634,3.8569382235701717
577.4000000009125,-1.1108251665868822,3.8521083642650034
577.5000000009125,-1.1145061232436335,3.8472708905771724
577.6000000009126,-1.1181775728273609,3.842425821150967
577.7000000009125,-1.1218394996813008,3.837573174668444
577.8000000009126,-1.1254918881817704,3.8327129698406908
577.9000000009125,-1.1291347227393422,3.8278452254088258
578.0000000009127,-1.1327679878112087,3.8229699601545866
578.1000000009126,-1.136391667875483,3.8180871928779307
578.2000000009127,-1.1400057474657443,3.813196942426727
578.3000000009126,-1.1436102111365432,3.808299227667008
578.4000000009128,-1.1472050434894232,3.8033940675050197
578.5000000009127,-1.1507902291605125,3.798481480876675
578.6000000009128,-1.1543657528195186,3.7935614867463645
578.7000000009127,-1.1579315991796153,3.788634104115398
578.8000000009129,-1.1614877529876488,3.783699352013467
578.9000000009128,-1.1650341990253321,3.778757249499612
579.0000000009129,-1.1685709221218221,3.773807815672572
579.1000000009128,-1.17209790712757,3.7688510696488917
579.200000000913,-1.1756151389494724,3.7638870305919285
579.3000000009129,-1.1791226025157728,3.7589157176827905
579.400000000913,-1.1826202828025199,3.7539371501418586
579.5000000009129,-1.186108164820951,3.7489513472185
579.600000000913,-1.1895862336164655,3.743958328189901
579.700000000913,-1.1930544742786826,3.738958112369305
579.8000000009131,-1.1965128719314728,3.7339507190976615
579.900000000913,-1.1999614117341737,3.728936167744581
580.0000000009131,-1.2034000788943775,3.723914477718436
580.100000000913,-1.206828858641332,3.7188856684449867
580.2000000009132,-1.2102477362616852,3.7138497593956785
580.3000000009131,-1.2136566970637905,3.7088067700592795
580.4000000009132,-1.2170557264046111,3.703756719962897
580.5000000009131,-1.2204448096768923,3.6986996286619194
580.6000000009133,-1.223823932308107,3.6936355157388787
580.7000000009132,-1.2271930797706856,3.6885644008114853
580.8000000009133,-1.2305522375718763,3.6834863035244823
580.9000000009132,-1.2339013912549794,3.6784012435505695
581.0000000009134,-1.2372405264123354,3.6733092406002483
581.1000000009133,-1.2405696286582957,3.6682103144009757
581.2000000009134,-1.2438886836655487,3.6631044847247605
581.3000000009133,-1.2471976771288424,3.657991771360506
581.4000000009135,-1.2504965947923197,3.652872194134489
581.5000000009134,-1.2537854224364815,3.647745772900555
581.6000000009135,-1.257064145877111,3.6426125275390104
581.7000000009134,-1.26033275097566,3.6374724779644434
581.8000000009135,-1.263591223628952,3.632325644117784
581.9000000009135,-1.2668395497704341,3.6271720459672023
582.0000000009136,-1.2700777153833753,3.6220117035177006
582.1000000009135,-1.2733057064734021,3.6168446367908027
582.2000000009136,-1.2765235091053788,3.6116708658514227
582.3000000009135,-1.2797311093665742,3.6064904107809355
582.4000000009137,-1.2829284933944185,3.6013032916971017
582.5000000009136,-1.2861156473632631,3.596109528744539
582.6000000009137,-1.2892925574832814,3.5909091420936163
582.7000000009136,-1.2924592100110226,3.585702151948085
582.8000000009138,-1.2956155912389422,3.5804885785373366
582.9000000009137,-1.2987616874966754,3.575268442117278
583.0000000009138,-1.3018974851644283,3.5700417629796535
583.1000000009137,-1.3050229706451018,3.564808561432282
583.2000000009139,-1.3081381304017312,3.559568857825206
583.3000000009138,-1.311242950920092,3.5543226725244814
583.4000000009139,-1.3143374187368606,3.549070025931555
583.5000000009138,-1.317421520426182,3.5438109384739938
583.600000000914,-1.320495242598551,3.53854543060441
583.7000000009139,-1.3235585719115206,3.5332735228078738
583.800000000914,-1.3266114950590788,3.527995235594381
583.9000000009139,-1.3296539987729354,3.522710589499707
584.000000000914,-1.3326860698361038,3.5174196050944646
584.100000000914,-1.3357076950546203,3.512122302964894
584.2000000009141,-1.3387188612955159,3.5068187037382517
584.300000000914,-1.3417195554488899,3.50150882805736
584.4000000009141,-1.3447097644564674,3.4961926965994277
584.500000000914,-1.347689475297981,3.490870330067038
584.6000000009142,-1.3506586749900278,3.4855417491870924
584.7000000009141,-1.353617350596926,3.480206974718021
584.8000000009142,-1.3565654892199348,3.4748660274424585
584.9000000009141,-1.3595030779985615,3.4695189281680667
585.0000000009143,-1.3624301041243327,3.464165697736317
585.1000000009142,-1.36534655481212,3.4588063570038514
585.2000000009143,-1.3682524173386301,3.453440926867132
585.3000000009142,-1.3711476790039578,3.4480694282377273
585.4000000009144,-1.374032327160527,3.442691882060555
585.5000000009143,-1.3769063491992861,3.4373083093051555
585.6000000009144,-1.3797697325485452,3.431918730964658
585.7000000009143,-1.3826224646849825,3.4265231680627726
585.8000000009145,-1.3854645331227178,3.421121641646673
585.9000000009144,-1.3882959254146314,3.415714172787802
586.0000000009145,-1.3911166291663146,3.4103007825903884
586.1000000009144,-1.3939266320070125,3.4048814921733657
586.2000000009145,-1.396725921628621,3.39945632269425
586.3000000009145,-1.3995144857467343,3.394025295325197
586.4000000009146,-1.4022923121299593,3.388588431270683
586.5000000009145,-1.405059388585935,3.3831457517590384
586.6000000009146,-1.4078157029601477,3.377697278041433
586.7000000009145,-1.4105612431470775,3.372243031398655
586.8000000009147,-1.4132959970791235,3.3667830331342214
586.9000000009146,-1.4160199527279436,3.3613173045751497
587.0000000009147,-1.4187330981185802,3.3558458670801894
587.1000000009146,-1.421435421300032,3.350368742022325
587.2000000009148,-1.4241269103847436,3.344885950811875
587.3000000009147,-1.4268075535091564,3.339397514873328
587.4000000009148,-1.4294773388633857,3.333903455662438
587.5000000009147,-1.4321362546770673,3.3284037946580405
587.6000000009149,-1.4347842892181564,3.3228985533610644
587.7000000009148,-1.4374214308042088,3.3173877533010754
587.8000000009149,-1.4400476677911653,3.31187141602961
587.9000000009148,-1.442662988574709,3.306349563120924
588.000000000915,-1.4452673816045594,3.3008222161799523
588.1000000009149,-1.4478608353546836,3.2952893968253854
588.200000000915,-1.4504433383632604,3.2897511267119857
588.3000000009149,-1.4530148791927577,3.284207427508205
588.400000000915,-1.4555754464599637,3.278658320912698
588.500000000915,-1.4581250288216605,3.2731038286464127
588.6000000009151,-1.4606636149733971,3.267543972451623
588.700000000915,-1.4631911936609128,3.26197877409826
588.8000000009151,-1.4657077536687866,3.2564082553774636
588.900000000915,-1.4682132838218078,3.2508324381022957
589.0000000009152,-1.470707772999432,3.2452513441154247
589.1000000009151,-1.4731912101056475,3.239664995272792
589.2000000009152,-1.4756635841093906,3.234073413465137
589.3000000009151,-1.4781248840041705,3.228476620596405
589.4000000009153,-1.4805750988384372,3.222874638599657
589.5000000009152,-1.4830142177010939,3.2172674894294526
589.6000000009153,-1.4854422297202508,3.211655195060912
589.7000000009152,-1.487859124074776,3.206037777495814
589.8000000009154,-1.4902648899828141,3.200415258756366
589.9000000009153,-1.4926595167031707,3.1947876608859005
590.0000000009154,-1.4950429935499288,3.189155005956268
590.1000000009153,-1.4974153098619762,3.1835173160521046
590.2000000009155,-1.4997764550438655,3.1778746132915536
590.3000000009154,-1.5021264185249907,3.172226919805476
590.4000000009155,-1.5044651897902903,3.166574257752749
590.5000000009154,-1.506792758365597,3.160916649312946
590.6000000009155,-1.5091091138163735,3.155254116685423
590.7000000009155,-1.5114142457593907,3.1495866820951814
590.8000000009156,-1.5137081438511182,3.1439143677868717
590.9000000009155,-1.515990797789122,3.1382371960254574
591.0000000009156,-1.5182621973268302,3.1325551891033214
591.1000000009155,-1.5205223322427375,3.1268683693251376
591.2000000009157,-1.5227711923816987,3.1211767590277777
591.3000000009156,-1.5250087676136723,3.115480380560335
591.4000000009157,-1.5272350478647354,3.10977925629882
591.5000000009156,-1.5294500231022883,3.1040734086391235
591.6000000009158,-1.5316536833337713,3.098362859996125
591.7000000009157,-1.5338460186184597,3.092647632809327
591.8000000009158,-1.5360270190557306,3.0869277495370993
591.9000000009157,-1.538196674786478,3.0812032326573062
592.0000000009159,-1.5403549760080257,3.0754741046741065
592.1000000009158,-1.5425019129430182,3.069740388103453
592.2000000009159,-1.5446374758811212,3.0640021054921815
592.3000000009158,-1.5467616551373577,3.0582592793988512
592.400000000916,-1.5488744410834272,3.052511932407816
592.5000000009159,-1.5509758241327631,3.0467600871224856
592.600000000916,-1.5530657947392266,3.041003766164466
592.7000000009159,-1.555144343409027,3.0352429921789534
592.800000000916,-1.5572114606888654,3.029477787829199
592.900000000916,-1.559267137167358,3.0237081757971302
593.0000000009161,-1.5613113634900957,3.0179341787898517
593.100000000916,-1.5633441303282343,3.012155819525759
593.2000000009161,-1.565365428420593,3.0063731207527846
593.300000000916,-1.5673752485315893,3.000586105230077
593.4000000009162,-1.5693735814828478,2.994794795741461
593.5000000009161,-1.5713604181381182,2.988999215088983
593.6000000009162,-1.573335749401962,2.9831993860920702
593.7000000009161,-1.5752995662317741,2.977395331592702
593.8000000009163,-1.5772518596258112,2.971587074450116
593.9000000009162,-1.579192620624633,2.965774637541385
594.0000000009163,-1.581121840326301,2.9599580437676183
594.1000000009162,-1.5830395098546752,2.9541373160407023
594.2000000009164,-1.5849456204018808,2.948312477300721
594.3000000009163,-1.5868401631858748,2.9424835504984714
594.4000000009164,-1.588723129482336,2.936650558608271
594.5000000009163,-1.590594510609452,2.9308135246218243
594.6000000009165,-1.592454297926575,2.9249724715474064
594.7000000009164,-1.5943024828463588,2.91912742241479
594.8000000009165,-1.596139056822679,2.9132784002701877
594.9000000009164,-1.5979640113520852,2.9074254281768077
595.0000000009165,-1.5997773379891216,2.9015685292207465
595.1000000009165,-1.601579028314353,2.895707726498366
595.2000000009166,-1.603369073977201,2.8898430431328634
595.3000000009165,-1.605147466653141,2.8839745022576295
595.4000000009166,-1.606914198075857,2.8781021270284315
595.5000000009165,-1.6086692600219015,2.872225940617575
595.6000000009167,-1.6104126443093347,2.8663459662131103
595.7000000009166,-1.6121443428099629,2.8604622270235236
595.8000000009167,-1.6138643474371572,2.854574746272921
595.9000000009166,-1.6155726501473184,2.8486835472015537
596.0000000009168,-1.6172692429553168,2.8427886530714046
596.1000000009167,-1.6189541179022595,2.8368900871542033
596.2000000009168,-1.6206272670986634,2.8309878727471376
596.3000000009167,-1.62228868268131,2.8250820331570714
596.4000000009169,-1.6239383568456565,2.8191725917120847
596.5000000009168,-1.6255762818303712,2.813259571755938
596.6000000009169,-1.627202449915961,2.8073429966473133
596.7000000009168,-1.6288168534371041,2.801422889764255
596.800000000917,-1.630419484770366,2.7954992744995972
596.9000000009169,-1.6320103363356768,2.7895721742614574
597.000000000917,-1.6335894006118878,2.783641612478525
597.1000000009169,-1.6351566701042894,2.7777076125887126
597.200000000917,-1.6367121373881197,2.771770198054001
597.300000000917,-1.6382557950650831,2.7658293923455215
597.4000000009171,-1.639787635795996,2.7598852189544525
597.500000000917,-1.6413076522852088,2.753937701386795
597.6000000009171,-1.6428158372792234,2.7479868631626334
597.700000000917,-1.6443121835791206,2.742032727820334
597.8000000009172,-1.6457966840281815,2.7360753189122184
597.9000000009171,-1.6472693315133662,2.7301146600050243
598.0000000009172,-1.6487301189809849,2.724150774684887
598.1000000009171,-1.6501790394039764,2.7181836865466344
598.2000000009173,-1.6516160858257285,2.712213419207769
598.3000000009172,-1.6530412513162869,2.706239996294415
598.4000000009173,-1.6544545290052346,2.700263441451562
598.5000000009172,-1.6558559120659995,2.694283778338154
598.6000000009174,-1.657245393714451,2.6883010306263846
598.7000000009173,-1.6586229672214157,2.6823152220056357
598.8000000009174,-1.6599886259002132,2.6763263761783955
598.9000000009173,-1.6613423631081479,2.6703345168606973
599.0000000009175,-1.6626841722622776,2.6643396677867903
599.1000000009174,-1.6640140468064724,2.658341852699087
599.2000000009175,-1.6653319802555266,2.6523410953612663
599.3000000009174,-1.6666379661510733,2.646337419545097
599.4000000009175,-1.6679319980946725,2.6403308490400272
599.5000000009175,-1.6692140697320237,2.6343214076485806
599.6000000009176,-1.6704841747515466,2.628309119185679
599.7000000009175,-1.6717423068969806,2.622294007482336
599.8000000009176,-1.672988459954834,2.6162760963818315
599.9000000009175,-1.674222627755881,2.6102554097401116
600.0000000009177,-1.6754448041910268,2.604231971430136
600.1000000009176,-1.6766549831781625,2.598205805332491
600.2000000009177,-1.6778531587065544,2.592176935347624
600.3000000009176,-1.679039324792478,2.5861453853835332
600.4000000009178,-1.6802134755125064,2.5801111793646943
600.5000000009177,-1.6813756049876223,2.5740743412277776
600.6000000009178,-1.682525707381792,2.568034894921004
600.7000000009177,-1.6836637769146412,2.5619928644075802
600.8000000009179,-1.6847898078488208,2.555948273662116
600.9000000009178,-1.6859037944915125,2.549901146671009
601.0000000009179,-1.6870057312103923,2.5438515074364725
601.1000000009178,-1.6880956124002817,2.5377993799678107
601.200000000918,-1.6891734325277925,2.5317447882927535
601.3000000009179,-1.6902391860867039,2.5256877564460423
601.400000000918,-1.6912928676314427,2.519628308477695
601.5000000009179,-1.6923344717611046,2.513566468449037
601.600000000918,-1.6933639931180124,2.507502260432085
601.700000000918,-1.694381426400462,2.5014357085127292
601.8000000009181,-1.695386766350011,2.4953668367874062
601.900000000918,-1.696380007753001,2.489295669363447
602.0000000009181,-1.6973611454566044,2.4832222303627907
602.100000000918,-1.6983301743352917,2.477146543913922
602.2000000009182,-1.6992870893357093,2.471068634162318
602.3000000009181,-1.700231885431819,2.464988525259927
602.4000000009182,-1.7011645576585526,2.4589062413727643
602.5000000009181,-1.7020851010957485,2.452821806677261
602.6000000009183,-1.7029935108667025,2.446735245359663
602.7000000009182,-1.703889782150978,2.4406465816189753
602.8000000009183,-1.7047739101716246,2.4345558396638927
602.9000000009182,-1.7056458901967044,2.4284630437131094
603.0000000009184,-1.7065057175554237,2.4223682179987014
603.1000000009183,-1.7073533876044216,2.416271386758747
603.2000000009184,-1.7081888957728744,2.410172574246883
603.3000000009183,-1.7090122375174104,2.4040718047226712
603.4000000009185,-1.709823408355932,2.397969102458516
603.5000000009184,-1.710622403851473,2.3918644917363356
603.6000000009185,-1.711409219610725,2.3857579968469977
603.7000000009184,-1.7121838512969196,2.379649642093005
603.8000000009185,-1.7129462946169847,2.373539451785683
603.9000000009185,-1.713696545323074,2.3674274502454544
604.0000000009186,-1.71443459922877,2.361313661804904
604.1000000009185,-1.7151604521752164,2.3551981108020703
604.2000000009186,-1.715874100076426,2.3490808215890957
604.3000000009185,-1.71657553887399,2.3429618185234995
604.4000000009187,-1.7172647645710468,2.336841125974416
604.5000000009186,-1.7179417732160718,2.3307187683195947
604.6000000009187,-1.7186065609013936,2.3245947699448637
604.7000000009186,-1.7192591237761292,2.318469155246558
604.8000000009188,-1.7198994580332765,2.312341948628952
604.9000000009187,-1.720527559911255,2.306213174504515
605.0000000009188,-1.7211434257101734,2.3000828572966583
605.1000000009187,-1.72174705175782,2.293951021433695
605.2000000009189,-1.7223384344551587,2.2878176913565715
605.3000000009188,-1.7229175702308483,2.2816828915110574
605.4000000009189,-1.7234844555753441,2.2755466463533236
605.5000000009188,-1.7240390870246198,2.269408980347245
605.600000000919,-1.7245814611586754,2.263269917963898
605.7000000009189,-1.7251115746145262,2.2571294836837223
605.800000000919,-1.7256294240732473,2.250987701994224
605.9000000009189,-1.7261350062615124,2.2448445973901965
606.000000000919,-1.726628317967915,2.2387001943761353
606.100000000919,-1.7271093560088344,2.2325545174608825
606.2000000009191,-1.7275781172741027,2.226407591164465
606.300000000919,-1.7280345986813515,2.2202594400111755
606.4000000009191,-1.7284787972102311,2.2141100885344596
606.500000000919,-1.7289107098860783,2.207959561274556
606.6000000009192,-1.7293303337784187,2.2018078827780316
606.7000000009191,-1.729737666013996,2.195655077599679
606.8000000009192,-1.7301327037637635,2.1895011703004674
606.9000000009191,-1.7305154442444315,2.18334618544774
607.0000000009193,-1.730885884734844,2.1771901476173134
607.1000000009192,-1.731244022541726,2.171033081388794
607.2000000009193,-1.7315898550454998,2.16487501135149
607.3000000009192,-1.7319233796544802,2.158715962098423
607.4000000009194,-1.732244593839204,2.1525559582305283
607.5000000009193,-1.732553495116044,2.146395024354624
607.6000000009194,-1.7328500810456964,2.1402331850829714
607.7000000009193,-1.7331343492462592,2.1340704650349123
607.8000000009195,-1.7334062973801738,2.1279068888350805
607.9000000009194,-1.7336659231557818,2.121742481113568
608.0000000009195,-1.733913224343751,2.1155772665076844
608.1000000009194,-1.7341481987427119,2.1094112696579757
608.2000000009195,-1.7343708442252028,2.103244515213224
608.3000000009195,-1.7345811586917357,2.09707702782537
608.4000000009196,-1.7347791401052233,2.0909088321530103
608.5000000009195,-1.7349647864745459,2.0847399528597093
608.6000000009196,-1.7351380958530322,2.0785704146135897
608.7000000009195,-1.735299066351566,2.072400242088704
608.8000000009197,-1.7354476961254925,2.06622945996351
608.9000000009196,-1.7355839833761797,2.0600580929209973
609.0000000009197,-1.735707926367487,2.053886165650138
609.1000000009196,-1.73581952339131,2.0477137028425756
609.2000000009198,-1.7359187728136347,2.041540729196708
609.3000000009197,-1.7360056730284923,2.035367269413527
609.4000000009198,-1.7360802224924679,2.0291933481994446
609.5000000009197,-1.736142419708226,2.023018990264915
609.6000000009199,-1.7361922632229798,2.0168442203240495
609.7000000009198,-1.7362297516416336,2.0106690630957367
609.8000000009199,-1.7362548836136629,2.0044935433023916
609.9000000009198,-1.736267657834666,1.9983176856700453
610.00000000092,-1.7362680730628615,1.9921415149294432
610.1000000009199,-1.7362561280845659,1.985965055813443
610.20000000092,-1.73623182176035,1.97978833306018
610.3000000009199,-1.736195152978892,1.9736113714098238
610.40000000092,-1.7361461206915436,1.9674341956066996
610.50000000092,-1.7360847238958312,1.9612568303982556
610.6000000009201,-1.736010961633919,1.9550793005347122
610.70000000092,-1.7359248330057728,1.9489016307699103
610.8000000009201,-1.7358263371560085,1.9427238458603138
610.90000000092,-1.7357154732754525,1.9365459705650805
611.0000000009202,-1.7355922406176643,1.9303680296468406
611.1000000009201,-1.7354566384643524,1.9241900478697735
611.2000000009202,-1.7353086661716068,1.9180120500018356
611.3000000009201,-1.7351483231236737,1.911834060812453
611.4000000009203,-1.7349756087675725,1.9056561050739629
611.5000000009202,-1.7347905225965699,1.899478207560898
611.6000000009203,-1.7345930641486398,1.893300393049662
611.7000000009202,-1.734383233019651,1.887122686319124
611.8000000009204,-1.734161028850185,1.8809451121498901
611.9000000009203,-1.7339264513271004,1.8747676953243304
612.0000000009204,-1.7336795002000767,1.8685904606270212
612.1000000009203,-1.733420175246982,1.8624134328435225
612.2000000009205,-1.7331484763201583,1.856236636761691
612.3000000009204,-1.7328644033001421,1.850060097170291
612.4000000009205,-1.7325679561303247,1.843883838859735
612.5000000009204,-1.732259134800401,1.8377078866217027
612.6000000009205,-1.7319379393448169,1.8315322652488506
612.7000000009205,-1.7316043698559787,1.825356999535139
612.8000000009206,-1.7312584264710558,1.819182114275364
612.9000000009205,-1.730900109373545,1.8130076342651615
613.0000000009206,-1.7305294188098284,1.8068335843011236
613.1000000009205,-1.7301463550545013,1.800659989180259
613.2000000009207,-1.729750918456698,1.794486873700371
613.3000000009206,-1.7293431093937688,1.7883142626596014
613.4000000009207,-1.7289229283059742,1.7821421808564886
613.5000000009206,-1.728490375679919,1.7759706530899115
613.6000000009208,-1.7280454520469914,1.7697997041588276
613.7000000009207,-1.7275881579965815,1.7636293588623364
613.8000000009208,-1.7271184941628697,1.7574596419994744
613.9000000009207,-1.7266364612263931,1.7512905783691881
614.0000000009209,-1.7261420599306097,1.7451221927701184
614.1000000009208,-1.7256352910472097,1.738954510000759
614.2000000009209,-1.7251161554224597,1.7327875548589033
614.3000000009208,-1.7245846539308611,1.7266213521421194
614.400000000921,-1.7240407875098438,1.7204559266471051
614.5000000009209,-1.723484557143202,1.7142913031699727
614.600000000921,-1.722915963859529,1.7081275065060186
614.7000000009209,-1.722335008745439,1.701964561449516
614.800000000921,-1.721741692932349,1.6958024927937712
614.900000000921,-1.7211360175980432,1.6896413253310743
615.0000000009211,-1.7205179839832407,1.6834810838521457
615.100000000921,-1.7198875933568951,1.6773217931469966
615.2000000009211,-1.7192448470625417,1.6711634780034441
615.300000000921,-1.7185897464719504,1.6650061632085131
615.4000000009212,-1.7179222930198264,1.658849873547092
615.5000000009211,-1.7172424881872417,1.6526946338025499
615.6000000009212,-1.7165503335000623,1.6465404687565455
615.7000000009211,-1.71584583054217,1.6403874031885535
615.8000000009213,-1.7151289809422392,1.634235461876182
615.9000000009212,-1.7143997863753038,1.6280846695950895
616.0000000009213,-1.713658248579322,1.6219350511181057
616.1000000009212,-1.7129043693204795,1.6157866312167808
616.2000000009214,-1.7121381504395217,1.6096394346589773
616.3000000009213,-1.7113595938054198,1.6034934862111971
616.4000000009214,-1.7105687013500548,1.5973488106365448
616.5000000009213,-1.7097654750516578,1.5912054326956753
616.6000000009215,-1.7089499169332312,1.5850633771466311
616.7000000009214,-1.7081220290757635,1.5789226687441094
616.8000000009215,-1.7072818136050123,1.5727833322400453
616.9000000009214,-1.7064292726930699,1.5666453923834918
617.0000000009215,-1.7055644085749129,1.5605088739194075
617.1000000009215,-1.7046872235137291,1.5543738015909054
617.2000000009216,-1.7037977198472114,1.5482402001359135
617.3000000009215,-1.7028958999412616,1.5421080942904348
617.4000000009216,-1.7019817662246353,1.5359775087858145
617.5000000009215,-1.7010553211724015,1.5298484683500195
617.6000000009217,-1.7001165673043646,1.5237209977075048
617.7000000009216,-1.6991655071982654,1.5175951215782093
617.8000000009217,-1.698202143476571,1.5114708646784114
617.9000000009216,-1.6972264788080362,1.5053482517205805
618.0000000009218,-1.696238515924235,1.4992273074118323
618.1000000009217,-1.6952382575849234,1.4931080564568715
618.2000000009218,-1.6942257066242792,1.48699052355372
618.3000000009217,-1.6932008659046565,1.4808747333979069
618.4000000009219,-1.6921637383511932,1.474760710679043
618.5000000009218,-1.6911143269352849,1.4686484800824318
618.6000000009219,-1.6900526346730023,1.46253806628896
618.7000000009218,-1.6889786646382765,1.4564294939738391
618.800000000922,-1.6878924199497032,1.45032278780773
618.9000000009219,-1.6867939037721067,1.444217972456555
619.000000000922,-1.685683119333038,1.4381150725796092
619.1000000009219,-1.6845600698881895,1.432014112833211
619.200000000922,-1.6834247587675644,1.4259151178655083
619.300000000922,-1.6822771893292994,1.4198181123215952
619.4000000009221,-1.6811173649942117,1.4137231208393832
619.500000000922,-1.6799452892293005,1.4076301680515435
619.6000000009221,-1.678760965546166,1.4015392785854335
619.700000000922,-1.6775643975141752,1.3954504770615737
619.8000000009222,-1.6763555887472825,1.3893637880950402
619.9000000009221,-1.675134542905584,1.3832792362952424
620.0000000009222,-1.6739012637117816,1.3771968462636983
620.1000000009221,-1.6726557549166707,1.3711166425983854
620.2000000009223,-1.6713980203452166,1.3650386498876217
620.3000000009222,-1.6701280638504694,1.358962892716106
620.4000000009223,-1.6688458893480271,1.352889395660093
620.5000000009222,-1.667551500799578,1.3468181832896708
620.6000000009224,-1.666244902211317,1.3407492801687169
620.7000000009223,-1.664926097647084,1.3346827108531107
620.8000000009224,-1.6635950912152109,1.3286184998923878
620.9000000009223,-1.6622518870700687,1.3225566718294917
621.0000000009225,-1.6608964894284974,1.3164972511982307
621.1000000009224,-1.6595289025353646,1.3104402625283034
621.2000000009225,-1.6581491307095355,1.3043857303382458
621.3000000009224,-1.6567571782978938,1.2983336791424074
621.4000000009225,-1.6553530497097206,1.2922841334454482
621.5000000009225,-1.6539367494002755,1.2862371177449385
621.6000000009226,-1.6525082818692114,1.280192656531342
621.7000000009225,-1.6510676516736835,1.2741507742859626
621.8000000009226,-1.6496148634152235,1.268111495482867
621.9000000009225,-1.6481499217412852,1.2620748445886045
622.0000000009227,-1.6466728313616243,1.256040846059335
622.1000000009226,-1.6451835970139483,1.2500095243465459
622.2000000009227,-1.6436822235097597,1.243980903889073
622.3000000009226,-1.6421687156885019,1.2379550091210025
622.4000000009228,-1.6406430784518382,1.2319318644654742
622.5000000009227,-1.6391053167472833,1.2259114943376161
622.6000000009228,-1.6375554355666178,1.2198939231445636
622.7000000009227,-1.6359934399589562,1.2138791752831388
622.8000000009229,-1.6344193350176517,1.2078672751420263
622.9000000009228,-1.6328331258818396,1.2018582471014665
623.0000000009229,-1.6312348177527727,1.1958521155300614
623.1000000009228,-1.6296244158595705,1.1898489047911807
623.200000000923,-1.6280019255049076,1.1838486392340608
623.3000000009229,-1.6263673520193145,1.177851343202628
623.400000000923,-1.6247207007953408,1.171857041028608
623.5000000009229,-1.6230619772712402,1.1658657570347901
623.600000000923,-1.621391186929383,1.1598775155350873
623.700000000923,-1.619708335309281,1.153892340831944
623.8000000009231,-1.6180134279945366,1.1479102572187776
623.900000000923,-1.6163064706143788,1.1419312889796394
624.0000000009231,-1.6145874688599338,1.1359554603856905
624.100000000923,-1.6128564284500972,1.1299827957023019
624.2000000009232,-1.6111133551770611,1.1240133191792392
624.3000000009231,-1.6093582548607728,1.1180470550603978
624.4000000009232,-1.6075911333829724,1.1120840275762165
624.5000000009231,-1.6058119966709352,1.1061242609472792
624.6000000009233,-1.604020850695884,1.1001677793844082
624.7000000009232,-1.602217701485971,1.0942146070858114
624.8000000009233,-1.600402555113273,1.0882647682397775
624.9000000009232,-1.5985754176953204,1.0823182870243153
625.0000000009234,-1.5967362954112971,1.0763751876033019
625.1000000009233,-1.5948851944680464,1.0704354941342644
625.2000000009234,-1.593022121145417,1.0644992307576457
625.3000000009233,-1.5911470817509006,1.0585664216074582
625.4000000009235,-1.5892600826535288,1.0526370908030172
625.5000000009234,-1.5873611302676844,1.0467112624528705
625.6000000009235,-1.585450231051518,1.0407889606549205
625.7000000009234,-1.5835273915198695,1.0348702094933082
625.8000000009235,-1.5815926182313174,1.0289550330413726
625.9000000009235,-1.5796459177896982,1.0230434553612588
626.0000000009236,-1.5776872968602325,1.0171355004997353
626.1000000009235,-1.5757167621356813,1.0112311924966644
626.2000000009236,-1.573734320381494,1.0053305553733585
626.3000000009235,-1.5717399783906445,0.9994336131441449
626.4000000009237,-1.5697337430173657,0.9935403898074185
626.5000000009236,-1.5677156211610355,0.98765090934989
626.6000000009237,-1.565685619764596,0.9817651957467384
626.7000000009236,-1.5636437458274202,0.9758832729582427
626.8000000009238,-1.561590006392417,0.9700051649330084
626.9000000009237,-1.5595244085475417,0.9641308956075334
627.0000000009238,-1.5574469594418412,0.9582604889016983
627.1000000009237,-1.555357666251775,0.9523939687279233
627.2000000009239,-1.5532565362261366,0.9465313589786193
627.3000000009238,-1.5511435766411132,0.9406726835386603
627.4000000009239,-1.5490187948338412,0.9348179662757552
627.5000000009238,-1.5468821981863825,0.9289672310450181
627.600000000924,-1.5447337941241504,0.9231205016891495
627.7000000009239,-1.5425735901287077,0.9172778020348153
627.800000000924,-1.5404015937249227,0.9114391558961363
627.9000000009239,-1.538217812482479,0.9056045870742198
628.000000000924,-1.5360222540318431,0.8997741193523234
628.100000000924,-1.5338149260307499,0.8939477765056917
628.2000000009241,-1.5315958362088837,0.8881255822881053
628.300000000924,-1.5293649923231767,0.8823075604452565
628.4000000009241,-1.52712240219119,0.8764937347044439
628.500000000924,-1.5248680736751685,0.8706841287794684
628.6000000009242,-1.522602014680467,0.8648787663708448
628.7000000009241,-1.520324233168286,0.8590776711619217
628.8000000009242,-1.5180347371428953,0.853280866822628
628.9000000009241,-1.5157335346531313,0.8474883770089787
629.0000000009243,-1.5134206338082679,0.8417002253579224
629.1000000009242,-1.5110960427446924,0.8359164354978443
629.2000000009243,-1.508759769670332,0.830137031034208
629.3000000009242,-1.5064118228202101,0.8243620355638374
629.4000000009244,-1.5040522104896303,0.81859147266395
629.5000000009243,-1.5016809410183225,0.812825365897367
629.6000000009244,-1.499298022788865,0.8070637388127531
629.7000000009243,-1.496903464239348,0.8013066149404809
629.8000000009245,-1.4944972738506797,0.795554017796637
629.9000000009244,-1.4920794601480714,0.7898059708824965
630.0000000009245,-1.4896500317168064,0.7840624976790497
630.1000000009244,-1.4872089971691187,0.7783236216581781
630.2000000009245,-1.484756365188338,0.7725893662674013
630.3000000009245,-1.4822921444847221,0.7668597549450533
630.4000000009246,-1.4798163438284322,0.7611348111086453
630.5000000009245,-1.4773289720337806,0.7554145581603957
630.6000000009246,-1.4748300379576604,0.7496990194875099
630.7000000009245,-1.4723195505121276,0.7439882184577847
630.8000000009247,-1.4697975186517755,0.7382821784238615
630.9000000009246,-1.4672639513752155,0.7325809227226756
631.0000000009247,-1.4647188577407388,0.72688447466967
631.1000000009246,-1.4621622468334143,0.7211928575706368
631.2000000009248,-1.4595941278089395,0.7155060947055739
631.3000000009247,-1.457014509849763,0.7098242093447518
631.4000000009248,-1.4544234021978344,0.7041472247364106
631.5000000009247,-1.4518208141389581,0.6984751641126072
631.6000000009249,-1.4492067550012335,0.6928080506895269
631.7000000009248,-1.4465812341675486,0.6871459076628357
631.8000000009249,-1.443944261063038,0.6814887582121877
631.9000000009248,-1.4412958451565465,0.6758366255006434
632.000000000925,-1.4386359959761854,0.6701895326685662
632.1000000009249,-1.4359647230766561,0.6645475028461296
632.200000000925,-1.4332820360827958,0.6589105591362936
632.3000000009249,-1.4305879446460041,0.6532787246317519
632.400000000925,-1.4278824584767555,0.6476520224019611
632.500000000925,-1.4251655873290676,0.6420304754993122
632.6000000009251,-1.4224373409989464,0.636414106959476
632.700000000925,-1.4196977293367854,0.6308029397964992
632.8000000009251,-1.4169467622349143,0.6251969970075638
632.900000000925,-1.4141844496290563,0.6195963015723769
633.0000000009252,-1.4114108015137663,0.6140008764467542
633.1000000009251,-1.4086258279099924,0.6084107445757857
633.2000000009252,-1.4058295389082862,0.6028259288759323
633.3000000009251,-1.4030219446255625,0.5972464522528536
633.4000000009253,-1.400203055237363,0.5916723375877824
633.5000000009252,-1.3973728809624428,0.5861036077440096
633.6000000009253,-1.3945314320612217,0.5805402855672566
633.7000000009252,-1.3916787188480897,0.5749823938805221
633.8000000009254,-1.3888147516790461,0.5694299554890977
633.9000000009253,-1.385939540953146,0.5638829931799265
634.0000000009254,-1.3830530971278117,0.5583415297148702
634.1000000009253,-1.3801554306866488,0.5528055878445312
634.2000000009255,-1.377246552182311,0.5472751902894825
634.3000000009254,-1.3743264721936073,0.5417503597589639
634.4000000009255,-1.3713952013575015,0.5362311189366065
634.5000000009254,-1.3684527503538257,0.5307174904872262
634.6000000009255,-1.3654991299037302,0.5252094970572296
634.7000000009255,-1.3625343507818948,0.5197071612692128
634.8000000009256,-1.3595584238042684,0.5142105057272249
634.9000000009255,-1.3565713598294988,0.5087195530160982
635.0000000009256,-1.3535731697741116,0.5032343256944046
635.1000000009255,-1.3505638645805973,0.4977548463089295
635.2000000009257,-1.347543455259915,0.49228113737503665
635.3000000009256,-1.344511952848959,0.4868132213962302
635.4000000009257,-1.3414693684422798,0.4813511208492336
635.5000000009256,-1.3384157131769268,0.475894858191089
635.6000000009258,-1.3353509982309113,0.4704444558595892
635.7000000009257,-1.3322752348353117,0.464999936267638
635.8000000009258,-1.3291884342621165,0.45956132180876585
635.9000000009257,-1.326090607825639,0.4541286348564235
636.0000000009259,-1.322981766897557,0.4487018977566319
636.1000000009258,-1.3198619228752868,0.44328113284310056
636.2000000009259,-1.316731087224102,0.43786636241673693
636.3000000009258,-1.3135892714349828,0.4324576087660651
636.400000000926,-1.3104364870560397,0.42705489415166514
636.5000000009259,-1.3072727456774982,0.4216582408135776
636.600000000926,-1.3040980589301747,0.41626767097176837
636.7000000009259,-1.3009124384974704,0.4108832068202417
636.800000000926,-1.2977158961033157,0.4055048705328001
636.900000000926,-1.2945084435135725,0.4001326842623145
637.0000000009261,-1.2912900925509374,0.39476667013307465
637.100000000926,-1.2880608550636032,0.3894068502565383
637.2000000009261,-1.2848207429669807,0.38405324670998237
637.300000000926,-1.281569768201945,0.3787058815577801
637.4000000009262,-1.2783079427659596,0.37336477683521324
637.5000000009261,-1.2750352786982049,0.3680299545561763
637.6000000009262,-1.2717517880780562,0.36270143671366806
637.7000000009261,-1.268457483036966,0.3573792452736625
637.8000000009263,-1.265152375746522,0.352063402181114
637.9000000009262,-1.2618364784198393,0.34675392935919847
638.0000000009263,-1.2585098033263131,0.3414508487013628
638.1000000009262,-1.2551723627605846,0.33615418208770764
638.2000000009264,-1.2518241690838354,0.33086395136279545
638.3000000009263,-1.2484652346824598,0.3255801783577715
638.4000000009264,-1.2450955719988808,0.3203028848735444
638.5000000009263,-1.241715193516821,0.31503209268879395
638.6000000009265,-1.2383241117597887,0.3097678235604957
638.7000000009264,-1.2349223393028388,0.3045100992175488
638.8000000009265,-1.2315098887607536,0.29925894136701714
638.9000000009264,-1.2280867727894162,0.294014371693347
639.0000000009265,-1.224653004100405,0.28877641185012226
639.1000000009265,-1.2212085954302836,0.2835450834770713
639.2000000009266,-1.2177535595814728,0.2783204081770392
639.3000000009265,-1.214287909381342,0.2731024075389443
639.4000000009266,-1.210811657712688,0.267891103120336
639.5000000009265,-1.2073248174991733,0.26268651645569935
639.6000000009267,-1.203827401703828,0.25748866905701306
639.7000000009266,-1.2003194233406833,0.25229758240714
639.8000000009267,-1.1968008954630656,0.24711327796630483
639.9000000009266,-1.1932718311649575,0.24193577717128217
640.0000000009268,-1.1897322435954325,0.23676510142685603
640.1000000009267,-1.186182145928282,0.23160127212345083
640.2000000009268,-1.182621551402434,0.2264443106132831
640.3000000009267,-1.179050473281495,0.22129423823413813
640.4000000009269,-1.1754689248838797,0.21615107629130648
640.5000000009268,-1.1718769195684158,0.21101484606618764
640.6000000009269,-1.1682744707328605,0.20588556881688258
640.7000000009268,-1.1646615918254042,0.2007632657713469
640.800000000927,-1.1610382963330854,0.1956479581341025
640.9000000009269,-1.157404597783141,0.1905396670853995
641.000000000927,-1.1537605097572765,0.18543841377238385
641.1000000009269,-1.1501060458616315,0.18034421932734243
641.200000000927,-1.1464412197667326,0.17525710484303597
641.300000000927,-1.1427660451674995,0.17017709139729528
641.4000000009271,-1.139080535813025,0.1651042000343504
641.500000000927,-1.135384705492349,0.16003845177372505
641.6000000009271,-1.1316785680329897,0.15497986761085628
641.700000000927,-1.1279621373123017,0.1499284685100128
641.8000000009272,-1.1242354272460253,0.14488427541124443
641.9000000009271,-1.120498451789624,0.139847309229518
642.0000000009272,-1.1167512249523868,0.1348175908455957
642.1000000009271,-1.1129937607677474,0.12979514112488622
642.2000000009273,-1.1092260733327408,0.12477998089196997
642.3000000009272,-1.1054481767685047,0.11977213095600402
642.4000000009273,-1.1016600852496974,0.1147716120914494
642.5000000009272,-1.0978618129904398,0.10977844504725287
642.6000000009274,-1.0940533742428493,0.10479265054749452
642.7000000009273,-1.0902347833082728,0.09981424928407917
642.8000000009274,-1.0864060545259775,0.09484326192391987
642.9000000009273,-1.0825672022744595,0.0898797091080423
643.0000000009275,-1.0787182409853537,0.08492361144217363
643.1000000009274,-1.0748591851141374,0.07997498951619936
643.2000000009275,-1.0709900491791062,0.07503386387789562
643.3000000009274,-1.0671108477223539,0.07010025505912863
643.4000000009275,-1.063221595338808,0.06517418355598176
643.5000000009275,-1.0593223066623536,0.06025566983822363
643.6000000009276,-1.0554129963643843,0.05534473434998915
643.7000000009275,-1.0514936791648946,0.05044139750224416
643.8000000009276,-1.0475643698213108,0.04554567968019501
643.9000000009275,-1.0436250831297784,0.04065760124236628
644.0000000009277,-1.0396758339388874,0.035777182510908986
644.1000000009276,-1.0357166371207587,0.030904443791649732
644.2000000009277,-1.0317475076095035,0.026039405347032925
644.3000000009276,-1.0277684603627213,0.021182087423112
644.4000000009278,-1.0237795103901415,0.016332510229092642
644.5000000009277,-1.019780672739933,0.011490693947077128
644.6000000009278,-1.0157719624972685,0.006656658732769258
644.7000000009277,-1.0117533947952697,0.0018304247077195732
644.8000000009279,-1.0077249848039833,-0.0029879880330345014
644.9000000009278,-1.0036867477316527,-0.007798559421920322
645.0000000009279,-0.9996386988382524,-0.012601269428802134
645.1000000009278,-0.9955808534069661,-0.01739609804034518
645.200000000928,-0.9915132267821114,-0.022183025287851467
645.3000000009279,-0.9874358343311704,-0.0269620312194893
645.400000000928,-0.9833486914730345,-0.031733095921330216
645.5000000009279,-0.9792518136645045,-0.03649619950732744
645.600000000928,-0.9751452163988636,-0.041251322118581915
645.700000000928,-0.9710289152166681,-0.0459984439313193
645.8000000009281,-0.966902925694876,-0.05073754514902742
645.900000000928,-0.9627672634481045,-0.05546860600343062
646.0000000009281,-0.9586219441419724,-0.06019160676473327
646.100000000928,-0.9544669834649764,-0.0649065277204115
646.2000000009282,-0.9503023971658595,-0.06961334920382328
646.3000000009281,-0.9461282010161959,-0.07431205156566278
646.4000000009282,-0.9419444108382296,-0.07900261519556435
646.5000000009281,-0.9377510424915653,-0.08368502051180976
646.6000000009283,-0.9335481118717552,-0.08835924796056871
646.7000000009282,-0.9293356349209313,-0.09302527802409441
646.8000000009283,-0.9251136276170925,-0.09768309121263963
646.9000000009282,-0.92088210597534,-0.10233266806545627
647.0000000009284,-0.9166410860610182,-0.10697398916130954
647.1000000009283,-0.9123905839620097,-0.11160703509669992
647.2000000009284,-0.9081306158255393,-0.11623178651522931
647.3000000009283,-0.9038611978213235,-0.12084822407829882
647.4000000009285,-0.8995823461689777,-0.12545632848727867
647.5000000009284,-0.8952940771249154,-0.13005608047294348
647.6000000009285,-0.8909964069809505,-0.13464746079468012
647.7000000009284,-0.8866893520747681,-0.13923045024890135
647.8000000009285,-0.8823729287793634,-0.14380502966075132
647.9000000009285,-0.8780471535042607,-0.14837117988512707
648.0000000009286,-0.8737120427084506,-0.15292888181745443
648.1000000009285,-0.8693676128731134,-0.15747811637135042
648.2000000009286,-0.8650138805378442,-0.16201886450873773
648.3000000009285,-0.8606508622643783,-0.16655110720979394
648.4000000009287,-0.8562785746635625,-0.1710748254956756
648.5000000009286,-0.8518970343824601,-0.17559000041769007
648.6000000009287,-0.8475062581029721,-0.18009661305647595
648.7000000009286,-0.8431062625521398,-0.18459464453062752
648.8000000009288,-0.8386970644917493,-0.1890840759881849
648.9000000009287,-0.8342786807195284,-0.19356488860768212
649.0000000009288,-0.8298511280818712,-0.19803706360918727
649.1000000009287,-0.825414423447002,-0.20250058223140907
649.2000000009289,-0.8209685837406111,-0.20695542576254256
649.3000000009288,-0.8165136259101675,-0.21140157550948685
649.4000000009289,-0.8120495669514401,-0.21583901282112067
649.5000000009288,-0.8075764238958206,-0.22026771907720716
649.600000000929,-0.8030942138089627,-0.2246876756875439
649.7000000009289,-0.7986029538009105,-0.22909886410080116
649.800000000929,-0.7941026610158685,-0.23350126579580194
649.9000000009289,-0.7895933526333827,-0.23789486228259113
650.000000000929,-0.7850750458808466,-0.24227963511373318
650.100000000929,-0.7805477580071174,-0.24665556586087622
650.2000000009291,-0.7760115063175399,-0.25102263614632153
650.300000000929,-0.7714663081388686,-0.2553808276115166
650.4000000009291,-0.7669121808453291,-0.25973012194086753
650.500000000929,-0.7623491418461604,-0.2640705008503878
650.6000000009292,-0.7577772085842693,-0.26840194608682166
650.7000000009291,-0.7531963985461856,-0.27272443943668656
650.8000000009292,-0.7486067292520078,-0.27703796271734293
650.9000000009291,-0.7440082182565593,-0.2813424977780903
651.0000000009293,-0.7394008831616665,-0.2856380265117233
651.1000000009292,-0.7347847415902421,-0.2899245308305561
651.2000000009293,-0.7301598112206893,-0.294201992698699
651.3000000009292,-0.7255261097524435,-0.29847039409984255
651.4000000009294,-0.7208836549315616,-0.3027297170616009
651.5000000009293,-0.7162324645384893,-0.30697994364390646
651.6000000009294,-0.7115725563867328,-0.311221055938106
651.7000000009293,-0.7069039483326365,-0.31545303607620534
651.8000000009295,-0.7022266582655032,-0.3196758662217334
651.9000000009294,-0.6975407041087294,-0.3238895285708639
652.0000000009295,-0.692846103831855,-0.328094005364221
652.1000000009294,-0.6881428754251208,-0.33228927886237625
652.2000000009295,-0.6834310369332349,-0.33647533137882335
652.3000000009295,-0.6787106064215517,-0.3406521452470628
652.4000000009296,-0.67398160200118,-0.3448197028454637
652.5000000009295,-0.6692440418169769,-0.34897798658541446
652.6000000009296,-0.6644979440462347,-0.353126978910392
652.7000000009295,-0.6597433269082811,-0.35726666230540083
652.8000000009297,-0.6549802086547845,-0.3613970192876358
652.9000000009296,-0.65020860757086,-0.3655180324076288
653.0000000009297,-0.6454285419868864,-0.36962968426130116
653.1000000009296,-0.6406400302535475,-0.3737319574649417
653.2000000009298,-0.6358430907749494,-0.37782483468886796
653.3000000009297,-0.6310377419754483,-0.38190829862382336
653.4000000009298,-0.6262240023242689,-0.3859823320063505
653.5000000009297,-0.6214018903237302,-0.3900469176066962
653.6000000009299,-0.6165714245079519,-0.3941020382278546
653.7000000009298,-0.6117326234522658,-0.39814767671520235
653.8000000009299,-0.6068855057637074,-0.40218381594696556
653.9000000009298,-0.6020300900821012,-0.4062104388353859
654.00000000093,-0.5971663950916426,-0.41022752833900905
654.1000000009299,-0.5922944394964276,-0.4142350674371622
654.20000000093,-0.587414242052898,-0.4182330391642939
654.3000000009299,-0.5825258215373416,-0.42222142657569073
654.40000000093,-0.5776291967700116,-0.42620021277334585
654.50000000093,-0.572724386603592,-0.43016938089362766
654.6000000009301,-0.5678114099219174,-0.4341289141063004
654.70000000093,-0.562890285649196,-0.4380787956243499
654.8000000009301,-0.557961032740687,-0.4420190086942556
654.90000000093,-0.5530236701837679,-0.44594953659717873
655.0000000009302,-0.5480782170092691,-0.44987036266148694
655.1000000009301,-0.5431246922675113,-0.45378147023673404
655.2000000009302,-0.5381631150600701,-0.45768284272865956
655.3000000009301,-0.5331935045079534,-0.4615744635642447
655.4000000009303,-0.5282158797752093,-0.4654563162180736
655.5000000009302,-0.5232302600576348,-0.46932838419976486
655.6000000009303,-0.5182366645815211,-0.47319065105296343
655.7000000009302,-0.5132351126126787,-0.4770431003653556
655.8000000009304,-0.5082256234473017,-0.4808857157587567
655.9000000009303,-0.503208216413012,-0.48471848089031977
656.0000000009304,-0.4981829108799526,-0.48854137946528586
656.1000000009303,-0.49314972623733877,-0.49235439521047875
656.2000000009305,-0.4881086819245267,-0.49615751190994983
656.3000000009304,-0.4830597973998849,-0.4999507133693881
656.4000000009305,-0.47800309216387915,-0.5037339834429613
656.5000000009304,-0.4729385857480298,-0.5075073060205184
656.6000000009305,-0.4678662977136776,-0.5112706650265555
656.7000000009305,-0.46278624766080906,-0.5150240444304143
656.8000000009306,-0.45769845521911967,-0.5187674282361832
656.9000000009305,-0.452602940049032,-0.5225008004839282
657.0000000009306,-0.4474997218525349,-0.526224145262671
657.1000000009305,-0.44238882035026184,-0.5299374466834035
657.2000000009307,-0.43727025531185854,-0.533640688915363
657.3000000009306,-0.4321440465255538,-0.537333856149812
657.4000000009307,-0.42701021382070714,-0.5410169326273527
657.5000000009306,-0.4218687770570253,-0.5446899026249017
657.6000000009308,-0.41671975612335155,-0.5483527504546264
657.7000000009307,-0.411563170946288,-0.5520054604743271
657.8000000009308,-0.40639904148145456,-0.5556480170771563
657.9000000009307,-0.4012273877144855,-0.5592804046928703
658.0000000009309,-0.3960482296716118,-0.5629026078010289
658.1000000009308,-0.3908615873972731,-0.5665146109035402
658.2000000009309,-0.3856674809837651,-0.570116398561558
658.3000000009308,-0.38046593054152955,-0.573707955358639
658.400000000931,-0.3752569562211625,-0.5772892659285173
658.5000000009309,-0.3700405782028887,-0.5808603149418581
658.600000000931,-0.3648168166953689,-0.5844210871051736
658.7000000009309,-0.35958569194411544,-0.5879715671713791
658.800000000931,-0.35434722422296017,-0.591511739929332
658.900000000931,-0.34910143383502457,-0.5950415902051046
659.0000000009311,-0.34384834112303464,-0.5985611028754012
659.100000000931,-0.3385879664474819,-0.6020702628396473
659.2000000009311,-0.3333203302155419,-0.6055690550574873
659.300000000931,-0.32804545285209297,-0.6090574645113387
659.4000000009312,-0.32276335482117036,-0.6125354762346149
659.5000000009311,-0.31747405661570516,-0.6160030752982653
659.6000000009312,-0.31217757875635344,-0.619460246809666
659.7000000009311,-0.30687394179970234,-0.6229069759233474
659.8000000009313,-0.30156316632994584,-0.62634324783036
659.9000000009312,-0.29624527295982883,-0.6297690477595661
660.0000000009313,-0.29092028234069556,-0.6331843609912684
660.1000000009312,-0.28558821514120514,-0.6365891728288533
660.2000000009314,-0.2802490920755062,-0.6399834686368779
660.3000000009313,-0.27490293387499887,-0.6433672338030332
660.4000000009314,-0.2695497613092305,-0.6467404537668033
660.5000000009313,-0.2641895951758971,-0.6501031140057996
660.6000000009315,-0.2588224562996918,-0.6534552000346285
660.7000000009314,-0.25344836554030475,-0.6567966974157841
660.8000000009315,-0.24806734378431217,-0.6601275917488401
660.9000000009314,-0.24267941194609027,-0.6634478686717652
661.0000000009315,-0.2372845909775917,-0.6667575138747578
661.1000000009315,-0.23188290184762533,-0.6700565130714531
661.2000000009316,-0.22647436556927608,-0.6733448520375857
661.3000000009315,-0.22105900317242144,-0.6766225165723754
661.4000000009316,-0.21563683572405734,-0.6798894925276158
661.5000000009315,-0.2102078843185714,-0.6831457657938012
661.6000000009317,-0.20477217007661402,-0.6863913222989726
661.7000000009316,-0.19932971415288037,-0.6896261480197727
661.8000000009317,-0.1938805377282139,-0.6928502289704753
661.9000000009316,-0.18842466201049773,-0.6960635512043154
662.0000000009318,-0.18296210824416018,-0.699266100827522
662.1000000009317,-0.17749289769001936,-0.7024578639701065
662.2000000009318,-0.17201705165192682,-0.7056388268250879
662.3000000009317,-0.16653459145005906,-0.7088089756093146
662.4000000009319,-0.16104553844067337,-0.7119682965929633
662.5000000009318,-0.15554991400665244,-0.7151167760854711
662.6000000009319,-0.15004773955639328,-0.7182544004343591
662.7000000009318,-0.1445390365313711,-0.721381156036446
662.800000000932,-0.13902382639846247,-0.7244970293267168
662.9000000009319,-0.1335021306508099,-0.7276020067796696
663.000000000932,-0.12797397081704726,-0.730696074923544
663.1000000009319,-0.12243936844172605,-0.7337792203106959
663.200000000932,-0.11689834511118047,-0.7368514295573698
663.300000000932,-0.11135092242759617,-0.7399126893039735
663.4000000009321,-0.10579712202817715,-0.7429629862449816
663.500000000932,-0.10023696557597322,-0.7460023071146729
663.6000000009321,-0.09467047475879643,-0.7490306386859293
663.700000000932,-0.08909767129655718,-0.7520479677816082
663.8000000009322,-0.08351857693380277,-0.7550542812632552
663.9000000009321,-0.07793321344056055,-0.7580495660324672
664.0000000009322,-0.07234160262128586,-0.7610338090453056
664.1000000009321,-0.06674376629587284,-0.7640069972822742
664.2000000009323,-0.06113972632472654,-0.7669691177886206
664.3000000009322,-0.05552950458362298,-0.7699201576340808
664.4000000009323,-0.049913122982281774,-0.7728601039431741
664.5000000009322,-0.044290603455476536,-0.7757889438807524
664.6000000009324,-0.03866196796197585,-0.7787066646507792
664.7000000009323,-0.03302723849165546,-0.7816132535078484
664.8000000009324,-0.027386437058259713,-0.7845086977457456
664.9000000009323,-0.02173958570021436,-0.7873929846988315
665.0000000009325,-0.01608670648928623,-0.7902661017566379
665.1000000009324,-0.010427821512196109,-0.7931280363334553
665.2000000009325,-0.004762952894894793,-0.7959787759091436
665.3000000009324,0.0009078772217828541,-0.7988183079883651
665.4000000009326,0.0065846466641542875,-0.8016466201312645
665.5000000009325,0.012267333234285895,-0.8044636999388343
665.6000000009326,0.017955914711022206,-0.8072695350516663
665.7000000009325,0.023650368843107044,-0.8100641131616211
665.8000000009326,0.02935067335619733,-0.8128474220002401
665.9000000009326,0.03505680595207562,-0.8156194493401449
666.0000000009327,0.04076874430027957,-0.8183801830098126
666.1000000009326,0.04648646605588548,-0.8211296108627848
666.2000000009327,0.0522099488360456,-0.8238677208189779
666.3000000009326,0.057939170243521715,-0.8265945008234157
666.4000000009328,0.0636741078493295,-0.8293099388772776
666.5000000009327,0.06941473920104457,-0.8320140230230857
666.6000000009328,0.07516104182380964,-0.8347067413434395
666.7000000009327,0.08091299321368975,-0.8373880819728248
666.8000000009329,0.08667057084445268,-0.8400580330858831
666.9000000009328,0.09243375216680763,-0.842716582898825
667.0000000009329,0.0982025146003292,-0.8453637196843773
667.1000000009328,0.10397683555062948,-0.8479994317406284
667.200000000933,0.10975669238671809,-0.8506237074328196
667.3000000009329,0.11554206246371387,-0.8532365351515945
667.400000000933,0.1213329231061065,-0.8558379033444046
667.5000000009329,0.12712925161576866,-0.8584278005005257
667.600000000933,0.1329310252729396,-0.861006215149771
667.700000000933,0.13873822132981284,-0.8635731358744372
667.8000000009331,0.14455081701707906,-0.8661285512974329
667.900000000933,0.15036878954319896,-0.8686724500837104
668.0000000009331,0.15619211608663047,-0.8712048209553784
668.100000000933,0.16202077381237398,-0.8737256526601949
668.2000000009332,0.16785473985015648,-0.87623493401382
668.3000000009331,0.1736939913163188,-0.878732653857603
668.4000000009332,0.17953850529770807,-0.881218801090329
668.5000000009331,0.18538825885938984,-0.8836933646530736
668.6000000009333,0.1912432290456022,-0.8861563335278959
668.7000000009332,0.19710339287357975,-0.8886076967499132
668.8000000009333,0.20296872733986265,-0.8910474433952962
668.9000000009332,0.20883920941959858,-0.8934755625827155
669.0000000009334,0.2147148160590709,-0.8958920434886177
669.1000000009333,0.2205955241916161,-0.8982968753153739
669.2000000009334,0.22648131071665228,-0.9006900473339838
669.3000000009333,0.23237215252072183,-0.90307154884141
669.4000000009335,0.23826802646201203,-0.9054413691926579
669.5000000009334,0.24416890937777105,-0.9077994977854711
669.6000000009335,0.2500747780852426,-0.9101459240590073
669.7000000009334,0.2559856093757242,-0.9124806375060381
669.8000000009336,0.26190138002063146,-0.9148036276608127
669.9000000009335,0.26782206677083376,-0.9171148841005207
670.0000000009336,0.27374764634948867,-0.9194143964607219
670.1000000009335,0.27967809546732414,-0.9217021544031678
670.2000000009336,0.28561339080251547,-0.923978147658937
670.3000000009336,0.2915535090208794,-0.9262423659853362
670.4000000009337,0.29749842676103466,-0.9284947991982981
670.5000000009336,0.3034481206415117,-0.930735437156926
670.6000000009337,0.30940256726166115,-0.9329642697621479
670.7000000009336,0.3153617431959572,-0.9351812869690422
670.8000000009338,0.321325624999821,-0.9373864787745754
670.9000000009337,0.32729418920898,-0.9395798352190757
671.0000000009338,0.3332674123326067,-0.941761346401812
671.1000000009337,0.33924527086796624,-0.9439310024485
671.2000000009339,0.3452277412811632,-0.9460887935548585
671.3000000009338,0.351214800026467,-0.9482347099430886
671.4000000009339,0.3572064235321112,-0.950368741894577
671.5000000009338,0.3632025882070988,-0.9524908797342934
671.600000000934,0.36920327044208867,-0.9546011138294301
671.7000000009339,0.3752084466039432,-0.9566994346018427
671.800000000934,0.3812180930413067,-0.9587858325156676
671.9000000009339,0.3872321860839941,-0.960860298078811
672.000000000934,0.3932507020364399,-0.9629228218586656
672.100000000934,0.399273617191699,-0.9649733944493188
672.2000000009341,0.4053009078130594,-0.967012006515503
672.300000000934,0.41133255015250275,-0.969038648748679
672.4000000009341,0.4173685204371573,-0.9710533119000306
672.500000000934,0.4234087948757896,-0.973055986764722
672.6000000009342,0.42945334965965803,-0.9750466641805171
672.7000000009341,0.43550216095731253,-0.977025335040334
672.8000000009342,0.44155520491993405,-0.9789919902797517
672.9000000009341,0.44761245768074953,-0.980946620878508
673.0000000009343,0.4536738953487892,-0.9828892178763521
673.1000000009342,0.45973949402223424,-0.9848197723399611
673.2000000009343,0.4658092297709077,-0.9867382754072742
673.3000000009342,0.4718830786538586,-0.9886447182431909
673.4000000009344,0.4779610167064735,-0.99053909207285
673.5000000009343,0.48404301994665533,-0.99242138816575
673.6000000009344,0.4901290643756486,-0.9942915978343527
673.7000000009343,0.49621912597308937,-0.9961497124467427
673.8000000009345,0.5023131807020941,-0.9979957234140238
673.9000000009344,0.5084112045087064,-0.9998296221918317
674.0000000009345,0.5145131733159722,-1.0016514002963182
674.1000000009344,0.5206190630366254,-1.0034610492707876
674.2000000009346,0.5267288495564583,-1.005258560730387
674.3000000009345,0.5328425087510278,-1.007043926317446
674.4000000009346,0.5389600164734354,-1.008817137735032
674.5000000009345,0.5450813485601822,-1.010578186730935
674.6000000009346,0.5512064808319637,-1.0123270650962488
674.7000000009346,0.5573353890889783,-1.0140637646781374
674.8000000009347,0.563468049115767,-1.015788277367129
674.9000000009346,0.5696044366806847,-1.0175005950986402
675.0000000009347,0.5757445275302934,-1.0192007098690774
675.1000000009346,0.5818882974013841,-1.0208886137022126
675.2000000009348,0.5880357220052426,-1.0225642986942225
675.3000000009347,0.5941867770434616,-1.02422775696868
675.4000000009348,0.6003414381963883,-1.0258789807103592
675.5000000009347,0.6064996811286625,-1.027517962149104
675.6000000009349,0.6126614814899847,-1.0291446935583894
675.7000000009348,0.6188268149106773,-1.0307591672681888
675.8000000009349,0.6249956570062648,-1.0323613756521621
675.9000000009348,0.6311679833769822,-1.0339513111291905
676.000000000935,0.6373437696024951,-1.0355289661796019
676.1000000009349,0.643522991253245,-1.0370943333112952
676.200000000935,0.6497056238756077,-1.0386474051051051
676.3000000009349,0.6558916430068127,-1.0401881741694652
676.400000000935,0.6620810241640673,-1.0417166331744474
676.500000000935,0.6682737428497714,-1.0432327748355195
676.6000000009351,0.6744697745522559,-1.0447365919120957
676.700000000935,0.6806690947416012,-1.046228077220492
676.8000000009351,0.6868716788739619,-1.0477072236210203
676.900000000935,0.6930775023911067,-1.0491740240195329
677.0000000009352,0.6992865407154613,-1.0506284713837521
677.1000000009351,0.7054987692607781,-1.0520705587091639
677.2000000009352,0.7117141634181992,-1.053500279064695
677.3000000009351,0.7179326985702691,-1.0549176255470631
677.4000000009353,0.7241543500807397,-1.056322591315042
677.5000000009352,0.7303790932994647,-1.0577151695731084
677.6000000009353,0.7366069035631118,-1.0590953535699785
677.7000000009352,0.7428377561912314,-1.060463136611652
677.8000000009354,0.7490716264903219,-1.0618185120484156
677.9000000009353,0.7553084897534057,-1.0631614732763963
678.0000000009354,0.7615483212554,-1.0644920137539984
678.1000000009353,0.7677910962631038,-1.065810126967571
678.2000000009355,0.774036790022171,-1.067115806477374
678.3000000009354,0.7802853777702137,-1.0684090458716367
678.4000000009355,0.7865368347272896,-1.0696898388010396
678.5000000009354,0.7927911361004709,-1.0709581789622593
678.6000000009356,0.7990482570845276,-1.0722140600964867
678.7000000009355,0.8053081728582591,-1.0734574760025546
678.8000000009356,0.8115708585882981,-1.074688420523854
678.9000000009355,0.8178362894287139,-1.0759068875498987
679.0000000009356,0.8241044405167084,-1.0771128710328606
679.1000000009356,0.8303752869819243,-1.0783063649530265
679.2000000009357,0.8366488039343472,-1.079487363365041
679.3000000009356,0.8429249664764797,-1.0806558603516883
679.4000000009357,0.8492037496945113,-1.081811850058565
679.5000000009356,0.8554851286625613,-1.0829553266775367
679.6000000009358,0.8617690784433392,-1.084086284445242
679.7000000009357,0.868055574084736,-1.0852047176562984
679.8000000009358,0.8743445906233674,-1.0863106206501414
679.9000000009357,0.8806361030842065,-1.0874039878125945
680.0000000009359,0.8869300864766109,-1.0884848135924892
680.1000000009358,0.8932265158029407,-1.08955309246693
680.2000000009359,0.8995253660473828,-1.0906088189877934
680.3000000009358,0.9058266121872045,-1.0916519877352489
680.400000000936,0.9121302291846183,-1.0926825933526314
680.5000000009359,0.9184361919906914,-1.093700630529797
680.600000000936,0.9247444755459701,-1.0947060940016167
680.7000000009359,0.9310550547773384,-1.0956989785612472
680.800000000936,0.9373679046013073,-1.0966792790469029
680.900000000936,0.943682999923674,-1.0976469903434332
681.0000000009361,0.9500003156358787,-1.0986021073990244
681.100000000936,0.9563198266229263,-1.0995446251902856
681.2000000009361,0.9626415077531438,-1.1004745387689807
681.300000000936,0.9689653338885036,-1.101391843215314
681.4000000009362,0.9752912798771853,-1.1022965336729715
681.5000000009361,0.9816193205571548,-1.1031886053323956
681.6000000009362,0.9879494307567556,-1.1040680534292697
681.7000000009361,0.9942815852918352,-1.1049348732578532
681.8000000009363,1.0006157589687676,-1.1057890601576787
681.9000000009362,1.006951926584147,-1.1066306095151397
682.0000000009363,1.0132900629214767,-1.1074595167802763
682.1000000009362,1.019630142758394,-1.108275777431687
682.2000000009364,1.0259721408573546,-1.109079387023479
682.3000000009363,1.0323160319750289,-1.1098703411383353
682.4000000009364,1.0386617908555715,-1.110648635422712
682.5000000009363,1.0450093922338572,-1.1114142655700419
682.6000000009365,1.0513588108360374,-1.112167227319199
682.7000000009364,1.0577100213769404,-1.1129075164679016
682.8000000009365,1.0640629985628287,-1.1136351288593445
682.9000000009364,1.070417717091121,-1.1143500603837926
683.0000000009366,1.0767741516474145,-1.1150523069954357
683.1000000009365,1.0831322769120109,-1.1157418646771462
683.2000000009366,1.0894920675515483,-1.1164187294876293
683.3000000009365,1.0958534982274508,-1.117082897514289
683.4000000009366,1.1022165435898956,-1.1177343649085727
683.5000000009366,1.108581178280717,-1.1183731278691003
683.6000000009367,1.1149473769339402,-1.1189991826401218
683.7000000009366,1.1213151141734465,-1.1196125255249751
683.8000000009367,1.1276843646154553,-1.1202131528726564
683.9000000009366,1.1340551028682815,-1.1208010610794195
684.0000000009368,1.1404273035297097,-1.121376246605702
684.1000000009367,1.1468009411928013,-1.121938705940737
684.2000000009368,1.15317599043846,-1.1224884356498828
684.3000000009367,1.1595524258429486,-1.1230254323273074
684.4000000009369,1.1659302219725702,-1.1235496926314663
684.5000000009368,1.172309353386232,-1.1240612132681664
684.6000000009369,1.1786897946359431,-1.1245599909890147
684.7000000009368,1.1850715202647477,-1.125046022604923
684.800000000937,1.191454504808942,-1.125519304972629
684.9000000009369,1.197838722797866,-1.1259798349963015
685.000000000937,1.2042241487516119,-1.1264276096445165
685.1000000009369,1.2106107571861249,-1.1268626259147494
685.200000000937,1.2169985226067173,-1.1272848808808629
685.300000000937,1.223387419514635,-1.127694371645632
685.4000000009371,1.2297774224024458,-1.1280910953763343
685.500000000937,1.236168505756273,-1.1284750492877629
685.6000000009371,1.2425606440562644,-1.128846230640661
685.700000000937,1.248953811774789,-1.1292046367552733
685.8000000009372,1.2553479833783814,-1.1295502649978126
685.9000000009371,1.2617431333275673,-1.1298831127820739
686.0000000009372,1.2681392360749104,-1.1302031775864683
686.1000000009371,1.274536266069409,-1.1305104569183952
686.2000000009373,1.2809341977509598,-1.1308049483618714
686.3000000009372,1.2873330055559737,-1.1310866495299137
686.4000000009373,1.2937326639134756,-1.131355558100239
686.5000000009372,1.3001331472469912,-1.1316116717982219
686.6000000009374,1.3065344299749888,-1.1318549883953144
686.7000000009373,1.3129364865093507,-1.1320855057226402
686.8000000009374,1.319339291257051,-1.1323032216574234
686.9000000009373,1.3257428186200069,-1.1325081341246035
687.0000000009375,1.3321470429934563,-1.1327002411139087
687.1000000009374,1.3385519387696552,-1.1328795406441359
687.2000000009375,1.3449574803332989,-1.1330460308109096
687.3000000009374,1.3513636420661803,-1.133199709738932
687.4000000009376,1.3577703983439937,-1.1333405756177624
687.5000000009375,1.3641777235378882,-1.133468626684738
687.6000000009376,1.3705855920148826,-1.1335838612233902
687.7000000009375,1.3769939781366056,-1.1336862775770733
687.8000000009376,1.383402856260692,-1.1337758741353525
687.9000000009376,1.3898122007406752,-1.1338526493356222
688.0000000009377,1.3962219859247194,-1.1339166016802174
688.1000000009376,1.4026321861585842,-1.1339677297006063
688.2000000009377,1.4090427757820025,-1.1340060320052558
688.3000000009376,1.415453729132384,-1.1340315072317764
688.4000000009378,1.4218650205423455,-1.1340441540827757
688.5000000009377,1.4282766243409177,-1.1340439713087442
688.6000000009378,1.4346885148539197,-1.1340309577064622
688.7000000009377,1.441100666402976,-1.1340051121326569
688.8000000009379,1.447513053306651,-1.1339664334903579
688.9000000009378,1.4539256498803663,-1.1339149207305188
689.0000000009379,1.4603384304354685,-1.1338505728691546
689.1000000009378,1.4667513692814835,-1.1337733889514725
689.200000000938,1.4731644407234565,-1.1336833680998197
689.3000000009379,1.4795776190646945,-1.1335805094657427
689.400000000938,1.4859908786050102,-1.1334648122658986
689.5000000009379,1.4924041936415868,-1.133336275764909
689.600000000938,1.498817538469328,-1.1331948992737644
689.700000000938,1.5052308873801419,-1.1330406821635004
689.8000000009381,1.5116442146638036,-1.1328736238515296
689.900000000938,1.5180574946079064,-1.132693723803263
690.0000000009381,1.524470701497275,-1.1325009815492706
690.100000000938,1.530883809615498,-1.1322953966493605
690.2000000009382,1.5372967932432213,-1.132076968740591
690.3000000009381,1.5437096266599397,-1.1318456974892648
690.4000000009382,1.5501222841429647,-1.1316015826268797
690.5000000009381,1.556534739967943,-1.1313446239329634
690.6000000009383,1.562946968409158,-1.131074821233468
690.7000000009382,1.569358943739102,-1.130792174414469
690.8000000009383,1.5757706402290699,-1.1304966834084753
690.9000000009382,1.5821820321491378,-1.1301883481960497
691.0000000009384,1.5885930937679176,-1.1298671688229862
691.1000000009383,1.5950037993533699,-1.1295331453643485
691.2000000009384,1.601414123172061,-1.1291862779725323
691.3000000009383,1.607824039489989,-1.1288265668292061
691.4000000009385,1.6142335225722761,-1.1284540121812925
691.5000000009384,1.6206425466833418,-1.1280686143237912
691.6000000009385,1.627051086087181,-1.127670373598169
691.7000000009384,1.6334591150472022,-1.1272592904060663
691.8000000009386,1.639866607826536,-1.1268353651955918
691.9000000009385,1.6462735386880585,-1.1263985984629468
692.0000000009386,1.652679881894497,-1.125948990769611
692.1000000009385,1.6590856117085155,-1.1254865427063545
692.2000000009386,1.6654907023929284,-1.1250112549413236
692.3000000009386,1.6718951282105685,-1.1245231281719574
692.4000000009387,1.6782988634247042,-1.1240221631609857
692.5000000009386,1.6847018822988642,-1.1235083607192442
692.6000000009387,1.6911041590970792,-1.122981721704055
692.7000000009386,1.6975056680840008,-1.1224422470329398
692.8000000009388,1.7039063835249433,-1.121889937669907
692.9000000009387,1.7103062796859294,-1.1213247946270735
693.0000000009388,1.7167053308341336,-1.1207468189818557
693.1000000009387,1.7231035112372535,-1.120156011840969
693.2000000009389,1.7295007951646946,-1.1195523743885247
693.3000000009388,1.7358971568864683,-1.1189359078379346
693.4000000009389,1.7422925706743302,-1.1183066134679112
693.5000000009388,1.7486870108012595,-1.1176644926052772
693.600000000939,1.7550804515416711,-1.1170095466233407
693.7000000009389,1.7614728671718085,-1.116341776955613
693.800000000939,1.7678642319695088,-1.115661185082092
693.9000000009389,1.7742545202142812,-1.1149677725308873
694.000000000939,1.780643706188096,-1.1142615408954004
694.100000000939,1.787031764174035,-1.1135424917983299
694.2000000009391,1.793418668458445,-1.1128106269397542
694.300000000939,1.7998043933288654,-1.112065948049045
694.4000000009391,1.80618891307588,-1.111308456920857
694.500000000939,1.8125722019922619,-1.1105381553979452
694.6000000009392,1.8189542343731646,-1.109755045369533
694.7000000009391,1.8253349845167777,-1.1089591287850284
694.8000000009392,1.8317144267238068,-1.108150407640308
694.9000000009391,1.8380925352975965,-1.1073288839793367
695.0000000009393,1.8444692845452653,-1.1064945599113352
695.1000000009392,1.8508446487756327,-1.105647437574806
695.2000000009393,1.8572186023023294,-1.1047875191855896
695.3000000009392,1.8635911194407684,-1.103914806988807
695.4000000009394,1.8699621745107193,-1.1030293032948146
695.5000000009393,1.8763317418351084,-1.1021310104620394
695.6000000009394,1.88269979574017,-1.1012199308953408
695.7000000009393,1.8890663105563845,-1.100296067059719
695.8000000009395,1.8954312606176835,-1.0993594214665994
695.9000000009394,1.901794620261596,-1.0984099966754544
696.0000000009395,1.9081563638307317,-1.097447795310961
696.1000000009394,1.9145164656699873,-1.0964728200270504
696.2000000009396,1.9208749001306393,-1.0954850735549115
696.3000000009395,1.9272316415663313,-1.094484558654984
696.4000000009396,1.9335866643363662,-1.0934712781528804
696.5000000009395,1.9399399428041608,-1.0924452349222298
696.6000000009396,1.9462914513373772,-1.0914064318830374
696.7000000009396,1.9526411643091324,-1.0903548720153777
696.8000000009397,1.9589890560969279,-1.0892905583456987
696.9000000009396,1.965335101082828,-1.088213493948435
697.0000000009397,1.9716792736552842,-1.0871236819631371
697.1000000009396,1.9780215482056245,-1.0860211255585726
697.2000000009398,1.9843618991330978,-1.0849058279806632
697.3000000009397,1.9907003008399113,-1.0837777925045435
697.4000000009398,1.9970367277352468,-1.082637022470416
697.5000000009397,2.0033711542333674,-1.0814835212664309
697.6000000009399,2.0097035547537008,-1.0803172923270452
697.7000000009398,2.016033903722331,-1.0791383391466942
697.8000000009399,2.0223621755706676,-1.0779466652661056
697.9000000009398,2.0286883447356487,-1.0767422742739146
698.00000000094,2.0350123856619033,-1.0755251698237647
698.1000000009399,2.0413342727975214,-1.074295355598467
698.20000000094,2.0476539806000655,-1.0730528353578463
698.3000000009399,2.0539714835306437,-1.0717976128908857
698.40000000094,2.0602867560586415,-1.0705296920515135
698.50000000094,2.066599772659491,-1.0692490767415173
698.6000000009401,2.0729105078147207,-1.067955770908906
698.70000000094,2.0792189360137177,-1.0666497785615459
698.8000000009401,2.085525031752119,-1.0653311037534996
698.90000000094,2.091828769532055,-1.0639997505866379
699.0000000009402,2.0981301238646592,-1.0626557232277034
699.1000000009401,2.1044290692651124,-1.0612990258725432
699.2000000009402,2.110725580259606,-1.0599296627938475
699.3000000009401,2.11701963137846,-1.0585476382934038
699.4000000009403,2.123311197161586,-1.057152956737799
699.5000000009402,2.1296002521559005,-1.0557456225413722
699.6000000009403,2.135886770915339,-1.0543256401645649
699.7000000009402,2.1421707280029034,-1.0528930141275334
699.8000000009404,2.1484520979887756,-1.0514477489965186
699.9000000009403,2.1547308554505884,-1.0499898493854571
700.0000000009404,2.1610069749762824,-1.048519319972994
700.1000000009403,2.167280431158427,-1.047036165466805
700.2000000009405,2.173551198602145,-1.045540390651206
700.3000000009404,2.1798192519172757,-1.0440320003395323
700.4000000009405,2.186084565724549,-1.0425109994097446
700.5000000009404,2.1923471146526614,-1.040977392787426
700.6000000009406,2.1986068733382558,-1.039431185444136
700.7000000009405,2.204863816428242,-1.0378723824109848
700.8000000009406,2.211117918577628,-1.036300988765035
700.9000000009405,2.217369154449834,-1.034717009630906
701.0000000009406,2.2236174987198916,-1.033120450197736
701.1000000009406,2.229862926068046,-1.0315113156836087
701.2000000009407,2.2361054111886327,-1.0298896113830138
701.3000000009406,2.242344928781283,-1.0282553426193743
701.4000000009407,2.248581453557822,-1.0266085147805408
701.5000000009406,2.2548149602389964,-1.0249491333018388
701.6000000009408,2.2610454235544273,-1.0232772036644189
701.7000000009407,2.2672728182451944,-1.0215927314087914
701.8000000009408,2.2734971190614055,-1.0198957221212748
701.9000000009407,2.2797183007625312,-1.0181861814355866
702.0000000009409,2.2859363381209477,-1.0164641150497404
702.1000000009408,2.2921512059148275,-1.0147295286905984
702.2000000009409,2.298362878937975,-1.0129824281611746
702.3000000009408,2.304571331990074,-1.011222819293318
702.400000000941,2.310776539884282,-1.0094507079830706
702.5000000009409,2.316978477443638,-1.0076661001737812
702.600000000941,2.323177119500988,-1.0058690018544643
702.7000000009409,2.3293724409018273,-1.0040594190732786
702.800000000941,2.3355644165015907,-1.0022373579240187
702.900000000941,2.3417530211660305,-1.0004028245477041
703.0000000009411,2.3479382297751004,-0.9985558251494093
703.100000000941,2.3541200172151315,-0.9966963659629486
703.2000000009411,2.3602983583896138,-0.9948244532979935
703.300000000941,2.366473228208495,-0.9929400934929404
703.4000000009412,2.3726446015964937,-0.9910432929501269
703.5000000009411,2.3788124534891644,-0.9891340581190118
703.6000000009412,2.384976758832772,-0.9872123954945318
703.7000000009411,2.391137492587429,-0.9852783116305304
703.8000000009413,2.3972946297241045,-0.9833318131262989
703.9000000009412,2.4034481452250374,-0.9813729066281585
704.0000000009413,2.40959801408795,-0.979401598846223
704.1000000009412,2.4157442113175174,-0.9774178965192241
704.2000000009414,2.42188671193711,-0.9754218064614213
704.3000000009413,2.4280254909771317,-0.9734133355156767
704.4000000009414,2.434160523484039,-0.971392490588517
704.5000000009413,2.4402917845160674,-0.9693592786333868
704.6000000009415,2.4464192491430854,-0.9673137066490044
704.7000000009414,2.4525428924499897,-0.9652557816927312
704.8000000009415,2.45866268953345,-0.9631855108671714
704.9000000009414,2.4647786155023486,-0.9611029013217459
705.0000000009416,2.4708906454823367,-0.9590079602693726
705.1000000009415,2.4769987546065972,-0.9569006949514562
705.2000000009416,2.483102918028521,-0.9547811126845754
705.3000000009415,2.48920311090911,-0.9526492208137769
705.4000000009416,2.4952993084267048,-0.9505050267474653
705.5000000009416,2.501391485772365,-0.9483485379407389
705.6000000009417,2.507479618149689,-0.9461797618937505
705.7000000009416,2.51356368077848,-0.9439987061650115
705.8000000009417,2.5196436488912357,-0.9418053783580496
705.9000000009416,2.525719497733612,-0.9395997861229743
706.0000000009418,2.5317912025693,-0.9373819371730733
706.1000000009417,2.537858738670095,-0.9351518392499782
706.2000000009418,2.543922081329519,-0.9329095001701089
706.3000000009417,2.549981205849276,-0.9306549277782087
706.4000000009419,2.556036087549683,-0.9283881299820482
706.5000000009418,2.5620867017647138,-0.9261091147358486
706.6000000009419,2.5681330238417934,-0.9238178900386437
706.7000000009418,2.5741750291457235,-0.9215144639475168
706.800000000942,2.5802126930549028,-0.9191988445643249
706.9000000009419,2.5862459909618227,-0.9168710400372566
707.000000000942,2.59227489827829,-0.9145310585773314
707.1000000009419,2.598299390424783,-0.9121789084237585
707.200000000942,2.6043194428450107,-0.909814597890121
707.300000000942,2.6103350309914357,-0.9074381353181677
707.4000000009421,2.616346130336398,-0.9050495291123154
707.500000000942,2.622352716366835,-0.9026487877231684
707.6000000009421,2.628354764584034,-0.90023591964589
707.700000000942,2.634352250507831,-0.897810933433359
707.8000000009422,2.640345149672554,-0.8953738376829665
707.9000000009421,2.6463334376275567,-0.8929246410381629
708.0000000009422,2.6523170899427777,-0.8904633522048604
708.1000000009421,2.6582960821973955,-0.8879899799169931
708.2000000009423,2.6642703899953135,-0.8855045329824223
708.3000000009422,2.6702399889497546,-0.8830070202370073
708.4000000009423,2.676204854695085,-0.8804974505788935
708.5000000009422,2.6821649628811937,-0.8779758329521344
708.6000000009424,2.6881202891732165,-0.8754421763450646
708.7000000009423,2.6940708092560004,-0.8728964898033758
708.8000000009424,2.7000164988297835,-0.8703387824169946
708.9000000009423,2.705957333610755,-0.8677690633216187
709.0000000009425,2.7118932893369525,-0.8651873417150096
709.1000000009424,2.7178243417562165,-0.8625936268227715
709.2000000009425,2.723750466642591,-0.8599879279439608
709.3000000009424,2.729671639780006,-0.8573702544054526
709.4000000009426,2.7355878369747937,-0.8547406155959996
709.5000000009425,2.741499034049736,-0.8520990209499637
709.6000000009426,2.747405206843748,-0.8494454799456934
709.7000000009425,2.753306331216613,-0.8467800021185141
709.8000000009426,2.7592023830443955,-0.844102597047689
709.9000000009426,2.765093338220038,-0.8414132743579432
710.0000000009427,2.7709791726595734,-0.8387120437356437
710.1000000009426,2.7768598622894016,-0.8359989148948118
710.2000000009427,2.78273538306361,-0.833273897622415
710.3000000009426,2.788605710946727,-0.8305370017330489
710.4000000009428,2.7944708219269274,-0.8277882371027538
710.5000000009427,2.8003306920097555,-0.8250276136528601
710.6000000009428,2.8061852972177865,-0.8222551413483703
710.7000000009427,2.812034613595607,-0.8194708302108606
710.8000000009429,2.8178786172049577,-0.8166746903055331
710.9000000009428,2.823717284125376,-0.8138667317427253
711.0000000009429,2.8295505904607428,-0.8110469646939675
711.1000000009428,2.8353785123258604,-0.8082153993582444
711.200000000943,2.8412010258646827,-0.8053720460069494
711.3000000009429,2.847018107232162,-0.8025169149389029
711.400000000943,2.8528297326081375,-0.7996500165139114
711.5000000009429,2.8586358781907264,-0.7967713611367353
711.600000000943,2.8644365201959623,-0.7938809592554769
711.700000000943,2.870231634863027,-0.7909788213743856
711.8000000009431,2.8760211984491453,-0.7880649580410015
711.900000000943,2.881805187230239,-0.7851393798476571
712.0000000009431,2.8875835775077987,-0.7822020974474082
712.100000000943,2.8933563455947917,-0.7792531215205525
712.2000000009432,2.8991234678348086,-0.7762924628192265
712.3000000009431,2.904884920582991,-0.7733201321227786
712.4000000009432,2.910640680220592,-0.7703361402710648
712.5000000009431,2.916390723148049,-0.7673404981485402
712.6000000009433,2.9221350257845815,-0.7643332166826531
712.7000000009432,2.927873564573697,-0.7613143068565483
712.8000000009433,2.9336063159778147,-0.7582837796963108
712.9000000009432,2.939333256478962,-0.7552416462724545
713.0000000009434,2.945054362585952,-0.7521879177157209
713.1000000009433,2.9507696108196253,-0.7491226051838696
713.2000000009434,2.9564789777328913,-0.7460457199059041
713.3000000009433,2.962182439890764,-0.7429572731378137
713.4000000009435,2.967879973885587,-0.7398572761955875
713.5000000009434,2.973571556329788,-0.7367457404394409
713.6000000009435,2.979257163855439,-0.7336226772722192
713.7000000009434,2.984936773120022,-0.7304880981519908
713.8000000009436,2.990610360800809,-0.7273420145793943
713.9000000009435,2.996277903595571,-0.7241844380991147
714.0000000009436,3.0019393782300727,-0.7210153803155448
714.1000000009435,3.007594761442653,-0.7178348528598627
714.2000000009436,3.013244030005157,-0.7146428674338636
714.3000000009436,3.0188871607020795,-0.7114394357660945
714.4000000009437,3.024524130346457,-0.7082245696445677
714.5000000009436,3.030154915772302,-0.7049982809011313
714.6000000009437,3.0357794938341307,-0.7017605814098796
714.7000000009436,3.041397841412981,-0.698511483099638
714.8000000009438,3.0470099354105344,-0.6952509979414152
714.9000000009437,3.0526157527498645,-0.6919791379498661
715.0000000009438,3.058215270383252,-0.6886959151988035
715.1000000009437,3.063808465276084,-0.685401341788581
715.2000000009439,3.0693953144286765,-0.6820954298895221
715.3000000009438,3.074975794854531,-0.6787781916984548
715.4000000009439,3.0805498835968983,-0.6754496394711108
715.5000000009438,3.086117557720893,-0.6721097855066466
715.600000000944,3.091678794312978,-0.668758642146069
715.7000000009439,3.0972335704872425,-0.6653962217845979
715.800000000944,3.1027818633792714,-0.6620225368592317
715.9000000009439,3.1083236501469242,-0.6586375998501979
716.000000000944,3.1138589079784573,-0.6552414232963137
716.100000000944,3.1193876140757775,-0.6518340197626811
716.2000000009441,3.1249097456771247,-0.6484154018836856
716.300000000944,3.130425280034463,-0.6449855823199602
716.4000000009441,3.135934194430689,-0.6415445737904626
716.500000000944,3.1414364661714385,-0.6380923890571497
716.6000000009442,3.146932072584546,-0.63462904092341
716.7000000009441,3.152420991026569,-0.6311545422463025
716.8000000009442,3.1579031988764044,-0.6276689059242475
716.9000000009441,3.1633786735360863,-0.6241721448984587
717.0000000009443,3.1688473924392317,-0.6206642721681432
717.1000000009442,3.1743093330336354,-0.6171453007585247
717.2000000009443,3.179764472804834,-0.613615243763403
717.3000000009442,3.1852127892526187,-0.6100741143025572
717.4000000009444,3.190654259908886,-0.6065219255534848
717.5000000009443,3.196088862329135,-0.6029586907362379
717.6000000009444,3.201516574091901,-0.5993844231118644
717.7000000009443,3.206937372805527,-0.5957991359945218
717.8000000009445,3.2123512361015285,-0.5922028427392922
717.9000000009444,3.2177581416354286,-0.5885955567435974
718.0000000009445,3.223158067095504,-0.5849772914622331
718.1000000009444,3.2285509901847336,-0.5813480603757345
718.2000000009446,3.2339368886452196,-0.5777078770324764
718.3000000009445,3.2393157402338373,-0.5740567550065332
718.4000000009446,3.2446875227407403,-0.5703947079290677
718.5000000009445,3.2500522139805446,-0.5667217494733325
718.6000000009446,3.2554097917917297,-0.5630378933531262
718.7000000009446,3.260760234043655,-0.5593431533347747
718.8000000009447,3.266103518629682,-0.5556375432250737
718.9000000009446,3.27143962346803,-0.5519210768726879
719.0000000009447,3.2767685265108337,-0.5481937681830144
719.1000000009446,3.2820902057254466,-0.5444556310869013
719.2000000009448,3.287404639119715,-0.5407066795822675
719.3000000009447,3.2927118047167814,-0.5369469276924432
719.4000000009448,3.2980116805742155,-0.5331763894971971
719.5000000009447,3.3033042447749037,-0.5293950791179078
719.6000000009449,3.30858947542642,-0.5256030107160277
719.7000000009448,3.3138673506682728,-0.5218001985049294
719.8000000009449,3.319137848664785,-0.5179866567379903
719.9000000009448,3.3244009476059864,-0.5141623997099682
720.000000000945,3.329656625716972,-0.5103274417716857
720.1000000009449,3.334904861238569,-0.5064817972991171
720.200000000945,3.340145632453456,-0.502625480734515
720.3000000009449,3.345378917660115,-0.4987585065452428
720.400000000945,3.3506046951925965,-0.4948808892544265
720.500000000945,3.3558229434111086,-0.490992643426305
720.6000000009451,3.3610336407013564,-0.4870937836647054
720.700000000945,3.3662367654820358,-0.48318432462474914
720.8000000009451,3.3714322961974617,-0.4792642810010719
720.900000000945,3.3766202113184898,-0.4753336675291882
721.0000000009452,3.3818004893521687,-0.4713924989999919
721.1000000009451,3.38697310882179,-0.46744079022921936
721.2000000009452,3.3921380482938424,-0.46347855609805677
721.3000000009451,3.397295286351127,-0.4595058115124895
721.4000000009453,3.402444801613139,-0.4555225714335708
721.5000000009452,3.407586572726359,-0.4515288508629544
721.6000000009453,3.4127205783635657,-0.4475246648413814
721.7000000009452,3.4178467972315594,-0.443510028460237
721.8000000009454,3.422965208063565,-0.4394849568499165
721.9000000009453,3.428075789620179,-0.43544946518117245
722.0000000009454,3.433178520699302,-0.4314035686794263
722.1000000009453,3.4382733801155894,-0.4273472825946236
722.2000000009455,3.4433603467282055,-0.42328062224130875
722.3000000009454,3.4484393994131386,-0.41920360295850545
722.4000000009455,3.453510517084175,-0.41511624013958165
722.5000000009454,3.458573678682911,-0.41101854921797526
722.6000000009456,3.463628863178033,-0.4069105456656976
722.7000000009455,3.468676049573274,-0.40279224500473665
722.8000000009456,3.473715216899579,-0.39866366279556675
722.9000000009455,3.478746344216076,-0.3945248146384792
723.0000000009456,3.483769410620316,-0.39037571618770156
723.1000000009456,3.488784395227091,-0.386216383121656
723.2000000009457,3.493791277197009,-0.3820468311824893
723.3000000009456,3.4987900357079913,-0.3778670761364957
723.4000000009457,3.5037806499768673,-0.3736771338035707
723.5000000009456,3.508763099249089,-0.3694770200431311
723.6000000009458,3.51373736279797,-0.3652667507526336
723.7000000009457,3.5187034199328826,-0.3610463418788217
723.8000000009458,3.52366124999119,-0.3568158094063907
723.9000000009457,3.528610832339247,-0.352575169359298
724.0000000009459,3.5335521463829185,-0.34832443781467837
724.1000000009458,3.5384851715458026,-0.3440636308735223
724.2000000009459,3.5434098872986057,-0.3397927646996456
724.3000000009458,3.5483262731298333,-0.3355118554806703
724.400000000946,3.553234308567985,-0.33122091945704935
724.5000000009459,3.558133973170977,-0.32691997290819474
724.600000000946,3.5630252465253553,-0.3226090321510125
724.7000000009459,3.567908108254729,-0.31828811355098297
724.800000000946,3.5727825380114684,-0.31395723351098415
724.900000000946,3.5776485154777338,-0.309616408472586
725.0000000009461,3.5825060203762593,-0.30526565492976016
725.100000000946,3.587355032447995,-0.30090498939998434
725.2000000009461,3.592195531482278,-0.29653442846263106
725.300000000946,3.5970274972867275,-0.2921539887205282
725.4000000009462,3.6018509097100218,-0.28776368682854725
725.5000000009461,3.606665748631043,-0.283363539479939
725.6000000009462,3.611471993958072,-0.27895356340488225
725.7000000009461,3.616269625637428,-0.2745337753813998
725.8000000009463,3.621058623644947,-0.27010419222434834
725.9000000009462,3.6258389679870326,-0.265664830786689
726.0000000009463,3.630610638711739,-0.26121570797297927
726.1000000009462,3.635373615885812,-0.2567568407109235
726.2000000009464,3.6401278796256262,-0.25228824598917043
726.3000000009463,3.6448734100663156,-0.24780994081946445
726.4000000009464,3.6496101873851288,-0.24332194226478115
726.5000000009463,3.6543381917903,-0.2388242674258796
726.6000000009465,3.6590574035202046,-0.23431693343986687
726.7000000009464,3.663767802852225,-0.22979995749094423
726.8000000009465,3.668469370094008,-0.22527335679956462
726.9000000009464,3.673162085584541,-0.22073714862368168
727.0000000009466,3.6778459297055086,-0.21619135027202385
727.1000000009465,3.6825208828577534,-0.21163597907609732
727.2000000009466,3.6871869254929823,-0.20707105242737284
727.3000000009465,3.6918440380821247,-0.20249658774004725
727.4000000009466,3.696492201139261,-0.19791260247872014
727.5000000009466,3.70113139521023,-0.1933191141451609
727.6000000009467,3.7057616008717504,-0.18871614027688705
727.7000000009466,3.710382798740505,-0.18410369845774177
727.8000000009467,3.714994969464163,-0.1794818063072266
727.9000000009466,3.7195980937225004,-0.17485048148172494
728.0000000009468,3.7241921522390156,-0.17020974168754904
728.1000000009467,3.7287771257568307,-0.16555960465341074
728.2000000009468,3.733352995071143,-0.16090008816698334
728.3000000009467,3.737919740996836,-0.15623121003828674
728.4000000009469,3.7424773443929715,-0.15155298812689
728.5000000009468,3.747025786151117,-0.14686544032890486
728.6000000009469,3.7515650471944415,-0.1421685845755821
728.7000000009468,3.756095108487015,-0.13746243884370768
728.800000000947,3.7606159510246315,-0.1327470211451122
728.9000000009469,3.765127555835928,-0.12802234952787545
729.000000000947,3.7696299039942747,-0.12328844208914717
729.1000000009469,3.7741229765931115,-0.11854531694808781
729.200000000947,3.7786067547791706,-0.11379299228178263
729.300000000947,3.783081219719325,-0.10903148628927375
729.4000000009471,3.787546352625615,-0.10426081721828476
729.500000000947,3.7920021347433215,-0.09948100335244164
729.6000000009471,3.7964485473500513,-0.0946920630098828
729.700000000947,3.800885571765239,-0.08989401455347196
729.8000000009472,3.805313189340745,-0.0850868763804902
729.9000000009471,3.8097313814620124,-0.08027066692381904
730.0000000009472,3.8141401295602115,-0.07544540466452615
730.1000000009471,3.818539415087036,-0.07061110810529309
730.2000000009473,3.822929219548634,-0.06576779580567263
730.3000000009472,3.8273095244717394,-0.06091548634677599
730.4000000009473,3.8316803114292517,-0.05605419835750032
730.5000000009472,3.836041562028041,-0.05118395050198794
730.6000000009474,3.8403932579079916,-0.04630476147825861
730.7000000009473,3.844735380751727,-0.04141665002823204
730.8000000009474,3.849067912274998,-0.03651963492759923
730.9000000009473,3.8533908342278638,-0.03161373498698476
731.0000000009475,3.8577041284070788,-0.026698969064296425
731.1000000009474,3.862007776630359,-0.02177535603865112
731.2000000009475,3.866301760771038,-0.016842914844960626
731.3000000009474,3.8705860627234725,-0.011901664439288074
731.4000000009476,3.874860664429151,-0.006951623824568489
731.5000000009475,3.8791255478642466,-0.0019928120383089793
731.6000000009476,3.883380695038637,0.002974751848759007
731.7000000009475,3.8876260880058227,0.007951048722849133
731.8000000009476,3.8918617088531224,0.01293605943705941
731.9000000009476,3.8960875397028705,0.017929764810233492
732.0000000009477,3.9003035627250666,0.022932145614857236
732.1000000009476,3.9045097601111003,0.027943182602621706
732.2000000009477,3.9087061141091004,0.03296285647052085
732.3000000009476,3.9128926069886463,0.037991147894813775
732.4000000009478,3.917069221067409,0.04302803750582536
732.5000000009477,3.9212359386984508,0.04807350589999508
732.6000000009478,3.9253927422692056,0.053127533641201805
732.7000000009477,3.929539614211609,0.05819010125113311
732.8000000009479,3.9336765369920856,0.06326118921903195
732.9000000009478,3.93780349311277,0.06834077800058022
733.0000000009479,3.941920465124404,0.07342884800604556
733.1000000009478,3.94602743559954,0.07852537962532441
733.200000000948,3.9501243871685823,0.0836303531947406
733.3000000009479,3.9542113024838077,0.08874374903030802
733.400000000948,3.95828816424652,0.09386554740305728
733.5000000009479,3.9623549551940984,0.0989957285508336
733.6000000009481,3.96641165809896,0.10413427267960475
733.700000000948,3.970458255778876,0.10928115995403036
733.8000000009481,3.974494731086766,0.11443637050700511
733.900000000948,3.9785210669119433,0.11959988443856925
734.0000000009481,3.9825372461932513,0.1247716818043161
734.1000000009481,3.986543251891762,0.12995174263990056
734.2000000009482,3.9905390670274823,0.13514004692854747
734.3000000009481,3.9945246746427063,0.1403365746336046
734.4000000009482,3.998500057829667,0.14554130567440982
734.5000000009481,4.0024651997173475,0.15075421993783059
734.6000000009483,4.00642008347042,0.15597529727955087
734.7000000009482,4.010364692299751,0.16120451751484532
734.8000000009483,4.0142990094519995,0.16644186042792017
734.9000000009482,4.018223018210884,0.17168730577084912
735.0000000009484,4.0221367019105605,0.1769408332522411
735.1000000009483,4.026040043907817,0.18220242256120717
735.2000000009484,4.029933027619446,0.18747205333559588
735.3000000009483,4.033815636484926,0.19274970519381956
735.4000000009485,4.0376878539945675,0.1980353577112685
735.5000000009484,4.041549663676097,0.20332899043159386
735.6000000009485,4.045401049093564,0.2086305828679762
735.7000000009484,4.049241993858038,0.21394011449410064
735.8000000009486,4.053072481617004,0.21925756475328878
735.9000000009485,4.056892496055662,0.22458291305746478
736.0000000009486,4.06070202091054,0.2299161387760908
736.1000000009485,4.064501039941191,0.23525722125957998
736.2000000009486,4.068289536968212,0.2406061398082728
736.3000000009486,4.072067495835282,0.2459628737035231
736.4000000009487,4.075834900437792,0.2513274021846706
736.5000000009486,4.079591734709198,0.25669970446005785
736.6000000009487,4.083337982619893,0.26207975970827724
736.7000000009486,4.087073628188092,0.26746754706936005
736.8000000009488,4.090798655469047,0.272863045653699
736.9000000009487,4.094513048556367,0.27826623454103455
737.0000000009488,4.0982167915958385,0.2836770927696568
737.1000000009487,4.101909868756673,0.28909559935926515
737.2000000009489,4.105592264270148,0.29452173328070674
737.3000000009488,4.109263962391014,0.29995547348630136
737.4000000009489,4.112924947426579,0.3053967988873748
737.5000000009488,4.116575203722837,0.3108456883650083
737.600000000949,4.120214715663339,0.3163021207712684
737.7000000009489,4.123843467680246,0.3217660749206107
737.800000000949,4.127461444243355,0.32723752959858626
737.9000000009489,4.131068629861444,0.3327164635608552
738.0000000009491,4.134665009096311,0.33820285552266416
738.100000000949,4.138250566533555,0.34369668418113375
738.2000000009491,4.141825286821841,0.3491979281857627
738.300000000949,4.145389154633683,0.35470656616798857
738.4000000009491,4.148942154694994,0.36022257671930147
738.5000000009491,4.152484271770987,0.3657459384017141
738.6000000009492,4.156015490665014,0.371276629748965
738.7000000009491,4.159535796229802,0.3768146292581469
738.8000000009492,4.1630451733563145,0.3823599153982019
738.9000000009491,4.166543606975104,0.3879124666089562
739.0000000009493,4.170031082070564,0.39347226129086976
739.1000000009492,4.173507583651254,0.39903927782674825
739.2000000009493,4.176973096789775,0.4046134945530305
739.3000000009492,4.1804276065829455,0.41019488978856794
739.4000000009494,4.183871098181793,0.4157834418133245
739.5000000009493,4.187303556777251,0.4213791288785682
739.6000000009494,4.1907249675989675,0.42698192920804956
739.7000000009493,4.194135315926711,0.4325918209898525
739.8000000009495,4.1975345870790575,0.438208782384669
739.9000000009494,4.20092276641477,0.44383279152486327
740.0000000009495,4.204299839347257,0.44946382650450695
740.1000000009494,4.207665791314458,0.45510186540049646
740.2000000009496,4.211020607819288,0.460746886244627
740.3000000009495,4.21436427438924,0.4663988670515874
740.4000000009496,4.217696776606812,0.4720577857982625
740.5000000009495,4.221018100094991,0.4777236204336347
740.6000000009496,4.224328230516047,0.48339634887993466
740.7000000009496,4.227627153583095,0.4890759490247206
740.8000000009497,4.230914855048616,0.4947623987289325
740.9000000009496,4.23419132070585,0.5004556758259806
741.0000000009497,4.237456536403475,0.5061557581120681
741.1000000009496,4.240710488015039,0.5118626233667104
741.2000000009498,4.243953161479998,0.5175762493256146
741.3000000009497,4.247184542762726,0.5232966137078705
741.4000000009498,4.2504046178833805,0.5290236941958539
741.5000000009497,4.253613372903175,0.5347574684448424
741.6000000009499,4.256810793923144,0.540497914084145
741.7000000009498,4.259996867095884,0.5462450087094113
741.8000000009499,4.2631715786139015,0.5519987298904507
741.9000000009498,4.266334914711024,0.5577590551703524
742.00000000095,4.269486861677273,0.5635259620561058
742.1000000009499,4.272627405827889,0.5692994280385074
742.20000000095,4.275756533544903,0.5750794305658513
742.3000000009499,4.278874231235612,0.5808659470703088
742.4000000009501,4.281980485363842,0.586658954948449
742.50000000095,4.285075282435034,0.5924584315705594
742.6000000009501,4.288158608994981,0.5982643542817498
742.70000000095,4.291230451641717,0.6040767003944965
742.8000000009501,4.294290797013724,0.6098954471962285
742.9000000009501,4.297339631791347,0.6157205719484775
743.0000000009502,4.300376942711862,0.6215520518777928
743.1000000009501,4.303402716538093,0.6273898641950313
743.2000000009502,4.306416940100528,0.6332339860698755
743.3000000009501,4.3094196002552465,0.6390843946563858
743.4000000009503,4.3124106839155925,0.644941067074148
743.5000000009502,4.315390178037051,0.6508039804172951
743.6000000009503,4.318358069615988,0.6566731117555851
743.7000000009502,4.321314345701671,0.6625484381271789
743.8000000009504,4.3242589933843245,0.6684299365459954
743.9000000009503,4.327191999796568,0.6743175840008889
744.0000000009504,4.3301133521286665,0.680211357446864
744.1000000009503,4.333023037596751,0.6861112338237421
744.2000000009505,4.335921043485472,0.6920171900315166
744.3000000009504,4.338807357105387,0.6979292029550698
744.4000000009505,4.341681965825011,0.7038472494459416
744.5000000009504,4.34454485705553,0.7097713063310591
744.6000000009506,4.347396018249505,0.7157013504137947
744.7000000009505,4.3502354369130565,0.721637358466976
744.8000000009506,4.353063100593751,0.7275793072399986
744.9000000009505,4.355878996882061,0.7335271734580375
745.0000000009506,4.358683113426803,0.7394809338135666
745.1000000009506,4.361475437902971,0.7454405649843919
745.2000000009507,4.364255958054888,0.7514060436098551
745.3000000009506,4.367024661653092,0.7573773463147009
745.4000000009507,4.369781536526768,0.7633544496914867
745.5000000009506,4.372526570548274,0.7693373303090064
745.6000000009508,4.37525975163183,0.775325964713321
745.7000000009507,4.3779810677458375,0.7813203294210151
745.8000000009508,4.380690506900624,0.7873204009260688
745.9000000009507,4.383388057149913,0.7933261556990923
746.0000000009509,4.38607370660645,0.7993375701791505
746.1000000009508,4.388747443409456,0.805354620791163
746.2000000009509,4.39140925576827,0.811377283922974
746.3000000009508,4.394059131918752,0.8174055359483545
746.400000000951,4.396697060156061,0.8234393532100491
746.5000000009509,4.399323028819026,0.8294787120278961
746.600000000951,4.401937026288789,0.8355235886998373
746.7000000009509,4.40453904100128,0.8415739594954177
746.8000000009511,4.407129061434826,0.8476298006624118
746.900000000951,4.409707076111641,0.8536910884260893
747.0000000009511,4.412273073613584,0.8597577989813496
747.100000000951,4.414827042549291,0.8658299085094744
747.2000000009511,4.417368971598281,0.8719073931560647
747.3000000009511,4.41989884946688,0.8779902290531774
747.4000000009512,4.422416664921345,0.8840783923030267
747.5000000009511,4.424922406772075,0.890171858985791
747.6000000009512,4.427416063872235,0.8962706051605888
747.7000000009511,4.42989762513036,0.9023746068592315
747.8000000009513,4.432367079497832,0.9084838400926103
747.9000000009512,4.434824415970368,0.914598280849988
748.0000000009513,4.437269623603978,0.9207179050914442
748.1000000009512,4.439702691481713,0.9268426887639725
748.2000000009514,4.442123608758239,0.9329726077802971
748.3000000009513,4.4445323646153065,0.9391076380401322
748.4000000009514,4.44692894829522,0.9452477554145438
748.5000000009513,4.449313349084875,0.9513929357534412
748.6000000009515,4.451685556314361,0.9575431548865274
748.7000000009514,4.454045559369709,0.9636983886173008
748.8000000009515,4.456393347680209,0.9698586127291929
748.9000000009514,4.458728910719952,0.9760238029848904
749.0000000009516,4.461052238023907,0.9821939351190992
749.1000000009515,4.4633633191543645,0.9883689848539785
749.2000000009516,4.465662143745925,0.9945489278788425
749.3000000009515,4.467948701460544,1.0007337398705354
749.4000000009516,4.470222982021324,1.0069233964784634
749.5000000009516,4.472484975196391,1.0131178733317627
749.6000000009517,4.474734670797485,1.0193171460402213
749.7000000009516,4.476972058692816,1.0255211901885408
749.8000000009517,4.479197128794279,1.0317299813422212
749.9000000009516,4.481409871058994,1.0379434950469082
750.0000000009518,4.48361027550553,1.044161706821478
750.1000000009517,4.485798332180034,1.050384592172804
750.2000000009518,4.487974031201647,1.056612126576359
750.3000000009517,4.490137362717127,1.0628442854956908
750.4000000009519,4.492288316934933,1.0690810443681282
750.5000000009518,4.494426884108963,1.0753223786116273
750.6000000009519,4.496553054537134,1.0815682636256665
750.7000000009518,4.498666818574357,1.0878186747857626
750.800000000952,4.500768166619613,1.0940735874490994
750.9000000009519,4.502857089117518,1.1003329769539094
751.000000000952,4.504933576574697,1.1065968186128834
751.1000000009519,4.506997619525599,1.112865087727259
751.2000000009521,4.509049208578309,1.1191377595683272
751.300000000952,4.5110883343687735,1.1254148093960041
751.4000000009521,4.513114987595186,1.131696212445218
751.500000000952,4.515129159001581,1.1379819439324317
751.6000000009522,4.5171308393763905,1.144271979056511
751.7000000009521,4.519120019565532,1.1505662929934939
751.8000000009522,4.521096690459379,1.1568648609019574
751.9000000009521,4.523060842994319,1.16316765792244
752.0000000009522,4.5250124681692885,1.1694746591711862
752.1000000009522,4.52695155701128,1.175785839753544
752.2000000009523,4.528878100621544,1.1821011747463683
752.3000000009522,4.5307920901294185,1.1884206392156942
752.4000000009523,4.532693516727014,1.194744208203816
752.5000000009522,4.53458237165266,1.2010718567354817
752.6000000009524,4.536458646189452,1.2074035598187272
752.7000000009523,4.538322331678438,1.2137392924399069
752.8000000009524,4.54017341950548,1.2200790295688009
752.9000000009523,4.54201190110284,1.2264227461580677
753.0000000009525,4.543837767965815,1.232770417137316
753.1000000009524,4.545651011617995,1.239122017425816
753.2000000009525,4.54745162365781,1.2454775219158358
753.3000000009524,4.54923959571201,1.2518369054893839
753.4000000009526,4.551014919470603,1.2582001430059762
753.5000000009525,4.552777586670185,1.2645672093085025
753.6000000009526,4.554527589092455,1.2709380792240337
753.7000000009525,4.556264918577526,1.2773127275591194
753.8000000009527,4.55798956701066,1.2836911291046318
753.9000000009526,4.559701526323872,1.2900732586352444
754.0000000009527,4.561400788512696,1.2964590909038325
754.1000000009526,4.563087345601167,1.3028486006534994
754.2000000009527,4.564761189688728,1.3092417626018502
754.3000000009527,4.566422312903349,1.3156385514567952
754.4000000009528,4.568070707436729,1.3220389419050058
754.5000000009527,4.5697063655274945,1.3284429086174552
754.6000000009528,4.571329279459706,1.334850426250204
754.7000000009527,4.572939441576262,1.3412614694399585
754.8000000009529,4.574536844265541,1.3476760128086474
754.9000000009528,4.57612147996301,1.354094030962932
755.0000000009529,4.577693341168103,1.3605154984889456
755.1000000009528,4.579252420408958,1.366940389963617
755.200000000953,4.580798710289653,1.3733686799398805
755.3000000009529,4.582332203443002,1.3798003429615475
755.400000000953,4.5838528925659805,1.386235353552466
755.5000000009529,4.585360770402818,1.3926736862217246
755.6000000009531,4.586855829743493,1.399115315464398
755.700000000953,4.588338063437219,1.4055602157573783
755.8000000009531,4.589807464379001,1.412008361563696
755.900000000953,4.591264025511245,1.4184597273320583
756.0000000009532,4.5927077398407645,1.4249142874919158
756.1000000009531,4.594138600403262,1.4313720164640866
756.2000000009532,4.595556600310877,1.437832888646915
756.3000000009531,4.596961732704667,1.4442968784301937
756.4000000009532,4.59835399079028,1.4507639601850357
756.5000000009532,4.599733367820928,1.4572341082687341
756.6000000009533,4.601099857095859,1.4637072970254834
756.7000000009532,4.602453451973929,1.4701835007824766
756.8000000009533,4.603794145860085,1.4766626938539633
756.9000000009532,4.605121932206969,1.4831448505408167
757.0000000009534,4.606436804532032,1.4896299451259423
757.1000000009533,4.607738756381794,1.4961179518841896
757.2000000009534,4.609027781379684,1.5026088450694517
757.3000000009533,4.610303873178232,1.509102598927648
757.4000000009535,4.61156702549494,1.5155991876873176
757.5000000009534,4.612817232095166,1.5220985855641338
757.6000000009535,4.61405448679058,1.5286007667615815
757.7000000009534,4.615278783452817,1.535105705467338
757.8000000009536,4.616490115999868,1.5416133758570554
757.9000000009535,4.617688478397703,1.5481237520939648
758.0000000009536,4.618873864677475,1.5546368083246247
758.1000000009535,4.620046268899586,1.561152518688119
758.2000000009537,4.621205685201771,1.5676708573041083
758.3000000009536,4.622352107751039,1.5741917982848623
758.4000000009537,4.623485530779741,1.580715315726571
758.5000000009536,4.624605948568341,1.587241383713512
758.6000000009537,4.625713355443877,1.5937699763187032
758.7000000009537,4.626807745793686,1.6003010676005511
758.8000000009538,4.627889114051721,1.606834631606363
758.9000000009537,4.628957454700164,1.6133706423719816
759.0000000009538,4.630012762286736,1.6199090739178845
759.1000000009537,4.631055031388549,1.6264499002576585
759.2000000009539,4.632084256660477,1.6329930953870138
759.3000000009538,4.6331004327868195,1.6395386332948552
759.4000000009539,4.634103554517546,1.6460864879553054
759.5000000009538,4.635093616651002,1.65263663333154
759.600000000954,4.636070614032336,1.659189043376411
759.7000000009539,4.63703454156731,1.6657436920293656
759.800000000954,4.637985394208525,1.6723005532196764
759.9000000009539,4.638923166957066,1.6788596008661143
760.0000000009541,4.639847854879872,1.6854208088734
760.100000000954,4.640759453073429,1.6919841511399536
760.2000000009541,4.641657956712352,1.6985496015478712
760.300000000954,4.642543361000825,1.705117133973029
760.4000000009542,4.643415661209018,1.7116867222778323
760.5000000009541,4.644274852655716,1.7182583403147051
760.6000000009542,4.645120930706714,1.7248319619266914
760.7000000009541,4.645953890788709,1.7314075609446418
760.8000000009542,4.646773728375452,1.7379851111901676
760.9000000009542,4.647580438989404,1.7445645864753478
761.0000000009543,4.648374018219174,1.7511459605995212
761.1000000009542,4.649154461683052,1.7577292073563178
761.2000000009543,4.649921765077805,1.7643143005246107
761.3000000009542,4.650675924129901,1.7709012138776474
761.4000000009544,4.651416934632087,1.7774899211765183
761.5000000009543,4.652144792425912,1.7840803961733074
761.6000000009544,4.652859493400169,1.7906726126116603
761.7000000009543,4.653561033504795,1.7972665442242457
761.8000000009545,4.6542494087369795,1.8038621647354303
761.9000000009544,4.654924615142819,1.810459447861023
762.0000000009545,4.655586648834835,1.8170583673054193
762.1000000009544,4.656235505955356,1.823658896767899
762.2000000009546,4.656871182725502,1.8302610099345547
762.3000000009545,4.657493675396211,1.836864680486444
762.4000000009546,4.658102980284956,1.8434698820937994
762.5000000009545,4.658699093758221,1.8500765884188213
762.6000000009547,4.659282012229895,1.8566847731162108
762.7000000009546,4.65985173217525,1.8632944098309183
762.8000000009547,4.660408250116998,1.8699054722005446
762.9000000009546,4.660951562626938,1.8765179338551081
763.0000000009547,4.661481666343543,1.883131768414533
763.1000000009547,4.661998557935196,1.8897469494942238
763.2000000009548,4.662502234149354,1.896363450697986
763.3000000009547,4.662992691763403,1.9029812456251896
763.4000000009548,4.663469927621498,1.9096003078657016
763.5000000009547,4.663933938616982,1.9162206110023359
763.6000000009549,4.664384721690762,1.9228421286113573
763.7000000009548,4.664822273845342,1.9294648342605087
763.8000000009549,4.665246592130816,1.9360887015111317
763.9000000009548,4.665657673646538,1.942713703917971
764.000000000955,4.666055515558748,1.9493398150270131
764.1000000009549,4.666440115063698,1.9559670083803251
764.200000000955,4.666811469436968,1.9625952575099466
764.3000000009549,4.667169575984161,1.969224535944082
764.4000000009551,4.6675144320778585,1.9758548172027761
764.500000000955,4.667846035139976,1.9824860748000042
764.6000000009551,4.668164382640144,1.989118282244144
764.700000000955,4.668469472109774,1.9957514130362788
764.8000000009552,4.668761301128008,2.002385440672046
764.9000000009551,4.66903986732339,2.0090203386414727
765.0000000009552,4.669305168391542,2.015656080427169
765.1000000009551,4.669557202058186,2.0222926395084233
765.2000000009552,4.669795966128593,2.0289299893560857
765.3000000009552,4.670021458438141,2.03556810343777
765.4000000009553,4.670233676889369,2.042206955214273
765.5000000009552,4.670432619434283,2.048846518141315
765.6000000009553,4.670618284072723,2.055486765669964
765.7000000009552,4.670790668866468,2.062127671245233
765.8000000009554,4.670949771925159,2.068769208307647
765.9000000009553,4.671095591407964,2.07541135029311
766.0000000009554,4.671228125541292,2.0820540706314508
766.1000000009553,4.6713473725817245,2.0886973427497795
766.2000000009555,4.6714533308655755,2.0953411400683617
766.3000000009554,4.671545998759344,2.101985436004829
766.4000000009555,4.6716253746968395,2.1086302039713374
766.5000000009554,4.671691457161456,2.115275417375955
766.6000000009556,4.671744244684533,2.1219210496230625
766.7000000009555,4.67178373585948,2.1285670741122287
766.8000000009556,4.671809929327666,2.135213464239483
766.9000000009555,4.671822823780092,2.1418601933972266
767.0000000009557,4.671822417975142,2.1485072349731382
767.1000000009556,4.671808710701435,2.1551545623527826
767.2000000009557,4.671781700827481,2.161802148916471
767.3000000009556,4.671741387252031,2.168449968042486
767.4000000009557,4.671687768941278,2.1750979931049867
767.5000000009557,4.671620844911089,2.1817461974750363
767.6000000009558,4.671540614225356,2.1883945545209684
767.7000000009557,4.671447076010168,2.1950430376075447
767.8000000009558,4.671340229439647,2.2016916200969554
767.9000000009557,4.671220073737637,2.2083402753487533
768.0000000009559,4.671086608195472,2.2149889767191215
768.1000000009558,4.670939832134764,2.221637697562733
768.2000000009559,4.670779744957155,2.228286411230606
768.3000000009558,4.670606346094575,2.234935091072332
768.400000000956,4.670419635046482,2.2415837104347336
768.5000000009559,4.670219611362095,2.248232242662533
768.600000000956,4.67000627463872,2.2548806610986905
768.7000000009559,4.669779624535943,2.2615289390838393
768.8000000009561,4.669539660761458,2.268177049956996
768.900000000956,4.669286383072734,2.2748249670555403
769.0000000009561,4.669019791294819,2.2814726637148306
769.100000000956,4.668739885283081,2.2881201132693247
769.2000000009562,4.668446664973003,2.2947672890514315
769.3000000009561,4.668140130330393,2.3014141643927397
769.4000000009562,4.667820281388669,2.30806071262342
769.5000000009561,4.667487118231051,2.314706907072538
769.6000000009562,4.6671406409889045,2.3213527210683655
769.7000000009562,4.6667808498559324,2.327998127938095
769.8000000009563,4.666407745073982,2.3346431010082593
769.9000000009562,4.666021326934732,2.3412876136047576
770.0000000009563,4.665621595797496,2.347931639052825
770.1000000009562,4.665208552051933,2.3545751506774053
770.2000000009564,4.664782196167874,2.361218121802989
770.3000000009563,4.664342528645497,2.367860525753856
770.4000000009564,4.663889550052634,2.3745023358542263
770.5000000009563,4.663423261006968,2.381143525428217
770.6000000009565,4.6629436621743405,2.3877840678001085
770.7000000009564,4.662450754282975,2.394423936294355
770.8000000009565,4.661944538109262,2.4010631042357264
770.9000000009564,4.661425014479445,2.4077015449493477
771.0000000009566,4.660892184287434,2.4143392317610255
771.1000000009565,4.660346048457495,2.420976137996882
771.2000000009566,4.6597866079941035,2.427612236984215
771.3000000009565,4.659213863932093,2.434247502050721
771.4000000009567,4.658627817373967,2.440881906525381
771.5000000009566,4.658028469472086,2.447515423738065
771.6000000009567,4.657415821426984,2.4541480270197824
771.7000000009566,4.6567898745015865,2.460779689702966
771.8000000009567,4.656150630006998,2.467410385121328
771.9000000009567,4.655498089304176,2.474040086609934
772.0000000009568,4.65483225382175,2.4806687675058923
772.1000000009567,4.654153125018706,2.4872964011472343
772.2000000009568,4.653460704434231,2.493922960874773
772.3000000009567,4.652754993637876,2.50054842003033
772.4000000009569,4.652035994266848,2.507172751958369
772.5000000009568,4.651303708008207,2.5137959300052475
772.6000000009569,4.650558136597178,2.520417927519414
772.7000000009568,4.649799281831362,2.5270387178519957
772.800000000957,4.649027145556525,2.533658274356374
772.9000000009569,4.648241729668273,2.540276570388282
773.000000000957,4.647443036129856,2.546893579306853
773.1000000009569,4.646631066934875,2.5535092744727503
773.2000000009571,4.645805824157088,2.560123629251022
773.300000000957,4.64496730990061,2.566736617008336
773.4000000009571,4.6441155263371785,2.573348211115365
773.500000000957,4.643250475688353,2.5799583849456704
773.6000000009572,4.64237216022383,2.586567111875876
773.7000000009571,4.6414805822756415,2.5931743652865284
773.8000000009572,4.6405757442239555,2.599780118561396
773.9000000009571,4.639657648498737,2.6063843450876027
774.0000000009572,4.638726297597554,2.612987018257031
774.1000000009572,4.637781694048293,2.619588111463699
774.2000000009573,4.636823840458941,2.6261875981076157
774.3000000009572,4.635852739467802,2.6327854515910163
774.4000000009573,4.634868393780746,2.6393816453215004
774.5000000009572,4.633870806153418,2.6459761527105607
774.6000000009574,4.632859979389556,2.6525689471737115
774.7000000009573,4.631835916355172,2.6591600021316477
774.8000000009574,4.630798619964345,2.665749291009247
774.9000000009573,4.629748093180911,2.67233678723574
775.0000000009575,4.628684339036221,2.678922464246474
775.1000000009574,4.627607360591919,2.6855062954795423
775.2000000009575,4.626517160989641,2.6920882543806366
775.3000000009574,4.6254137434013085,2.698668314398284
775.4000000009576,4.62429711106631,2.7052464489877286
775.5000000009575,4.623167267273754,2.7118226316091043
775.6000000009576,4.622024215360762,2.718396835727534
775.7000000009575,4.620867958726646,2.7249690348145723
775.8000000009577,4.619698500818716,2.731539202346921
775.9000000009576,4.618515845133961,2.7381073118066332
776.0000000009577,4.61731999523678,2.7446733366832325
776.1000000009576,4.616110954721817,2.7512372504695985
776.2000000009577,4.614888727263574,2.7577990266678136
776.3000000009577,4.613653316566789,2.764358638783401
776.4000000009578,4.6124047264035495,2.7709160603299603
776.5000000009577,4.611142960595572,2.7774712648269766
776.6000000009578,4.6098680230125115,2.7840242257998926
776.7000000009577,4.608579917586093,2.7905749167818215
776.8000000009579,4.607278648295942,2.7971233113119873
776.9000000009578,4.60596421917127,2.803669382935969
777.0000000009579,4.604636634308571,2.8102131052081685
777.1000000009578,4.603295897834522,2.816754451686954
777.200000000958,4.601942013955491,2.8232933959414934
777.3000000009579,4.600574986908017,2.829829911545001
777.400000000958,4.5991948209958515,2.8363639720801173
777.5000000009579,4.597801520572271,2.842895551136373
777.6000000009581,4.59639509003837,2.8494246223102166
777.700000000958,4.594975533857175,2.85595115920702
777.8000000009581,4.593542856539518,2.8624751354392233
777.900000000958,4.592097062645694,2.868996524626609
778.0000000009582,4.590638156803114,2.8755153003991385
778.1000000009581,4.589166143669302,2.8820314363913386
778.2000000009582,4.5876810279812785,2.8885449062501496
778.3000000009581,4.586182814506164,2.895055683627163
778.4000000009582,4.584671508078119,2.901563742184743
778.5000000009582,4.5831471135807,2.9080690555931312
778.6000000009583,4.581609635945148,2.914571597530454
778.7000000009582,4.580059080164482,2.9210713416850047
778.8000000009583,4.578495451279391,2.927568261753105
778.9000000009582,4.576918754379895,2.934062331439412
779.0000000009584,4.5753289946229465,2.9405535244601033
779.1000000009583,4.573726177195522,2.9470418145365356
779.2000000009584,4.572110307363863,2.953527175404071
779.3000000009583,4.570481390424226,2.9600095808033333
779.4000000009585,4.568839431739709,2.9664890044870633
779.5000000009584,4.56718443672266,2.9729654202168705
779.6000000009585,4.56551641083297,2.9794388017632056
779.7000000009584,4.56383535959211,2.9859091229079247
779.8000000009586,4.5621412885690775,2.9923763574418736
779.9000000009585,4.560434203382046,2.998840479165229
780.0000000009586,4.558714109715904,3.005301461891026
780.1000000009585,4.556981013285466,3.0117592794380803
780.2000000009587,4.5552349198845565,3.0182139056408106
780.3000000009586,4.553475835336917,3.024665314339499
780.4000000009587,4.551703765532899,3.031113479387887
780.5000000009586,4.549918716411935,3.0375583746495782
780.6000000009587,4.548120693960842,3.043999973997967
780.7000000009587,4.546309704227808,3.0504382513190897
780.8000000009588,4.5444857533083685,3.056873180508928
780.9000000009587,4.542648847347063,3.0633047354737872
781.0000000009588,4.540798992554903,3.069732890134173
781.1000000009587,4.5389361951727185,3.0761576184169748
781.2000000009589,4.537060461520062,3.082578894266261
781.3000000009588,4.535171797946283,3.088996691632566
781.4000000009589,4.533270210867096,3.095410984481232
781.5000000009588,4.531355706747105,3.1018217467884455
781.600000000959,4.529428292098117,3.108228952541136
781.7000000009589,4.527487973493066,3.1146325757401057
781.800000000959,4.525534757552055,3.121032590397057
781.9000000009589,4.523568650943993,3.1274289705349982
782.0000000009591,4.5215896604039845,3.1338216901924763
782.100000000959,4.519597792696837,3.1402107234150165
782.2000000009591,4.517593054665759,3.1465960442669143
782.300000000959,4.515575453183637,3.15297762681953
782.4000000009592,4.513544995189431,3.1593554451603576
782.5000000009591,4.511501687670789,3.165729473388718
782.6000000009592,4.509445537662357,3.172099685615625
782.7000000009591,4.507376552259648,3.178466055967201
782.8000000009592,4.505294738605133,3.1848285585814127
782.9000000009592,4.503200103889876,3.1911871676085157
783.0000000009593,4.501092655370849,3.1975418572156356
783.1000000009592,4.498972400334592,3.203892601577473
783.2000000009593,4.496839346145677,3.2102393748890674
783.3000000009592,4.4946935001982204,3.2165821513531183
783.4000000009594,4.492534869952115,3.2229209051897967
783.5000000009593,4.490363462915716,3.2292556106320855
783.6000000009594,4.488179286644149,3.2355862419255974
783.7000000009593,4.485982348753119,3.241912773332273
783.8000000009595,4.4837726569050655,3.248235179126848
783.9000000009594,4.481550218810789,3.254553433597319
784.0000000009595,4.479315042246666,3.2608675110498817
784.1000000009594,4.477067135018499,3.2671773857988997
784.2000000009596,4.47480650500974,3.27348303218065
784.3000000009595,4.472533160133242,3.279784424539663
784.4000000009596,4.470247108367286,3.286081537239258
784.5000000009595,4.467948357738378,3.29237434465654
784.6000000009597,4.465636916319556,3.2986628211821873
784.7000000009596,4.463312792244126,3.3049469412244283
784.8000000009597,4.460975993691873,3.3112266792052205
784.9000000009596,4.45862652889069,3.3175020095607577
785.0000000009597,4.456264406133708,3.3237729067467514
785.1000000009597,4.453889633743328,3.3300393452276773
785.2000000009598,4.451502220119169,3.336301299491481
785.3000000009597,4.449102173690088,3.342558744034954
785.4000000009598,4.4466895029500275,3.348811653374992
785.5000000009597,4.444264216440888,3.3550600020432455
785.6000000009599,4.441826322750829,3.36130376458588
785.7000000009598,4.439375830527942,3.367542915567821
785.8000000009599,4.436912748466543,3.3737774295686567
785.9000000009598,4.434437085308783,3.380007281183181
786.00000000096,4.431948849861664,3.3862324450270194
786.1000000009599,4.429448050961286,3.392452895725148
786.20000000096,4.4269346975205295,3.3986686079275668
786.3000000009599,4.42440879848135,3.404879556293708
786.4000000009601,4.421870362850388,3.41108571550442
786.50000000096,4.419319399681951,3.41728706025627
786.6000000009601,4.416755918076334,3.423483565261275
786.70000000096,4.414179927193402,3.4296752052514172
786.8000000009602,4.411591436238966,3.435861954974275
786.9000000009601,4.408990454466372,3.442043789193587
787.0000000009602,4.406376991193424,3.448220682695223
787.1000000009601,4.40375105576684,3.454392610274991
787.2000000009602,4.40111265760963,3.4605595467552814
787.3000000009602,4.398461806173696,3.466721466968506
787.4000000009603,4.3957985109752125,3.472878345769781
787.5000000009602,4.393122781577725,3.479030158030901
787.6000000009603,4.390434627590469,3.485176878640038
787.7000000009602,4.387734058681859,3.4913184825065313
787.8000000009604,4.385021084565949,3.4974549445562335
787.9000000009603,4.382295715004021,3.50358623973212
788.0000000009604,4.379557959821387,3.5097123430006016
788.1000000009603,4.376807828872085,3.51583322933861
788.2000000009605,4.37404533208592,3.52194887375118
788.3000000009604,4.371270479421399,3.528059251253948
788.4000000009605,4.368483280900868,3.5341643368865645
788.5000000009604,4.365683746593722,3.540264105706311
788.6000000009606,4.3628718866147205,3.546358532787757
788.7000000009605,4.360047711137392,3.55244759322783
788.8000000009606,4.3572112303805905,3.5585312621409013
788.9000000009605,4.354362454610061,3.5646095146594154
789.0000000009607,4.351501394155127,3.5706823259405285
789.1000000009606,4.348628059373635,3.576749671152494
789.2000000009607,4.3457424606986566,3.5828115254932102
789.3000000009606,4.342844608591759,3.5888678641717524
789.4000000009607,4.339934513577873,3.594918662422491
789.5000000009607,4.337012186228636,3.6009638954983716
789.6000000009608,4.334077637160726,3.6070035386705515
789.7000000009607,4.331130877049153,3.6130375672337203
789.8000000009608,4.3281719166139165,3.619065956500919
789.9000000009607,4.325200766621549,3.6250886818042094
790.0000000009609,4.322217437901681,3.6311057185016606
790.1000000009608,4.319221941312252,3.637117041963015
790.2000000009609,4.3162142877858525,3.643122627589154
790.3000000009608,4.313194488283353,3.649122450792711
790.400000000961,4.310162553828491,3.6551164870129
790.5000000009609,4.307118495491356,3.6611047117084596
790.600000000961,4.304062324386717,3.667087100357231
790.7000000009609,4.3009940516872245,3.6730636284617715
790.8000000009611,4.297913688610154,3.679034271543898
790.900000000961,4.294821246418948,3.6849990051453863
791.0000000009611,4.29171673643964,3.6909578048352785
791.100000000961,4.288600170026342,3.696910646194862
791.2000000009612,4.285471558607221,3.702857504838079
791.3000000009611,4.282330913638486,3.708798356391197
791.4000000009612,4.2791782466387005,3.714733176508319
791.5000000009611,4.276013569172398,3.7206619408640043
791.6000000009612,4.272836892848417,3.7265846251528227
791.7000000009612,4.269648229333,3.7325012050952253
791.8000000009613,4.266447590336634,3.7384116564318206
791.9000000009612,4.263234987615588,3.744315954924099
792.0000000009613,4.260010432988194,3.7502140763620946
792.1000000009612,4.25677393830062,3.756105996548645
792.2000000009614,4.253525515472447,3.761991691320736
792.3000000009613,4.250265176451061,3.76787113652824
792.4000000009614,4.246992933245666,3.773744308050123
792.5000000009613,4.24370879791103,3.7796111817867333
792.6000000009615,4.240412782545841,3.7854717336593238
792.7000000009614,4.2371048993056775,3.791325939616188
792.8000000009615,4.233785160389978,3.7971737756266655
792.9000000009614,4.230453578043553,3.8030152176819048
793.0000000009616,4.227110164572716,3.8088502418028467
793.1000000009615,4.223754932311367,3.814678824023799
793.2000000009616,4.220387893666155,3.820500940414693
793.3000000009615,4.217009061071282,3.8263165670589006
793.4000000009617,4.213618447022199,3.832125680070143
793.5000000009616,4.210216064059505,3.837928255584446
793.6000000009617,4.206801924767305,3.8437242697596234
793.7000000009616,4.20337604178607,3.849513698781676
793.8000000009617,4.1999384277997205,3.8552965188585295
793.9000000009617,4.196489095537119,3.8610727062208383
794.0000000009618,4.193028057788053,3.8668422371302844
794.1000000009617,4.189555327369635,3.8726050878624765
794.2000000009618,4.186070917171025,3.878361234730114
794.3000000009617,4.182574840108682,3.8841106540598997
794.4000000009619,4.179067109159716,3.889853322210112
794.5000000009618,4.175547737345942,3.8955892155622402
794.6000000009619,4.172016737732261,3.9013183105204443
794.7000000009618,4.16847412343939,3.9070405835182087
794.800000000962,4.164919907631065,3.9127560110118242
794.9000000009619,4.161354103515521,3.9184645694812126
795.000000000962,4.157776724361307,3.92416623543855
795.1000000009619,4.154187783464022,3.929860985410489
795.2000000009621,4.150587294190595,3.9355487959622284
795.300000000962,4.146975269934974,3.941229643673519
795.4000000009621,4.14335172415114,3.9469035051569157
795.500000000962,4.139716670337329,3.9525703570490878
795.6000000009622,4.136070122034413,3.958230176010237
795.7000000009621,4.132412092838507,3.9638829387310177
795.8000000009622,4.128742596388294,3.9695286219257606
795.9000000009621,4.1250616463665,3.975167202333324
796.0000000009622,4.121369256515536,3.980798656726033
796.1000000009622,4.117665440604581,3.9864229618912344
796.2000000009623,4.113950212473378,3.992040094656274
796.3000000009622,4.1102235859883995,3.9976500318635937
796.4000000009623,4.106485575075517,4.003252750389638
796.5000000009622,4.102736193704385,4.008848227135854
796.6000000009624,4.098975455886832,4.014436439028099
796.7000000009623,4.09520337568933,4.0200173630237925
796.8000000009624,4.091419967220462,4.025590976104887
796.9000000009623,4.087625244632365,4.03115725527875
797.0000000009625,4.083819222136203,4.036716177587422
797.1000000009624,4.080001913969615,4.042267720088514
797.2000000009625,4.0761733344400195,4.047811859881043
797.3000000009624,4.072333497881276,4.053348574079669
797.4000000009626,4.0684824186859645,4.058877839834256
797.5000000009625,4.064620111289962,4.064399634320562
797.6000000009626,4.060746590170842,4.069913934739594
797.7000000009625,4.056861869860206,4.075420718325021
797.8000000009627,4.052965964931273,4.080919962335907
797.9000000009626,4.049058890000321,4.086411644057607
798.0000000009627,4.0451406597419775,4.091895740811339
798.1000000009626,4.041211288857042,4.097372229934422
798.2000000009627,4.037270792115276,4.102841088806998
798.3000000009627,4.033319184312573,4.108302294825386
798.4000000009628,4.029356480302857,4.113755825422286
798.5000000009627,4.025382694982843,4.119201658057171
798.6000000009628,4.021397843290442,4.124639770215602
798.7000000009627,4.017401940216952,4.130070139416899
798.8000000009629,4.013395000794794,4.135492743206612
798.9000000009628,4.009377040098934,4.140907559157455
799.0000000009629,4.005348073261969,4.146314564879184
799.1000000009628,4.001308115442354,4.151713737998184
799.200000000963,3.997257181866674,4.157105056185054
799.3000000009629,3.9931952877873274,4.162488497127085
799.400000000963,3.9891224485140278,4.167864038549148
799.5000000009629,3.9850386793987433,4.1732316582037345
799.6000000009631,3.980943995834135,4.178591333870259
799.700000000963,3.97683841326558,4.183943043362976
799.8000000009631,3.972721947179063,4.189286764523191
799.900000000963,3.968594613102581,4.1946224752202435
800.0000000009632,3.9644564266210387,4.199950153361676
800.1000000009631,3.9603074033448733,4.205269776872183
800.2000000009632,3.9561475589517734,4.210581323722046
800.3000000009631,3.951976909144911,4.21588477189877
800.4000000009632,3.947795469684033,4.2211800994285795
800.5000000009632,3.9436032563706034,4.226467284366191
800.6000000009633,3.9394002850462555,4.2317463047940596
800.7000000009632,3.935186571604647,4.237017138830544
800.8000000009633,3.930962131979507,4.24227976462188
800.9000000009632,3.9267269821460236,4.247534160343177
801.0000000009634,3.922481138135546,4.252780304208906
801.1000000009633,3.9182246160046157,4.2580181744512
801.2000000009634,3.9139574318761277,4.2632477493491425
801.3000000009633,3.909679601898123,4.268469007199549
801.4000000009635,3.9053911422744543,4.273681926339112
801.5000000009634,3.9010920692501343,4.278886485133846
801.6000000009635,3.8967823991097865,4.284082661978321
801.7000000009634,3.8924621481893604,4.289270435304058
801.8000000009636,3.8881313328643303,4.294449783571268
801.9000000009635,3.883789969551057,4.299620685269872
802.0000000009636,3.879438074721283,4.304783118930292
802.1000000009635,3.8750756648715905,4.309937063101126
802.2000000009637,3.8707027565640058,4.315082496379254
802.3000000009636,3.8663193663853495,4.3202193973798
802.4000000009637,3.861925510977466,4.325347744758888
802.5000000009636,3.8575212070227742,4.330467517202795
802.6000000009637,3.8531064712427394,4.335578693427166
802.7000000009637,3.848681320409427,4.340681252185634
802.8000000009638,3.8442457713338687,4.3457751722613125
802.9000000009637,3.8397998408673986,4.350860432467858
803.0000000009638,3.8353435459159257,4.355937011660547
803.1000000009637,3.8308769034098455,4.361004888713331
803.2000000009639,3.8263999303440372,4.366064042549765
803.3000000009638,3.8219126437378184,4.3711144521121525
803.4000000009639,3.8174150606647226,4.376156096384912
803.5000000009638,3.8129071982382676,4.381188954383441
803.600000000964,3.808389073610437,4.3862130051532855
803.7000000009639,3.8038607039830605,4.3912282277790045
803.800000000964,3.7993221065963505,4.396234601375428
803.9000000009639,3.7947732987302203,4.401232105088746
804.0000000009641,3.7902142977183493,4.406220718107862
804.100000000964,3.785645120918532,4.411200419640854
804.2000000009641,3.781065785752054,4.416171188946718
804.300000000964,3.7764763096642673,4.421133005303691
804.4000000009642,3.7718767101539212,4.426085848033214
804.5000000009641,3.7672670047591374,4.431029696488517
804.6000000009642,3.7626472110559073,4.435964530053759
804.7000000009641,3.7580173466692974,4.440890328153124
804.8000000009642,3.7533774292621533,4.445807070241845
804.9000000009642,3.7487274765364065,4.450714735807306
805.0000000009643,3.7440675062469113,4.455613304380703
805.1000000009642,3.739397536172259,4.460502755512889
805.2000000009643,3.7347175841535303,4.465383068806922
805.3000000009642,3.73002766805549,4.470254223885593
805.4000000009644,3.7253278057954415,4.475116200415977
805.5000000009643,3.7206180153294346,4.479968978097734
805.6000000009644,3.715898314650778,4.484812536662211
805.7000000009643,3.711168721801073,4.489646855881775
805.8000000009645,3.706429254859083,4.494471915560609
805.9000000009644,3.7016799319420226,4.499287695535853
806.0000000009645,3.696920771219152,4.504094175689514
806.1000000009644,3.692151790883085,4.5088913359237415
806.2000000009646,3.6873730091879007,4.513679156194157
806.3000000009645,3.6825844444109723,4.518457616476588
806.4000000009646,3.677786114881332,4.523226696792214
806.5000000009645,3.672978038966109,4.527986377195581
806.6000000009647,3.668160235069079,4.532736637773686
806.7000000009646,3.663332721641493,4.537477458655512
806.8000000009647,3.6584955171711293,4.5422088200026165
806.9000000009646,3.6536486401835635,4.546930702010286
807.0000000009647,3.6487921092555426,4.551643084919743
807.1000000009647,3.6439259429867685,4.556345948992815
807.2000000009648,3.6390501600373444,4.561039274546049
807.3000000009647,3.634164779090269,4.565723041916662
807.4000000009648,3.629269818879303,4.570397231488279
807.5000000009647,3.6243652981756496,4.575061823678666
807.6000000009649,3.6194512357865065,4.579716798938769
807.7000000009648,3.6145276505657202,4.584362137762492
807.8000000009649,3.609594561403026,4.588997820677056
807.9000000009648,3.604651987225288,4.593623828244173
808.000000000965,3.5996999470096327,4.598240141072521
808.1000000009649,3.594738459755726,4.60284673979185
808.200000000965,3.5897675445225614,4.607443605087859
808.3000000009649,3.5847872203916156,4.612030717667384
808.4000000009651,3.579797506494211,4.616608058284694
808.500000000965,3.5747984219984317,4.621175607728951
808.6000000009651,3.5697899861077063,4.625733346823234
808.700000000965,3.5647722180712598,4.630281256434524
808.8000000009652,3.5597451371735502,4.634819317463845
808.9000000009651,3.5547087627354825,4.639347510847461
809.0000000009652,3.5496631141272825,4.643865817569628
809.1000000009651,3.544608210741306,4.648374218636136
809.2000000009652,3.5395440720281286,4.652872695109913
809.3000000009652,3.534470717460394,4.657361228075489
809.4000000009653,3.5293881665596487,4.661839798665827
809.5000000009652,3.5242964388835127,4.666308388049536
809.6000000009653,3.5191955540242787,4.670766977429858
809.7000000009652,3.5140855316191653,4.6752155480548705
809.8000000009654,3.5089663913399485,4.679654081207398
809.9000000009653,3.503838152894155,4.684082558206257
810.0000000009654,3.4987008360376834,4.688500960419244
810.1000000009653,3.493554460548134,4.692909269236143
810.2000000009655,3.4883990462601986,4.697307466105054
810.3000000009654,3.483234613030209,4.701695532496128
810.4000000009655,3.4780611807624426,4.706073449928941
810.5000000009654,3.4728787693965395,4.710441199959451
810.6000000009656,3.467687398906121,4.714798764178955
810.7000000009655,3.4624870893088504,4.7191461242244905
810.8000000009656,3.457277860656268,4.723483261768541
810.9000000009655,3.4520597330349476,4.727810158520301
811.0000000009657,3.4468327265788643,4.732126796238939
811.1000000009656,3.4415968614432555,4.736433156706051
811.2000000009657,3.4363521578392966,4.740729221762704
811.3000000009656,3.431098635999366,4.745014973272451
811.4000000009657,3.425836316202809,4.74929039314925
811.5000000009657,3.4205652187636146,4.753555463344155
811.6000000009658,3.4152853640290535,4.757810165844246
811.7000000009657,3.4099967723895315,4.76205448268324
811.8000000009658,3.4046994642686212,4.766288395930991
811.9000000009657,3.399393460124206,4.770511887694775
812.0000000009659,3.394078780460585,4.774724940132795
812.1000000009658,3.388755445802876,4.77892753542611
812.2000000009659,3.3834234767309477,4.783119655816403
812.3000000009658,3.3780828938454226,4.787301283568272
812.400000000966,3.3727337177929004,4.791472400997668
812.5000000009659,3.3673759692538905,4.795632990458326
812.600000000966,3.362009668941468,4.799783034340703
812.7000000009659,3.35663483761091,4.80392251508276
812.8000000009661,3.3512514960499518,4.808051415159273
812.900000000966,3.3458596650798933,4.812169717083136
813.0000000009661,3.3404593655674466,4.816277403419109
813.100000000966,3.3350506183996877,4.820374456755236
813.2000000009662,3.3296334445172366,4.824460859741288
813.3000000009661,3.3242078648810134,4.828536595050381
813.4000000009662,3.318773900496897,4.832601645407913
813.5000000009661,3.3133315724039294,4.836655993577767
813.6000000009662,3.3078809016729913,4.840699622361189
813.7000000009662,3.302421909416224,4.844732514607797
813.8000000009663,3.296954616777489,4.848754653204685
813.9000000009662,3.291479044933459,4.852766021077747
814.0000000009663,3.2859952151051908,4.856766601205665
814.1000000009662,3.2805031485336444,4.860756376590814
814.2000000009664,3.275002866512101,4.8647353302983944
814.3000000009663,3.269494390353679,4.868703445417353
814.4000000009664,3.2639777414154136,4.872660705089835
814.5000000009663,3.2584529410867376,4.876607092497144
814.6000000009665,3.2529200107881833,4.8805425908585995
814.7000000009664,3.2473789719805897,4.884467183442732
814.8000000009665,3.2418298461557713,4.888380853556184
814.9000000009664,3.236272654837581,4.8922835845450665
815.0000000009666,3.2307074195932044,4.89617535980919
815.1000000009665,3.2251341620092613,4.900056162772461
815.2000000009666,3.219552903723451,4.903925976922663
815.3000000009665,3.213963666392839,4.907784785771735
815.4000000009667,3.208366471717345,4.911632572885717
815.5000000009666,3.202761341428509,4.915469321870457
815.6000000009667,3.197148297288221,4.919295016370455
815.7000000009666,3.191527361097701,4.923109640080229
815.8000000009667,3.185898554688385,4.926913176733057
815.9000000009667,3.180261899922962,4.930705610102333
816.0000000009668,3.17461741870639,4.934486924016026
816.1000000009667,3.1689651329625828,4.938257102326599
816.2000000009668,3.1633050646652663,4.94201612895143
816.3000000009667,3.157637235807055,4.945763987832452
816.4000000009669,3.151961668422338,4.949500662966559
816.5000000009668,3.1462783845763385,4.953226138391111
816.6000000009669,3.140587406363857,4.956940398182725
816.7000000009668,3.1348887559180314,4.960643426468849
816.800000000967,3.129182455401452,4.964335207416295
816.9000000009669,3.123468527007165,4.968015725232629
817.000000000967,3.1177469929693977,4.971684964180852
817.1000000009669,3.112017875540844,4.975342908548848
817.2000000009671,3.1062811970227218,4.9789895426904325
817.300000000967,3.100536979734648,4.982624850984354
817.4000000009671,3.094785246036932,4.986248817865179
817.500000000967,3.0890260183199088,4.989861427808561
817.6000000009672,3.083259319002711,4.993462665330018
817.7000000009671,3.077485170541792,4.9970525149966765
817.8000000009672,3.0717035954222816,5.000630961415624
817.9000000009671,3.065914616158957,5.004197989235323
818.0000000009672,3.060118255306666,5.00775358316052
818.1000000009672,3.0543145354382357,5.011297727921212
818.2000000009673,3.0485034791737067,5.014830408314319
818.3000000009672,3.0426851091510283,5.018351609162061
818.4000000009673,3.0368594480477302,5.02186131534331
818.5000000009672,3.0310265185705485,5.025359511778633
818.6000000009674,3.025186343454219,5.028846183429058
818.7000000009673,3.0193389454697774,5.032321315307977
818.8000000009674,3.013484347416144,5.03578489246933
818.9000000009673,3.0076225721210648,5.039236900009033
819.0000000009675,3.0017536424512374,5.042677323080099
819.1000000009674,2.9958775812908325,5.046106146861158
819.2000000009675,2.989994411569909,5.049523356598726
819.3000000009674,2.9841041562359285,5.052928937564992
819.4000000009676,2.9782068382748044,5.056322875089597
819.5000000009675,2.9723024807008276,5.059705154544474
819.6000000009676,2.9663911065554887,5.06307576134259
819.7000000009675,2.96047273891554,5.0664346809500165
819.8000000009677,2.9545474008848034,5.069781898873931
819.9000000009676,2.948615115595095,5.0731174006640805
820.0000000009677,2.942675906216051,5.076441171928108
820.1000000009676,2.936729795934272,5.079753198299633
820.2000000009677,2.930776807980891,5.08305346548109
820.3000000009677,2.9248169656039327,5.08634195920094
820.4000000009678,2.9188502920887363,5.089618665245882
820.5000000009677,2.912876810748174,5.092883569445489
820.6000000009678,2.9068965449215023,5.096136657670916
820.7000000009677,2.900909517982183,5.099377915847147
820.8000000009679,2.8949157533299315,5.10260732994083
820.9000000009678,2.8889152743916084,5.1058248859617485
821.0000000009679,2.8829081046307463,5.10903056997835
821.1000000009678,2.876894267527324,5.112224368085406
821.200000000968,2.8708737866044824,5.115406266447415
821.3000000009679,2.8648466854017354,5.118576251255249
821.400000000968,2.858812987494751,5.121734308758773
821.5000000009679,2.852772716485883,5.124880425251291
821.6000000009681,2.846725896003042,5.128014587068231
821.700000000968,2.8406725497072722,5.131136780599545
821.8000000009681,2.8346127012850375,5.134246992277385
821.900000000968,2.8285463744490915,5.1373452085775915
822.0000000009682,2.8224735929476945,5.140431416035424
822.1000000009681,2.816394380545029,5.143505601212798
822.2000000009682,2.8103087610470476,5.146567750742233
822.3000000009681,2.8042167582755537,5.149617851282961
822.4000000009682,2.7981183960873315,5.152655889553949
822.5000000009682,2.7920136983649906,5.155681852318151
822.6000000009683,2.785902689015856,5.158695726381157
822.7000000009682,2.779785391979299,5.161697498603758
822.8000000009683,2.773661831219272,5.164687155889468
822.9000000009682,2.7675320307251408,5.167664685186034
823.0000000009684,2.7613960145206056,5.170630073501339
823.1000000009683,2.7552538066447543,5.173583307870251
823.2000000009684,2.7491054311770426,5.176524375399098
823.3000000009683,2.7429509122122395,5.179453263221237
823.4000000009685,2.736790273878909,5.182369958530484
823.5000000009684,2.730623540330561,5.1852744485651625
823.6000000009685,2.724450735744574,5.1881667206067394
823.7000000009684,2.718271884329278,5.19104676199254
823.8000000009686,2.712087010316732,5.193914560103119
823.9000000009685,2.7058961379635296,5.196770102363781
824.0000000009686,2.699699291559389,5.199613376260667
824.1000000009685,2.693496495408886,5.202444369307217
824.2000000009687,2.687287773855545,5.205263069089156
824.3000000009686,2.6810731512576695,5.208069463219556
824.4000000009687,2.674852652006146,5.210863539372642
824.5000000009686,2.668626300515921,5.213645285267653
824.6000000009687,2.6623941212249553,5.216414688667461
824.7000000009687,2.656156138601041,5.219171737391428
824.8000000009688,2.649912377134842,5.22191641930263
824.9000000009687,2.643662861340666,5.224648722309398
825.0000000009688,2.637407615764736,5.227368634381579
825.1000000009687,2.631146664967587,5.230076143516619
825.2000000009689,2.624880033547262,5.232771237785056
825.3000000009688,2.6186077461160373,5.235453905285071
825.4000000009689,2.612329827317555,5.23812413417666
825.5000000009688,2.6060463018186217,5.2407819126653346
825.600000000969,2.5997571943081828,5.243427229000709
825.7000000009689,2.5934625295039044,5.246060071489495
825.800000000969,2.5871623321454518,5.248680428482591
825.9000000009689,2.580856626995211,5.251288288376636
826.0000000009691,2.5745454388462665,5.253883639630442
826.100000000969,2.5682287925054794,5.256466470730707
826.2000000009691,2.561906712815759,5.259036770237989
826.300000000969,2.5555792246336826,5.261594526740783
826.4000000009692,2.5492463528459695,5.264139728890047
826.5000000009691,2.5429081223616072,5.266672365382718
826.6000000009692,2.536564558110836,5.269192424960301
826.7000000009691,2.530215685051455,5.271699896421993
826.8000000009692,2.5238615281623993,5.27419476861162
826.9000000009692,2.517502112444447,5.2766770304192026
827.0000000009693,2.511137462927807,5.279146670797575
827.1000000009692,2.504767604655881,5.281603678727761
827.2000000009693,2.4983925627066705,5.284048043265358
827.3000000009692,2.492012362171317,5.286479753494178
827.4000000009694,2.485627028169838,5.288898798561126
827.5000000009693,2.479236585843572,5.29130516765956
827.6000000009694,2.472841060354244,5.29369885002782
827.7000000009693,2.4664404768900186,5.296079834962496
827.8000000009695,2.460034860659281,5.298448111805259
827.9000000009694,2.4536242368913133,5.300803669944431
828.0000000009695,2.4472086308435967,5.3031464988317385
828.1000000009694,2.440788067786272,5.3054765879473536
828.2000000009696,2.4343625730225718,5.307793926846754
828.3000000009695,2.4279321718682785,5.310098505113913
828.4000000009696,2.4214968896668116,5.312390312396472
828.5000000009695,2.415056751782018,5.314669338388951
828.6000000009697,2.4086117835972054,5.316935572831294
828.7000000009696,2.402162010520934,5.3191890055222455
828.8000000009697,2.3957074579811106,5.321429626306029
828.9000000009696,2.389248151425639,5.323657425073938
829.0000000009697,2.382784116329334,5.325872391781269
829.1000000009697,2.376315378179073,5.328074516412032
829.2000000009698,2.369841962493342,5.3302637890262154
829.3000000009697,2.3633638948026396,5.332440199712554
829.4000000009698,2.356881200663808,5.33460373862402
829.5000000009697,2.3503939056531555,5.336754395960902
829.6000000009699,2.3439020353655744,5.338892161969295
829.7000000009698,2.3374056154200575,5.3410170269546136
829.8000000009699,2.330904671454012,5.343128981268158
829.9000000009698,2.3243992291238715,5.3452280153087255
830.00000000097,2.3178893141117407,5.34731411953965
830.1000000009699,2.311374952111243,5.349387284453216
830.20000000097,2.304856168846059,5.351447500618358
830.3000000009699,2.2983329900512777,5.353494758633009
830.4000000009701,2.291805441487084,5.355529049159879
830.50000000097,2.2852735489322136,5.357550362909377
830.6000000009701,2.2787373381830447,5.359558690638121
830.70000000097,2.2721968350588444,5.361554023162542
830.8000000009702,2.265652065396406,5.363536351345335
830.9000000009701,2.25910305505063,5.365505666097073
831.0000000009702,2.252549829900767,5.36746195839341
831.1000000009701,2.2459924158369797,5.369405219239202
831.2000000009702,2.2394308387779978,5.371335439716555
831.3000000009702,2.232865124653406,5.373252610936797
831.4000000009703,2.226295299416562,5.375156724076566
831.5000000009702,2.2197213890383893,5.3770477703605986
831.6000000009703,2.2131434195065616,5.378925741060179
831.7000000009702,2.206561416830482,5.380790627506885
831.8000000009704,2.199975407036126,5.382642421078922
831.9000000009703,2.1933854161665898,5.38448111320276
832.0000000009704,2.1867914702880515,5.38630669537044
832.1000000009703,2.1801935954770464,5.38811915910342
832.2000000009705,2.173591817837105,5.389918496001012
832.3000000009704,2.1669861634820053,5.391704697691984
832.4000000009705,2.1603766585480146,5.393477755870894
832.5000000009704,2.153763329188042,5.395237662280757
832.6000000009706,2.1471462015707914,5.396984408711491
832.7000000009705,2.14052530188546,5.398717987013763
832.8000000009706,2.1339006563369125,5.400438389085198
832.9000000009705,2.1272722911462028,5.402145606872036
833.0000000009707,2.1206402325561258,5.403839632386578
833.1000000009706,2.114004506819218,5.4055204576707645
833.2000000009707,2.107365140213491,5.407188074844937
833.3000000009706,2.1007221590266445,5.4088424760590925
833.4000000009707,2.094075589567521,5.410483653529504
833.5000000009707,2.087425458160606,5.412111599521243
833.6000000009708,2.0807717911452777,5.413726306346617
833.7000000009707,2.0741146148802208,5.415327766379088
833.8000000009708,2.067453955738824,5.416915972039417
833.9000000009707,2.0607898401096616,5.418490915797317
834.0000000009709,2.0541222944017585,5.420052590189006
834.1000000009708,2.04745134503332,5.421600987780538
834.2000000009709,2.040777018446432,5.423136101216903
834.3000000009708,2.034099341092248,5.4246579231729655
834.400000000971,2.027418339441773,5.426166446390289
834.5000000009709,2.020734039980704,5.427661663659548
834.600000000971,2.0140464692086573,5.429143567818975
834.7000000009709,2.007355653643305,5.430612151768367
834.8000000009711,2.0006616198161122,5.432067408455119
834.900000000971,1.9939643942727836,5.433509330875885
835.0000000009711,1.9872640035781113,5.434937912094256
835.100000000971,1.9805604743054421,5.436353145203859
835.2000000009712,1.973853833050459,5.437755023377749
835.3000000009711,1.9671441064173452,5.4391435398190335
835.4000000009712,1.9604313210287718,5.440518687797937
835.5000000009711,1.9537155035210922,5.4418804606341125
835.6000000009712,1.9469966805436543,5.443228851695052
835.7000000009712,1.9402748787626694,5.444563854410186
835.8000000009713,1.9335501248571572,5.445885462256834
835.9000000009712,1.9268224455193628,5.4471936687618765
836.0000000009713,1.9200918674593128,5.448488467519525
836.1000000009712,1.9133584173950193,5.449769852154198
836.2000000009714,1.9066221220652082,5.451037816370212
836.3000000009713,1.8998830082164755,5.452292353902127
836.4000000009714,1.8931411026126015,5.453533458551993
836.5000000009713,1.8863964320300899,5.454761124171574
836.6000000009715,1.8796490232574516,5.455975344660748
836.7000000009714,1.872898903098787,5.457176113981689
836.8000000009715,1.866146098370078,5.45836342614472
836.9000000009714,1.859390635899575,5.45953727521
837.0000000009716,1.8526325425319445,5.460697655305397
837.1000000009715,1.8458718451192024,5.461844560589159
837.2000000009716,1.8391085705325012,5.46297798529986
837.3000000009715,1.832342745650287,5.464097923706468
837.4000000009717,1.825574397366816,5.465204370145815
837.5000000009716,1.8188035525880473,5.466297319004721
837.6000000009717,1.8120302382310127,5.467376764718366
837.7000000009716,1.80525448122712,5.468442701784544
837.8000000009717,1.7984763085186692,5.469495124749454
837.9000000009717,1.7916957470592019,5.470534028209393
838.0000000009718,1.7849128238173457,5.471559406828709
838.1000000009717,1.7781275657685007,5.472571255302276
838.2000000009718,1.771339999905574,5.473569568405706
838.3000000009717,1.7645501532281285,5.474554340945159
838.4000000009719,1.757758052750206,5.475525567794992
838.5000000009718,1.750963725496582,5.476483243879786
838.6000000009719,1.744167198502115,5.477427364172717
838.7000000009718,1.7373684988147575,5.47835792370989
838.800000000972,1.7305676534924093,5.47927491757604
838.9000000009719,1.7237646896032361,5.4801783409062335
839.000000000972,1.7169596342291067,5.481068188903901
839.1000000009719,1.7101525144580223,5.481944456803154
839.2000000009721,1.7033433573939032,5.482807139919199
839.300000000972,1.696532190146749,5.483656233597941
839.4000000009721,1.6897190398396447,5.484491733253785
839.500000000972,1.6829039336053735,5.485313634351591
839.6000000009722,1.6760868985858555,5.486121932405026
839.7000000009721,1.6692679619348791,5.486916622990956
839.8000000009722,1.6624471508151806,5.4876977017350885
839.9000000009721,1.655624492398725,5.488465164313686
840.0000000009722,1.6488000138698369,5.489219006471666
840.1000000009722,1.6419737424183931,5.489959223984748
840.2000000009723,1.6351457052485454,5.4906858127100975
840.3000000009722,1.6283159295698777,5.491398768535703
840.4000000009723,1.6214844426037083,5.492098087418327
840.5000000009722,1.6146512715800765,5.492783765365392
840.6000000009724,1.6078164437371651,5.49345579843332
840.7000000009723,1.6009799863237282,5.494114182742001
840.8000000009724,1.594141926596511,5.494758914460341
840.9000000009723,1.5873022918205117,5.495389989808006
841.0000000009725,1.5804611092716883,5.496007405073575
841.1000000009724,1.573618406230904,5.496611156576551
841.2000000009725,1.5667742099916906,5.49720124071819
841.3000000009724,1.5599285478524254,5.4977776539306795
841.4000000009726,1.5530814471218246,5.4983403927152406
841.5000000009725,1.5462329351162825,5.498889453623939
841.6000000009726,1.539383039159374,5.499424833258016
841.7000000009725,1.5325317865840065,5.49994652828239
841.8000000009727,1.5256792047300802,5.500454535411193
841.9000000009726,1.5188253209446987,5.500948851409481
842.0000000009727,1.5119701625845687,5.501429473111463
842.1000000009726,1.5051137570107125,5.501896397382376
842.2000000009728,1.4982561315951641,5.502349621169479
842.3000000009727,1.4913973137141552,5.502789141451071
842.4000000009728,1.484537330752898,5.5032149552747045
842.5000000009727,1.477676210103297,5.5036270597389425
842.6000000009728,1.4708139791634278,5.504025451991684
842.7000000009728,1.4639506653393917,5.504410129244707
842.8000000009729,1.4570862960433255,5.504781088759154
842.9000000009728,1.450220898693581,5.50513832784724
843.0000000009729,1.4433545007166997,5.505481843890547
843.1000000009728,1.4364871295428863,5.505811634301784
843.200000000973,1.429618812611749,5.506127696575913
843.3000000009729,1.4227495773665024,5.506430028239033
843.400000000973,1.4158794512579285,5.5067186268866894
843.5000000009729,1.409008461742444,5.506993490165588
843.6000000009731,1.4021366362816763,5.507254615771899
843.700000000973,1.3952640023440326,5.507502001465854
843.8000000009731,1.3883905874029416,5.507735645057176
843.900000000973,1.381516418936994,5.507955544406803
844.0000000009732,1.3746415244316101,5.508161697445219
844.1000000009731,1.3677659313752835,5.508354102134109
844.2000000009732,1.3608896672642303,5.508532756517625
844.3000000009731,1.3540127595976195,5.508697658671133
844.4000000009733,1.34713523588083,5.508848806739618
844.5000000009732,1.340257123623883,5.508986198919345
844.6000000009733,1.3333784503409838,5.509109833456165
844.7000000009732,1.3264992435518068,5.509219708660137
844.8000000009733,1.3196195307800882,5.509315822890916
844.9000000009733,1.312739339553735,5.509398174559497
845.0000000009734,1.305858697406061,5.509466762146571
845.1000000009733,1.2989776318727952,5.509521584164105
845.2000000009734,1.2920961704957639,5.509562639206701
845.3000000009733,1.2852143408191519,5.50958992590024
845.4000000009735,1.2783321703919335,5.509603442940364
845.5000000009734,1.27144968676667,5.509603189074103
845.6000000009735,1.2645669174991436,5.509589163098166
845.7000000009734,1.2576838901493486,5.5095613638735905
845.8000000009736,1.250800632280314,5.5095197903111135
845.9000000009735,1.2439171714581816,5.509464441372902
846.0000000009736,1.2370335352531419,5.50939531609094
846.1000000009735,1.230149751237204,5.509312413528542
846.2000000009737,1.2232658469867828,5.509215732831807
846.3000000009736,1.216381850079993,5.509105273178165
846.4000000009737,1.209497788098377,5.508981033814917
846.5000000009736,1.2026136886260663,5.508843014040831
846.6000000009738,1.195729579249387,5.508691213204433
846.7000000009737,1.188845487557555,5.508525630718687
846.8000000009738,1.1819614411418575,5.508346266046319
846.9000000009737,1.1750774675956968,5.508153118701564
847.0000000009738,1.1681935945150936,5.507946188268569
847.1000000009738,1.1613098494972285,5.507725474362848
847.2000000009739,1.1544262601420607,5.507490976682818
847.3000000009738,1.1475428540506525,5.507242694958263
847.4000000009739,1.1406596588260598,5.5069806289889245
847.5000000009738,1.1337767020728668,5.506704778626078
847.600000000974,1.1268940113968928,5.506415143770811
847.7000000009739,1.1200116144055867,5.506111724388713
847.800000000974,1.1131295387074365,5.5057945204952015
847.9000000009739,1.1062478119119765,5.505463532157243
848.0000000009741,1.0993664616299947,5.505118759511797
848.100000000974,1.092485515472843,5.504760202727223
848.2000000009741,1.0856050010529597,5.504387862054841
848.300000000974,1.078724945983227,5.504001737777384
848.4000000009742,1.0718453778771488,5.503601830247591
848.5000000009741,1.0649663243487542,5.503188139869783
848.6000000009742,1.0580878130122777,5.502760667098124
848.7000000009741,1.0512098714822637,5.50231941245133
848.8000000009743,1.0443325273733262,5.501864376497972
848.9000000009742,1.037455808300125,5.501395559858214
849.0000000009743,1.030579741877137,5.500912963222245
849.1000000009742,1.023704355718742,5.500416587311673
849.2000000009743,1.0168296774387806,5.499906432931115
849.3000000009743,1.0099557346509356,5.499382500916614
849.4000000009744,1.0030825549680722,5.498844792174244
849.5000000009743,0.996210166002518,5.498293307661681
849.6000000009744,0.9893385953658463,5.4977280483864615
849.7000000009743,0.9824678706686734,5.4971490154207014
849.8000000009745,0.9755980195206493,5.496556209886384
849.9000000009744,0.9687290695304055,5.4959496329570925
850.0000000009745,0.9618610483050198,5.4953292858764495
850.1000000009744,0.9549939834508758,5.494695169919506
850.2000000009746,0.9481279025721217,5.494047286444324
850.3000000009745,0.9412628332720885,5.493385636840399
850.4000000009746,0.934398803151917,5.492710222567251
850.5000000009745,0.9275358398112068,5.492021045136015
850.6000000009747,0.920673970847766,5.4913181061076815
850.7000000009746,0.9138132238571226,5.490601407107812
850.8000000009747,0.9069536264328777,5.489870949811825
850.9000000009746,0.9000952061666074,5.489126735946727
851.0000000009748,0.8932379906468916,5.488368767309558
851.1000000009747,0.8863820074609539,5.487597045728775
851.2000000009748,0.8795272841921573,5.486811573115823
851.3000000009747,0.872673848422451,5.486012351413565
851.4000000009748,0.8658217277301526,5.485199382634878
851.5000000009748,0.8589709496909695,5.484372668844218
851.6000000009749,0.852121541877851,5.483532212155877
851.7000000009748,0.8452735318602045,5.482678014748684
851.8000000009749,0.83842694720448,5.481810078851298
851.9000000009748,0.8315818154740373,5.4809284067439386
852.000000000975,0.824738164227865,5.4800330007768245
852.1000000009749,0.8178960210229964,5.47912386333157
852.200000000975,0.811055413410907,5.47820099687271
852.3000000009749,0.804216368940998,5.477264403896169
852.4000000009751,0.7973789151576713,5.476314086967841
852.500000000975,0.7905430796017145,5.475350048705163
852.6000000009751,0.7837088898101199,5.474372291775357
852.700000000975,0.7768763733150115,5.4733808189101225
852.8000000009752,0.7700455576445921,5.4723756328909445
852.9000000009751,0.7632164703229722,5.4713567365508275
853.0000000009752,0.7563891388684545,5.470324132792694
853.1000000009751,0.7495635907967252,5.469277824550824
853.2000000009753,0.7427398536162804,5.468217814842337
853.3000000009752,0.735917954832942,5.467144106715711
853.4000000009753,0.7290979219461,5.466056703289303
853.5000000009752,0.7222797824504646,5.464955607732944
853.6000000009753,0.715463563835983,5.4638408232661915
853.7000000009753,0.7086492935864694,5.462712353173009
853.8000000009754,0.7018369991807865,5.461570200787071
853.9000000009753,0.6950267080926409,5.460414369493492
854.0000000009754,0.6882184477885676,5.459244862747212
854.1000000009753,0.6814122457318851,5.458061684034489
854.2000000009755,0.6746081293770183,5.456864836924289
854.3000000009754,0.6678061261750574,5.455654325016887
854.4000000009755,0.6610062635692953,5.454430151982324
854.5000000009754,0.6542085689973467,5.453192321542046
854.6000000009756,0.6474130698910316,5.451940837467135
854.7000000009755,0.6406197936747126,5.45067570359296
854.8000000009756,0.6338287677668336,5.449396923804519
854.9000000009755,0.6270400195796825,5.448104502038174
855.0000000009757,0.6202535765169425,5.446798442299965
855.1000000009756,0.6134694659784221,5.44547874862719
855.2000000009757,0.6066877153534065,5.444145425139713
855.3000000009756,0.5999083520272486,5.442798475988647
855.4000000009758,0.5931314033760704,5.441437905394725
855.5000000009757,0.5863568967692534,5.440063717629969
855.6000000009758,0.5795848595694245,5.438675917015942
855.7000000009757,0.5728153191304957,5.437274507938372
855.8000000009758,0.5660483027994272,5.4358594948325045
855.9000000009758,0.5592838379159578,5.434430882184825
856.0000000009759,0.5525219518098572,5.4329886745513445
856.1000000009758,0.5457626718064245,5.431532876519274
856.2000000009759,0.5390060252187481,5.43006349275818
856.3000000009758,0.5322520393553261,5.428580527968815
856.400000000976,0.5255007415140591,5.42708398692138
856.5000000009759,0.5187521589851066,5.425573874437257
856.600000000976,0.5120063190508488,5.424050195387232
856.7000000009759,0.505263248983632,5.422512954706091
856.8000000009761,0.4985229760478881,5.420962157378009
856.900000000976,0.4917855274998296,5.419397808438277
857.0000000009761,0.4850509305842706,5.417819912991531
857.100000000976,0.47831921254089804,5.416228476173515
857.2000000009762,0.4715904005955699,5.414623503202108
857.3000000009761,0.4648645219689576,5.413004999326292
857.4000000009762,0.45814160386970465,5.411372969864292
857.5000000009761,0.4514216734976566,5.409727420185368
857.6000000009763,0.44470475804392207,5.408068355708055
857.7000000009762,0.43799088468831965,5.406395781914702
857.8000000009763,0.4312800806017275,5.40470970433689
857.9000000009762,0.4245723729457489,5.403010128557155
858.0000000009763,0.41786778886922904,5.401297060227176
858.1000000009763,0.4111663555152913,5.399570505029647
858.2000000009764,0.4044681000115494,5.397830468729141
858.3000000009763,0.39777304947977565,5.396076957121219
858.4000000009764,0.39108123102835357,5.394309976070478
858.5000000009763,0.38439267175587444,5.392529531492386
858.6000000009765,0.3777073987511709,5.390735629351514
858.7000000009764,0.3710254390904734,5.388928275676022
858.8000000009765,0.3643468198401194,5.3871074765431555
858.9000000009764,0.3576715680561775,5.385273238080947
859.0000000009766,0.3509997107805318,5.383425566486316
859.1000000009765,0.3443312750486909,5.381564467987087
859.2000000009766,0.3376662878790448,5.379689948892672
859.3000000009765,0.3310047762835501,5.377802015543381
859.4000000009767,0.32434676725935596,5.375900674348289
859.5000000009766,0.31769228779276637,5.373985931767152
859.6000000009767,0.3110413648593713,5.3720577943086525
859.7000000009766,0.30439402542091126,5.370116268544841
859.8000000009768,0.2977502964282166,5.368161361096648
859.9000000009767,0.29111020482079814,5.366193078635586
860.0000000009768,0.2844737775226286,5.364211427901806
860.1000000009767,0.277841041450715,5.362216415666246
860.2000000009768,0.27121202350327556,5.3602080487810975
860.3000000009768,0.2645867505714456,5.358186334129312
860.4000000009769,0.25796524953020405,5.356151278662345
860.5000000009768,0.25134754724269415,5.354102889382142
860.6000000009769,0.24473367056032486,5.35204117333935
860.7000000009768,0.2381236463193549,5.349966137647709
860.800000000977,0.2315175013441858,5.347877789469647
860.9000000009769,0.2249152624469133,5.34577613601798
861.000000000977,0.21831695642268262,5.343661184573833
861.1000000009769,0.21172261005902432,5.341532942448988
861.2000000009771,0.20513225012307834,5.3393914170361345
861.300000000977,0.19854590337431338,5.3372366157585995
861.4000000009771,0.19196359655463474,5.335068546107893
861.500000000977,0.1853853563930673,5.332887215625769
861.6000000009772,0.1788112096059532,5.330692631902476
861.7000000009771,0.17224118289324464,5.328484802591083
861.8000000009772,0.16567530294202626,5.32626373539311
861.9000000009771,0.1591135964260367,5.324029438060205
862.0000000009773,0.15255609000072767,5.321781918412029
862.1000000009772,0.14600281031334833,5.319521184298756
862.2000000009773,0.13945378398909047,5.317247243651066
862.3000000009772,0.13290903764482784,5.314960104430119
862.4000000009773,0.1263685978785374,5.312659774664931
862.5000000009773,0.11983249127433793,5.3103462624345354
862.6000000009774,0.1133007444026579,5.308019575866201
862.7000000009773,0.1067733838162419,5.305679723149689
862.8000000009774,0.100250436054023,5.303326712522976
862.9000000009773,0.09373192764061021,5.300960552273919
863.0000000009775,0.08721788508092865,5.298581250758033
863.1000000009774,0.0807083348710578,5.296188816361178
863.2000000009775,0.0742033034834314,5.293783257549301
863.3000000009774,0.06770281738158133,5.291364582818687
863.4000000009776,0.06120690300874574,5.288932800733102
863.5000000009775,0.05471558679326951,5.286487919906039
863.6000000009776,0.04822889514887259,5.284029948998986
863.7000000009775,0.041746854470365906,5.281558896735596
863.8000000009777,0.03526949113774344,5.27907477188746
863.9000000009776,0.028796831515639373,5.2765775832757615
864.0000000009777,0.022328901947675523,5.274067339788967
864.1000000009776,0.015865728768048502,5.271544050345729
864.2000000009778,0.00940733828566966,5.269007723944327
864.3000000009777,0.0029537567999094127,5.266458369613197
864.4000000009778,-0.0034949894114839493,5.263895996447873
864.5000000009777,-0.009938874086627095,5.261320613593339
864.6000000009778,-0.016377870979256408,5.258732230242284
864.7000000009778,-0.022811953863296396,5.256130855649181
864.8000000009779,-0.029241096528422973,5.253516499116163
864.9000000009778,-0.03566527278064075,5.250889169994684
865.0000000009779,-0.04208445644835124,5.248248877703051
865.1000000009778,-0.04849862137001683,5.245595631689568
865.200000000978,-0.05490774141095326,5.242929441481694
865.3000000009779,-0.06131179044659508,5.2402503166368675
865.400000000978,-0.06771074237538435,5.237558266779189
865.5000000009779,-0.07410457111265237,5.234853301581895
865.6000000009781,-0.08049325059027587,5.232135430765638
865.700000000978,-0.08687675476153331,5.22940466411248
865.8000000009781,-0.09325505759644456,5.226661011451823
865.900000000978,-0.09962813308237958,5.223904482662055
866.0000000009782,-0.1059959552304208,5.221135087688003
866.1000000009781,-0.11235849806228629,5.218352836504307
866.2000000009782,-0.11871573562817014,5.215557739164227
866.3000000009781,-0.12506764198901754,5.212749805750799
866.4000000009783,-0.13141419123009157,5.209929046413282
866.5000000009782,-0.13775535745450307,5.207095471349764
866.6000000009783,-0.14409111478289394,5.20424909080541
866.7000000009782,-0.15042143735857505,5.201389915086361
866.8000000009783,-0.15674629934251905,5.198517954545793
866.9000000009783,-0.163065674914004,5.195633219585547
867.0000000009784,-0.16937953827739077,5.1927357206734275
867.1000000009783,-0.1756878636483052,5.189825468306832
867.2000000009784,-0.18199062527239912,5.186902473061238
867.3000000009783,-0.18828779740664586,5.183966745541698
867.4000000009785,-0.19457935433370016,5.181018296419007
867.5000000009784,-0.2008652703550762,5.178057136412431
867.6000000009785,-0.20714551979073728,5.175083276287986
867.7000000009784,-0.2134200769845141,5.172096726872239
867.8000000009786,-0.21968891629887477,5.169097499038428
867.9000000009785,-0.22595201211560179,5.166085603708086
868.0000000009786,-0.23220933884286055,5.1630610518682385
868.1000000009785,-0.23846087090064824,5.160023854535302
868.2000000009787,-0.24470658274058768,5.156974022803171
868.3000000009786,-0.2509464488262452,5.153911567795088
868.4000000009787,-0.25718044364816184,5.150836500699546
868.5000000009786,-0.26340854171668826,5.147748832753154
868.6000000009788,-0.2696307175616003,5.1446485752389
868.7000000009787,-0.2758469457377865,5.14153573949984
868.8000000009788,-0.2820572008196788,5.138410336925364
868.9000000009787,-0.2882614574019672,5.135272378952784
869.0000000009788,-0.2944596901070745,5.1321218770843835
869.1000000009788,-0.3006518735698758,5.128958842851587
869.2000000009789,-0.3068379824584032,5.125783287862695
869.3000000009788,-0.3130179914531952,5.122595223755137
869.4000000009789,-0.3191918752631073,5.119394662231065
869.5000000009788,-0.32535960861780105,5.11618161504034
869.600000000979,-0.3315211662672687,5.112956093978825
869.7000000009789,-0.3376765229877985,5.109718110901985
869.800000000979,-0.3438256535761849,5.106467677711222
869.9000000009789,-0.3499685328504725,5.1032048063554605
870.0000000009791,-0.3561051356577122,5.099929508848058
870.100000000979,-0.36223543685796705,5.096641797231287
870.2000000009791,-0.36835941134604333,5.093341683623642
870.300000000979,-0.3744770340298688,5.0900291801724755
870.4000000009792,-0.38058827984695853,5.086704299089329
870.5000000009791,-0.38669312375656417,5.08336705263306
870.6000000009792,-0.39279154073922484,5.080017453108121
870.7000000009791,-0.39888350580300524,5.0766555128780375
870.8000000009793,-0.4049689939773736,5.073281244351884
870.9000000009792,-0.4110479803139778,5.069894659985859
871.0000000009793,-0.41712043989479775,5.066495772300016
871.1000000009792,-0.4231863478154355,5.063084593843041
871.2000000009793,-0.4292456792077447,5.059661137239189
871.3000000009793,-0.4352984092172546,5.0562254151413315
871.4000000009794,-0.4413445130204018,5.052777440265931
871.5000000009793,-0.4473839658163414,5.049317225376328
871.6000000009794,-0.45341674282640654,5.045844783281057
871.7000000009793,-0.45944281930061914,5.042360126847202
871.8000000009795,-0.46546217051134986,5.038863268986964
871.9000000009794,-0.4714747717541256,5.035354222659219
872.0000000009795,-0.47748059835606477,5.0318330008861105
872.1000000009794,-0.48347962565845837,5.028299616718178
872.2000000009796,-0.489471829040398,5.0247540832807935
872.3000000009795,-0.4954571838952559,5.021196413727667
872.4000000009796,-0.5014356656485679,5.017626621275511
872.5000000009795,-0.507407249749505,5.014044719187485
872.6000000009797,-0.5133719116703508,5.010450720771498
872.7000000009796,-0.5193296269132823,5.006844639393426
872.8000000009797,-0.525280371003713,5.0032264884638415
872.9000000009796,-0.531224119491129,4.999596281439546
873.0000000009798,-0.5371608479579092,4.995954031839982
873.1000000009797,-0.5430905320012029,4.992299753212695
873.2000000009798,-0.5490131472574399,4.988633459179336
873.3000000009797,-0.5549286693778741,4.984955163389634
873.4000000009798,-0.5608370740472219,4.981264879555669
873.5000000009798,-0.5667383369747997,4.9775626214354896
873.6000000009799,-0.5726324338939103,4.973848402831461
873.7000000009798,-0.5785193405688913,4.970122237603341
873.8000000009799,-0.5843990327882456,4.9663841396551085
873.9000000009798,-0.5902714863655067,4.962634122936487
874.00000000098,-0.5961366771483391,4.95887220145922
874.1000000009799,-0.6019945809997167,4.955098389262881
874.20000000098,-0.6078451738234123,4.95131270046035
874.3000000009799,-0.6136884315386169,4.947515149192278
874.4000000009801,-0.6195243300992173,4.9437057496610315
874.50000000098,-0.6253528454845996,4.93988451611448
874.6000000009801,-0.6311739536990535,4.936051462844322
874.70000000098,-0.63698763077909,4.932206604199031
874.8000000009802,-0.6427938527862527,4.928349954570832
874.9000000009801,-0.6485925958080119,4.924481528397224
875.0000000009802,-0.6543838359672417,4.9206013401770345
875.1000000009801,-0.6601675494027157,4.916709404436607
875.2000000009803,-0.6659437122954586,4.9128057357748105
875.3000000009802,-0.6717123008424472,4.908890348818002
875.4000000009803,-0.6774732912766253,4.904963258253545
875.5000000009802,-0.6832266598573802,4.901024478813799
875.6000000009803,-0.688972382869862,4.897074025274472
875.7000000009803,-0.6947104366325607,4.893111912467434
875.8000000009804,-0.7004407974899032,4.8891381552678
875.9000000009803,-0.706163441813183,4.885152768595427
876.0000000009804,-0.7118783460103171,4.88115576743083
876.1000000009803,-0.7175854865056489,4.877147166781732
876.2000000009805,-0.7232848397672569,4.87312698172755
876.3000000009804,-0.7289763822797495,4.869095227374846
876.4000000009805,-0.7346600905649128,4.865051918890508
876.5000000009804,-0.7403359411718597,4.860997071485909
876.6000000009806,-0.7460039106763665,4.856930700415244
876.7000000009805,-0.751663975688706,4.852852820988201
876.8000000009806,-0.7573161128459334,4.848763448557225
876.9000000009805,-0.7629602988128493,4.844662598518999
877.0000000009807,-0.7685965102921279,4.84055028633011
877.1000000009806,-0.7742247240034441,4.836426527474023
877.2000000009807,-0.779844916711631,4.8322913375050405
877.3000000009806,-0.7854570651985737,4.828144732004311
877.4000000009808,-0.7910611462845729,4.823986726612567
877.5000000009807,-0.796657136818181,4.819817337014463
877.6000000009808,-0.8022450136754574,4.815636578936975
877.7000000009807,-0.8078247537680534,4.811444468161898
877.8000000009808,-0.8133963340352877,4.807241020513249
877.9000000009808,-0.818959731445141,4.8030262518587135
878.0000000009809,-0.8245149230046531,4.798800178125161
878.1000000009808,-0.830061885738383,4.794562815266014
878.2000000009809,-0.8356005967175023,4.790314179304632
878.3000000009808,-0.841131033030802,4.786054286290867
878.400000000981,-0.8466531718066669,4.781783152333405
878.5000000009809,-0.8521669902025946,4.7775007935843306
878.600000000981,-0.8576724654044692,4.7732072262374805
878.7000000009809,-0.8631695746348983,4.768902466540796
878.8000000009811,-0.868658295144988,4.76458653078391
878.900000000981,-0.8741386042153609,4.76025943529958
879.0000000009811,-0.8796104791669125,4.755921196478959
879.100000000981,-0.8850738973386194,4.751571830739391
879.2000000009812,-0.8905288361174677,4.747211354567255
879.3000000009811,-0.8959752729085744,4.742839784475093
879.4000000009812,-0.9014131851578557,4.738457137033485
879.5000000009811,-0.9068425503412396,4.734063428855814
879.6000000009813,-0.9122633459638625,4.729658676596674
879.7000000009812,-0.9176755495686546,4.725242896964064
879.8000000009813,-0.9230791387279089,4.720816106707087
879.9000000009812,-0.9284740910443312,4.716378322617372
880.0000000009813,-0.9338603841620552,4.711929561544175
880.1000000009813,-0.9392379957438003,4.707469840362604
880.2000000009814,-0.9446069035017135,4.702999176015828
880.3000000009813,-0.9499670851666249,4.698517585472797
880.4000000009814,-0.9553185185113167,4.69402508575973
880.5000000009813,-0.9606611813394224,4.689521693945068
880.6000000009815,-0.9659950514846354,4.685007427137874
880.7000000009814,-0.9713201068195447,4.680482302499847
880.8000000009815,-0.9766363252469129,4.675946337233229
880.9000000009814,-0.9819436847007537,4.671399548582206
881.0000000009816,-0.9872421631576958,4.666841953847751
881.1000000009815,-0.9925317386134995,4.662273570356307
881.2000000009816,-0.9978123891146999,4.657694415501428
881.3000000009815,-1.0030840927270126,4.653104506702099
881.4000000009817,-1.0083468275592906,4.648503861433719
881.5000000009816,-1.013600571752117,4.643892497213278
881.6000000009817,-1.0188453034769283,4.639270431597822
881.7000000009816,-1.0240810009450931,4.634637682196287
881.8000000009818,-1.029307642399001,4.6299942666575316
881.9000000009817,-1.0345252061131647,4.625340202671724
882.0000000009818,-1.0397336704058366,4.620675507984997
882.1000000009817,-1.0449330136148913,4.616000200368588
882.2000000009818,-1.0501232141303563,4.611314297659835
882.3000000009818,-1.0553042503619787,4.606617817721105
882.4000000009819,-1.0604761007637593,4.601910778470343
882.5000000009818,-1.065638743822245,4.597193197866483
882.6000000009819,-1.0707921580556699,4.5924650939078875
882.7000000009818,-1.0759363220232778,4.587726484643989
882.800000000982,-1.0810712143161132,4.582977388163558
882.9000000009819,-1.0861968135581535,4.578217822596057
883.000000000982,-1.0913130984182753,4.5734478061260315
883.1000000009819,-1.0964200475855082,4.568667356962727
883.2000000009821,-1.1015176398023439,4.563876493380473
883.300000000982,-1.1066058538314756,4.559075233678264
883.4000000009821,-1.1116846684810018,4.554263596209774
883.500000000982,-1.1167540625924184,4.549441599369004
883.6000000009822,-1.1218140150396823,4.544609261588773
883.7000000009821,-1.1268645047387693,4.539766601352191
883.8000000009822,-1.1319055106382754,4.534913637181049
883.9000000009821,-1.136937011720576,4.530050387637159
884.0000000009823,-1.141958987014033,4.525176871336544
884.1000000009822,-1.1469714155676392,4.52029310691956
884.2000000009823,-1.1519742764851935,4.515399113090562
884.3000000009822,-1.1569675488912194,4.510494908578156
884.4000000009823,-1.1619512119567237,4.505580512164744
884.5000000009823,-1.1669252448869039,4.500655942672419
884.6000000009824,-1.171889626920227,4.495721218961426
884.7000000009823,-1.1768443373382176,4.490776359941448
884.8000000009824,-1.1817893554557837,4.485821384560229
884.9000000009823,-1.1867246606224002,4.480856311804898
885.0000000009825,-1.1916502322346472,4.475881160715849
885.1000000009824,-1.196566049710249,4.470895950357381
885.2000000009825,-1.201472092523011,4.465900699856729
885.3000000009824,-1.206368340167928,4.460895428364991
885.4000000009826,-1.211254772187588,4.455880155086129
885.5000000009825,-1.216131368159597,4.450854899263092
885.6000000009826,-1.220998107695587,4.44581968017634
885.7000000009825,-1.225854970451226,4.440774517154944
885.8000000009827,-1.2307019361163518,4.435719429565356
885.9000000009826,-1.2355389844161853,4.4306544368127
886.0000000009827,-1.2403660951241111,4.425579558354463
886.1000000009826,-1.2451832480351208,4.420494813671634
886.2000000009828,-1.249990423001586,4.415400222307012
886.3000000009827,-1.2547875998975737,4.410295803826816
886.4000000009828,-1.259574758645788,4.4051815778492065
886.5000000009827,-1.2643518792047175,4.4000575640306625
886.6000000009828,-1.2691189415676611,4.394923782064478
886.7000000009828,-1.2738759257729617,4.389780251691661
886.8000000009829,-1.278622811893865,4.38462699268995
886.9000000009828,-1.2833595800397601,4.379464024875071
887.0000000009829,-1.2880862103692814,4.374291368114148
887.1000000009828,-1.292802683063168,4.369109042297354
887.200000000983,-1.2975089783607698,4.363917067375551
887.3000000009829,-1.3022050765235855,4.358715463322618
887.400000000983,-1.3068909578628267,4.353504250163388
887.5000000009829,-1.311566602726285,4.348283447960281
887.6000000009831,-1.3162319914972862,4.3430530768118665
887.700000000983,-1.3208871046051436,4.337813156863563
887.8000000009831,-1.3255319225148394,4.3325637082968
887.900000000983,-1.3301664257282915,4.327304751330258
888.0000000009832,-1.3347905947976815,4.322036306233063
888.1000000009831,-1.339404410297742,4.316758393296972
888.2000000009832,-1.3440078528630677,4.31147103287325
888.3000000009831,-1.3486009031508897,4.306174245335711
888.4000000009833,-1.3531835418691656,4.30086805110817
888.5000000009832,-1.3577557497631727,4.295552470651323
888.6000000009833,-1.3623175076144685,4.2902275244612955
888.7000000009832,-1.3668687962515693,4.284893233080116
888.8000000009833,-1.3714095965393773,4.279549617085145
888.9000000009833,-1.375939889380466,4.274196697090284
889.0000000009834,-1.3804596557287094,4.268834493758861
889.1000000009833,-1.3849688765610115,4.263463027776371
889.2000000009834,-1.3894675329153268,4.258082319886647
889.3000000009833,-1.3939556058526845,4.252692390855648
889.4000000009835,-1.3984330764858681,4.247293261498302
889.5000000009834,-1.4028999259657495,4.2418849526656555
889.6000000009835,-1.407356135480185,4.236467485243489
889.7000000009834,-1.4118016862648979,4.231040880162587
889.8000000009836,-1.4162365595927282,4.225605158388312
889.9000000009835,-1.4206607367749489,4.220160340921801
890.0000000009836,-1.4250741991751266,4.214706448812618
890.1000000009835,-1.4294769281802857,4.209243503132063
890.2000000009837,-1.4338689052396907,4.203771525008545
890.3000000009836,-1.4382501118261488,4.198290535592119
890.4000000009837,-1.4426205294652061,4.1928005560807975
890.5000000009836,-1.4469801397212154,4.187301607707983
890.6000000009838,-1.451328924196225,4.18179371174106
890.7000000009837,-1.4556668645410828,4.176276889491436
890.8000000009838,-1.4599939424444415,4.17075116230439
890.9000000009837,-1.4643101396340936,4.165216551560233
891.0000000009838,-1.4686154378911227,4.159673078686648
891.1000000009838,-1.4729098190205299,4.154120765132559
891.2000000009839,-1.4771932648906976,4.148559632402789
891.3000000009838,-1.481465757393971,4.142989702023364
891.4000000009839,-1.4857272784764264,4.137410995567196
891.5000000009838,-1.4899778101236825,4.131823534641802
891.600000000984,-1.4942173343597265,4.126227340887944
891.7000000009839,-1.49844583325822,4.120622435989469
891.800000000984,-1.5026632889313318,4.115008841663327
891.9000000009839,-1.5068696835310993,4.109386579660693
892.0000000009841,-1.5110649992637981,4.103755671779078
892.100000000984,-1.515249218360034,4.098116139836782
892.2000000009841,-1.5194223231149464,4.0924680057067295
892.300000000984,-1.5235842958480865,4.086811291282546
892.4000000009842,-1.5277351189336656,4.081146018503703
892.5000000009841,-1.5318747747861237,4.075472209343513
892.6000000009842,-1.5360032458589665,4.069789885807744
892.7000000009841,-1.5401205146562664,4.064099069944244
892.8000000009843,-1.544226563721251,4.058399783833222
892.9000000009842,-1.5483213756376952,4.052692049588348
893.0000000009843,-1.5524049330445733,4.046975889368522
893.1000000009842,-1.5564772186056326,4.041251325352926
893.2000000009843,-1.5605382150502431,4.035518379774112
893.3000000009843,-1.5645879051325857,4.02977707488488
893.4000000009844,-1.5686262716624526,4.0240274329827574
893.5000000009843,-1.572653297490567,4.018269476398286
893.6000000009844,-1.5766689655073627,4.012503227493719
893.7000000009843,-1.5806732586546786,4.0067287086724015
893.8000000009845,-1.5846661599141847,4.000945942369245
893.9000000009844,-1.588647652308795,3.9951549510517883
894.0000000009845,-1.5926177189175177,3.9893557572317357
894.1000000009844,-1.596576342844528,3.983548383440607
894.2000000009846,-1.600523507260733,3.977732852261955
894.3000000009845,-1.6044591953622804,3.9719091862990563
894.4000000009846,-1.6083833904018174,3.9660774081988506
894.5000000009845,-1.6122960756735745,3.960237540640501
894.6000000009847,-1.616197234512156,3.9543896063340647
894.7000000009846,-1.6200868503044243,3.948533628029642
894.8000000009847,-1.6239649064776978,3.942669628508134
894.9000000009846,-1.6278313865011835,3.9367976305822845
895.0000000009848,-1.6316862739010927,3.930917657107855
895.1000000009847,-1.635529552229226,3.9250297309598947
895.2000000009848,-1.6393612051051614,3.919133875064193
895.3000000009847,-1.6431812161741042,3.9132301123657807
895.4000000009848,-1.6469895691386571,3.907318465852205
895.5000000009848,-1.6507862477436785,3.901398958542383
895.6000000009849,-1.6545712357750126,3.8954716134853538
895.7000000009848,-1.6583445170715594,3.88953645376919
895.8000000009849,-1.6621060755133192,3.8835935025119244
895.9000000009848,-1.665855895022843,3.8776427828625764
896.000000000985,-1.669593959580547,3.8716843180120826
896.1000000009849,-1.6733202531928093,3.8657181311701856
896.200000000985,-1.6770347599348387,3.8597442455959845
896.3000000009849,-1.6807374639078771,3.8537626845672888
896.4000000009851,-1.6844283492714127,3.847773471403311
896.500000000985,-1.688107400227807,3.8417766294538263
896.6000000009851,-1.6917746010210368,3.8357721820978856
896.700000000985,-1.6954299359489473,3.829760152752486
896.8000000009852,-1.6990733893510817,3.8237405648638005
896.9000000009851,-1.7027049456101475,3.817713441908168
897.0000000009852,-1.7063245891675831,3.811678807402667
897.1000000009851,-1.709932304491188,3.805636684882642
897.2000000009853,-1.7135280761185772,3.7995870979314494
897.3000000009852,-1.7171118886137655,3.7935300701506662
897.4000000009853,-1.7206837265998778,3.787465625182084
897.5000000009852,-1.7242435747435527,3.7813937866971754
897.6000000009853,-1.7277914177536169,3.7753145783958972
897.7000000009853,-1.7313272403935194,3.7692280240151135
897.8000000009854,-1.7348510274690208,3.763134147319997
897.9000000009853,-1.738362763829679,3.7570329721049953
898.0000000009854,-1.7418624343845983,3.750924522204161
898.1000000009853,-1.7453500240695992,3.7448088214693156
898.2000000009855,-1.7488255178913077,3.7386858937988814
898.3000000009854,-1.7522889008831344,3.7325557631089437
898.4000000009855,-1.7557401581384062,3.7264184533546563
898.5000000009854,-1.7591792747945516,3.720273988520014
898.6000000009856,-1.7626062360317878,3.7141223926166282
898.7000000009855,-1.76602102708572,3.707963689691905
898.8000000009856,-1.769423633234823,3.7017979038207436
898.9000000009855,-1.7728140398019496,3.6956250591064777
899.0000000009857,-1.776192232170326,3.689445179690831
899.1000000009856,-1.7795581957502717,3.6832582897327395
899.2000000009857,-1.782911916023842,3.677064413436354
899.3000000009856,-1.7862533785002221,3.67086357502299
899.4000000009858,-1.7895825687493263,3.664655798751805
899.5000000009857,-1.7928994723857774,3.6584411089098965
899.6000000009858,-1.7962040750675323,3.652219529811151
899.7000000009857,-1.7994963625086502,3.6459910858041766
899.8000000009858,-1.8027763204666325,3.6397558012641977
899.9000000009858,-1.8060439347439545,3.6335137005939604
900.0000000009859,-1.8092991912042333,3.627264808233422
900.1000000009858,-1.812542075738516,3.6210091486392386
900.2000000009859,-1.8157725743105244,3.614746746311838
900.3000000009858,-1.8189906729114758,3.6084776257682387
900.400000000986,-1.822196357594072,3.6022018115621206
900.5000000009859,-1.8253896144562765,3.5959193282742374
900.600000000986,-1.828570429639948,3.5896302005112464
900.7000000009859,-1.8317387893437727,3.5833344529133795
900.8000000009861,-1.8348946798104067,3.5770321101466465
900.900000000986,-1.8380380873280298,3.5707231969037148
901.0000000009861,-1.8411689982467343,3.5644077379132195
901.100000000986,-1.8442873989443984,3.5580857579199194
901.2000000009862,-1.8473932758724527,3.5517572817109215
901.3000000009861,-1.8504866155101471,3.5454223340894044
901.4000000009862,-1.8535674043989818,3.5390809398939598
901.5000000009861,-1.8566356291262862,3.5327331239893196
901.6000000009863,-1.8596912763237985,3.5263789112652772
901.7000000009862,-1.8627343326807526,3.520018326644097
901.8000000009863,-1.865764784930899,3.5136513950729213
901.9000000009862,-1.8687826198540662,3.5072781415246124
902.0000000009863,-1.8717878242927144,3.500898591006786
902.1000000009863,-1.8747803851174059,3.4945127685426614
902.2000000009864,-1.87776028927314,3.4881206991963163
902.3000000009863,-1.8807275237330767,3.4817224080473244
902.4000000009864,-1.8836820755333263,3.4753179202094553
902.5000000009863,-1.8866239317563487,3.46890726082174
902.6000000009865,-1.8895530795295477,3.46249045504734
902.7000000009864,-1.892469506038504,3.4560675280807187
902.8000000009865,-1.8953731985138016,3.449638505140369
902.9000000009864,-1.898264144232613,3.4432034114696175
903.0000000009866,-1.9011423305354702,3.436762272345262
903.1000000009865,-1.904007744791338,3.4303151130591134
903.2000000009866,-1.9068603744444386,3.423861958942389
903.3000000009865,-1.9097002069674585,3.4174028353412673
903.4000000009867,-1.912527229896754,3.410937767634844
903.5000000009866,-1.9153414308155614,3.4044667812265192
903.6000000009867,-1.918142797352533,3.397989901542963
903.7000000009866,-1.9209313171951234,3.3915071540410135
903.8000000009868,-1.9237069780762994,3.3850185642006076
903.9000000009867,-1.9264697677761395,3.3785241575255593
904.0000000009868,-1.929219674138754,3.3720239595519366
904.1000000009867,-1.9319566850369787,3.3655179958302788
904.2000000009868,-1.9346807884197252,3.3590062919489885
904.3000000009868,-1.9373919722646873,3.352488873510831
904.4000000009869,-1.9400902246138911,3.3459657661502575
904.5000000009868,-1.9427755335567305,3.3394369955251255
904.6000000009869,-1.9454478872285033,3.3329025873156253
904.7000000009868,-1.9481072738239362,3.32636256723091
904.800000000987,-1.9507536815837283,3.3198169610023536
904.9000000009869,-1.953387098796169,3.3132657943842965
905.000000000987,-1.9560075138142539,3.3067090931620298
905.1000000009869,-1.9586149150200165,3.300146883134715
905.2000000009871,-1.9612092908723235,3.293579190137887
905.300000000987,-1.9637906298591068,3.287006040020903
905.4000000009871,-1.9663589205332932,3.280427458663488
905.500000000987,-1.9689141514956647,3.273843471967804
905.6000000009872,-1.9714563113933545,3.2672541058574613
905.7000000009871,-1.9739853889335124,3.2606593862838826
905.8000000009872,-1.9765013728697256,3.254059339219754
905.9000000009871,-1.9790042520036546,3.2474539906597513
906.0000000009873,-1.9814940152022835,3.240843366628244
906.1000000009872,-1.9839706513619064,3.2342274931629227
906.2000000009873,-1.986434149456417,3.2276063963362933
906.3000000009872,-1.9888844984890683,3.2209801022340696
906.4000000009873,-1.9913216875287145,3.2143486369710725
906.5000000009873,-1.993745705692513,3.2077120266836276
906.6000000009874,-1.9961565421444283,3.201070297528556
906.7000000009873,-1.9985541861090208,3.194423475689266
906.8000000009874,-2.000938626857715,3.1877715873695402
906.9000000009873,-2.003309853710447,3.1811146587942174
907.0000000009875,-2.0056678560531003,3.1744527162164964
907.1000000009874,-2.008012623301152,3.1677857859022778
907.2000000009875,-2.0103441449483794,3.161113894150767
907.3000000009874,-2.0126624105181783,3.15443706727382
907.4000000009876,-2.01496740960016,3.147755331611058
907.5000000009875,-2.017259131832695,3.141068713522615
907.6000000009876,-2.0195375669013633,3.134377239388227
907.7000000009875,-2.0218027045528775,3.127680935613031
907.8000000009877,-2.0240545345812464,3.120979828621566
907.9000000009876,-2.0262930468294327,3.1142739448584376
908.0000000009877,-2.028518231206915,3.1075633107953182
908.1000000009876,-2.0307300776530184,3.1008479529160295
908.2000000009878,-2.032928576186068,3.094127897736106
908.3000000009877,-2.0351137168542808,3.087403171783115
908.4000000009878,-2.03728548977264,3.0806738016110904
908.5000000009877,-2.0394438851052965,3.073939813793639
908.6000000009878,-2.0415888930640333,3.067201234922992
908.7000000009878,-2.043720503922299,3.060458091615537
908.8000000009879,-2.045838708001228,3.0537104105061594
908.9000000009878,-2.0479434956713067,3.0469582182488573
909.0000000009879,-2.0500348573701097,3.0402015415233308
909.1000000009878,-2.052112783565314,3.033440407020806
909.200000000988,-2.0541772648042373,3.0266748414626794
909.3000000009879,-2.0562282916643255,3.0199048715818195
909.400000000988,-2.0582658547903554,3.0131305241361934
909.5000000009879,-2.060289944876687,3.0063518259023274
909.6000000009881,-2.062300552665679,2.99956880367445
909.700000000988,-2.0642976689618426,2.9927814842697487
909.8000000009881,-2.0662812846177587,2.9859898945229277
909.900000000988,-2.0682513905357727,2.979194061286789
910.0000000009882,-2.0702079776858424,2.9723940114385328
910.1000000009881,-2.072151037068258,2.96558977186631
910.2000000009882,-2.0740805597635736,2.958781369486819
910.3000000009881,-2.0759965368827165,2.9519688312275973
910.4000000009883,-2.077898959604456,2.9451521840399737
910.5000000009882,-2.0797878191575188,2.938331454892876
910.6000000009883,-2.0816631068190046,2.9315066707719453
910.7000000009882,-2.0835248139286504,2.9246778586845075
910.8000000009883,-2.085372931874619,2.9178450456544796
910.9000000009883,-2.0872074520951975,2.9110082587229114
911.0000000009884,-2.0890283660967954,2.9041675249538654
911.1000000009883,-2.090835665416388,2.8973228714217205
911.2000000009884,-2.0926293416718016,2.8904743252278404
911.3000000009883,-2.094409386511452,2.88362191348385
911.4000000009885,-2.0961757916520973,2.8767656633237806
911.5000000009884,-2.0979285488608213,2.86990560189823
911.6000000009885,-2.09966764995342,2.863041756373571
911.7000000009884,-2.101393086808764,2.856174153936643
911.8000000009886,-2.103104851354502,2.8493028217898777
911.9000000009885,-2.1048029355687747,2.842427787151812
912.0000000009886,-2.106487331498307,2.8355490772626766
912.1000000009885,-2.1081580312206003,2.828666719372435
912.2000000009887,-2.1098150268945712,2.821780740756375
912.3000000009886,-2.1114583107099465,2.8148911686994
912.4000000009887,-2.1130878749252493,2.8079980305075
912.5000000009886,-2.114703711849665,2.8011013535022595
912.6000000009888,-2.116305813841426,2.794201165020029
912.7000000009887,-2.1178941733222696,2.7872974924163376
912.8000000009888,-2.1194687827630325,2.780390363061364
912.9000000009887,-2.121029634685364,2.7734798043404147
913.0000000009888,-2.12257672167996,2.7665658436590803
913.1000000009888,-2.124110036368493,2.759648508432041
913.2000000009889,-2.1256295714545788,2.752727826097714
913.3000000009888,-2.127135319672834,2.7458038241035507
913.4000000009889,-2.128627273827112,2.7388765299166717
913.5000000009888,-2.130105426772257,2.7319459710187486
913.600000000989,-2.131569771412467,2.7250121749052836
913.7000000009889,-2.1330203007158373,2.718075169089717
913.800000000989,-2.1344570076998655,2.711134981099117
913.9000000009889,-2.1358798854331873,2.7041916384746294
914.0000000009891,-2.1372889270539006,2.6972451687763526
914.100000000989,-2.138684125731266,2.690295599572886
914.2000000009891,-2.1400654747169807,2.683342958454886
914.300000000989,-2.14143296729394,2.6763872730213922
914.4000000009892,-2.142786596814678,2.6694285708897665
914.5000000009891,-2.1441263566830195,2.662466879690938
914.6000000009892,-2.1454522403524345,2.6555022270686446
914.7000000009891,-2.14676424134067,2.6485346406832546
914.8000000009893,-2.1480623532151535,2.641564148207812
914.9000000009892,-2.1493465695947407,2.634590777328449
915.0000000009893,-2.1506168841681443,2.627614555748817
915.1000000009892,-2.1518732906554283,2.620635511180418
915.2000000009893,-2.1531157828595466,2.61365367135521
915.3000000009893,-2.1543443546148184,2.606669064012939
915.4000000009894,-2.1555589998255926,2.5996817169102417
915.5000000009893,-2.156759712447797,2.5926916578162604
915.6000000009894,-2.1579464864872646,2.5856989145119957
915.7000000009893,-2.159119316014446,2.5787035147938244
915.8000000009895,-2.1602781951497514,2.5717054864697726
915.9000000009894,-2.1614231180652883,2.5647048573598936
916.0000000009895,-2.162554079003387,2.5577016553004004
916.1000000009894,-2.163671072237883,2.5506959081347595
916.2000000009896,-2.1647740921259415,2.5436876437252
916.3000000009895,-2.165863133056261,2.5366768899410843
916.4000000009896,-2.166938189487916,2.529663674667296
916.5000000009895,-2.167999255931816,2.5226480258002333
916.6000000009897,-2.1690463269490303,2.5156299712471135
916.7000000009896,-2.1700793971655763,2.508609538929207
916.8000000009897,-2.1710984612576665,2.501586756778468
916.9000000009896,-2.172103513953457,2.49456165273788
917.0000000009898,-2.1730945500516725,2.4875342547651456
917.1000000009897,-2.174071564382703,2.4805045908245598
917.2000000009898,-2.175034551860653,2.473472688897549
917.3000000009897,-2.17598350743131,2.466438576972073
917.4000000009898,-2.1769184261111665,2.459402283050173
917.5000000009898,-2.1778393029687964,2.452363835144335
917.6000000009899,-2.178746133123155,2.445323261276898
917.7000000009898,-2.179638911758442,2.438280589482984
917.8000000009899,-2.180517634109275,2.431235847807365
917.9000000009898,-2.1813822954624573,2.4241890643047683
918.00000000099,-2.182232891175667,2.4171402670432607
918.1000000009899,-2.183069416638382,2.4100894840968987
918.20000000099,-2.183891867324161,2.4030367435551714
918.3000000009899,-2.1847002387383783,2.3959820735134354
918.4000000009901,-2.1854945264574175,2.3889255020797497
918.50000000099,-2.186274726109958,2.3818670573716
918.6000000009901,-2.187040833375274,2.37480676751528
918.70000000099,-2.187792843998155,2.367744660648536
918.8000000009902,-2.1885307537740095,2.3606807649177917
918.9000000009901,-2.1892545585506453,2.353615108478418
919.0000000009902,-2.1899642542470263,2.346547719497668
919.1000000009901,-2.190659836814047,2.339478626148116
919.2000000009903,-2.191341302287003,2.332407856616118
919.3000000009902,-2.1920086467331323,2.3253354390932945
919.4000000009903,-2.1926618662909547,2.3182614017825216
919.5000000009902,-2.1933009571514925,2.3111857728950227
919.6000000009903,-2.193925915556542,2.304108580649848
919.7000000009903,-2.194536737813653,2.2970298532762152
919.8000000009904,-2.1951334202811896,2.289949619010975
919.9000000009903,-2.195715959370104,2.2828679060988466
920.0000000009904,-2.1962843515627544,2.275784742795054
920.1000000009903,-2.1968385933735437,2.2687001573595382
920.2000000009905,-2.1973786814015757,2.2616141780642782
920.3000000009904,-2.1979046122780153,2.254526833185847
920.4000000009905,-2.1984163827055356,2.247438151010684
920.5000000009904,-2.198913989439491,2.2403481598325663
920.6000000009906,-2.199397429286181,2.233256887952048
920.7000000009905,-2.1998666991178863,2.226164363678501
920.8000000009906,-2.2003217958578607,2.2190706153279454
920.9000000009905,-2.20076271648211,2.2119756712232514
921.0000000009907,-2.2011894580382787,2.204879559696324
921.1000000009906,-2.2016020176061524,2.1977823090831103
921.2000000009907,-2.202000392350479,2.1906839477299496
921.3000000009906,-2.2023845794681645,2.183584503987161
921.4000000009908,-2.202754576227839,2.176484006213461
921.5000000009907,-2.2031103799509744,2.169382482773814
921.6000000009908,-2.203451988010136,2.1622799620389808
921.7000000009907,-2.203779397844059,2.1551764723872537
921.8000000009908,-2.2040926069425892,2.148072042202512
921.9000000009908,-2.2043916128484806,2.1409666998743964
922.0000000009909,-2.2046764131763217,2.133860473800193
922.1000000009908,-2.204947005572932,2.1267533923806194
922.2000000009909,-2.205203387770318,2.11964548402504
922.3000000009908,-2.2054455575327285,2.1125367771461243
922.400000000991,-2.2056735126963245,2.105427300163539
922.5000000009909,-2.2058872511502443,2.0983170815021754
922.600000000991,-2.2060867708348475,2.0912061495916663
922.7000000009909,-2.206272069756821,2.0840945328678213
922.8000000009911,-2.206443145974097,2.0769822597710457
922.900000000991,-2.2065999975976376,2.069869358746474
923.0000000009911,-2.2067426228104123,2.062755858245414
923.100000000991,-2.206871019827696,2.0556417867219245
923.2000000009912,-2.2069851869501367,2.0485271726370504
923.3000000009911,-2.207085122510699,2.041412044454531
923.4000000009912,-2.2071708249144204,2.0342964306436206
923.5000000009911,-2.207242292619429,2.027180359677705
923.6000000009913,-2.207299524135184,2.0200638600339156
923.7000000009912,-2.2073425180376103,2.012946960194272
923.8000000009913,-2.2073712729539743,2.005829688644331
923.9000000009912,-2.2073857875646827,1.998712073873285
924.0000000009913,-2.207386060622291,1.9915941443750853
924.1000000009913,-2.207372090911722,1.9844759286458222
924.2000000009914,-2.207343877303428,1.97735745518683
924.3000000009913,-2.207301418700238,1.970238752501458
924.4000000009914,-2.2072447140771843,1.9631198490971586
924.5000000009913,-2.207173762462485,1.9560007734844858
924.6000000009915,-2.207088562935768,1.9488815541766815
924.7000000009914,-2.2069891146432417,1.9417622196905089
924.8000000009915,-2.206875416782543,1.934642798545271
924.9000000009914,-2.2067474686045325,1.9275233192628778
925.0000000009916,-2.2066052694323286,1.9204038103685188
925.1000000009915,-2.206448818621463,1.9132843003888433
925.2000000009916,-2.2062781156131273,1.9061648178540638
925.3000000009915,-2.206093159880938,1.8990453912957912
925.4000000009917,-2.2058939509708066,1.8919260492482635
925.5000000009916,-2.205680488481903,1.8848068202477215
925.6000000009917,-2.2054527720648798,1.8776877328320931
925.7000000009916,-2.205210801437052,1.8705688155415245
925.8000000009918,-2.2049545763672285,1.8634500969176488
925.9000000009917,-2.204684096677501,1.8563316055036025
926.0000000009918,-2.2043993622622953,1.8492133698443824
926.1000000009917,-2.2041003730484934,1.8420954184858276
926.2000000009918,-2.203787129048731,1.8349777799755995
926.3000000009918,-2.2034596303081004,1.827860482862078
926.4000000009919,-2.2031178769440554,1.820743555694847
926.5000000009918,-2.202761869127359,1.8136270270244548
926.6000000009919,-2.2023916070803047,1.8065109254020788
926.7000000009918,-2.20200709109191,1.7993952793797476
926.800000000992,-2.201608321502719,1.7922801175099754
926.9000000009919,-2.201195298706605,1.785165468345744
927.000000000992,-2.2007680231698314,1.7780513604404193
927.1000000009919,-2.2003264953911392,1.7709378223475252
927.2000000009921,-2.199870715955076,1.763824882620714
927.300000000992,-2.19940068547867,1.7567125698137367
927.4000000009921,-2.1989164046513494,1.7496009124800787
927.500000000992,-2.1984178742158855,1.7424899391730906
927.6000000009922,-2.1979050949666004,1.7353796784457405
927.7000000009921,-2.1973780677645767,1.7282701588505427
927.8000000009922,-2.1968367935224378,1.7211614089394367
927.9000000009921,-2.1962812732061567,1.7140534572637303
928.0000000009923,-2.195711507854126,1.7069463323736955
928.1000000009922,-2.1951274985372295,1.6998400628191441
928.2000000009923,-2.194529246412169,1.6927346771482639
928.3000000009922,-2.193916752668135,1.685630203908658
928.4000000009923,-2.193290018566737,1.678526671646242
928.5000000009923,-2.1926490454229373,1.6714241089057613
928.6000000009924,-2.1919938346032466,1.664322544230517
928.7000000009923,-2.191324387540937,1.6572220061619847
928.8000000009924,-2.190640705720833,1.6501225232400603
928.9000000009923,-2.1899427906811053,1.6430241240029717
929.0000000009925,-2.1892306440323326,1.6359268369864342
929.1000000009924,-2.188504267417577,1.6288306907250178
929.2000000009925,-2.1877636625657173,1.621735713749972
929.3000000009924,-2.1870088312381197,1.6146419345913436
929.4000000009926,-2.1862397752685414,1.6075493817760158
929.5000000009925,-2.1854564965440777,1.6004580838285998
929.6000000009926,-2.1846589970033614,1.5933680692712529
929.7000000009925,-2.1838472786517666,1.5862793666230006
929.8000000009927,-2.1830213435461934,1.5791920044002277
929.9000000009926,-2.182181193796866,1.5721060111165541
930.0000000009927,-2.1813268315863876,1.5650214152816635
930.1000000009926,-2.1804582591298325,1.5579382454034736
930.2000000009928,-2.179575478728035,1.5508565299848291
930.3000000009927,-2.178678492714294,1.5437762975266862
930.4000000009928,-2.17776730349426,1.5366975765254152
930.5000000009927,-2.1768419135268937,1.5296203954740792
930.6000000009928,-2.1759023253226477,1.5225447828622345
930.7000000009928,-2.174948541458668,1.5154707671749341
930.8000000009929,-2.173980564563582,1.508398376893576
930.9000000009928,-2.1729983973193057,1.5013276404957525
931.0000000009929,-2.1720020424800657,1.4942585864536453
931.1000000009928,-2.170991502832528,1.4871912432369885
931.200000000993,-2.16996678124904,1.4801256393087496
931.3000000009929,-2.1689278806343872,1.4730618031293896
931.400000000993,-2.167874803965625,1.465999763153308
931.5000000009929,-2.166807554273058,1.4589395478304938
931.6000000009931,-2.1657261346384313,1.451881185606422
931.700000000993,-2.164630548210111,1.444824704920756
931.8000000009931,-2.1635207981878835,1.437770134208448
931.900000000993,-2.162396887824748,1.4307175018995448
932.0000000009932,-2.1612588204459215,1.4236668364172569
932.1000000009931,-2.1601065994090267,1.41661816618173
932.2000000009932,-2.15894022815725,1.4095715196045995
932.3000000009931,-2.15775971016617,1.4025269250943113
932.4000000009933,-2.1565650489835333,1.3954844110518203
932.5000000009932,-2.155356248210259,1.3884440058726377
932.6000000009933,-2.1541333114986227,1.3814057379467064
932.7000000009932,-2.15289624256741,1.374369635656787
932.8000000009934,-2.151645045186752,1.3673357273799236
932.9000000009933,-2.150379723179916,1.3603040414872194
933.0000000009934,-2.149100280442262,1.3532746063414611
933.1000000009933,-2.147806720901496,1.3462474503016906
933.2000000009934,-2.14649904857073,1.3392226017167561
933.3000000009934,-2.1451772674954186,1.3322000889316987
933.4000000009935,-2.143841381793047,1.3251799402825863
933.5000000009934,-2.1424913956341767,1.3181621840989424
933.6000000009935,-2.1411273132406263,1.311146848703721
933.7000000009934,-2.139749138900598,1.3041339624113975
933.8000000009936,-2.1383568769535346,1.2971235535296726
933.9000000009935,-2.136950531791899,1.2901156503592053
934.0000000009936,-2.1355301078801006,1.2831102811909159
934.1000000009935,-2.134095609714831,1.2761074743113605
934.2000000009937,-2.1326470418780024,1.269107257995164
934.3000000009936,-2.131184408983791,1.2621096605124644
934.4000000009937,-2.1297077157182454,1.2551147101230118
934.5000000009936,-2.1282169668203736,1.2481224350789786
934.6000000009938,-2.126712167080318,1.2411328636249053
934.7000000009937,-2.125193321354446,1.2341460239954867
934.8000000009938,-2.1236604345502412,1.227161944417646
934.9000000009937,-2.1221135116280836,1.2201806531102342
935.0000000009939,-2.1205525576201145,1.2132021782808924
935.1000000009938,-2.1189775775906714,1.206226548132218
935.2000000009939,-2.1173885766891,1.1992537908531928
935.3000000009938,-2.1157855600969375,1.1922839346276963
935.4000000009939,-2.114168533067387,1.1853170076277508
935.5000000009939,-2.1125375009064653,1.178353038016704
935.600000000994,-2.1108924689711857,1.1713920539492686
935.7000000009939,-2.1092334426846113,1.1644340835690188
935.800000000994,-2.1075604275207764,1.1574791550107086
935.9000000009939,-2.105873429006454,1.1505272963999236
936.0000000009941,-2.1041724527399674,1.1435785358496195
936.100000000994,-2.1024575043517513,1.136632901467096
936.2000000009941,-2.1007285895569905,1.1296904213443053
936.300000000994,-2.098985714102958,1.122751123567421
936.4000000009942,-2.0972288838083815,1.1158150362093469
936.5000000009941,-2.095458104544642,1.1088821873332813
936.6000000009942,-2.0936733822339506,1.1019526049927395
936.7000000009941,-2.0918747228643486,1.0950263172287382
936.8000000009943,-2.0900621324746878,1.0881033520724723
936.9000000009942,-2.088235617156397,1.0811837375449462
937.0000000009943,-2.0863951830722174,1.074267501653079
937.1000000009942,-2.084540836416882,1.0673546723974536
937.2000000009944,-2.0826725834695914,1.0604452777616236
937.3000000009943,-2.0807904305415303,1.0535393457227467
937.4000000009944,-2.078894384015077,1.0466369042432557
937.5000000009943,-2.0769844503250794,1.039737981274793
937.6000000009944,-2.0750606359570414,1.0328426047583243
937.7000000009944,-2.073122947462069,1.0259508026210225
937.8000000009945,-2.0711713914418795,1.0190626027791883
937.9000000009944,-2.069205974550565,1.012178033137845
938.0000000009945,-2.067226703513275,1.0052971215865285
938.1000000009944,-2.065233585087044,0.9984198960078297
938.2000000009946,-2.0632266261130345,0.9915463842655823
938.3000000009945,-2.061205833464265,0.9846766142165531
938.4000000009946,-2.059171214084679,0.977810613701378
938.5000000009945,-2.05712277497049,0.9709484105488799
938.6000000009947,-2.055060523168356,0.9640900325761612
938.7000000009946,-2.052984465790267,0.9572355075851864
938.8000000009947,-2.050894609998634,0.9503848633660583
938.9000000009946,-2.048790963008032,0.9435381276965782
939.0000000009948,-2.046673532103781,0.936695328337602
939.1000000009947,-2.044542324602943,0.9298564930423705
939.2000000009948,-2.0423973479063697,0.9230216495437067
939.3000000009947,-2.0402386094466456,0.9161908255667579
939.4000000009949,-2.0380661167269576,0.9093640488190873
939.5000000009948,-2.0358798773025306,0.9025413469953629
939.6000000009949,-2.033679898778815,0.8957227477775493
939.7000000009948,-2.0314661888263164,0.8889082788311913
939.8000000009949,-2.029238755165717,0.8820979678089288
939.9000000009949,-2.0269976055696217,0.8752918423500202
940.000000000995,-2.024742747881076,0.8684899300753861
940.1000000009949,-2.0224741899747283,0.8616922585977251
940.200000000995,-2.0201919398086092,0.8548988555076105
940.3000000009949,-2.0178960053723207,0.8481097483872699
940.4000000009951,-2.0155863947257506,0.8413249647999521
940.500000000995,-2.013263115980583,0.8345445322949951
940.6000000009951,-2.010926177298475,0.8277684784079979
940.700000000995,-2.0085755869058097,0.8209968306568025
940.8000000009952,-2.006211353078916,0.8142296165453675
940.9000000009951,-2.003833484145797,0.8074668635632557
941.0000000009952,-2.0014419885045296,0.8007085991802476
941.1000000009951,-1.9990368745846245,0.7939548508572346
941.2000000009953,-1.9966181508985645,0.7872056460313364
941.3000000009952,-1.9941858259902538,0.7804610121307237
941.4000000009953,-1.9917399084735026,0.7737209765631465
941.5000000009952,-1.989280407013641,0.7669855667213745
941.6000000009954,-1.986807330325718,0.7602548099834614
941.7000000009953,-1.9843206871891796,0.7535287337084304
941.8000000009954,-1.9818204864331355,0.7468073652403919
941.9000000009953,-1.9793067369380823,0.7400907319079921
942.0000000009954,-1.9767794476542218,0.7333788610187117
942.1000000009954,-1.9742386275630284,0.7266717798705395
942.2000000009955,-1.9716842857284789,0.7199695157359997
942.3000000009954,-1.9691164312457872,0.7132720958780051
942.4000000009955,-1.9665350732796893,0.706579547537671
942.5000000009954,-1.9639402210461632,0.6998918979401269
942.6000000009956,-1.9613318838106149,0.693209174294756
942.7000000009955,-1.9587100709024652,0.6865314037905879
942.8000000009956,-1.9560747917005201,0.6798586136007692
942.9000000009955,-1.9534260556346867,0.6731908308819798
943.0000000009957,-1.9507638722041545,0.666528082768302
943.1000000009956,-1.9480882509391928,0.659870396383667
943.2000000009957,-1.945399201452092,0.6532177988249133
943.3000000009956,-1.9426967333862069,0.6465703171786714
943.4000000009958,-1.9399808564539807,0.6399279785083489
943.5000000009957,-1.9372515804187769,0.6332908098603036
943.6000000009958,-1.9345089150930863,0.6266588382641773
943.7000000009957,-1.931752870353038,0.6200320907280028
943.8000000009959,-1.928983456123833,0.6134105942429122
943.9000000009958,-1.9262006823814404,0.6067943757825134
944.0000000009959,-1.923404559170676,0.6001834622964508
944.1000000009958,-1.9205950965672525,0.5935778807236228
944.2000000009959,-1.9177723047283721,0.5869776579741549
944.3000000009959,-1.9149361938420943,0.5803828209473101
944.400000000996,-1.912086774165124,0.5737933965177687
944.5000000009959,-1.9092240560047655,0.5672094115421676
944.600000000996,-1.9063480497171184,0.5606308928594107
944.7000000009959,-1.9034587657214836,0.5540578672854806
944.8000000009961,-1.9005562144859183,0.5474903616184998
944.900000000996,-1.8976404065289225,0.5409284026380784
945.0000000009961,-1.894711352437369,0.5343720170984534
945.100000000996,-1.8917690628288053,0.5278212317424643
945.2000000009962,-1.888813548401716,0.5212760732825581
945.3000000009961,-1.8858448198852442,0.5147365684197276
945.4000000009962,-1.882862888076689,0.5082027438289783
945.5000000009961,-1.8798677638235868,0.5016746261662276
945.6000000009963,-1.8768594580219373,0.49515224206870445
945.7000000009962,-1.8738379816305137,0.4886356181494741
945.8000000009963,-1.8708033456564785,0.4821247810027314
945.9000000009962,-1.8677555611570615,0.4756197572031141
946.0000000009964,-1.864694639257391,0.4691205732985418
946.1000000009963,-1.8616205911130606,0.4626272558249479
946.2000000009964,-1.8585334279599928,0.4561398312862158
946.3000000009963,-1.8554331610645292,0.4496583261741273
946.4000000009964,-1.852319801760681,0.4431827669531338
946.5000000009964,-1.8491933614323401,0.4367131800676177
946.6000000009965,-1.84605385151148,0.4302495919422736
946.7000000009964,-1.8429012834923597,0.4237920289763384
946.8000000009965,-1.8397356689172764,0.41734051754922785
946.9000000009964,-1.8365570193782284,0.4108950840198218
947.0000000009966,-1.833365346534576,0.40445575471889034
947.1000000009965,-1.8301606620758992,0.39802255596457686
947.2000000009966,-1.8269429777714934,0.39159551404138543
947.3000000009965,-1.8237123054208557,0.3851746552211355
947.4000000009967,-1.8204686568906001,0.3787600057469237
947.5000000009966,-1.817212044096817,0.3723515918407434
947.6000000009967,-1.8139424790033092,0.36594943970396226
947.7000000009966,-1.8106599736356839,0.3595535755112687
947.8000000009968,-1.8073645400671823,0.3531640254165348
947.9000000009967,-1.8040561904203316,0.34678081555206436
948.0000000009968,-1.8007349368844898,0.3404039720207218
948.1000000009967,-1.7974007916790002,0.33403352091216565
948.2000000009969,-1.79405376710225,0.32766948828078396
948.3000000009968,-1.790693875482562,0.32131190016764377
948.4000000009969,-1.787321129214835,0.31496078258376725
948.5000000009968,-1.783935540743043,0.3086161615181048
948.6000000009969,-1.780537122558456,0.3022780629379915
948.7000000009969,-1.7771258872136118,0.2959465127828098
948.800000000997,-1.7737018473082906,0.2896215369701962
948.9000000009969,-1.7702650154911534,0.28330316139525524
949.000000000997,-1.7668154044770974,0.27699141192227594
949.1000000009969,-1.7633530270107314,0.2706863144017091
949.2000000009971,-1.7598778959150385,0.26438789464717644
949.300000000997,-1.7563900240426897,0.2580961784584037
949.4000000009971,-1.7528894243123234,0.251811191603697
949.500000000997,-1.7493761096912086,0.24553295982827586
949.6000000009972,-1.7458500931935115,0.2392615088548247
949.7000000009971,-1.7423113878941323,0.2329968643768674
949.8000000009972,-1.7387600069147622,0.2267390520651986
949.9000000009971,-1.7351959634255154,0.22048809756706983
950.0000000009973,-1.7316192706621643,0.21424402649761393
950.1000000009972,-1.7280299418899392,0.2080068644575558
950.2000000009973,-1.7244279904516984,0.20177663700918208
950.3000000009972,-1.7208134297197026,0.19555336970025722
950.4000000009974,-1.7171862731315866,0.18933708804582638
950.5000000009973,-1.7135465341731806,0.18312781753689666
950.6000000009974,-1.7098942263767405,0.1769255836409651
950.7000000009973,-1.706229363334668,0.17073041179511755
950.8000000009974,-1.7025519586857434,0.16454232741280117
950.9000000009974,-1.6988620261167242,0.15836135588297112
951.0000000009975,-1.6951595793793661,0.15218752256110618
951.1000000009974,-1.6914446322545822,0.14602085278765564
951.2000000009975,-1.6877171986001915,0.13986137186310194
951.3000000009974,-1.6839772923031457,0.13370910507284223
951.4000000009976,-1.6802249273151029,0.12756407766820507
951.5000000009975,-1.6764601176354255,0.12142631487547895
951.6000000009976,-1.6726828773094633,0.1152958418965354
951.7000000009975,-1.668893220442139,0.10917268390165333
951.8000000009977,-1.6650911611842638,0.10305686603651174
951.9000000009976,-1.6612767137341282,0.09694841342130243
952.0000000009977,-1.657449892354387,0.09084735114145792
952.1000000009976,-1.653610711336576,0.08475370426682097
952.2000000009978,-1.6497591850483238,0.07866749782568877
952.3000000009977,-1.64589532788608,0.07258875683065924
952.4000000009978,-1.642019154310359,0.06651750625898942
952.5000000009977,-1.6381306788289056,0.060453771061962175
952.6000000009979,-1.6342299159949467,0.05439757616548338
952.7000000009978,-1.630316880420641,0.04834894646263761
952.8000000009979,-1.6263915867635799,0.04230790682101593
952.9000000009978,-1.6224540497283497,0.036274482081793305
953.0000000009979,-1.6185042840831942,0.03024869705005946
953.1000000009979,-1.6145423046249119,0.024230576514704647
953.200000000998,-1.6105681262256053,0.01822014522156698
953.3000000009979,-1.6065817637859083,0.012217427900231684
953.400000000998,-1.6025832322698006,0.006222449243624617
953.5000000009979,-1.5985725466879634,0.00023523391771837075
953.6000000009981,-1.5945497220960827,-0.005744193437781176
953.700000000998,-1.5905147736081466,-0.011715808217151742
953.8000000009981,-1.5864677163830514,-0.01767958584110954
953.900000000998,-1.5824085656261544,-0.023635501757758887
954.0000000009982,-1.5783373366057907,-0.029583531452539544
954.1000000009981,-1.5742540446185491,-0.03552365042764066
954.2000000009982,-1.5701587050354426,-0.04145583422985826
954.3000000009981,-1.5660513332556747,-0.04738005842284462
954.4000000009983,-1.5619319447410993,-0.05329629860815553
954.5000000009982,-1.557800554999763,-0.05920453041521234
954.6000000009983,-1.5536571795841811,-0.06510472950063939
954.7000000009982,-1.5495018341044857,-0.07099687155624848
954.8000000009984,-1.545334534215215,-0.07688093230116894
954.9000000009983,-1.5411552956168464,-0.08275688748282818
955.0000000009984,-1.5369641340720746,-0.08862471288728546
955.1000000009983,-1.5327610653715014,-0.09448438431794573
955.2000000009984,-1.5285461053793015,-0.10033587762429508
955.3000000009984,-1.5243192699875285,-0.10617916867321815
955.4000000009985,-1.5200805751501139,-0.11201423337079572
955.5000000009984,-1.5158300368666107,-0.1178410476519321
955.6000000009985,-1.5115676711805328,-0.12365958747959985
955.7000000009984,-1.5072934941923375,-0.12946982885309333
955.8000000009986,-1.5030075220463253,-0.13527174779995238
955.9000000009985,-1.4987097709321575,-0.1410653203769705
956.0000000009986,-1.4944002571009771,-0.1468505226807989
956.1000000009985,-1.4900789968315125,-0.1526273308259702
956.2000000009987,-1.4857460064751309,-0.15839572097460863
956.3000000009986,-1.4814013024107147,-0.16415566930682557
956.4000000009987,-1.4770449010782785,-0.16990715204315018
956.5000000009986,-1.4726768189629142,-0.17565014543383045
956.6000000009988,-1.4682970725930953,-0.18138462575809694
956.7000000009987,-1.4639056785535005,-0.187110569332676
956.8000000009988,-1.4595026534721174,-0.19282795250339668
956.9000000009987,-1.4550880140217377,-0.1985367516462311
957.0000000009989,-1.450661776935829,-0.20423694317827895
957.1000000009988,-1.4462239589750716,-0.20992850353510337
957.2000000009989,-1.4417745769718682,-0.21561140920129485
957.3000000009988,-1.4373136477858035,-0.2212856366799607
957.400000000999,-1.432841188336773,-0.22695116251589054
957.5000000009989,-1.4283572155891433,-0.23260796328452688
957.600000000999,-1.4238617465501124,-0.2382560155911404
957.7000000009989,-1.4193547982823658,-0.24389529607960936
957.800000000999,-1.4148363878913004,-0.2495257814238167
957.900000000999,-1.4103065325265045,-0.2551474483287175
958.0000000009991,-1.4057652493974495,-0.2607602735415909
958.100000000999,-1.4012125557404769,-0.26636423382870367
958.2000000009991,-1.3966484688626641,-0.27195930600682416
958.300000000999,-1.3920730060978834,-0.27754546691181203
958.4000000009992,-1.3874861848395175,-0.2831226934224006
958.5000000009991,-1.382888022524834,-0.2886909624488487
958.6000000009992,-1.3782785366333208,-0.2942502509321352
958.7000000009991,-1.37365774469917,-0.29980053585299093
958.8000000009993,-1.3690256642987215,-0.3053417942229856
958.9000000009992,-1.3643823130519133,-0.3108740030856276
959.0000000009993,-1.3597277086377,-0.3163971395279893
959.1000000009992,-1.3550618687615106,-0.3219111806566981
959.2000000009994,-1.3503848111985417,-0.32741610363028295
959.3000000009993,-1.3456965537504306,-0.3329118856268794
959.4000000009994,-1.340997114277453,-0.3383985038687251
959.5000000009993,-1.336286510683124,-0.3438759356104947
959.6000000009994,-1.3315647609125978,-0.3493441581384098
959.7000000009994,-1.3268318829649681,-0.35480314877952435
959.8000000009995,-1.322087894880843,-0.3602528848926063
959.9000000009994,-1.317332814743776,-0.365693343869269
960.0000000009995,-1.3125666606954995,-0.37112450314585665
960.1000000009994,-1.307789450903858,-0.37654634017877875
960.2000000009996,-1.3030012036054153,-0.38195883247777995
960.3000000009995,-1.298201937062769,-0.38736195757276926
960.4000000009996,-1.2933916695963024,-0.3927556930389144
960.5000000009995,-1.2885704195690173,-0.3981400164846717
960.6000000009997,-1.283738205384909,-0.4035149055509163
960.7000000009996,-1.2788950455010868,-0.4088803379204681
960.8000000009997,-1.2740409584155694,-0.41423629130866974
960.9000000009996,-1.269175962668693,-0.4195827434645525
961.0000000009998,-1.26430007685807,-0.4249196721830813
961.1000000009997,-1.2594133196070034,-0.4302470552798383
961.2000000009998,-1.2545157096064812,-0.4355648706251041
961.3000000009997,-1.249607265573147,-0.44087309610982484
961.4000000009999,-1.2446880062805183,-0.44617170967139863
961.5000000009998,-1.239757950544052,-0.45146068928139704
961.6000000009999,-1.2348171172195759,-0.4567400129446145
961.7000000009998,-1.2298655252152213,-0.46200965870883987
961.800000001,-1.224903193479366,-0.46726960465523726
961.9000000009999,-1.2199301410020178,-0.47251982889953703
962.000000001,-1.2149463868295798,-0.47776030960453164
962.1000000009999,-1.2099519500337588,-0.4829910249541276
962.200000001,-1.2049468497528353,-0.48821195318832855
962.300000001,-1.1999311051503145,-0.4934230725683475
962.4000000010001,-1.1949047354456828,-0.4986243614029702
962.500000001,-1.1898677598997152,-0.5038157980359775
962.6000000010001,-1.184820197812874,-0.5089973608452143
962.700000001,-1.1797620685370513,-0.5141690282526017
962.8000000010002,-1.1746933914637512,-0.5193307787142276
962.9000000010001,-1.1696141860254483,-0.5244825907215636
963.0000000010002,-1.1645244717100516,-0.5296244428143062
963.1000000010001,-1.1594242680303322,-0.5347563135538003
963.2000000010003,-1.154313594564556,-0.5398781815588116
963.3000000010002,-1.1491924709158128,-0.5449900254698016
963.4000000010003,-1.1440609167422067,-0.5500918239759618
963.5000000010002,-1.1389189517424123,-0.5551835558023368
963.6000000010004,-1.1337665956541505,-0.5602651997088107
963.7000000010003,-1.1286038682657242,-0.5653367345003589
963.8000000010004,-1.1234307894043387,-0.5703981390169524
963.9000000010003,-1.1182473789374419,-0.5754493921347992
964.0000000010004,-1.1130536567869922,-0.5804904727794296
964.1000000010004,-1.1078496428994085,-0.5855213598985007
964.2000000010005,-1.1026353572854362,-0.5905420324984374
964.3000000010004,-1.0974108199801953,-0.5955524696078853
964.4000000010005,-1.0921760510728808,-0.6005526503053098
964.5000000010004,-1.0869310706925726,-0.6055425537058288
964.6000000010006,-1.0816758990066766,-0.6105221589602117
964.7000000010005,-1.0764105562322652,-0.6154914452653653
964.8000000010006,-1.0711350626246472,-0.620450391853955
964.9000000010005,-1.0658494384786816,-0.6253989779956757
965.0000000010007,-1.0605537041427362,-0.6303371830106717
965.1000000010006,-1.0552478799891742,-0.6352649862417316
965.2000000010007,-1.0499319864535481,-0.6401823670916859
965.3000000010006,-1.0446060439953673,-0.6450893049860573
965.4000000010008,-1.039270073127203,-0.6499857794013102
965.5000000010007,-1.0339240944007626,-0.6548717698513906
965.6000000010008,-1.0285681284053978,-0.6597472558866462
965.7000000010007,-1.0232021957792372,-0.6646122171045443
965.8000000010009,-1.0178263171979127,-0.6694666331391089
965.9000000010008,-1.0124405133758478,-0.6743104836622155
966.0000000010009,-1.0070448050799992,-0.6791437483972489
966.1000000010008,-1.001639213100896,-0.6839664070907021
966.200000001001,-0.9962237582910423,-0.6887784395504132
966.3000000010009,-0.9907984615264236,-0.6935798256074195
966.400000001001,-0.9853633437351013,-0.698370545144749
966.5000000010009,-0.9799184258835543,-0.7031505780836815
966.600000001001,-0.9744637289751634,-0.7079199043826838
966.700000001001,-0.9689992740611248,-0.7126785040483541
966.8000000010011,-0.9635250822294397,-0.7174263571245817
966.900000001001,-0.958041174606176,-0.72216344369387
967.0000000010011,-0.9525475723688832,-0.7268897438913215
967.100000001001,-0.9470442967181997,-0.7316052378756457
967.2000000010012,-0.9415313689155531,-0.7363099058681263
967.3000000010011,-0.9360088102454198,-0.7410037281137002
967.4000000010012,-0.9304766420432906,-0.7456866849103738
967.5000000010011,-0.924934885682291,-0.750358756595205
967.6000000010013,-0.9193835625717364,-0.7550199235431636
967.7000000010012,-0.9138226941678294,-0.7596701661782973
967.8000000010013,-0.9082523019628119,-0.7643094649627118
967.9000000010012,-0.9026724074861999,-0.7689378003979199
968.0000000010014,-0.8970830323179744,-0.7735551530390552
968.1000000010013,-0.8914841980607623,-0.7781615034653048
968.2000000010014,-0.8858759263767134,-0.7827568323196825
968.3000000010013,-0.880258238950532,-0.7873411202693419
968.4000000010014,-0.8746311575169128,-0.7919143480355174
968.5000000010014,-0.868994703847433,-0.7964764963792381
968.6000000010015,-0.8633488997490767,-0.8010275461002034
968.7000000010014,-0.857693767074716,-0.8055674780481583
968.8000000010015,-0.8520293277125389,-0.8100962731116124
968.9000000010014,-0.8463556035872539,-0.8146139122192203
969.0000000010016,-0.8406726166729427,-0.8191203763543038
969.1000000010015,-0.8349803889658274,-0.8236156465247142
969.2000000010016,-0.8292789425204015,-0.8280997038033027
969.3000000010015,-0.8235682994132587,-0.832572529287494
969.4000000010017,-0.8178484817699146,-0.8370341041298641
969.5000000010016,-0.8121195117519825,-0.8414844095235879
969.6000000010017,-0.8063814115557022,-0.845923426701162
969.7000000010016,-0.8006342034220738,-0.8503511369458505
969.8000000010018,-0.7948779096265925,-0.854767521580393
969.9000000010017,-0.7891125524808849,-0.8591725619689428
970.0000000010018,-0.7833381543453283,-0.8635662395318067
970.1000000010017,-0.7775547376014392,-0.8679485357136119
970.2000000010019,-0.7717623246854419,-0.872319432022544
970.3000000010018,-0.7659609380548476,-0.8766789099914788
970.4000000010019,-0.7601506002210272,-0.8810269512165145
970.5000000010018,-0.7543313337366722,-0.8853635373421633
970.600000001002,-0.748503161180764,-0.8896886500440702
970.7000000010019,-0.7426661051448492,-0.8940022710126837
