时间(s),X坐标(m),Y坐标(m),Vx(m/s),Vy(m/s),Ax(m/s^2),Ay(m/s^2)
469.05,53.13568855446839,-0.9729837684501803,0.584089393454127,-0.04092737164794065,0.11105384741808572,-0.005658752292397207
469.15000000000003,52.815113749200776,-1.5666475081324873,0.42031699814932144,-0.31597710696674347,0.07270505764444687,-0.06642109834420733
469.25000000000006,52.85750897430394,-1.59857732432089,0.42758750391376776,-0.32261921680116573,0.07270505764444687,-0.06642109834420733
469.3500000000001,52.689758556884975,-1.2601844848380863,0.3364433715838783,-0.15311945887610787,0.05088926857431493,-0.026768384362925675
469.4500000000001,52.72365734038624,-1.2756302726475153,0.341532298441311,-0.15579629731240105,0.05088926857431493,-0.026768384362925675
469.5500000000001,52.089969117207005,-1.7194561658662135,0.024423860271539328,-0.3646551262775012,-0.022557644726418864,-0.07372152607783561
469.65000000000015,52.09229871501053,-1.7562902861243612,0.02216809579889693,-0.3720272788852864,-0.022557644726418864,-0.07372152607783561
469.75000000000017,51.4617458722279,-1.792977626384411,-0.28504455013678753,-0.3789692788186755,-0.09193285608028037,-0.07362284367790908
469.8500000000002,51.09037451477642,-2.4709047717030392,-0.46188033729476374,-0.7025325470998915,-0.13054255266542064,-0.14706829435656626
469.9500000000002,51.068810433145046,-1.6579137184847172,-0.46257311486893304,-0.28076830979398226,-0.12770150249656878,-0.045901105742640946
470.05000000000024,50.19032293363633,-0.7028876653975012,-0.8953026598955873,0.21615735714394732,-0.2267360669356169,0.07339082522182555
470.15000000000026,50.30388597116014,-0.5412901150311171,-0.81673229605325,0.29338134560859647,-0.20325546038681,0.08973656361339015
470.2500000000003,50.22119646425286,-0.5115032976521836,-0.8370578420919357,0.30235500196993753,-0.20325546038681,0.08973656361339015
470.3500000000003,50.13369458062899,-0.12516351613702198,-0.8591841496160872,0.49413259134192133,-0.2037542446524266,0.13331240394895516
470.45000000000033,50.0467573944441,-0.07508369498307353,-0.8795595740813346,0.5074638317368199,-0.2037542446524266,0.13331240394895516
470.55000000000035,49.05803426471007,0.5218767771517882,-1.3674378041849595,0.8069433132074596,-0.31580747875417015,0.2024614409958535
470.6500000000004,48.919711446897765,0.6035834156775322,-1.3990185520603837,0.8271894573070495,-0.31580747875417015,0.2024614409958535
470.7500000000004,49.32294652741255,0.9024069418327312,-1.1508393836018402,0.9589720375121664,-0.24956130389065312,0.22909440552358942
470.8500000000004,48.588993961893344,0.9391428014890479,-1.496882234400443,0.9502260389043061,-0.32624130414974006,0.2214712462472382
470.95000000000044,48.34681963096355,0.7374913250903908,-1.5765302672161328,0.8167769093381984,-0.33741692027113723,0.1841853856430614
471.05000000000047,47.778949377901256,1.8790100369826366,-1.827371566329274,1.4033615009350595,-0.39006653738813957,0.3231284058166283
471.1500000000005,48.23567414029805,1.8773804131591638,-1.5326119957600008,1.3602564326911801,-0.31056704829884596,0.3050170080698417
471.2500000000005,48.08086010548052,2.014931141468663,-1.5636687005898926,1.3907581334981713,-0.31056704829884596,0.3050170080698417
471.35000000000053,48.054870604207494,1.8525106529452824,-1.5245498752847653,1.2601122271506393,-0.2935839989110472,0.26599481596457775
471.45000000000056,47.900947696684426,1.9798518497401987,-1.5539082751758766,1.2867117087471032,-0.2935839989110472,0.26599481596457775
471.5500000000006,47.04272115075193,0.8724163493803186,-1.9546523190617098,0.650524082390244,-0.3830465979633882,0.10473631204554536
471.6500000000006,46.8453406858559,0.9379924391795857,-1.9929569788580572,0.6609977135948009,-0.3830465979633882,0.10473631204554536
471.7500000000006,46.23527209330654,1.2035446063671196,-2.245955212324955,0.7768706367440046,-0.43436851409421734,0.1301343385889105
471.85000000000065,46.21986885534434,1.4461741642877728,-2.1775630826078367,0.8775895883058403,-0.40747474050053556,0.15139671025946533
471.95000000000067,45.45007682332945,1.101674215919998,-2.5071824279062667,0.6632802627512334,-0.476515935424763,0.09611897400363698
472.0500000000007,43.95261029741165,0.9776786607895431,-3.2222587097716096,0.5696340052718927,-0.6388854320324631,0.07079451653287049
472.1500000000007,43.842688698395015,0.7888668031962152,-3.1730844310495754,0.44644935952487946,-0.6118798608871925,0.03943226714611934
472.25000000000074,43.52232085598555,0.8337089004844439,-3.2342724171383086,0.4503925862394923,-0.6118798608871925,0.03943226714611934
472.35000000000076,42.90243726705046,0.9209281610429243,-3.4488274122231295,0.4776528141718233,-0.6484228073668135,0.04527560446085334
472.4500000000008,42.55431241179123,0.9689198204824219,-3.5136696929598257,0.4821803746179097,-0.6484228073668135,0.04527560446085334
472.5500000000008,41.76527254013437,0.35693046592945415,-3.8034312939355766,0.13047874006663607,-0.7016134241942673,-0.042066467374466406
472.65000000000083,41.38142134361975,0.36976800759924827,-3.8735926363550193,0.12627209332918848,-0.7016134241942673,-0.042066467374466406
472.75000000000085,40.9684085156753,0.511298727196183,-3.955325444570458,0.19010711385463863,-0.7043764745637022,-0.02568947894865344
472.8500000000009,40.82313145048693,0.5972544783970741,-3.892380118672374,0.22309436669476448,-0.6723392457124074,-0.017080454053093393
472.9500000000009,40.46552382587947,0.42701117680742623,-3.9413696882654903,0.1201814508929844,-0.667984198268348,-0.041432342209587
473.0500000000009,40.026460755096494,1.104525450409952,-4.030271233877179,0.4729371171813286,-0.6733557006440483,0.04601090998538995
473.15000000000094,39.6937046933312,0.39673649844286446,-4.059314890215204,0.08143497587440103,-0.6642186009639484,-0.049265626591678574
473.25000000000097,39.284452111304766,0.4046336678973479,-4.1257367503116145,0.07650841321523205,-0.6642186009639484,-0.049265626591678574
473.350000000001,40.050553087102436,-0.13687263155933135,-3.575743637115944,-0.21551940902385372,-0.5164528508243889,-0.11830540413176222
473.450000000001,39.690396459136636,-0.1590160994823807,-3.627388922198395,-0.22734994943703263,-0.5164528508243889,-0.11830540413176222
473.55000000000103,38.84120592431926,0.554397903757622,-3.927647401661247,0.14870658321321664,-0.5753755560840264,-0.024277215001495996
473.65000000000106,38.445564306372624,0.5691471760039395,-3.9851849572696625,0.14627886171306648,-0.5753755560840264,-0.024277215001495996
473.7500000000011,38.01167992499606,0.37834005879091853,-4.059528967590016,0.03673425753713055,-0.57939239488937,-0.050087196508994555
473.8500000000011,37.450912287672715,-0.015199814560041477,-4.196526598052412,-0.1766397581642258,-0.598408532073986,-0.10061711747664703
473.9500000000011,37.04374246563718,0.5188958457318135,-4.248375917276761,0.10094832767821048,-0.596497660646502,-0.03127506180772889
474.05000000000115,36.87382421399023,0.6401625856522026,-4.172224867424179,0.15695832125841014,-0.5634170100505107,-0.016749353698139784
474.15000000000117,36.354442522529524,0.13087833110151084,-4.27977029189889,-0.1175955573574721,-0.5756645584191932,-0.08255387711608547
474.2500000000012,35.923587170547435,0.11870600598018036,-4.337336747740823,-0.1258509450690825,-0.5756645584191932,-0.08255387711608547
474.3500000000012,35.93676070248975,-0.18649474938671784,-4.163377311027626,-0.28750056319258455,-0.5202453330985986,-0.11993768279069918
474.45000000000124,35.517821744721395,-0.21584449411993661,-4.2154018443374985,-0.2994943314716572,-0.5202453330985986,-0.11993768279069918
474.55000000000126,34.60143574609511,-0.7588802563804135,-4.530163763830282,-0.5839621371229369,-0.5853040622226906,-0.18721986483143108
474.6500000000013,34.14549284940087,-0.818212569416878,-4.588694170052564,-0.6026841236060843,-0.5853040622226906,-0.18721986483143108
474.7500000000013,33.68371428163612,-0.8380699306919206,-4.647215644193732,-0.5999574804483818,-0.5853019189441919,-0.18203088998474054
474.85000000000133,32.6399088255309,-1.3133618015826285,-5.003969434557449,-0.8345490279022769,-0.6573333948786003,-0.23472842607831768
474.95000000000135,32.4380595222427,-1.4208560761405673,-4.914594000936622,-0.8698757364379099,-0.6200884890453505,-0.23759817429020247
475.0500000000014,32.51059334133474,-1.7270064095457962,-4.679278644501754,-1.0089500914275733,-0.5473409609096702,-0.26604839960376847
475.1500000000014,32.294155967363345,-1.7864705931104254,-4.6034939829750146,-1.0134077850560221,-0.5159860539129385,-0.26068429324031567
475.2500000000014,31.83122663879617,-1.889114793082253,-4.65509258836632,-1.0394762143800595,-0.5159860539129385,-0.26068429324031567
475.35000000000144,31.388648316148586,-1.1364316702193664,-4.691953169045841,-0.6205510262655543,-0.5120863113371231,-0.15264821086710537
475.45000000000147,30.916892567687206,-1.1992500139002717,-4.743161800179565,-0.6358158473522683,-0.5120863113371231,-0.15264821086710537
475.5500000000015,29.885390281014676,-1.5061599252740072,-5.086627671123348,-0.7774584889013563,-0.5840936068383116,-0.18348219231708884
475.6500000000015,29.37380704586803,-1.5848231851257464,-5.145037031807193,-0.7958067081330693,-0.5840936068383116,-0.18348219231708884
475.75000000000153,28.81842153996943,-0.9287733926823466,-5.222936241139393,-0.4326273595181588,-0.5887892196904638,-0.09081222664260737
475.85000000000156,27.59989522068723,-0.2963846778843382,-5.6402094968181,-0.08905198432020833,-0.6756933199672808,-0.0045989259456655635
475.9500000000016,27.096611701354394,0.15698370579359186,-5.674864639734026,0.14993148122302663,-0.6677599970942218,0.05358355320444877
476.0500000000016,26.9850149515676,0.7224989722463208,-5.501042871068213,0.4462132565640958,-0.6086816559440055,0.12560906502743685
476.1500000000016,26.821277235209383,0.8726435348019522,-5.362105944164348,0.5130766651823279,-0.560515550660637,0.13880557028462845
476.25000000000165,26.282264063039523,0.9246452291716202,-5.418157499230425,0.5269572222107939,-0.560515550660637,0.13880557028462845
476.35000000000167,26.0867472568953,0.417815639883981,-5.296508520389666,0.2490454169118092,-0.5179658436263136,0.06747998263584425
476.4500000000017,25.554506575638083,0.44305758148834695,-5.348305104752309,0.25579341517539517,-0.5179658436263136,0.06747998263584425
476.5500000000017,26.540819439256406,1.024335149425612,-4.610501037226723,0.5528076616596131,-0.3257756250106229,0.138677477833313
476.65000000000174,26.078140457408576,1.0803093029807527,-4.643078599727793,0.5666754094429476,-0.3257756250106229,0.138677477833313
476.75000000000176,25.58206732749849,1.0311219725773433,-4.691131799748236,0.5253383422789434,-0.3295127966254261,0.125239064396749
476.8500000000018,25.72344794908493,0.9332579238194224,-4.407552007650552,0.45906488469459444,-0.2525983094902111,0.10593744941978342
476.9500000000018,26.02776457259148,1.867774471060053,-4.049558462406815,0.9297839392579392,-0.1600423663998976,0.21794815484688468
477.05000000000183,25.52680992388019,1.6012055926695623,-4.115455582928662,0.7608428636461847,-0.17231386462990142,0.1706536507843866
477.15000000000185,24.898406644279593,1.5198164670851737,-4.243553186781795,0.6959161603285196,-0.1990824147568361,0.15069868377575293
477.2500000000019,24.47305591352753,1.5901615765369206,-4.263461428257483,0.7109860287060983,-0.1990824147568361,0.15069868377575293
477.3500000000019,24.927105483601306,1.5872250587970846,-3.829017451038703,0.6881333300935671,-0.08894724562817,0.14164298466478495
477.4500000000019,24.54375900226921,1.6567466067297811,-3.837912175601522,0.7022976285600488,-0.08894724562817,0.14164298466478495
477.55000000000194,24.453664792930166,1.1053267099481954,-3.690707345942419,0.39381548380344295,-0.0501313242339786,0.06303348444086625
477.65000000000197,24.08434340171467,1.145023425750753,-3.6957204783658177,0.400118832247531,-0.0501313242339786,0.06303348444086625
477.750000000002,23.453073734806644,1.3068360987977536,-3.835024548764578,0.4693797289307002,-0.0825828912817794,0.07836815676699903
477.850000000002,24.0748567850687,2.0272488182069375,-3.3231471485614428,0.8284562463696261,0.04387314524100808,0.1644439070141127
477.95000000000203,24.403671456887317,2.2093864791444404,-2.9793177656101064,0.8959256054651128,0.12588528803831878,0.17686977195576262
478.05000000000206,25.254676358379516,2.668374375528715,-2.364858236098965,1.1085224239412537,0.27396123558458685,0.22520954082753333
478.1500000000021,24.987112080766547,2.4263505564992505,-2.3541183900353864,0.9477102517135155,0.2699385681267466,0.1805820690871892
478.2500000000021,24.753049934603588,2.52202449201606,-2.3271245332227055,0.9657684586222386,0.2699385681267466,0.1805820690871892
478.3500000000021,26.184567245902414,1.4082504670879943,-1.442033525250262,0.35312114502724606,0.47815383449694715,0.02631135713431161
478.45000000000215,26.04275466254984,1.4436941383763986,-1.3942181418005566,0.35575228074067783,0.47815383449694715,0.02631135713431161
478.55000000000217,26.377463966912295,1.5356060771588917,-1.1031572368362037,0.384064186516704,0.5371391612234839,0.031808529166790216
478.6500000000022,26.26983393903477,1.5741715384564048,-1.0494433207138432,0.38724503943338373,0.5371391612234839,0.031808529166790216
478.7500000000022,26.229148517587042,1.373032324260975,-0.9641081289985386,0.2660641652072311,0.5447795618744811,0.0015220947593983097
478.85000000000224,25.62624642482729,1.3113727505144759,-1.1729329906338837,0.22016323441668303,0.4807755636057599,-0.009761690382343657
478.95000000000226,24.82534157703597,0.58736442925915,-1.4771073044853895,-0.16725950479839755,0.3956841152399148,-0.1038519674272188
479.0500000000023,25.009257454341135,0.19402253317600002,-1.2648085632649495,-0.37650410392959793,0.4381707778101184,-0.1531596307090328
479.1500000000023,24.901296857950356,0.3440406565723365,-1.2126117520351436,-0.2942627859685688,0.44019412076349185,-0.12941752336192375
479.25000000000233,24.782236653350633,0.313967290358663,-1.1685923399587843,-0.30720453830476413,0.44019412076349185,-0.12941752336192375
479.35000000000235,23.417579882016945,1.4042822972554185,-1.7697350014095525,0.2631172085240261,0.283612195371187,0.013085347093463304
479.4500000000024,23.242024442852806,1.4306594448432945,-1.7413737818724273,0.2644257432333727,0.283612195371187,0.013085347093463304
479.5500000000024,23.179252846311456,1.0493800314933448,-1.6569041102164217,0.05090452803736434,0.2970919691761756,-0.04001538553011349
479.6500000000024,23.01504789513566,1.0542704073694318,-1.6271949132987973,0.04690298948435208,0.2970919691761756,-0.04001538553011349
479.75000000000244,22.869858188636982,1.2401513892599147,-1.5892491517453609,0.13684890152167806,0.2990816390139684,-0.017141083251570738
479.85000000000247,23.208771674093107,1.081837869676565,-1.3027921244961729,0.04548069772303996,0.3614299083204534,-0.039103128020430096
479.9500000000025,23.308235840591237,1.0013724460496813,-1.1496538624769308,-0.0023522775071628554,0.38968572704683213,-0.0497950504450866
480.0500000000025,22.76404379105271,1.312876964867289,-1.3365271170228696,0.1575681261748269,0.3341459609728942,-0.008915106929392916
480.15000000000254,22.721731604686536,1.692364653434823,-1.2571139596097698,0.3449433846311276,0.3452505440391999,0.03689463996287065
480.25000000000256,22.597746461445727,1.727043465097758,-1.2225889052058418,0.3486328486274155,0.3452505440391999,0.03689463996287065
480.3500000000026,22.363271188110733,2.267391148485241,-1.247574165997847,0.6178274614686686,0.33065515886776176,0.10236660194122667
480.4500000000026,22.24016704730526,2.329685727641828,-1.2145086501110633,0.6280641216627936,0.33065515886776176,0.10236660194122667
480.5500000000026,22.393727032962207,2.2812534995480123,-1.0423931206735655,0.580396865516314,0.36396839141987963,0.08826098401403228
480.65000000000265,22.291307562851927,2.339734491019727,-1.0059962815315693,0.5892229639177192,0.36396839141987963,0.08826098401403228
480.7500000000027,21.93104892204346,2.202438034887435,-1.1037911658291903,0.496223535459971,0.33155522296217277,0.0634703853305922
480.8500000000027,21.084100624788622,0.8790831382266233,-1.4520956104919696,-0.2134135319467268,0.23885674229484205,-0.11191032510104805
480.9500000000027,20.87353493522508,1.0242113766644503,-1.4623593231531882,-0.1381322624375385,0.23060972365153967,-0.09086164382205433
481.05000000000274,20.633742781032304,0.5488121831887509,-1.488892240130704,-0.3908865392022772,0.21841384363915564,-0.15126759451138486
481.15000000000276,20.69666654078033,0.904979001830709,-1.3589830076213008,-0.201111214008799,0.24450188770421566,-0.10141092467875654
481.2500000000028,20.56199074945669,0.8843608258064305,-1.3345328188508736,-0.21125230647667695,0.24450188770421566,-0.10141092467875654
481.3500000000028,20.276806545599204,0.6872139930014994,-1.388562510145442,-0.31236457699043735,0.22554708871417176,-0.1235815032280037
481.45000000000283,20.139078030028198,0.6553596277863083,-1.3660078012740196,-0.32472272731324053,0.22554708871417176,-0.1235815032280037
481.55000000000285,20.43461793741015,0.05182489305408172,-1.121461549526954,-0.6360931591879104,0.2793475505379825,-0.19719090623619567
481.6500000000029,20.323868520210116,-0.01277037739590521,-1.0935267944731495,-0.6558122498115345,0.2793475505379825,-0.19719090623619567
481.7500000000029,20.82587989298832,-0.057588241730041075,-0.7526043354326127,-0.6642717007133153,0.35495046363834387,-0.19444949887084853
481.8500000000029,20.113649553151248,-0.8289532138113932,-1.0471176058345608,-1.0506914590516792,0.2747516083806601,-0.2843448102937812
481.95000000000294,19.800247335857247,-0.3646593930357325,-1.1274199640336786,-0.7836600022888305,0.24872222951216374,-0.21241991698615037
482.05000000000297,20.046998937024537,-1.4336617382042203,-0.9149733687948345,-1.327755312683821,0.2948523405506945,-0.3420448685173679
482.150000000003,20.04870018864005,-2.124156370773631,-0.8384523200225938,-1.6496208525445346,0.3062076683711787,-0.41204284802747737
482.250000000003,19.96638599497963,-2.2911786702682604,-0.8078315531854691,-1.6908251373472918,0.3062076683711787,-0.41204284802747737
482.35000000000304,19.169655670611526,-1.399123917457684,-1.1482108939026117,-1.1796807666070561,0.21597419441587226,-0.2771360562017337
482.45000000000306,19.05591445219332,-1.5184776743994257,-1.1266134744610194,-1.2073943722272358,0.21597419441587226,-0.2771360562017337
482.5500000000031,19.915199384762936,-1.8548312387502617,-0.6017595767057743,-1.349082099327326,0.33865629169784,-0.3055624049335439
482.6500000000031,19.856716708550834,-1.9912672607076933,-0.5678939475359825,-1.3796383398206873,0.33865629169784,-0.3055624049335439
482.7500000000031,19.753537612991696,-1.8753382566780001,-0.5586997289985087,-1.2779674421824412,0.33269643184943104,-0.27336654484587536
482.85000000000315,19.47646683504834,-1.528725398966752,-0.6405694157620364,-1.0572897456272605,0.3047132104522301,-0.21260797364219217
482.9500000000032,19.582358956181288,-0.8853448854569698,-0.5236864776206842,-0.6902324915173947,0.3255839554181693,-0.11807384072837163
483.0500000000032,19.15791736554036,-0.6181997910614719,-0.6867886522441216,-0.5241116285990727,0.2774619317369683,-0.07395928410025804
483.1500000000032,19.16905321078529,-0.5637315590196879,-0.6188258682941085,-0.47602082575623933,0.2871716153380993,-0.060456569402275756
483.25000000000324,19.108606482032553,-0.6116359244423342,-0.590108706760292,-0.4820664826964683,0.2871716153380993,-0.060456569402275756
483.35000000000326,18.746385750375914,-0.581943382021954,-0.7193217152537038,-0.4469352442274543,0.24867223684507117,-0.05028038132297028
483.4500000000033,18.675696940034754,-0.6268883083513246,-0.694454491569191,-0.45196328235975247,0.24867223684507117,-0.05028038132297028
483.5500000000033,17.75509553018026,-0.1986762302411875,-1.1155275493925996,-0.212573956598483,0.13907016172407868,0.009058747920710849
483.65000000000333,17.644238126049594,-0.21988833216143705,-1.1016205332201885,-0.2116680818064117,0.13907016172407868,0.009058747920710849
483.75000000000335,17.657254419745268,-0.31028826663037584,-1.0248670673060312,-0.24662679098027662,0.15425270469646604,0.00032571543738702663
483.8500000000034,17.7445964024959,0.8579102316221301,-0.9117675285756267,0.3752291375255394,0.17799235215065198,0.15266642308670247
483.9500000000034,17.683528700970616,0.6225214369091436,-0.8789771525455644,0.24882972819647464,0.18161327621031692,0.11817716201562656
484.0500000000034,16.95516203052314,0.6032095297691575,-1.196628315585403,0.2369844057299347,0.0990181931839861,0.11231007628940207
484.15000000000344,16.786152457326484,1.0836883519924174,-1.2122850257086575,0.4842485023456552,0.09284724604496265,0.1697506990431294
484.25000000000347,16.665388190985816,1.13296195572221,-1.203000301104159,0.501223572249972,0.09284724604496265,0.1697506990431294
484.3500000000035,16.31816442299465,0.9716170974044454,-1.310284753307924,0.40734980838350504,0.06470868414716709,0.14255680781781455
484.4500000000035,16.187459491084564,1.0130648622818945,-1.303813884893206,0.4216054891652897,0.06470868414716709,0.14255680781781455
484.55000000000354,15.967411154870305,1.18996967169884,-1.3433844835073374,0.5068411286151293,0.053615298288803605,0.16019078100150944
484.65000000000356,15.833340783010986,1.2414547384653725,-1.3380229536784558,0.5228602067152839,0.053615298288803605,0.16019078100150944
484.7500000000036,15.296375419998643,0.8066544198698636,-1.5396652469732925,0.28630398787206146,0.003606012235718409,0.09868765138207236
484.8500000000036,14.903030644100578,0.713311358766257,-1.6629869123532308,0.23233177427972918,-0.0264553575684195,0.08304701735334219
484.9500000000036,15.053599932369371,0.7564641533959217,-1.5029911005371457,0.2507328540710079,0.01282922488354352,0.08550505693597246
485.05000000000365,14.79001378646762,0.44760955517376705,-1.5610570136586825,0.08262223652585476,-0.0017681410654775982,0.041702776925180714
485.1500000000037,14.346499142765653,0.7217601372199728,-1.7086113893050818,0.22424743884453502,-0.037351912937229594,0.07515385443964542
485.2500000000037,14.17545124427042,0.7445606503766298,-1.7123465805988056,0.23176282428850126,-0.037351912937229594,0.07515385443964542
485.3500000000037,12.851827631948089,0.491128310385453,-2.307923261181373,0.09493438670011158,-0.1804686213703558,0.03980018373191388
485.45000000000374,12.620132962723048,0.500820749974126,-2.3259701233184127,0.09891440507330387,-0.1804686213703558,0.03980018373191388
485.55000000000376,11.818602638700582,-0.07302544425001177,-2.635785564292925,-0.2052972232998122,-0.2510206763989033,-0.0365403378636998
485.6500000000038,11.553768978889234,-0.09373786826931624,-2.660887631932821,-0.208951257086183,-0.2510206763989033,-0.0365403378636998
485.7500000000038,10.951613904541095,-0.08955464066501385,-2.857784149792006,-0.1995278564422232,-0.2925239410867642,-0.03335592641129821
485.85000000000383,10.608203304669946,0.5873323341014027,-2.916056105780352,0.16047969209562093,-0.29957724377693407,0.055660808151986055
485.95000000000385,10.843928804164271,0.4612840731183983,-2.674691133327644,0.09234622750404414,-0.23404162839147824,0.03771811009976805
486.0500000000039,11.078826057646099,1.5202807357133963,-2.434452363343653,0.650672317973722,-0.16919640262584854,0.1752169632119366
486.1500000000039,10.486264793703807,1.0674698786426018,-2.6299629759172536,0.39980676693637945,-0.21231649149166115,0.10990226257512417
486.2500000000039,10.222206913654563,1.1080000666491248,-2.6511946250664247,0.41079699319389434,-0.21231649149166115,0.10990226257512417
486.35000000000394,10.043322690377066,0.2312529249151781,-2.6269260541429955,-0.0569303765240879,-0.20117229556689983,-0.007376080618501521
486.45000000000397,9.779624223484872,0.2255230068596755,-2.64704328369969,-0.05766798458593822,-0.20117229556689983,-0.007376080618501521
486.550000000004,8.47312416824567,-0.14984464580697787,-3.2089623059290946,-0.2501927934813892,-0.33375869357168075,-0.05417824506978999
486.650000000004,8.150559144184829,-0.17513481638047154,-3.24233817528627,-0.2556106179883694,-0.33375869357168075,-0.05417824506978999
486.75000000000404,7.768388515609894,-0.143738018268834,-3.3045854916562583,-0.23140176053078285,-0.34073363458657313,-0.04696403947742052
486.85000000000406,8.016640530532985,0.2418573184742825,-3.0387940484649074,-0.02290685173469296,-0.26785067174693006,0.005266330335161183
486.9500000000041,7.738522591263244,0.4170741062881864,-3.051674810005592,0.06949159510532707,-0.2644922175064349,0.027633146930566666
487.0500000000041,7.125211536048029,-0.1924991795526961,-3.2387692622405106,-0.25356297932383387,-0.3040041834059357,-0.05315152812576736
487.1500000000041,6.451964282468622,-0.1640138928828369,-3.4475444088488443,-0.23088483536573523,-0.34707195819660186,-0.046339095962763074
487.25000000000415,6.105474481792675,-0.1873340718992296,-3.4822516046685124,-0.23551874496201258,-0.34707195819660186,-0.046339095962763074
487.3500000000042,4.047604645916456,0.37194604580159907,-4.396059985583609,0.0635135685068473,-0.5600430259421628,0.02799782939327085
487.4500000000042,3.605198432228283,0.3784373917992516,-4.452064288177838,0.06631335144617503,-0.5600430259421628,0.02799782939327085
487.5500000000042,3.748330904220928,0.9093800827575693,-4.203240795170637,0.34442478905004564,-0.4860727233063187,0.09590546350658793
487.65000000000424,3.325576461087236,0.9443020889801149,-4.25184806750128,0.3540153354007066,-0.4860727233063187,0.09590546350658793
487.75000000000426,2.5822249154649217,1.134048979772372,-4.4624606704930905,0.4432601090568202,-0.5252109161065884,0.1153015432462511
487.8500000000043,1.4375312699073073,1.401444461875226,-4.874468710341767,0.5707726306017218,-0.6125851224732473,0.1437163899072475
487.9500000000043,1.5194230101153325,1.6564554647718177,-4.642052072780137,0.6872308028881364,-0.5416507062537951,0.1685700390778322
488.05000000000433,1.759298581838114,1.857232141303528,-4.326158624769962,0.7734138351366406,-0.45063191973915384,0.18575902884890488
488.15000000000435,1.5691881003324015,1.5055859748380722,-4.245712230881738,0.5695665314872684,-0.4203282054314487,0.13163024916496646
488.2500000000044,1.142515236216973,1.563200779232637,-4.287745051424892,0.5827295564037681,-0.4203282054314487,0.13163024916496646
488.3500000000044,1.047270527924602,1.072511848621246,-4.159333376192175,0.31005282146358537,-0.3795316151819036,0.06174476991732717
488.4500000000044,0.6294395322293793,1.1038258546171982,-4.197286537710374,0.3162272984553195,-0.3795316151819036,0.06174476991732717
488.55000000000445,-0.9528996025706516,1.1100901179996527,-4.833379174378123,0.30782696729859405,-0.5245920457406623,0.057912458820840576
488.65000000000447,-1.4388604802372784,1.1411623770236234,-4.885838378952202,0.3136182131806794,-0.5245920457406623,0.057912458820840576
488.7500000000045,-1.3603432032416398,0.999530695427316,-4.6459712054590385,0.22970341593408194,-0.4539700838811552,0.03606870765449508
488.8500000000045,-1.6977421750075932,1.1325895055410318,-4.624480466892429,0.29060367814141397,-0.43771283471849654,0.05010519124931395
488.95000000000454,-1.8370828875254346,0.8183224912015145,-4.501356510258586,0.11776474735879959,-0.3974008519140227,0.006806506885953599
489.05000000000456,-2.265728662282154,0.9995716275396054,-4.528804665468621,0.20796921610813512,-0.3943775522304427,0.02900344921943926
489.1500000000046,-2.468278372277446,0.6580362290138269,-4.438864551501959,0.023337161621841383,-0.36313982379596554,-0.016634379014573812
489.2500000000046,-2.9139805265467236,0.6602867732809387,-4.475178533881564,0.021673723720383623,-0.36313982379596554,-0.016634379014573812
489.3500000000046,-2.9623896943527495,0.6059427949013175,-4.306829012347202,-0.012597361886536445,-0.3139222573217939,-0.025308397936556384
489.45000000000465,-3.3946422068741775,0.6045565167229807,-4.338221238079388,-0.015128201680192658,-0.3139222573217939,-0.025308397936556384
489.5500000000047,-3.3868284645418836,0.5997341475047756,-4.145629584693351,-0.020177648761794023,-0.26056233557883096,-0.026113395520697975
489.6500000000047,-3.8026942346892074,0.5975858156509922,-4.17168581825124,-0.022788988313864413,-0.26056233557883096,-0.026113395520697975
489.7500000000047,-3.501606686331249,1.3316511899511019,-3.8285354710126165,0.35586141243147223,-0.1713670757759685,0.06672535747813085
489.85000000000474,-3.717874813375384,1.7065432581846862,-3.759165648881987,0.539234836430605,-0.1503414004895172,0.110015903923774
489.95000000000476,-3.1550949556045684,2.253480237369002,-3.292209917485884,0.8051547770747987,-0.03392110946171306,0.17207762335099078
490.0500000000048,-2.661133051908716,1.9490276812674958,-2.8645146491790787,0.6185080541355884,0.07210845523888064,0.12153295628822955
490.1500000000048,-2.514723353801892,2.5101802055668885,-2.63552258461224,0.8886671986029716,0.1256566399313137,0.18432125379474795
490.25000000000483,-2.7776473290635186,2.59996853169618,-2.6229569206191057,0.9070993239824506,0.1256566399313137,0.18432125379474795
490.35000000000485,-1.801790493965403,2.517944577189164,-1.9735030735955976,0.8350632929580758,0.2799300393323737,0.16216899586252762
490.4500000000049,-1.9977411511283452,2.6022617514643036,-1.945510069662354,0.8512801925443323,0.2799300393323737,0.16216899586252762
490.5500000000049,-1.395998735259271,2.784246571696377,-1.5033007996099552,0.9166816106005609,0.3813861278875407,0.1740269475116362
490.6500000000049,-1.5444218845808622,2.8767848674940124,-1.4651621868211924,0.9340843053517285,0.3813861278875407,0.1740269475116362
490.75000000000495,-1.5732013732430492,3.511634833188883,-1.3675911584273157,1.2313325607349814,0.39574420009147726,0.2421705126622689
490.85000000000497,-1.1234768542752311,4.636962898981236,-1.0260410159409914,1.7773467545390356,0.4691403825901364,0.3700074504335069
490.950000000005,-1.1567035033399873,4.6485941663878645,-0.94473590544466,1.7274082060027023,0.47744724168091085,0.3488414345486635
491.050000000005,-0.6401417187214856,4.756650150553607,-0.5783177480150955,1.7271942076395328,0.5558277091484565,0.3401390261397749
491.15000000000504,-0.3387177240728812,4.6738850687132905,-0.33993793573826453,1.6281499841539484,0.5999633519929253,0.3077579844351782
491.25000000000506,-0.36971170088674943,4.838238857050899,-0.27994160053895834,1.6589257825974733,0.5999633519929253,0.3077579844351782
491.3500000000051,-0.38003900659414935,5.378529858037909,-0.21081755300107452,1.8834926167305326,0.6025127176794378,0.35511238210564877
491.4500000000051,-0.398108198305863,5.568654681621534,-0.15056628123311705,1.9190038549411055,0.6025127176794378,0.35511238210564877
491.5500000000051,-0.27280532459358653,7.210513068041485,-0.023250287165078407,2.7109624171525355,0.6179683004629115,0.5407887441310077
491.65000000000515,-0.27204051180777894,7.484313253477457,0.03854654288122679,2.7650412915656486,0.6179683004629115,0.5407887441310077
491.7500000000052,-0.5223135223203885,8.359367013661313,-0.03163527369396308,3.12758042248323,0.5860840224147843,0.6159001293771945
491.8500000000052,-1.0020608240107756,8.680687122101908,-0.22076074495415984,3.192028410667642,0.5258714781742123,0.6166003150671753
491.9500000000052,-1.3332751626016892,9.10106969719869,-0.3281280091396196,3.304467165509642,0.4872358944393627,0.6289627745378721
492.05000000000524,-1.5308934110532502,10.023999668540974,-0.3669680973679229,3.6787435970540576,0.46569885107261005,0.7061679356573515
492.15000000000526,-2.154255423890156,10.564956813241572,-0.6224273149045005,3.8370803139774883,0.392775069790479,0.7275154699519621
492.2500000000053,-2.2145342800316667,10.95230242198917,-0.5831498079254437,3.909831860972701,0.392775069790479,0.7275154699519621
492.3500000000053,-1.2988540292600819,11.071481196841415,-0.0443157713134017,3.840548617452141,0.5136334684239268,0.6930501562011459
492.45000000000533,-1.3007174390493024,11.459001309367723,0.0070475755290026545,3.9098536330722715,0.5136334684239268,0.6930501562011459
492.55000000000535,-0.8622588322853393,12.12424248607922,0.2791031328211356,4.127108332470007,0.5663784303220109,0.7307849410418941
492.6500000000054,-0.831516626851608,12.540607244031527,0.33574097585334955,4.200186826574213,0.5663784303220109,0.7307849410418941
492.7500000000054,-0.8490682277043369,12.378788286575638,0.3646931065911825,3.9701652407055072,0.5596899317637135,0.656978780961589
492.8500000000054,-0.875547013562825,12.925178046881195,0.38669512514845655,4.112016673096706,0.5514341451165281,0.6756359154350977
492.95000000000545,-0.9613852944263387,12.570802140475497,0.37654442060732407,3.7815385673697612,0.5356629238364454,0.5787296928567163
493.05000000000547,-1.8326724702477035,12.667836978737823,-0.04719145327505707,3.689351916363499,0.4182663322655341,0.5415231573042257
493.1500000000055,-1.6173245684549833,13.316799233244874,0.10641058162087011,3.8869790776332738,0.44525407859242294,0.5764392169873812
493.2500000000055,-1.6044572398999306,13.708379337093227,0.15093598948012252,3.944622999332025,0.44525407859242294,0.5764392169873812
493.35000000000554,-1.7532976042309136,13.880192143217911,0.11020856395010158,3.8865422123677957,0.4246592012978165,0.548482552906894
493.45000000000556,-1.7401534518294108,14.271588777219314,0.15267448407989287,3.9413904676584974,0.4246592012978165,0.548482552906894
493.5500000000056,-1.2285610237622528,14.33081593899933,0.44853467447855233,3.8166107970986434,0.4858339893365839,0.5036807177826013
493.6500000000056,-1.1812783863677034,14.714995422298195,0.49711807341222175,3.866978868876915,0.4858339893365839,0.5036807177826013
493.7500000000056,-1.225993615468437,14.341540068762834,0.49600442709737574,3.5225234663983542,0.4738278471488059,0.407539525551193
493.85000000000565,-1.0883568395532985,14.38899215993822,0.5876458883498048,3.4033276380243205,0.4845850657597249,0.3683528526437818
493.9500000000057,-0.4911474563917395,14.079626809784589,0.9111138802159657,3.1029003284579595,0.5510111893277737,0.28624376022245746
494.0500000000057,-0.06601756379868441,14.399305337595184,1.1396565171259798,3.1357289737009175,0.5936706270070238,0.2872861877923453
494.1500000000057,0.3175142212588505,14.355362389273498,1.3357317944891036,2.9787489530864493,0.6266783047372372,0.24209210770103473
494.25000000000574,0.4542207922314788,14.654447745120716,1.3983996249628416,3.002958163856558,0.6266783047372372,0.24209210770103473
494.35000000000576,-0.09486630566478774,13.536831400643301,1.1056248542415208,2.289915800391365,0.5407345707402847,0.06200911969101923
494.4500000000058,0.01839985261309214,13.766133026280945,1.1596983113155617,2.2961167123604684,0.5407345707402847,0.06200911969101923
494.5500000000058,0.18211618570269517,13.950558347688188,1.2418624750336678,2.2825855209554415,0.5486101973594865,0.05804566011130308
494.65000000000583,0.30904548419288885,14.179107128084341,1.296723494769629,2.288390086966573,0.5486101973594865,0.05804566011130308
494.75000000000585,0.6617361168930858,14.185282604981513,1.4646080111399609,2.178774903159242,0.5759151633927438,0.029940461542373568
494.8500000000059,-0.07520151531809073,13.964907738574233,1.0643172717929241,1.9532368963881908,0.464625360064301,-0.026048428408908742
494.9500000000059,-0.17021327651174362,13.84243624845722,1.0062360380501982,1.7861962361169492,0.439373732030951,-0.06608155331234501
495.0500000000059,0.11750838756271938,14.139128149560564,1.1469831881096975,1.8421467650637644,0.4631849315463897,-0.05057043983966482
495.15000000000595,0.772670940824732,14.241769727164048,1.4692577993622995,1.7950176344567101,0.5298134844014403,-0.06080910860830353
495.25000000000597,0.9222457881830037,14.420967445066719,1.5222391478024555,1.7889367235958784,0.5298134844014403,-0.06080910860830353
495.350000000006,0.045166303998730596,14.16429534124378,1.0421581214164786,1.5583166536325734,0.4002674400882337,-0.11531430371091736
495.450000000006,0.15138345334084424,14.319550435088518,1.082184865425311,1.5467852232614792,0.4002674400882337,-0.11531430371091736
495.55000000000604,0.04807586714900707,12.7167411879454,1.011350931673227,0.6142750426175668,0.3732015985542045,-0.34208971209770545
495.65000000000606,0.15107696830912462,12.776458243646681,1.048671091528656,0.5800660714077885,0.3732015985542045,-0.34208971209770545
495.7500000000061,0.23816140345585252,12.814683315319508,1.0759094886951193,0.5365019754703462,0.37076597942684997,-0.3443677246754108
495.8500000000061,0.3875971555116179,12.020070851403371,1.1336468227921055,0.060776892026306574,0.37578764004556564,-0.4524805376167144
495.9500000000061,0.645050746084908,12.548581834564088,1.2441873212045886,0.2871318775809678,0.39341090547670365,-0.38635675291473837
496.05000000000615,0.5032808753244638,12.932555000121406,1.14312862292539,0.43722035043115043,0.3588783659849517,-0.33956354154567714
496.1500000000062,0.5630242576624389,13.658917319309383,1.1501137307375626,0.7573151976097248,0.35189991216454003,-0.25340159090782255
496.2500000000062,0.6797951302970449,13.733381831115832,1.1853037219540246,0.7319750385189367,0.35189991216454003,-0.25340159090782255
496.3500000000062,0.5007614835086852,14.88241600775914,1.0673778377644654,1.2663930233477039,0.31500989333600254,-0.11663275751563411
496.45000000000624,0.6090743167518368,15.008472146306362,1.0988788270980727,1.2547297475961379,0.31500989333600254,-0.11663275751563411
496.55000000000626,-0.0028990886709592987,15.501943422750553,0.7573082500520598,1.4365602635350296,0.2244736608526327,-0.06892683969258583
496.6500000000063,0.07395410463852757,15.645254814905627,0.7797556161373282,1.4296675795657694,0.2244736608526327,-0.06892683969258583
496.7500000000063,-0.0009131905398102255,15.701871869502256,0.7232032389721917,1.3782513899743452,0.20538837824186806,-0.07976850252785612
496.85000000000633,0.5124275994193858,15.342710974414365,0.9710581240262959,1.1114115114789993,0.26063830062336585,-0.14318828971195205
496.95000000000636,0.5953870109941416,15.906122769328794,0.9891954420668773,1.331576275838055,0.25872372129425525,-0.08610150962230076
497.0500000000064,1.5220738132198708,16.63446219367563,1.4477893327709859,1.637661020587759,0.3651553149327463,-0.00807447796740142
497.1500000000064,1.603658634991673,17.15192827271002,1.4509634326861078,1.8198657341276623,0.3571051530431668,0.03646338851690394
497.2500000000064,1.7505405040255335,17.33409716306541,1.4866739479904327,1.8235120729793535,0.3571051530431668,0.03646338851690394
497.35000000000645,1.022804746250961,17.48095395216993,1.0701137774900382,1.808091413674234,0.2474844034577255,0.03169133461255803
497.45000000000647,1.1310535460172786,17.661921550210458,1.0948622178358165,1.8112605471354906,0.2474844034577255,0.03169133461255803
497.5500000000065,0.792498266792288,17.560409783292307,0.8865931118239553,1.6668390117733185,0.1906472256399112,-0.004508581003030917
497.6500000000065,0.8821108141029036,17.72707114156466,0.9056578343879508,1.6663881536730154,0.1906472256399112,-0.004508581003030917
497.75000000000654,1.000785665863424,17.56868349587163,0.9386562473001546,1.4976877500279626,0.1940134191476621,-0.04547806098517017
497.85000000000656,0.8975253232063355,17.238407063775963,0.8557142475619436,1.243018524289681,0.16913852867772022,-0.1067562107860833
497.9500000000066,1.1167656822988363,17.824193280973375,0.9407739130190707,1.4715015865440895,0.18559855117618268,-0.0485312444044578
498.0500000000066,0.4536291139666934,19.128940806603786,0.5623890599221827,2.0783993338370603,0.08796657155146831,0.1031493383689355
498.1500000000066,0.4722990768363564,19.903052952520667,0.5516952650907243,2.3814157197263772,0.08326067595774017,0.17438120754462738
498.25000000000665,0.5278849067252303,20.14206643053108,0.5600213326865002,2.398853840480844,0.08326067595774017,0.17438120754462738
498.3500000000067,0.00023944179451265354,20.441604152389473,0.26901850205347017,2.4486804271615865,0.011023676199409221,0.18269126791526089
498.4500000000067,0.027196410380862856,20.687385651445265,0.2701208696734113,2.4669495539531168,0.011023676199409221,0.18269126791526089
498.5500000000067,-0.7092758905574296,20.97567534898936,-0.12422790035565845,2.5083675276990114,-0.08531340700854753,0.18878778954818298
498.65000000000674,-0.7221252476280412,21.22745604070706,-0.13275924105651515,2.5272463066538338,-0.08531340700854753,0.18878778954818298
498.75000000000676,-0.5155124770078491,20.941440465487855,-0.02824655409616507,2.2667388774341495,-0.058003479382320616,0.12075605912309212
498.8500000000068,-0.7775523609420503,21.18517798367843,-0.1678167247852273,2.2873947422532805,-0.09051668110003838,0.12285816774628991
498.9500000000068,-0.532827521525076,20.857966210563525,-0.04246860536278211,2.0115804426646187,-0.058053592671927896,0.05271804393795354
499.05000000000683,-0.16052170289934886,20.811830695903872,0.14903184804291164,1.886054123827742,-0.009524523565200796,0.02028730041949066
499.15000000000686,-0.028313009947897087,20.27636342003378,0.20825669702912894,1.513421968885737,0.005005057315235258,-0.07089022888294166
499.2500000000069,-0.007462314958403271,20.42735116577797,0.20875720276065257,1.5063329459974413,0.005005057315235258,-0.07089022888294166
499.3500000000069,-0.17286058314852945,21.08542317518338,0.11550498424316052,1.7630548609438155,-0.017249313755742936,-0.0064497449624764044
499.4500000000069,-0.16139633129298953,21.261696412552986,0.11378005286758584,1.7624098864475677,-0.017249313755742936,-0.0064497449624764044
499.55000000000695,-0.5103307641603455,22.403900153158663,-0.07039957164523238,2.2712625546739678,-0.06080602679718837,0.11968377957831017
499.65000000000697,-0.5176747514588564,22.631624827524004,-0.07648017432495259,2.2832309326318017,-0.06080602679718837,0.11968377957831017
499.750000000007,0.2591711713476786,23.124239967650592,0.32012001239549764,2.431709459227332,0.036476275118276974,0.15292458160684533
499.850000000007,0.20368544865272423,23.83883730871676,0.2784690299427007,2.6923504366318443,0.025466296827470356,0.21303340158431264
499.95000000000704,-0.3448643638220831,24.12626089398195,-0.014773686158334682,2.722517505986285,-0.04597902216861642,0.21519134261868106
500.05000000000706,0.1127320066993239,24.820394481962698,0.2211086368063236,2.966371642788251,0.013169166670223185,0.27031819964800746
500.1500000000071,-0.45751566241652436,24.860184054224025,-0.08136268044573489,2.859820763493919,-0.06017934874396171,0.23780949388794317
500.2500000000071,-0.4659528272048197,25.147355178042922,-0.08738061532013243,2.8836017128827187,-0.06017934874396171,0.23780949388794317
500.3500000000071,-0.994158950789902,26.033014172646574,-0.360543681711674,3.2157744822077285,-0.12488080034139218,0.31285925847615254
500.45000000000715,-1.030837722962785,26.356155917159803,-0.37303176174581604,3.247060408055351,-0.12488080034139218,0.31285925847615254
500.5500000000072,-0.9101547992069758,27.100066669820578,-0.30398132303637365,3.498628932157462,-0.10514891985416448,0.36739454456565224
500.6500000000072,-0.9410786761098912,27.45176653575923,-0.3144962150217925,3.5353683866140355,-0.10514891985416448,0.36739454456565224
500.7500000000072,-0.9192499664533538,27.915041549597216,-0.29740417059148005,3.627966639306474,-0.09847945264397064,0.38099639959696435
500.85000000000724,-0.780869833883158,28.365167306308464,-0.22014076856753567,3.7105965136892505,-0.07730674905737175,0.3919060225708873
500.95000000000726,-0.7684291042704366,28.37596115396049,-0.2099958712994566,3.5622850996972035,-0.07298906157726147,0.3462572571808959
501.0500000000073,-0.9023919133959766,28.362117587159887,-0.27624849971120485,3.4004665614085634,-0.0874892388406072,0.2975498799173596
501.1500000000073,-1.2731299693693903,29.350029276535814,-0.46071751117024917,3.7646332278275443,-0.12991618663366852,0.3789323561567898
501.25000000000733,-1.3198513014195943,29.72838726109944,-0.47370912983361896,3.802526463443232,-0.12991618663366852,0.3789323561567898
501.35000000000736,-1.1921160907247295,29.724571770655544,-0.39602412008316745,3.6398250943926915,-0.10790348326270213,0.329916882643353
501.4500000000074,-1.2322580201493691,30.090203864508116,-0.40681446840944013,3.6728167826570344,-0.10790348326270213,0.329916882643353
501.5500000000074,-0.7350963893989139,30.480933102890116,-0.13417328396431816,3.7251773486471143,-0.03786009677253076,0.33641307552869676
501.6500000000074,-0.7487030182792115,30.855132903132557,-0.13795929364157208,3.7588186561999914,-0.03786009677253076,0.33641307552869676
501.75000000000745,-0.805845342459652,30.803807389824033,-0.16388926063497306,3.5704304742541275,-0.04320978117485781,0.2823479501925469
501.85000000000747,-0.852750142022271,32.26571289892159,-0.18386418814956626,4.173876632863655,-0.0470145257999926,0.42327105977602614
501.9500000000075,-1.1156861993091254,32.7686629663932,-0.31391278927840993,4.259398681133254,-0.07729102875400219,0.4337871908861682
502.0500000000075,-1.5647028647983692,32.74811723699724,-0.5400980600462398,4.065728416119535,-0.1310222103764436,0.3750120754312408
502.15000000000754,-1.0382230649578352,32.64255851717863,-0.2551961256513429,3.8373016258885713,-0.05907023883130168,0.3102957979966703
502.25000000000756,-1.0640380287171318,33.027840158757556,-0.26110314953447444,3.8683312056882455,-0.05907023883130168,0.3102957979966703
502.3500000000076,-2.1428652118428806,33.45913547494906,-0.8094448633985896,3.920601439677041,-0.1906376030285968,0.3152575002484001
502.4500000000076,-2.2247628861979014,33.8527719064181,-0.8285086237014536,3.9521271897018884,-0.1906376030285968,0.3152575002484001
502.5500000000076,-1.8050260253118426,34.11526469294108,-0.5849487092936585,3.913373245344565,-0.12626219180759313,0.2979781544646837
502.65000000000765,-1.86415220720026,34.508091908247955,-0.5975749284744207,3.94317106079104,-0.12626219180759313,0.2979781544646837
502.7500000000077,-1.8075747840742302,34.47078393859827,-0.5501856351684391,3.7487518988732145,-0.11176324536822162,0.24338036651377334
502.8500000000077,-1.7313917121140905,34.744421669326265,-0.49328990090199026,3.7196821018292985,-0.09521810437358343,0.2302957884282954
502.9500000000077,-1.8367950306807042,35.440490559722285,-0.5313367424254274,3.909882832436225,-0.10210807513171752,0.27099485311106564
503.05000000000774,-2.200819303775457,35.73592067164496,-0.7040550079031834,3.885777747236754,-0.1420781882467007,0.2582989347715405
503.15000000000776,-2.1211362139493337,35.80302577109267,-0.6409348879242822,3.744621407893856,-0.12340765109956264,0.21766114008595003
503.2500000000078,-2.1858467409972744,36.17857621758257,-0.6532756530342413,3.766387521902456,-0.12340765109956264,0.21766114008595003
503.3500000000078,-1.100307234024053,36.5062742643989,-0.07213187925327243,3.762164752527339,0.02054000308185494,0.21131341474257234
503.45000000000783,-1.1074177219339727,36.883547306725426,-0.07007787894508646,3.783296094001601,0.02054000308185494,0.21131341474257234
503.55000000000786,-0.686444168418209,37.746867271385405,0.1600637261598371,4.058900010838969,0.07751019069244597,0.2741453725831139
503.6500000000079,-0.6700502448487592,38.15412799933231,0.16781474522908346,4.0863145480972864,0.07751019069244597,0.2741453725831139
503.7500000000079,-0.1663631967514397,38.7603992571643,0.4251987499571214,4.215334576737745,0.13781818674299937,0.2988867420393123
503.8500000000079,-0.3802366124645018,39.69393888698527,0.30616281665449274,4.511344924600915,0.10553638900417539,0.3640848521230233
503.95000000000795,-0.49742224316225114,39.68602766794956,0.24061500984192324,4.309191052611325,0.08715475309125506,0.3060050655814349
504.05000000000797,0.07638232694284958,39.50679298479358,0.5369344395677641,4.016605197008476,0.15789343019006633,0.22587261601552516
504.150000000008,0.5613212006596701,39.942532600949086,0.7734565221845652,4.056239430859119,0.21118851188603543,0.2300211697425194
504.250000000008,0.6397227954375748,40.34930664988381,0.7945753733731735,4.079241547833376,0.21118851188603543,0.2300211697425194
504.35000000000804,0.5137264444153655,40.34662488479877,0.7089013251874414,3.8882847419147346,0.1852101006127072,0.1777489561822625
504.45000000000806,0.5855426274371898,40.73634210377124,0.7274223352487164,3.906059637532965,0.1852101006127072,0.1777489561822625
504.5500000000081,0.5427448257613404,40.53796273313359,0.6825022676746016,3.611390854831661,0.16907840967483576,0.10011274024012895
504.6500000000081,0.6118404445771907,40.89960238231804,0.6994101086420891,3.621402128855676,0.16907840967483576,0.10011274024012895
504.75000000000813,0.7508061231553073,40.59971150848196,0.751300818388822,3.2884309258825954,0.17752980365753715,0.016595047768381
504.85000000000815,0.6582442852076512,41.32940376456323,0.681959696020535,3.499003489337435,0.1563612914086722,0.06777741263834657
504.9500000000082,1.1836326096486434,41.14508475053055,0.9317601720196846,3.2290729496062376,0.21292163305132708,0.00041071620403243525
505.0500000000082,1.237679184785213,40.746821449445335,0.932007707138671,2.8480786563916705,0.20774552495034207,-0.0940651056025437
505.1500000000082,1.58159802617726,40.91259579669244,1.0808148813239908,2.777331939048927,0.23865851523427994,-0.10899286754142866
505.25000000000824,1.6908728068858556,41.189784026259694,1.1046807328474242,2.7664326522947813,0.23865851523427994,-0.10899286754142866
505.35000000000827,2.0180906339391322,41.717905601527676,1.240121296515439,2.8850157837800303,0.26582221774898274,-0.07767677927559109
505.4500000000083,2.14343187467945,42.006018796009364,1.2667035182903432,2.8772481058524693,0.26582221774898274,-0.07767677927559109
505.5500000000083,1.2406908211035157,42.718547758872525,0.7604161039515237,3.0961902053047776,0.13621842451115224,-0.021022207346002034
505.65000000000833,1.3174135236212416,43.02806166836634,0.774037946402642,3.094087984570177,0.13621842451115224,-0.021022207346002034
505.75000000000836,1.026299091820842,42.893783282801586,0.5982231720912556,2.8623501259701216,0.09045306737699221,-0.07693946222651046
505.8500000000084,1.1089727894062624,43.2405319920998,0.6188406452565174,2.8864015468345183,0.0932657210367837,-0.06916205007427509
505.9500000000084,1.0188568805202238,43.735736030983524,0.5499434073319547,2.986589901286467,0.07437144665343931,-0.04308664561421771
506.0500000000084,1.2031571000410937,44.1938285551204,0.6248872732336117,3.06663260877123,0.09097530791468829,-0.022172142839658855
506.15000000000845,0.9293942270393446,44.646121356929115,0.46132569475394375,3.139816082996179,0.04928742167617864,-0.0038226199542419383
506.25000000000847,0.9757732336231305,44.96008385212904,0.4662544369215627,3.139433821000755,0.04928742167617864,-0.0038226199542419383
506.3500000000085,0.7270212301945399,44.14724119437383,0.31882929226850376,2.5522704224393693,0.012337315000961864,-0.14745545171173954
506.4500000000085,0.7589658459964024,44.40173095935926,0.32006302376860024,2.537524877268192,0.012337315000961864,-0.14745545171173954
506.55000000000854,1.7459615311348695,45.6456550790999,0.8191384586613806,3.0431248980388026,0.13432633608146227,-0.019131782196001285
506.65000000000856,1.8285470086814337,45.94987190999287,0.8325710922695299,3.041211719819202,0.13432633608146227,-0.019131782196001285
506.7500000000086,1.4173285134886329,46.11337136108333,0.5919430803363961,2.9665503539587963,0.07294867649276462,-0.03684627541774633
506.8500000000086,1.0956056207593503,46.82875415954548,0.4022543570824263,3.1812379061171767,0.02507115750333136,0.01665351368395706
506.95000000000863,0.765432368308718,46.48779850192967,0.2146617456057383,2.8416948260766266,-0.020845762232302736,-0.06641622582169848
507.05000000000865,1.611769674772804,46.69648259383268,0.6445142254911047,2.7953455568609606,0.08539288811118058,-0.07626153912883205
507.1500000000087,1.4413422249990977,46.572602635754926,0.5323914570705389,2.5792049424012675,0.056259492622030324,-0.12700564957898072
507.2500000000087,1.494862668169274,46.82988810174722,0.5380174063327432,2.5665043774433665,0.056259492622030324,-0.12700564957898072
507.3500000000087,1.1390543056114928,46.183948487244635,0.3325209871268324,2.08391941414776,0.005082234551061861,-0.2420625310492914
507.45000000000874,1.1723318154969389,46.39113011600421,0.33302921058193874,2.059713161042825,0.005082234551061861,-0.2420625310492914
507.55000000000877,0.9478909557593046,46.67018050950563,0.20390440860282041,2.0781601398504552,-0.025659039676903146,-0.23075310604267588
507.6500000000088,0.9681531014212067,46.87684275796051,0.2013385046351295,2.0550848292461823,-0.025659039676903146,-0.23075310604267588
507.7500000000088,0.6662840856942102,47.251359507794874,0.0336183691065336,2.1200997937870008,-0.06555809678053214,-0.20930274923599057
507.85000000000883,0.4785858309304485,47.37150329088767,-0.07147641983777127,2.05182665855299,-0.08950832445844951,-0.22090144759361327
507.95000000000886,0.5848478637618301,47.75374811257837,-0.022012080203410906,2.1219625547664314,-0.07539865262023328,-0.19844832951708405
508.0500000000089,0.7782532429057205,47.25318189522008,0.0730602958255343,1.7260501742520593,-0.050160285434270244,-0.29169240576569705
508.1500000000089,0.9132362595603262,47.11337284473619,0.13364412808141712,1.5360040147619516,-0.03432144816831029,-0.33084343692538853
508.2500000000089,0.9264290651276292,47.26531902902779,0.1302119832645853,1.5029196710694053,-0.03432144816831029,-0.33084343692538853
508.35000000000895,1.9768022003806498,47.51751592343753,0.6623415727373209,1.5227656821057944,0.09575123564567888,-0.31810190103167335
508.45000000000897,2.0435151138326257,47.66820198214299,0.6719166963018909,1.4909554920026198,0.09575123564567888,-0.31810190103167335
508.550000000009,1.8416357726697328,47.54727665056138,0.5446620985106418,1.3168051622532,0.06301930534193309,-0.35350474244458996
508.650000000009,1.8964170790475192,47.677189643074506,0.5509640290448365,1.281454688008733,0.06301930534193309,-0.35350474244458996
508.75000000000904,2.0174113655471575,47.930974236823914,0.5909165669201975,1.312060682281889,0.07114884275173462,-0.33744406172731795
508.85000000000906,1.7439806622584304,48.717381604464855,0.4260549773541061,1.6207418446438862,0.029349386999580646,-0.25355198479513874
508.9500000000091,1.7277108691091272,48.39407381610448,0.39870828258771646,1.3447901739446213,0.022035124356567765,-0.31456156648091443
509.0500000000091,1.258728260879601,49.331268769575736,0.13443081300070833,1.7382842079529268,-0.0435081752313078,-0.20919728222894615
509.15000000000913,0.6006293752238399,49.49707662729065,-0.21416725070228432,1.713756091960088,-0.12662536549704642,-0.2100754200188225
509.25000000000915,0.5785795233261211,49.66740185938661,-0.22682978725199185,1.6927485499582011,-0.12662536549704642,-0.2100754200188225
509.3500000000092,0.1293091101663422,49.20658489909355,-0.4581056479981592,1.3439295351094487,-0.17945095939806155,-0.2903665186626138
509.4500000000092,0.08260129056952514,49.33952602001121,-0.4760507439379695,1.3148928832431808,-0.17945095939806155,-0.2903665186626138
509.5500000000092,0.17451128732912602,48.5954797585296,-0.4198732113113341,0.8198227121769709,-0.1610901093307408,-0.40682317976035953
509.65000000000924,0.131718515651329,48.675427913848516,-0.43598222224441185,0.7791403942009257,-0.1610901093307408,-0.40682317976035953
509.75000000000927,-0.2871567661348147,48.764565299915496,-0.6442330685338714,0.7453212613113325,-0.20750901115566978,-0.4051519649901509
509.8500000000093,-1.1507622797854102,49.06565207004808,-1.0773334237266023,0.823961404546747,-0.30773192173858116,-0.3759596679000089
509.9500000000093,-0.7617281331870109,49.092592322296404,-0.8524474637861847,0.7586323558557866,-0.24597969863817024,-0.38271149369649915
510.05000000000933,-1.9633540491204373,48.40878905692483,-1.4609115465523526,0.3199984508950615,-0.38958661297350455,-0.481979445827752
510.15000000000936,-1.4036126727278107,48.870195165607804,-1.1369287354384736,0.49520620209053867,-0.30195577277762364,-0.42761140213466314
510.2500000000094,-1.5188153251355725,48.917577728806194,-1.167124312716243,0.4524450618770626,-0.30195577277762364,-0.42761140213466314
510.3500000000094,-0.5540668170796247,48.564933996442456,-0.6389718405424604,0.20333448457911713,-0.16649272868011072,-0.4781769187663281
510.4500000000094,-0.6187964647772862,48.582876560306545,-0.6556211134104752,0.15551679270247343,-0.16649272868011072,-0.4781769187663281
510.55000000000945,-0.6627051232256977,49.253944923919335,-0.6577698229402246,0.45003923599659307,-0.16234135246478237,-0.39443313793902174
510.65000000000947,-0.7292938122820594,49.296976681829314,-0.6740039581867066,0.41059592220268193,-0.16234135246478237,-0.39443313793902174
510.7500000000095,-1.0843064481161309,48.983051048841055,-0.8373957938124956,0.18840316015978548,-0.1978926879356161,-0.43893340615504006
510.8500000000095,-1.3282994167052484,48.91864982272413,-0.9394663782524691,0.10226136877808668,-0.2178914362283445,-0.44928400671664237
510.95000000000954,-1.3228017361068118,48.729188076284586,-0.909676026211684,-0.0448704641612656,-0.20543286200047625,-0.4741661951782052
511.05000000000956,-1.2724223526346998,48.181108585356455,-0.8556756662441503,-0.3782443715289668,-0.18709820826231519,-0.5450678811258514
511.1500000000096,-1.0255439629924725,47.77687380218958,-0.7034314137452634,-0.6209083184438792,-0.14582199647816796,-0.590857835564395
511.2500000000096,-1.096616214349406,47.711828681167354,-0.7180136133930836,-0.6799941020003321,-0.14582199647816796,-0.590857835564395
511.35000000000963,-0.9884505869692234,47.59341406224403,-0.6376054640799808,-0.7636900579607366,-0.12238493069053047,-0.5968591960759317
511.45000000000965,-1.052823058030689,47.51406076046756,-0.6498439571490365,-0.8233759775683434,-0.12238493069053047,-0.5968591960759317
511.5500000000097,-0.9142278631773262,48.791920147821514,-0.5583781873899669,-0.1744087680720132,-0.0975656764756498,-0.4236549857283317
511.6500000000097,-0.9705535102987141,48.772360996085666,-0.5681347550375341,-0.216774266644856,-0.0975656764756498,-0.4236549857283317
511.7500000000097,-0.4577582135357167,49.62170329730516,-0.2853740675951539,0.19287039122455601,-0.02689741351714088,-0.31358858940883144
511.85000000000974,-1.5323329508973085,49.48353688324642,-0.8284138071603365,0.08025088779868873,-0.1582312834171969,-0.3334969282281892
511.95000000000977,-1.523745111279077,49.65871260170217,-0.79692268221627,0.13428806106370753,-0.1468029410300459,-0.3122219433981542
512.0500000000097,-2.6638378322556893,50.26148564531528,-1.3664185786593956,0.4152738167431311,-0.2832646313345266,-0.23481153644840438
512.1500000000099,-2.2112173921337854,50.57381887096071,-1.0918520130230347,0.5325049955194009,-0.21013225981313355,-0.20056776208689814
512.2500000000098,-2.3214532547350535,50.626066531702165,-1.112865239004329,0.5124482193107294,-0.21013225981313355,-0.20056776208689814
512.3500000000099,-1.1896697490868986,49.9981303809468,-0.4934456028968836,0.13733164591703975,-0.054968018442287644,-0.28788535280119326
512.4500000000098,-1.239289149468753,50.01042411877449,-0.49894240474110735,0.1085431106369466,-0.054968018442287644,-0.28788535280119326
512.55000000001,-0.6698623274848673,50.01697597081789,-0.1870094889458471,0.07927715747824492,0.021609704376676465,-0.2877803874248161
512.6500000000099,-0.6884552278575519,50.02346478462859,-0.1848485185081814,0.05049911873578948,0.021609704376676465,-0.2877803874248161
512.75000000001,-0.8687490658402395,50.05248336227726,-0.2657673743233331,0.034874188229802774,0.001538727687133392,-0.2845775496049909
512.8500000000099,-0.5716162672029798,50.10661497622841,-0.09837780556164749,0.033558177903708845,0.042185921566772214,-0.2779279955465011
512.95000000001,-1.1178151200430602,50.60646036369518,-0.3694509059561377,0.2634871518566431,-0.024308369272342256,-0.21518370607581097
513.05000000001,-1.928493991664063,50.169264164568446,-0.7769263163890336,-0.002379146551868639,-0.12393258120188877,-0.27576855834256164
513.1500000000101,-1.8761854908215583,50.43508278299666,-0.7223387715497334,0.10840516063572858,-0.10776032069546684,-0.24209696491931085
513.25000000001,-1.9489581695799423,50.44471281423562,-0.7331148036192703,0.08419546414381951,-0.10776032069546684,-0.24209696491931085
513.3500000000101,-1.7412864477394239,52.233013451519035,-0.5997471690695382,0.9858877309106984,-0.0730030871487402,-0.015803808484291165
513.45000000001,-1.8016261800820663,52.33152320556759,-0.6070474777844056,0.9843073500622707,-0.0730030871487402,-0.015803808484291165
513.5500000000102,-1.161844121850575,52.82541712434925,-0.2501508293337661,1.1863572312103983,0.01598300923694971,0.03352907929777315
513.6500000000101,-1.1867792897377443,52.94422049286667,-0.24855252841007258,1.1897101391401725,0.01598300923694971,0.03352907929777315
513.7500000000102,-1.4473904860788644,53.28579142697508,-0.36796189165288196,1.3082128252325504,-0.013250826656647677,0.061568540223009144
513.8500000000101,-1.9943889864502828,53.9154846602144,-0.6328411076993619,1.5742632426370349,-0.07730853810220749,0.12524080309495578
513.9500000000103,-2.421249337504834,53.3084883827278,-0.8269087554819188,1.1907681053960932,-0.12231655435436956,0.028826968579704695
514.0500000000102,-1.7355530537073696,53.381063664264424,-0.4365113523881743,1.1690053202745863,-0.023286459200288642,0.0227162440149134
514.1500000000103,-1.7564000416972703,53.26134936053462,-0.4270865955084065,1.0488024254164345,-0.020448644729324332,-0.007089173395214466
514.2500000000102,-1.7992109444717184,53.36619415720919,-0.42913145998133706,1.0480935080769138,-0.020448644729324332,-0.007089173395214466
514.3500000000104,-0.6684317774329195,53.79716187909032,0.17168241277490134,1.2163708209734838,0.12531815169240737,0.034085437416807876
514.4500000000103,-0.650636945396984,53.91896938837464,0.18421422794413067,1.2197793647151616,0.12531815169240737,0.034085437416807876
514.5500000000104,-0.4074741711296221,53.920969341712954,0.3063509233236357,1.1599868242262639,0.1506171274707124,0.018475647556854498
514.6500000000103,-0.3760859931599342,54.03706040237326,0.32141263607069326,1.1618343889819476,0.1506171274707124,0.018475647556854498
514.7500000000105,-0.4884778579984266,53.91771963562137,0.2619278167079631,1.0417068609108784,0.13260768070429899,-0.011225806529643449
514.8500000000104,-1.1975227646565603,54.42627201605039,-0.10500347496554142,1.25141130408993,0.04020073210307311,0.04042546758135568
514.9500000000105,-1.6116787768596,55.11223248018148,-0.30818464481452473,1.5456512679855337,-0.009846908603158178,0.1110761949013521
515.0500000000104,-0.9163449967880227,55.120505558106,0.07105211569670017,1.4791712750874042,0.08367184199691892,0.09183873266226443
515.1500000000106,-0.5313924245369787,55.27798137200721,0.2729604393737734,1.4930628890284372,0.1304016151265329,0.09298440914027015
515.2500000000105,-0.5034443725239947,55.42775258295562,0.2860006008864148,1.5023613299424559,0.1304016151265329,0.09298440914027015
515.3500000000106,0.17255762163612853,56.01151350621304,0.6334662245198294,1.7374697183696355,0.2117475071714101,0.1483201315796635
515.4500000000105,0.23696298162390897,56.186002078707745,0.6546409752369511,1.7523017315275884,0.2117475071714101,0.1483201315796635
515.5500000000106,-0.0013648425755803273,56.44302443258105,0.517649288547863,1.8112587827824127,0.17315567543496255,0.15954134474760856
515.6500000000106,0.05126586465633213,56.62494801758286,0.5349648560913435,1.827212917257159,0.17315567543496255,0.15954134474760856
515.7500000000107,0.4353835960530634,56.829765469971605,0.7214783526664663,1.8541929347721335,0.21403163585378004,0.16222619418114353
515.8500000000106,0.4560844987252491,56.8966564631557,0.7157493499314559,1.8082058011323732,0.20743707230530847,0.14698520206749102
515.9500000000107,0.10391791958013138,56.738750584936405,0.518557632405194,1.6471858171040994,0.15479668427315138,0.1042052205974795
516.0500000000106,-0.8417422887236806,56.586377690505536,0.011356933892277727,1.4897941020739018,0.026238932723082725,0.06259701182673479
516.1500000000108,-0.8112729406141308,56.62856616995438,0.028955504184321124,1.4406422021987633,0.029854511621247592,0.04911203626712613
516.2500000000107,-0.8082281176375954,56.77287595035546,0.031940955346443166,1.4455534058254713,0.029854511621247592,0.04911203626712613
516.3500000000108,-0.33438574417001143,57.35669655093488,0.2776659454803267,1.6795070322616426,0.08878159071024302,0.10526668384752272
516.4500000000107,-0.3061752416684536,57.52517358758013,0.28654410455134294,1.6900337006463853,0.08878159071024302,0.10526668384752272
516.5500000000109,-0.653249994806106,57.40572044365704,0.09598830772584514,1.54493187071229,0.03919814218832586,0.06604502947197476
516.6500000000108,-0.6434551733225891,57.56054385587549,0.09990812194467416,1.5515363736594816,0.03919814218832586,0.06604502947197476
516.7500000000109,-0.009442640762007182,57.06887248386549,0.4239136723095841,1.223118534368822,0.11652658205882974,-0.015534336325763717
516.8500000000108,-0.1079719752581737,56.94296941036225,0.36246075757324836,1.0922150844792953,0.09875802864432151,-0.04722426404239499
516.950000000011,-0.04607235061881389,57.57150339000555,0.38524493534906484,1.3564313526216079,0.10187593324820733,0.018250868581552823
517.0500000000109,-0.3247057729422994,56.695079717748555,0.22910965047226883,0.8234774007154949,0.0609673845339981,-0.1143449318021678
517.150000000011,-0.18856808803657582,57.333244614339456,0.29311139837143485,1.0998979171436152,0.07494832916300445,-0.04429249341062498
517.2500000000109,-0.15888220655364466,57.443012943586666,0.30060623128772845,1.0954686678025567,0.07494832916300445,-0.04429249341062498
517.350000000011,-0.2433339049810704,58.033088048879605,0.24803660447934314,1.3406729833279618,0.060197914868658414,0.01665742558174913
517.450000000011,-0.2182292549588159,58.16723863434019,0.2540563959662035,1.3423387258861352,0.060197914868658414,0.01665742558174913
517.5500000000111,0.3687847265247091,59.45807696104395,0.5495919789271578,1.952525570547051,0.13046857358023306,0.16698876427577541
517.650000000011,0.4243962672852749,59.654164461919855,0.5626388362851693,1.9692244469746134,0.13046857358023306,0.16698876427577541
517.7500000000111,0.28370101815007587,59.97250006510973,0.47429100656700746,2.048344816340603,0.10597297106708926,0.18218866339906012
517.850000000011,1.4309888454970885,58.9179915276378,1.0528400519649355,1.4096132769161063,0.24401553841492296,0.021240010476355348
517.9500000000112,1.4236054631418413,58.722716536287315,1.0188109143861341,1.2376332205013556,0.22990211801626376,-0.021146921876157576
518.0500000000111,1.8949403682040116,59.236021514629336,1.2346363112936207,1.4413907779304642,0.2773315976465762,0.029898077527345857
518.1500000000112,1.8693628888198324,59.23984053050146,1.1852318859459532,1.371706839500703,0.25870702066103013,0.012212183736374081
518.2500000000111,1.9891796125176227,59.37707227537009,1.2111025880120327,1.3729280578743392,0.25870702066103013,0.012212183736374081
518.3500000000113,2.1354283556365328,58.60069196847426,1.2496173576088632,0.9004956606201625,0.26184956303884666,-0.1032591500285672
518.4500000000112,2.2616993392124973,58.69022523878605,1.275802313912724,0.8901697456173152,0.26184956303884666,-0.1032591500285672
518.5500000000113,1.7366230634150186,59.41348968312583,0.9643443811076389,1.2140548088748606,0.17982468093917378,-0.020646665577704365
518.6500000000112,1.833956624930389,59.534791930685316,0.9823268492015399,1.211990142317092,0.17982468093917378,-0.020646665577704365
518.7500000000114,1.9189445060093226,59.175356435337626,0.9930520511242862,0.9611618019139101,0.17807142233571166,-0.08122167860599118
518.8500000000113,1.022732703785981,59.54700208565461,0.4960802911615878,1.0968804754057937,0.05295269263820929,-0.04598159130592632
518.9500000000114,1.2975493803562088,59.74015990109083,0.6167844567793777,1.1356085457788163,0.08082869807979824,-0.035433497333698175
519.0500000000113,0.7432918871273886,59.919587547619095,0.3021666334423715,1.166959869589827,0.001457674872574713,-0.026781536743699735
519.1500000000115,0.9346769589285028,59.37714884835912,0.38495392211262747,0.8233391093064231,0.02141115632047614,-0.1097533807183052
519.2500000000114,0.9732794069213327,59.45893399238609,0.38709503774467313,0.8123637712346026,0.02141115632047614,-0.1097533807183052
519.3500000000115,0.9478900336856798,58.909460590255236,0.3564451857848827,0.4740749070480066,0.013522274696699026,-0.1896903106879401
519.4500000000114,0.983602163637619,58.95591962940655,0.3577974132545514,0.45510587597922986,0.013522274696699026,-0.1896903106879401
519.5500000000116,0.9550810081906917,59.644983774078916,0.32793558201908374,0.7737127308289771,0.006378475141018591,-0.10662759237532006
519.6500000000115,0.9879064587682753,59.72182190919987,0.328573429533185,0.7630499715914547,0.006378475141018591,-0.10662759237532006
519.7500000000116,1.1669514987828813,59.87827808018205,0.40420399714659483,0.7941562434518206,0.024495714967910243,-0.0964566555828877
519.8500000000115,1.8115982158913606,60.45260461726943,0.7187547453867558,1.0427511951360184,0.10035294727604224,-0.03318935395645203
519.9500000000116,1.806874585747747,60.63547600534621,0.6892329466309421,1.080202666351698,0.0907982787189876,-0.0232634941447577
520.0500000000116,1.866528566238236,60.48305285390486,0.6932218879363623,0.9403311232842935,0.08954613118910572,-0.05736714017300883
520.1500000000117,1.6648580937843998,60.75253302193187,0.5629850702316779,1.0255126190092956,0.055938888813985434,-0.03524127098869842
520.2500000000116,1.7214362952515858,60.85490807747776,0.5685789591130713,1.021988491910429,0.055938888813985434,-0.03524127098869842
520.3500000000117,1.6920910062000116,61.224834436448695,0.5296319809376033,1.157223841260567,0.04514274081660798,-0.001437936119524895
520.4500000000116,1.7452799179978065,61.34054963089405,0.53414625501926,1.1570800476486147,0.04514274081660798,-0.001437936119524895
520.5500000000118,1.425905272796132,62.717293019489865,0.34856390124263026,1.8249081132271994,-0.0004964161351283611,0.16454545356280592
520.6500000000117,1.4607591808396878,62.90060655808023,0.3485142596291175,1.841362658583465,-0.0004964161351283611,0.16454545356280592
520.7500000000118,1.0906057361586197,62.94459077061756,0.14065740276043062,1.7848367215610983,-0.05069986457053352,0.14677439558411756
520.8500000000117,0.4476689006339774,62.39968764508106,-0.20371213192419782,1.4220415389761774,-0.13316775181309332,0.05429601439113217
520.9500000000119,0.2847728937519939,62.42457210288025,-0.2898105499579223,1.3666013433162711,-0.15074751850610923,0.0394768079375155
521.0500000000118,0.0174409379318154,62.275878677260714,-0.4292854040475329,1.2196766800567334,-0.18134479831225184,0.00206876131373699
521.1500000000119,0.13072754920024562,62.30967199162059,-0.3668496395827686,1.1742600583231868,-0.1618914188027754,-0.009034179982082063
521.2500000000118,0.09323312814798973,62.427052826552895,-0.38303878146303144,1.1733566403249793,-0.1618914188027754,-0.009034179982082063
521.350000000012,-0.3159454888195984,62.60989093282269,-0.590408956745586,1.2055963764164477,-0.20835719898894664,-0.001134478784457632
521.4500000000119,-0.37602817048904613,62.730444898070296,-0.6112446766444617,1.205482928538002,-0.20835719898894664,-0.001134478784457632
521.550000000012,-0.4599841149314021,62.79956699670892,-0.6432923290836807,1.1748713382442906,-0.21107267208023003,-0.009414574144539362
521.6500000000119,-0.525368711200111,62.917007057662516,-0.6643995962916845,1.1739298808298375,-0.21107267208023003,-0.009414574144539362
521.750000000012,-0.44917578808898895,63.003378293096674,-0.6117802506937688,1.1569533066214703,-0.19326130686956466,-0.013319193310538682
521.850000000012,-0.5713644205399242,63.21921940664566,-0.6621273677525181,1.2078605112395608,-0.20080106110627646,-0.000520941637806879
521.9500000000121,-0.48398451763640377,63.47526834146304,-0.6028906777754859,1.2778271302278035,-0.18164278553826277,0.016525636719079508
522.050000000012,-0.9441579081751699,64.35191989177969,-0.8299491537797037,1.6751048281907128,-0.23302211798438077,0.11461891923524828
522.1500000000121,-0.9157108221538937,64.83804749846261,-0.7955077669604993,1.8511109268689927,-0.21908014538683712,0.15466242211558268
522.250000000012,-0.9963569995768033,65.02393190325992,-0.817415781499163,1.8665771690805368,-0.21908014538683712,0.15466242211558268
522.3500000000122,-0.3884635885622023,65.97246769704299,-0.4821753095891571,2.278618129013032,-0.13221106865238783,0.25178314062503937
522.4500000000121,-0.4373421748643349,66.2015884256472,-0.49539641645438387,2.303796443075513,-0.13221106865238783,0.25178314062503937
522.5500000000122,-0.1606237959012777,65.33934623664086,-0.3355113381098959,1.7516002465601863,-0.08921878678688265,0.10875371724344601
522.6500000000121,-0.1946210236461704,65.51505002988293,-0.3444332167885761,1.762475618284521,-0.08921878678688265,0.10875371724344601
522.7500000000123,-0.7166318704931836,65.11451494053037,-0.6032976908059204,1.4744779545020001,-0.14960158043283642,0.03597686144383201
522.8500000000122,-0.5580799075731928,65.97915313467715,-0.5047894418192644,1.8518418515931037,-0.12202270552593761,0.12754719556957694
522.9500000000123,-0.8971474152781216,65.63092498868474,-0.6647408954038178,1.5881513455342144,-0.15771022321570097,0.0602445419258842
523.0500000000122,-0.8719441325241748,65.92865491507852,-0.6320990066897149,1.6674130084717402,-0.14580264951980731,0.07840334323912088
523.1500000000124,-0.8897830976404545,65.63863224935675,-0.6230397617315642,1.4387377609558494,-0.14009497962606096,0.020844875703628626
523.2500000000123,-0.9527875487116834,65.78261024983073,-0.6370492596941575,1.4408222485262103,-0.14009497962606096,0.020844875703628626
523.3500000000124,-1.065949977405059,64.67894594667722,-0.6771769193903133,0.7954417804473918,-0.14664128654398806,-0.1371324096111977
523.4500000000123,-1.1344008757767472,64.75780446267383,-0.6918410480446988,0.7817285394862845,-0.14664128654398806,-0.1371324096111977
523.5500000000125,-2.0171909456581516,63.48346718902932,-1.132701285469158,0.06003209629152988,-0.2515942996665912,-0.31132044754641774
523.6500000000124,-2.131719045703295,63.48791379642074,-1.1578607154357943,0.028900051536916417,-0.2515942996665912,-0.31132044754641774
523.7500000000125,-2.050167222489004,63.903941036412625,-1.0811203663065927,0.21244864783585363,-0.22697667366579385,-0.259044798020425
523.8500000000124,-1.2312881717019744,64.0016868998387,-0.6243156881582206,0.2270981052157954,-0.110432028767127,-0.24910934246263053
523.9500000000126,-1.2078057097044759,64.18519159129184,-0.5909968595217427,0.28606564105308696,-0.09971676962394106,-0.2286885028275027
524.0500000000125,-1.4453628249792485,63.93817887505938,-0.6941434644598388,0.11817603734649759,-0.12263394807377867,-0.2646456766855445
524.1500000000126,-1.66524215520841,63.695003440803006,-0.783249101727327,-0.039527898958070996,-0.14118721569753212,-0.29658410915689065
524.2500000000125,-1.744273001459558,63.68956773036142,-0.7973678232970673,-0.06918630987373309,-0.14118721569753212,-0.29658410915689065
524.3500000000126,-1.3850174334852143,63.36028920455889,-0.5832088527635053,-0.26469291067439793,-0.08546551619997494,-0.3369112512420038
524.4500000000126,-1.443765646342511,63.332135357235266,-0.591755404383495,-0.29838403579856765,-0.08546551619997494,-0.3369112512420038
524.5500000000127,-2.174102847518789,63.52266632094826,-0.9489909931561165,-0.21435901484257988,-0.17069329449364629,-0.3076397745086411
524.6500000000126,-2.269855413306781,63.499692220591484,-0.9660603226054656,-0.245122992293416,-0.17069329449364629,-0.3076397745086411
524.7500000000127,-2.7090351113467084,63.25986248643743,-1.158466699488729,-0.3865572024230386,-0.21305238394514503,-0.33458844704883217
524.8500000000126,-2.33847076791397,62.49723146707345,-0.9279246404825543,-0.7965408116512904,-0.15184005804353057,-0.42683460917967253
524.9500000000128,-2.066868820749351,63.057978112672565,-0.7557642537407587,-0.5066230498062223,-0.1065886652041995,-0.34586035886581146
525.0500000000127,-2.2028900280892953,63.43120766294793,-0.7977915034133579,-0.31632990740886174,-0.11430399002386508,-0.2901026861210405
525.1500000000128,-2.422001048035581,63.43283674620407,-0.8803765727821495,-0.327381168345727,-0.13148401496487463,-0.28573217931465533
525.2500000000127,-2.5106961253885394,63.39866996847295,-0.8935249742786251,-0.3559543862771665,-0.13148401496487463,-0.28573217931465533
525.3500000000129,-4.386514871237612,63.13275114050789,-1.8264616142199774,-0.5030823036486142,-0.35444020186185,-0.31461335329709905
525.4500000000128,-4.570933233668749,63.0808698433766,-1.8619056344061302,-0.5345436389782955,-0.35444020186185,-0.31461335329709905
525.5500000000129,-4.442870058872879,63.41316284027325,-1.728602414267721,-0.35930503934293834,-0.3122317247330129,-0.2629200374172379
525.6500000000128,-4.617291458923156,63.375917736151905,-1.759825586740994,-0.3855970430846382,-0.3122317247330129,-0.2629200374172379
525.750000000013,-5.0199098916748515,63.30185412552461,-1.9065348678486063,-0.4295883263943826,-0.3401316265372171,-0.26722988729945124
525.8500000000129,-5.00828731679798,63.031528214004915,-1.8351665212563624,-0.5741376542915813,-0.31451829911800994,-0.2960965877404313
525.950000000013,-4.916154301488592,62.65375936135252,-1.72438770065958,-0.7688092938614445,-0.28016373449781196,-0.336282159035756
526.0500000000129,-5.009641501996912,62.014150257878796,-1.710333515795481,-1.0988695198239966,-0.26981611724379984,-0.40978100020937847
526.150000000013,-5.3346067080458175,61.60026056787914,-1.8155577739692776,-1.2960673547181913,-0.2887075070925513,-0.4477986583617736
526.250000000013,-5.51760602297804,61.46841483911563,-1.8444285246785066,-1.340847220554328,-0.2887075070925513,-0.4477986583617736
526.3500000000131,-5.627818851404646,62.40055855678674,-1.8340228153994893,-0.8284180849006172,-0.27912259089753216,-0.3112351491870603
526.450000000013,-5.812616745898913,62.31616057255082,-1.8619350744892171,-0.8595415998192949,-0.27912259089753216,-0.3112351491870603
526.5500000000131,-5.440733909961915,63.81261062773715,-1.5927739255571671,-0.06381366842683801,-0.20516636516686715,-0.10839059135553912
526.650000000013,-5.601037134343319,63.8056873079377,-1.6132905620738351,-0.07465272756238206,-0.20516636516686715,-0.10839059135553912
526.7500000000132,-6.247600729676289,63.671291253332306,-1.882255271756526,-0.1509213455260866,-0.2651881022116743,-0.12432296732177764
526.8500000000131,-5.2791735572465,63.139895106245824,-1.3105218064576925,-0.43217069859291246,-0.11978089062565106,-0.19018142896524415
526.9500000000132,-4.689343645840279,62.923156296989596,-0.9523394623057685,-0.5405182613189823,-0.030371888576994577,-0.21192934300348845
527.0500000000131,-4.514544267439749,62.93062734524534,-0.8139142529384324,-0.528645391235846,0.004422010323680135,-0.2037308414173253
527.1500000000133,-4.519682916038415,62.87388007427625,-0.7743818653337697,-0.5505002431195505,0.013860187421579783,-0.20409144463765597
527.2500000000132,-4.597051801634614,62.81780959274116,-0.772995846591613,-0.5709093875832976,0.013860187421579783,-0.20409144463765597
527.3500000000133,-4.54136861254652,61.82393743648336,-0.703696344151857,-1.076292677318498,0.030205894781403824,-0.32230156342760435
527.4500000000132,-4.611587217487735,61.71469666093447,-0.7006757546737193,-1.1085228336612292,0.030205894781403824,-0.32230156342760435
527.5500000000134,-4.951719409967554,61.437888428564605,-0.8399941743249846,-1.2259299326592483,-0.004987727378245287,-0.3430633866184954
527.6500000000133,-5.035743766036868,61.31358011836571,-0.8404929470628086,-1.2602362713210666,-0.004987727378245287,-0.3430633866184954
527.7500000000134,-5.651489449414911,61.343847884175574,-1.1137929836506373,-1.212744958959343,-0.07089287011346948,-0.3231453105592235
527.8500000000133,-5.0301976747226576,61.59603373205401,-0.742175634307805,-1.0495382824325943,0.021153041376825527,-0.2752438636583458
527.9500000000135,-5.662995654646882,61.48035475972753,-1.0266978439103482,-1.0819020383162992,-0.04808173293620671,-0.27642204428992245
528.0500000000134,-6.347412328242957,62.09207278186811,-1.3359686826998802,-0.7284466976151388,-0.12296695568948295,-0.18193080518386973
528.1500000000135,-6.340645642201716,61.861064008413734,-1.275973323446032,-0.8279974088322671,-0.10551231359083552,-0.20173001041554411
528.2500000000134,-6.468770536114156,61.7772556174785,-1.2865245548051059,-0.8481704098738032,-0.10551231359083552,-0.20173001041554411
528.3500000000136,-6.612134220114247,62.53609518230331,-1.3046115954566446,-0.42885339792122146,-0.10738832243626106,-0.09423339743704189
528.4500000000135,-6.743132321271974,62.492738675524045,-1.315350427700261,-0.4382767376649171,-0.10738832243626106,-0.09423339743704189
528.5500000000136,-7.159513179410769,63.27252908866091,-1.4715122500473319,-0.016970582935556335,-0.14241946820704546,0.011552292122709897
528.6500000000135,-7.307376501756402,63.27088979182797,-1.4857541968680235,-0.015815353723286397,-0.14241946820704546,0.011552292122709897
528.7500000000136,-7.892583160486041,62.739280927956,-1.7236667823600973,-0.2890770479165106,-0.1964553079215508,-0.05526939632361789
528.8500000000136,-8.529879848980764,63.03250610092787,-1.9830039428630974,-0.1265371713881501,-0.2547131582347312,-0.014094099947039772
528.9500000000137,-8.261603331617529,62.66421297629243,-1.7684415831663967,-0.312002985566698,-0.19673513178830662,-0.05890400539607684
529.0500000000136,-8.711357844744601,62.826136299511695,-1.9304892990832652,-0.2156998929649689,-0.23175329688579982,-0.033565637519152966
529.1500000000137,-9.007741205570005,62.829165613052936,-2.0060591041406837,-0.20624286000343023,-0.2444037439888786,-0.03044731869758897
529.2500000000136,-9.209569134703832,62.80838909045912,-2.030499478539549,-0.20928759187318635,-0.2444037439888786,-0.03044731869758897
529.3500000000138,-8.614350298323922,63.59270446995965,-1.6440705864077567,0.20615857462868226,-0.14500443331573923,0.07179109035841226
529.4500000000137,-8.779482379131125,63.613679282874294,-1.6585710297393175,0.21333768366451694,-0.14500443331573923,0.07179109035841226
529.5500000000138,-8.705179122064909,63.17130613436077,-1.5414999700220673,-0.020649617317717507,-0.111475047886821,0.012864228099546016
529.6500000000137,-8.859886494306409,63.1693054937695,-1.5526474748107393,-0.019363194507764074,-0.111475047886821,0.012864228099546016
529.7500000000139,-9.189918982348228,63.407053530585046,-1.6531825286812123,0.10597084645058026,-0.13306988618722126,0.043070350920082406
529.8500000000138,-8.968029701135189,63.50261385113411,-1.4661008165634721,0.15445560963522495,-0.08436474389235421,0.053893612102818
529.9500000000139,-9.299250253428967,63.12465067383506,-1.5690364526305856,-0.04393828331993352,-0.1071901865434739,0.0042810577788215745
530.0500000000138,-9.27764413313176,62.761682901274376,-1.4860114840496215,-0.23297591767300596,-0.08413304305279122,-0.042696029273797044
530.150000000014,-9.466257298179249,62.5198539531525,-1.5147267663130342,-0.3501951076238459,-0.08903487853142233,-0.07018345774367846
530.2500000000139,-9.61817514920307,62.484483525101425,-1.5236302541661684,-0.35721345339820737,-0.08903487853142233,-0.07018345774367846
530.350000000014,-10.775892949288773,62.7335415892432,-2.0502462787162723,-0.21593118289908253,-0.2145558868953742,-0.03392212707896705
530.4500000000139,-10.981990356594688,62.71177886031792,-2.0717018674057903,-0.21932339560697614,-0.2145558868953742,-0.03392212707896705
530.550000000014,-11.677584237068993,62.93029046195233,-2.343643935595379,-0.09661936932228553,-0.2751611275827294,-0.002880498125096765
530.650000000014,-11.91332443626623,62.920614122529486,-2.371160048353627,-0.09690741913479495,-0.2751611275827294,-0.002880498125096765
530.7500000000141,-12.201372208912455,62.331353469682334,-2.424103385220186,-0.3972224694832985,-0.281304005407283,-0.07593834931919181
530.850000000014,-12.63624161774949,62.7411580551127,-2.5509382169085146,-0.17028716791349402,-0.3052944467171523,-0.018480209009295374
530.9500000000141,-13.120479064139012,63.198228854387665,-2.698248095398334,0.07332511459032284,-0.33350173498890895,0.041278934041610385
531.050000000014,-14.002907533321029,63.281695706950956,-3.051469594834037,0.11756993808602889,-0.412176850889067,0.051225727144636926
531.1500000000142,-14.017901632463442,63.36766823754866,-2.9428435188992124,0.1609563706021383,-0.3759976438407199,0.060537625815507236
531.2500000000141,-14.314065972572294,63.384066562737935,-2.9804432832832504,0.16701013318368352,-0.3759976438407199,0.060537625815507236
531.3500000000142,-14.025447002356586,63.23878153695,-2.716529533038741,0.08814201499000714,-0.30325731918789633,0.03966279694376267
531.4500000000141,-14.29861624225615,63.24779405243371,-2.746855264957503,0.0921082946843798,-0.30325731918789633,0.03966279694376267
531.5500000000143,-13.724439537197314,64.10919485458244,-2.3329048156721037,0.546186145781182,-0.1941913036283675,0.15125501586222792
531.6500000000142,-13.958700975282452,64.16456974423983,-2.352323946034923,0.561311647367391,-0.1941913036283675,0.15125501586222792
531.7500000000143,-13.776392634696972,64.52042214015172,-2.1570042213656038,0.7312067227667646,-0.14231326357840263,0.18894206560379298
531.8500000000142,-13.717178829220153,64.08771479007551,-2.028837620249873,0.4859283400779912,-0.10770297220666217,0.12422146872821659
531.9500000000144,-14.462107585443379,64.02054673633056,-2.3174312751898376,0.43810660932160606,-0.17480876453505706,0.10955464704157725
532.0500000000143,-14.61122657682332,63.143624514927666,-2.2911945332059482,-0.03770140885471216,-0.1640560386151394,-0.011135935295387436
532.1500000000144,-14.658548548918745,63.26091722029873,-2.213955903328426,0.023847239126278452,-0.14144599400479904,0.004113557214269011
532.2500000000143,-14.880651369221408,63.26332251199743,-2.228100502728893,0.02425859484770498,-0.14144599400479904,0.004113557214269011
532.3500000000145,-13.68205074550045,63.26682117016645,-1.5110186072485314,0.025856275493270374,0.03553721816625274,0.004541117264739616
532.4500000000144,-13.832974920134333,63.2694295033021,-1.5074648854319095,0.026310387219743922,0.03553721816625274,0.004541117264739616
532.5500000000145,-14.558979706440413,63.11968646585367,-1.8080764183387537,-0.053199343544889456,-0.03989169084822852,-0.015165353881987087
532.6500000000144,-14.739986806728364,63.114290704729775,-1.812065587423573,-0.054715878933086784,-0.03989169084822852,-0.015165353881987087
532.7500000000146,-14.554580097153773,63.1979248246951,-1.6278427028934457,-0.01006450124333547,0.005577828181566678,-0.003923270610931876
532.8500000000145,-14.558654859286941,61.960979630136265,-1.5453044444687467,-0.6547218708228271,0.025503456299033646,-0.16176409057023988
532.9500000000146,-14.357993334404782,61.54445486505244,-1.360586013988872,-0.8521981626724597,0.0695045574705001,-0.20590290031108954
533.0500000000145,-14.806393900041911,61.398095191885275,-1.5173521768492249,-0.9045480684580844,0.029237040818317704,-0.21377753892927462
533.1500000000146,-14.651353388841768,62.02923155419194,-1.3571924600338485,-0.5520482618099257,0.0672010789689593,-0.12279063961700097
533.2500000000146,-14.786736629450186,61.973412774812914,-1.3504723521369586,-0.5643273257716146,0.0672010789689593,-0.12279063961700097
533.3500000000147,-14.83950509680614,61.265023238960396,-1.30133413326985,-0.9160100263495374,0.07752883580026171,-0.20591462930253346
533.4500000000146,-14.969250865954008,61.17239266317902,-1.293581249689831,-0.936601489279772,0.07752883580026171,-0.20591462930253346
533.5500000000147,-14.800152574919903,61.33308352660732,-1.1296945478770617,-0.8234211868897651,0.11594629989259153,-0.17299725270680796
533.6500000000146,-14.912542298208043,61.24987642165489,-1.118099917887813,-0.8407209121604301,0.11594629989259153,-0.17299725270680796
533.7500000000148,-14.88078666109383,60.66031426813511,-1.0331390510583112,-1.1192573020023446,0.13367060308188475,-0.23660949204722154
533.8500000000147,-15.32156189149465,60.89496815768007,-1.1944616114927762,-0.9616350875415255,0.09121170792244729,-0.19219627495580327
533.9500000000148,-15.774223260491874,60.87098741561384,-1.3565326150133614,-0.9429926470773262,0.04986174155536328,-0.1829784718975145
534.0500000000147,-14.86131773541997,61.043813661175726,-0.8026770669537702,-0.8196699368967251,0.18486090560818616,-0.14786435972384768
534.1500000000149,-15.049482973072719,61.359008509771236,-0.8399935298736981,-0.6285970408712103,0.1713875909875896,-0.09776640175633335
534.2500000000148,-15.132625388105076,61.29565997367539,-0.8228547707749547,-0.6383736810468347,0.1713875909875896,-0.09776640175633335
534.3500000000149,-15.229473831845807,61.08036100120789,-0.8113497720358137,-0.7281248177992544,0.17051610947059176,-0.11763338942809223
534.4500000000148,-15.309756228501964,61.006960352480895,-0.79429816108877,-0.739888156742053,0.17051610947059176,-0.11763338942809223
534.550000000015,-15.466055903302726,61.80460733087218,-0.8240756196874017,-0.29833768325705634,0.15768254522582748,-0.006862474129074241
534.6500000000149,-15.547675052545264,61.774739250175855,-0.8083073651648334,-0.29902393066996313,0.15768254522582748,-0.006862474129074241
534.750000000015,-15.390335282449746,61.83409196559793,-0.6707380712537228,-0.25348641395696364,0.18710804997938613,0.004393209109793609
534.8500000000149,-15.21287353988329,60.68742702761569,-0.5261749794203773,-0.8375829474052848,0.2176968681908168,-0.13881434129061704
534.950000000015,-15.208086044692692,60.374925731100646,-0.47551174808318813,-0.9695114370526992,0.2246758501381164,-0.16755377809406835
535.050000000015,-14.464096350089177,60.40017801847122,-0.03920076843470399,-0.9212573493195063,0.3264642081349839,-0.15143500474788707
535.1500000000151,-14.278456403490457,60.93453513493288,0.08981276121330156,-0.6118900805485623,0.34973168059663934,-0.07246201518313482
535.250000000015,-14.267726468966156,60.87298381680216,0.1247859292729337,-0.6191362820668692,0.34973168059663934,-0.07246201518313482
535.3500000000151,-14.90995536537862,61.635552028116145,-0.17887182784866415,-0.1986708707128148,0.26753630670483886,0.03183855075066164
535.450000000015,-14.926504866629948,61.61584413379864,-0.1521181971782046,-0.19548701563775153,0.26753630670483886,0.03183855075066164
535.5500000000152,-15.070142833222084,62.18298359898683,-0.18791254803585114,0.11391422552331569,0.25330880882285,0.10696910971813814
535.6500000000151,-15.08766754398154,62.194909867087745,-0.16258166715358918,0.12461113649511978,0.25330880882285,0.10696910971813814
535.7500000000152,-14.945138458185049,61.700275846822,-0.056426720300225816,-0.12748420953325626,0.27283482394860586,0.042978077002491816
535.8500000000151,-14.972230286771307,61.42727779675592,-0.04092940262058563,-0.2589624254545858,0.2699701572909826,0.009713818529818063
535.9500000000153,-15.153011918384554,61.621323204660804,-0.10527619803232732,-0.14416577472005937,0.2479068618531095,0.037425429863899407
536.0500000000152,-15.185504083871745,62.61957353581543,-0.09263460438776192,0.3945257892818346,0.24491868758983845,0.17006337650048162
536.1500000000153,-16.070345516086316,62.97516643490845,-0.5177567475520971,0.5746515025958017,0.13636109187768725,0.20976013227242152
536.2500000000152,-16.121439385382093,63.033680385829335,-0.5041206383643407,0.5956275158230248,0.13636109187768725,0.20976013227242152
536.3500000000154,-16.431352878400638,63.160428763545056,-0.624808087424832,0.6522187298993798,0.10373367782836497,0.21873020145544259
536.4500000000153,-16.493315018753922,63.22674428754221,-0.6144347196420049,0.6740917500449042,0.10373367782836497,0.21873020145544259
536.5500000000154,-15.969744465921627,62.30372135593898,-0.30220892132599064,0.17762081759612963,0.1770806232126568,0.09140492444615413
536.6500000000153,-15.999079954938138,62.32194046232081,-0.2845008590047411,0.18676131004073673,0.1770806232126568,0.09140492444615413
536.7500000000155,-16.099188008429703,62.680404549039935,-0.3040148879045184,0.37156822263263284,0.168088262985999,0.1341804451825773
536.8500000000154,-16.101608484071004,62.574629064073825,-0.273184292726777,0.3101281912919312,0.17149630069458713,0.11584069477804988
536.9500000000155,-16.308834538473914,62.12903291595434,-0.3487773551268831,0.07470097917683914,0.14909511775615666,0.055703954510303695
537.0500000000154,-17.03607032113651,61.14572586963984,-0.6967600088889602,-0.44335810117027136,0.059838654710250946,-0.0741273672414513
537.1500000000156,-17.605902214176812,61.108240411027985,-0.947403607424551,-0.4470349658475199,-0.0021230718985127475,-0.07321820485876271
537.2500000000155,-17.700653190278672,61.063170823418986,-0.9476159146144021,-0.4543567863333895,-0.0021230718985127475,-0.07321820485876271
537.3500000000156,-18.299182423633518,61.171234254910736,-1.2067063807700757,-0.38126246083488774,-0.0647499892445075,-0.053471876308482574
537.4500000000155,-18.42017681165664,61.13284064944575,-1.2131813796945206,-0.38660964846573115,-0.0647499892445075,-0.053471876308482574
537.5500000000156,-19.14640644385902,60.26384324503236,-1.5336221013814684,-0.8285959891859586,-0.14141795621571288,-0.1613161041385156
537.6500000000156,-19.300475743778104,60.180177065593156,-1.5477638970030267,-0.8447275995997955,-0.14141795621571288,-0.1613161041385156
537.7500000000157,-19.438876003487735,60.37981637688869,-1.5531402719045249,-0.7133611925781639,-0.13930034761105,-0.12539970931414293
537.8500000000156,-19.98291032453639,60.08445634585338,-1.7675369720683358,-0.8423544317946988,-0.188024439478155,-0.15393001615992605
537.9500000000157,-20.244576195230405,60.00445737767456,-1.8294218132432511,-0.8551560670523652,-0.1984306141967317,-0.15329912867727533
538.0500000000156,-21.471995698477095,59.62796936383221,-2.3956083575739235,-1.0238178005515879,-0.3328085135392643,-0.19131699027463345
538.1500000000158,-21.751679708840626,59.721882173825065,-2.448610598139989,-0.9408990438718526,-0.3375701680700247,-0.16648197603958897
538.2500000000157,-21.99822861949475,59.62695985955777,-2.482367614946961,-0.9575472414757964,-0.3375701680700247,-0.16648197603958897
538.3500000000158,-21.750915033626505,59.7424635396227,-2.259789510802896,-0.8633817950634003,-0.2753853207973367,-0.13927867088259624
538.4500000000157,-21.978270911310574,59.655428966762024,-2.2873280428826046,-0.8773096621516473,-0.2753853207973367,-0.13927867088259624
538.5500000000159,-21.465795874071663,59.37225885021682,-1.9287858876215958,-0.9921741198237495,-0.18100964415599757,-0.16388293476708662
538.6500000000158,-21.659579511054428,59.272222023560694,-1.9468868520371791,-1.0085624133004432,-0.18100964415599757,-0.16388293476708662
538.7500000000159,-20.92210091344876,58.548095456967296,-1.4862272752355565,-1.347183999299303,-0.06534749010437377,-0.2423481125437459
538.8500000000158,-21.620058662866374,58.82473435841598,-1.7763989101686035,-1.1563531114245027,-0.13428638155961575,-0.18965839006095792
538.950000000016,-21.696151853965866,58.7910520108541,-1.7373838829444588,-1.1324060145475507,-0.12161907472541848,-0.17921091550560705
539.0500000000159,-22.149728475341625,59.050148705335964,-1.8957439066172594,-0.953127301104001,-0.15757776437272658,-0.1303162055725116
539.150000000016,-22.404212851154508,58.90609332746495,-1.9443827376125988,-0.9910394592576672,-0.16551677012575317,-0.1363711369405281
539.2500000000159,-22.599478708766217,58.80630752585457,-1.960934414625159,-1.0046765729517075,-0.16551677012575317,-0.1363711369405281
539.350000000016,-22.558725119929502,59.17984755171944,-1.8559742443913756,-0.7722925126383061,-0.1362557614832355,-0.07640354804673864
539.450000000016,-22.745003823175885,59.102236282715445,-1.8695998205396867,-0.7799328674429731,-0.1362557614832355,-0.07640354804673864
539.5500000000161,-22.530822837982573,59.70707592212144,-1.6730296941551477,-0.42758762593352717,-0.08459743042199128,0.012637330789392207
539.650000000016,-22.698548794550046,59.66438034618207,-1.681489437197339,-0.4263238928545891,-0.08459743042199128,0.012637330789392207
539.7500000000161,-22.292053364846247,60.32395127900848,-1.3948814222216774,-0.06157297739476567,-0.013313000011837342,0.10114800627489526
539.850000000016,-22.48955431748244,59.722170081606656,-1.4261497797607376,-0.3622111046386946,-0.020589301729012584,0.025015523984333737
539.9500000000162,-22.162804822804045,59.25403048547034,-1.187345452135874,-0.5833522173783667,0.037589103031476195,-0.029431952177340695
540.0500000000161,-22.134612556163606,59.17311075720156,-1.106757636442387,-0.5981503028452057,0.05648583601734533,-0.03237131319768309
540.1500000000162,-22.573135384220723,58.761136704020345,-1.269369986256875,-0.7834977370910469,0.015859872636430683,-0.07668970388171889
540.2500000000161,-22.69999308348311,58.6824034817919,-1.2677839989932334,-0.7911667074792118,0.015859872636430683,-0.07668970388171889
540.3500000000163,-23.0768238312473,58.85268926779823,-1.3941650459016424,-0.6710971609835829,-0.014974248650070535,-0.04592485240241856
540.4500000000162,-23.216315207080587,58.78534992743793,-1.395662470766648,-0.6756896462238206,-0.014974248650070535,-0.04592485240241856
540.5500000000163,-23.418084028077306,58.974868724379505,-1.434883038374184,-0.5500664773627919,-0.02536639274545644,-0.014877087536030086
540.6500000000162,-23.56169916387832,58.9197876912056,-1.4374196776487274,-0.5515541861163935,-0.02536639274545644,-0.014877087536030086
540.7500000000164,-23.62219967623671,59.395319701428,-1.3971799478740223,-0.27827464166466825,-0.015032193159659105,0.05202990770710613
540.8500000000163,-24.008906979802358,59.1273427473002,-1.5262476538475134,-0.3983933835987495,-0.04603716725045911,0.02132688372878569
540.9500000000164,-23.514542466970187,59.25079041719705,-1.1987912908766285,-0.31179214435730973,0.03416902898711568,0.0418913829355297
541.0500000000163,-23.348962896269686,59.501734192645316,-1.0460045983627515,-0.15865250726678512,0.07090781911008326,0.07882291759544119
541.1500000000165,-22.96582318386652,59.95998937829223,-0.788988213396265,0.09431824603849805,0.13125140684335163,0.13846768242427068
541.2500000000164,-23.044065748171857,59.970113541308194,-0.7758630727119418,0.10816501428091252,0.13125140684335163,0.13846768242427068
541.3500000000165,-22.842611230684998,58.92341950328134,-0.6205394616399127,-0.4280000310505852,0.16546664458267782,0.004063813480961742
541.4500000000164,-22.90383784362602,58.88063981924372,-0.60399279718166,-0.4275936497024894,0.16546664458267782,0.004063813480961742
541.5500000000166,-23.446097190131173,58.3099475437798,-0.8424326752734458,-0.708800901419871,0.10226599291524431,-0.06633524304768118
541.6500000000165,-23.529829127693866,58.23873577742264,-0.8322060759819306,-0.715434425724633,0.10226599291524431,-0.06633524304768118
541.7500000000166,-23.92872061185795,58.858906322793956,-0.9842129491528506,-0.36380652066390035,0.06307255220985217,0.020902939343884083
541.8500000000165,-23.883316942225843,57.311331268628884,-0.9037636131946237,-1.1495323861882116,0.08109303230215069,-0.17210698728509388
541.9500000000166,-24.306987488245117,57.84766510782992,-1.0668610465996695,-0.8291659455447843,0.03973954853398224,-0.08992131293119357
542.0500000000166,-24.219412605175155,58.45097774442173,-0.9612807914574677,-0.4753476990845976,0.06473049584065516,3.571406227907692e-05
542.1500000000167,-24.669756122275295,58.65723389314533,-1.1366112049991317,-0.3440421941023765,0.020834740090874798,0.031989372346796406
542.2500000000166,-24.78331306907465,58.62298962059686,-1.1345277309900461,-0.3408432568676998,0.020834740090874798,0.031989372346796406
542.3500000000167,-24.57348946279174,58.14820720909859,-0.9677977779831936,-0.566119621387049,0.060358630382809635,-0.023698879508434276
542.4500000000166,-24.66996744743806,58.09147675256239,-0.961761914944918,-0.5684895093378902,0.060358630382809635,-0.023698879508434276
542.5500000000168,-25.006299757816226,58.16186175317478,-1.0830674858908116,-0.5051842164931941,0.0287287572445786,-0.007763047105897558
542.6500000000167,-25.114462862618986,58.111304516289984,-1.0801946101663564,-0.5059605212037832,0.0287287572445786,-0.007763047105897558
542.7500000000168,-25.490654424953686,58.49830436090909,-1.2149948676718472,-0.2801800456726348,-0.004531233447058934,0.04740449284328639
542.8500000000167,-24.502192433184423,58.20280068295004,-0.641991356004601,-0.41499919224671367,0.13484931498469335,0.013213283341431958
542.9500000000169,-24.456365735120016,58.15072734306334,-0.5724028943425135,-0.4191852790163703,0.14840063001793175,0.011872462025465907
543.0500000000168,-24.579460919080134,57.863432570263214,-0.5924313489904951,-0.5476752275593666,0.13982441688183625,-0.02028035284272954
543.1500000000169,-24.835283693368297,57.171854611540056,-0.6796111289156451,-0.8791129461748017,0.11539918264978286,-0.10044554287538303
543.2500000000168,-24.90266781034655,57.08344108920828,-0.6680712106506773,-0.8891575004623309,0.11539918264978286,-0.10044554287538303
543.350000000017,-25.296624662544396,58.189369159993184,-0.8222061279028762,-0.2768167538168543,0.07590804738986012,0.05187898781066323
543.4500000000169,-25.37846573509766,58.16194687955058,-0.8146153231638971,-0.27162885503579265,0.07590804738986012,0.05187898781066323
543.550000000017,-25.664763628549053,58.30805898298569,-0.9146913155552536,-0.17723742900995748,0.04937947205857374,0.07351947036791166
543.6500000000169,-25.755985862744204,58.290702837436555,-0.9097533683494008,-0.169885481973173,0.04937947205857374,0.07351947036791166
543.750000000017,-26.451044809118265,58.115917621498355,-1.214898134921565,-0.24441274988023273,-0.02553237117425368,0.05358153314703821
543.850000000017,-26.55824651705814,58.62999076790814,-1.2100036822833697,0.04152477564066245,-0.02372218533053079,0.12232168704325402
543.9500000000171,-26.376031143525772,58.95829098636385,-1.0567482738333054,0.2212319146457532,0.013868301310393037,0.16309471864477781
544.050000000017,-26.03370597066548,58.97856076173462,-0.8208358332748263,0.23613126459827052,0.07155190120131893,0.16274508593668802
544.1500000000171,-26.282653567930865,58.64348917784745,-0.8994299958845555,0.06641459115149295,0.050848045628840155,0.11748224392823994
544.250000000017,-26.372342327291094,58.650718048182235,-0.8943451913216761,0.07816281554430626,0.050848045628840155,0.11748224392823994
544.3500000000172,-26.28934384225246,59.89080897103191,-0.798628401863814,0.7307102381534216,0.07323475243998394,0.2742042712779555
544.4500000000171,-26.36884050867657,59.96525101620357,-0.7913049266198223,0.7581306652811922,0.07323475243998394,0.2742042712779555
544.5500000000172,-26.059689567469484,59.4763781179512,-0.5847741386655737,0.4904256759319235,0.12139549130211595,0.20188330400276405
544.6500000000171,-26.11756000387948,59.52643010206436,-0.5726345895353732,0.5106140063321816,0.12139549130211595,0.20188330400276405
544.7500000000173,-26.546829561514993,58.87761979565592,-0.7516832602932826,0.16796692550627335,0.07520697024036065,0.11353133756662252
544.8500000000172,-27.331643887092085,59.42063905849544,-1.1109847852278547,0.4533356299958272,-0.013950394679608596,0.1806634020303482
544.9500000000173,-27.243707452393696,59.101610929647954,-1.0102279045753761,0.28232649956806266,0.010723504569966423,0.13463156739106366
545.0500000000172,-27.029374035891646,58.5097161491645,-0.8440707785741374,-0.0322136016541927,0.051327531239894114,0.05330479247054423
545.1500000000174,-27.641147691468294,58.313705406048896,-1.109496985996565,-0.12676310171490074,-0.013997902301734422,0.028997985698217082
545.2500000000173,-27.752167379579358,58.30117408580591,-1.1108967762267372,-0.12386330314508166,-0.013997902301734422,0.028997985698217082
545.3500000000174,-27.900532649531606,57.83789123789837,-1.132254981000222,-0.3548807881340548,-0.019006105897448087,-0.028052180762310645
545.4500000000173,-28.01385317816101,57.80226289818118,-1.134155591589965,-0.35768600621028335,-0.019006105897448087,-0.028052180762310645
545.5500000000175,-27.924613000375086,57.18562055622491,-1.0310216393172682,-0.6615262433959793,0.006587374286001533,-0.10144041305488607
545.6500000000174,-28.02768222743529,57.1189607298201,-1.0303629018886686,-0.6716702847014587,0.006587374286001533,-0.10144041305488607
545.7500000000175,-28.954576699753886,57.21264009878477,-1.4524436937752683,-0.5982840415416547,-0.0955408513172021,-0.0811004333805247
545.8500000000174,-28.688352329231556,57.67683180851389,-1.2491718345667397,-0.33301932746617857,-0.043812795468611006,-0.014125364086642209
545.9500000000176,-28.777068357211032,57.21061531994943,-1.2348674879135968,-0.5584888296403251,-0.03929944654936757,-0.06867370482849233
546.0500000000175,-29.256278361480224,57.165109575479946,-1.424942605653667,-0.5597099278989991,-0.08508345992982108,-0.06727373973921552
546.1500000000176,-29.047740689908068,56.78831612556177,-1.253227768948894,-0.7322449396328433,-0.0415692568880668,-0.10762471137875904
546.2500000000175,-29.173271313087284,56.71455350804166,-1.257384694637697,-0.7430074107707094,-0.0415692568880668,-0.10762471137875904
546.3500000000176,-29.19611216595409,57.57046577620662,-1.2077764800182758,-0.26860104609062685,-0.028395277751878945,0.011235485014575039
546.4500000000176,-29.317031790344565,57.543661849022655,-1.2106160077934611,-0.2674774975891704,-0.028395277751878945,0.011235485014575039
546.5500000000177,-29.67776690942101,56.10116646595389,-1.343226675769031,-1.0051411852348275,-0.06124778688549173,-0.16994302413914397
546.6500000000176,-29.81239581593222,55.9998026323098,-1.3493514544575747,-1.0221354876487265,-0.06124778688549173,-0.16994302413914397
546.7500000000177,-29.55308445912294,55.63361598221286,-1.1530307445932702,-1.1753447326966033,-0.012339660028349728,-0.203111942241766
546.8500000000176,-30.440242081966748,55.51033908048444,-1.5529998968911722,-1.198119968641205,-0.1092535774053333,-0.20371561672338645
546.9500000000178,-30.203361135087462,55.40333491064894,-1.3624340541144577,-1.2113344416509129,-0.060585147332001134,-0.2019731700658746
547.0500000000177,-30.053888379980464,54.477570923439714,-1.2187399241258625,-1.6561289727422372,-0.023752190688185813,-0.30724993553573343
547.1500000000178,-30.01974016060342,54.11533619182453,-1.1410478943454043,-1.7877840257330653,-0.0044202575191617036,-0.33181228996614437
547.2500000000177,-30.13386705132545,53.93489872780156,-1.14148992009732,-1.8209652547296495,-0.0044202575191617036,-0.33181228996614437
547.3500000000179,-30.120887644012345,54.3421264600847,-1.0769764394480736,-1.5471550468623507,0.011210635194284073,-0.25683256623415274
547.4500000000178,-30.228529234781085,54.186126792567435,-1.0758553759286462,-1.5728383034857427,0.011210635194284073,-0.25683256623415274
547.5500000000179,-29.648524693367236,54.61629424154461,-0.7163352169378282,-1.2932724787662184,0.09902268591290617,-0.18240247270738819
547.6500000000178,-29.719663101631387,54.48605498130457,-0.7064329483465466,-1.3115127260369406,0.09902268591290617,-0.18240247270738819
547.750000000018,-30.324884791467955,55.07474505991382,-0.9710775438816024,-0.9566300081221141,0.03269582945931995,-0.09154544311037226
547.8500000000179,-30.78467409456319,55.35525515300419,-1.155266395879644,-0.7694528779183245,-0.012866568593842144,-0.043445436988292334
547.950000000018,-31.223683589173646,55.51727084111643,-1.3224849911535357,-0.6499894186135925,-0.05294597117284712,-0.013303454518197078
548.0500000000179,-30.71074443176783,54.99918744931446,-0.9898364000468003,-0.8906741729302216,0.03017407537492514,-0.07265018862372512
548.150000000018,-30.91210936798652,54.724994036338884,-1.0393962779792543,-0.9935285960047632,0.0174794894671833,-0.09591284039607782
548.250000000018,-31.015961598337018,54.625161612536516,-1.0376483290325376,-1.0031198800443621,0.0174794894671833,-0.09591284039607782
548.3500000000181,-30.76545722092235,54.52588567267183,-0.852361680214649,-1.0125100628795591,0.06220805049917584,-0.0959900018187847
548.450000000018,-30.850382348691245,54.42415471637488,-0.846140875164737,-1.022109063061429,0.06220805049917584,-0.0959900018187847
548.5500000000181,-31.67588923581597,55.017647634111725,-1.2277656254799956,-0.6670565949120458,-0.033135209191654254,-0.006263896287199304
548.650000000018,-31.798831474409816,54.95091065513915,-1.231079146399158,-0.6676829845407652,-0.033135209191654254,-0.006263896287199304
548.7500000000182,-31.722478260304424,54.89951683960251,-1.1319639124137522,-0.6603340264810103,-0.008389789698725138,-0.004321865191316808
548.8500000000181,-30.93567835783719,55.470415509862,-0.6678116488251921,-0.32873235913220034,0.10462788321107395,0.07702430802934428
548.9500000000182,-31.204984669224242,55.475417102813736,-0.7615240804249733,-0.3016237878986891,0.07946527366247715,0.0817488777702313
549.0500000000181,-31.296625599199576,55.36361953693923,-0.7618949972821412,-0.33679724309593645,0.07741952640347372,0.07100087192981373
549.1500000000183,-30.968333028425363,54.96724027665042,-0.5469379096062977,-0.5175281347968153,0.12745083383176548,0.025290296682686307
549.2500000000182,-31.022389565216788,54.915613914654195,-0.5341928262231328,-0.514999105128549,0.12745083383176548,0.025290296682686307
549.3500000000183,-30.99814752381718,54.96543343118749,-0.4810818484995922,-0.45780590636167584,0.1373841389846231,0.03909357673757919
549.4500000000182,-31.045568787972176,54.91984830843505,-0.46734343460114236,-0.45389654868792145,0.1373841389846231,0.03909357673757919
549.5500000000184,-31.214972221519705,55.04931992508889,-0.5203632960429541,-0.35743537705125344,0.12049879560318466,0.06209846161332781
549.6500000000183,-31.26640605714594,55.01388687969186,-0.5083134164826466,-0.3512255308899263,0.12049879560318466,0.06209846161332781
549.7500000000184,-31.607121660975217,54.64363692363555,-0.6453126427311053,-0.5186667399240019,0.08449052183552605,0.01981369081774395
549.8500000000183,-32.54878757982862,54.5392875615852,-1.090240292056812,-0.544095406681302,-0.02570419812127933,0.013098407127917482
549.9500000000185,-32.29362893606021,54.19333024696821,-0.9058985270214762,-0.6937360106351655,0.019442798743836046,-0.023651605364117208
550.0500000000184,-32.65351717454001,54.07108744366164,-1.045003238214129,-0.7239724101655554,-0.015249419094966223,-0.0305621403219312
550.1500000000185,-32.797075201562116,54.60814981666933,-1.0665174109554572,-0.4116377234937615,-0.020075742967645804,0.04619143666407891
550.2500000000184,-32.903827321372404,54.567217001503316,-1.0685249852522198,-0.4070185798273578,-0.020075742967645804,0.04619143666407891
550.3500000000186,-33.0922821068868,54.38818331082679,-1.112543419838184,-0.47336390682002544,-0.030266210163260882,0.029077301901443923
550.4500000000185,-33.20368777992133,54.340992306654336,-1.1155700408545073,-0.4704561766298837,-0.030266210163260882,0.029077301901443923
550.5500000000186,-33.556753088395965,54.31019571558685,-1.2409410738056401,-0.46217745416982603,-0.05949453149616897,0.029732164273494427
550.6500000000185,-33.681144668433895,54.26412663099128,-1.2468905269552517,-0.4592042377424793,-0.05949453149616897,0.029732164273494427
550.7500000000186,-33.80735186675611,54.17415148382994,-1.2534663088811924,-0.47911443555994365,-0.05964584416539804,0.02415995553987306
550.8500000000186,-34.30528752097534,53.55767259671038,-1.451769341534545,-0.7731466031186498,-0.10639434573115175,-0.04846795076121231
550.9500000000187,-34.305457400293726,53.75795155701656,-1.3877390489999806,-0.634174626367114,-0.0883585288666656,-0.013454197254708741
551.0500000000186,-34.18518353937089,53.727186648187434,-1.2607124733790651,-0.6182323544651189,-0.054941990894741145,-0.00916780017859381
551.1500000000187,-34.118000738756265,53.92795713791537,-1.1669674084457518,-0.4832691468941032,-0.03098104747026084,0.023899974018381814
551.2500000000186,-34.234852384838085,53.87974972309609,-1.170065513192775,-0.48087914949226723,-0.03098104747026084,0.023899974018381814
551.3500000000188,-35.67167626331857,54.04390206509759,-1.8520405184405175,-0.3696619554683839,-0.19536476670088831,0.050186837399860185
551.4500000000187,-35.85785713899595,54.00718680373779,-1.8715769951105885,-0.36464327172840244,-0.19536476670088831,0.050186837399860185
551.5500000000188,-35.44163199590679,54.63278800841608,-1.5798501678407864,-0.009478959223182752,-0.11991537490445033,0.13710445224048295
551.6500000000187,-35.60021658956524,54.63252563475496,-1.5918417053312204,0.004231486000853074,-0.11991537490445033,0.13710445224048295
551.7500000000189,-36.13946693985785,54.69904769281841,-1.7985380155697837,0.05180543881172879,-0.16695344818196875,0.14535036042129518
551.8500000000188,-35.92478955253763,54.9045777553037,-1.610973476210345,0.17040065761097484,-0.11730740183589158,0.17084444047766328
551.9500000000189,-35.76872041046899,55.3050933291589,-1.4596789966200523,0.3855448608720447,-0.07793009161894429,0.21906356723366677
552.0500000000188,-35.08723503890469,54.70801791994989,-1.0340335644540233,0.07103410028396538,0.028677837388579763,0.13565061777384935
552.150000000019,-35.10583760290544,54.56420719969643,-0.9877544630162225,0.00617087485471195,0.03915933518694545,0.11656429801459256
552.2500000000189,-35.20441725253104,54.56540710867198,-0.9838385294975315,0.017827304656160607,0.03915933518694545,0.11656429801459256
552.350000000019,-35.38550909209519,54.40450324505516,-1.0211535680830799,-0.055733521194922045,0.02947942785316872,0.09566343776420301
552.4500000000189,-35.48747705176414,54.3994082101245,-1.0182056252977656,-0.046167177418510445,0.02947942785316872,0.09566343776420301
552.550000000019,-36.01303112473907,53.37874881766437,-1.236402790434919,-0.5705213542079647,-0.02474331093465111,-0.03603523551826152
552.650000000019,-36.136795120337126,53.32151650606603,-1.238877121528382,-0.5741248777597876,-0.02474331093465111,-0.03603523551826152
552.7500000000191,-36.30083137674325,54.02422534780708,-1.2618882401073994,-0.18413196933380022,-0.02970472457128445,0.059807170353730836
552.850000000019,-36.074675945063156,53.590286783724075,-1.082748611373726,-0.39491391952523086,0.014557743118870582,0.006701701527010641
552.9500000000191,-36.583139452820795,53.375490191776635,-1.2866495228516892,-0.48500593032604933,-0.035044360976961245,-0.015395028901385392
553.050000000019,-36.32997013301327,52.03381783860158,-1.0901430688755738,-1.1697588681599183,0.014150045279191281,-0.18479439887003987
553.1500000000192,-36.42953283537005,52.516186768423196,-1.0839176729249271,-0.8776814587565952,0.015311496020130268,-0.10921723736243089
553.2500000000191,-36.53784804518234,52.42787253636081,-1.0823865233229155,-0.8886031824928283,0.015311496020130268,-0.10921723736243089
553.3500000000192,-36.41950354675141,52.18921085094883,-0.9636127191081153,-0.9781748869200084,0.04385510548460755,-0.128667587889565
553.4500000000191,-36.51564554313471,52.09075002431748,-0.9592272085596585,-0.9910416457089533,0.04385510548460755,-0.128667587889565
553.5500000000193,-36.954290627412675,52.73458378478801,-1.1313596173797191,-0.6148182617163221,0.0010910215367774768,-0.03301242262388906
553.6500000000192,-37.06742113404286,52.67293689650331,-1.1312505152260415,-0.6181195039787081,0.0010910215367774768,-0.03301242262388906
553.7500000000193,-37.151774186824994,53.14556414576002,-1.116381264753063,-0.34466431688264854,0.004656876284100235,0.03437894547608806
553.8500000000192,-37.51629673447045,53.14606218768253,-1.246576545385149,-0.3230896026967035,-0.027100707991441403,0.03882235043249536
553.9500000000194,-36.82130052127152,52.724269071599856,-0.8286884434172868,-0.5209200968988199,0.07449108712281173,-0.010286119144643828
554.0500000000193,-37.6304339505275,53.38660460490171,-1.2016888353658253,-0.14444998296353206,-0.01908375416983356,0.08331281063661952
554.1500000000194,-37.49268333155053,52.79538409564629,-1.071290202914473,-0.4347365138630964,0.012861270427152703,0.010641135046902395
554.2500000000193,-37.59974804548975,52.751963649935256,-1.070004075871759,-0.43367240035840715,0.012861270427152703,0.010641135046902395
554.3500000000195,-36.77713228043053,52.95461919665578,-0.5908506515334178,-0.3037152351700709,0.128502911075188,0.04236373374897669
554.4500000000194,-36.835574831028445,52.924459491807546,-0.5780003604259106,-0.2994788617951771,0.128502911075188,0.04236373374897669
554.5500000000195,-38.39310516008357,52.77079172652762,-1.343629973163468,-0.35414197978336276,-0.06145050773253402,0.029179674436961817
554.6500000000194,-38.52777540993846,52.735523426921496,-1.349775023936716,-0.3512240123396692,-0.06145050773253402,0.029179674436961817
554.7500000000196,-38.294846216975216,52.10525514296867,-1.1669890528421847,-0.6564794725008747,-0.015807295573016703,-0.04586186640996763
554.8500000000195,-37.00952988821023,51.493074044524946,-0.4441988322146421,-0.9458451887303744,0.1602534806749062,-0.1156310320349011
554.9500000000196,-37.5384338728945,50.8061753990759,-0.6771522420658281,-1.2637140003141083,0.10011484812718952,-0.19020344309476905
555.0500000000195,-37.3876315846628,50.41753896395992,-0.5529923851402372,-1.4208009812063054,0.12819062634669887,-0.2244363783015108
555.1500000000196,-37.30395382260427,50.33017600961089,-0.46923622930910625,-1.4143554191098913,0.1453181181062737,-0.21740589826648066
555.2500000000196,-37.35015085494461,50.1876534382087,-0.4547044174984921,-1.4360960089365196,0.1453181181062737,-0.21740589826648066
555.3500000000197,-38.177185816860664,49.75088201513793,-0.8430565036501434,-1.6099755997469847,0.04766748853748353,-0.25465448430228294
555.4500000000196,-38.261253129782915,49.58861118274187,-0.8382897547963993,-1.6354410481771897,0.04766748853748353,-0.25465448430228294
555.5500000000197,-39.61455451195075,49.652698020044404,-1.4939576129441832,-1.5427396152610309,-0.1138361243567722,-0.22595481306316195
555.6500000000196,-39.76451945386681,49.497294284453126,-1.50534122537985,-1.5653350965673265,-0.1138361243567722,-0.22595481306316195
555.7500000000198,-40.31996171327677,49.381341881602545,-1.7241916451481232,-1.566337494389321,-0.16395733478331898,-0.2206968053598517
555.8500000000197,-41.060335489541444,48.91746799311119,-2.0335890695675687,-1.747991358538095,-0.2351723733431656,-0.25979391094777593
555.9500000000198,-41.957057817694235,48.90280373697337,-2.412237555081074,-1.6904062682660117,-0.3209512077264227,-0.23944951420946564
556.0500000000197,-42.067172715046254,48.59141163657186,-2.3748470517422806,-1.7889307978616,-0.30386061820783783,-0.257941149340081
556.1500000000199,-41.894137458754415,48.45532314680799,-2.193944239468366,-1.79191215653528,-0.25284572195425503,-0.25238943354871246
556.2500000000198,-42.114796111310824,48.27486998398688,-2.219228811663769,-1.8171510998901284,-0.25284572195425503,-0.25238943354871246
556.3500000000199,-41.454054414369935,49.00040589150269,-1.7891728671329812,-1.3714655621551493,-0.14245657987386862,-0.13758831230483964
556.4500000000198,-41.63368398398244,48.86257139372577,-1.8034185251203552,-1.3852243933856208,-0.14245657987386862,-0.13758831230483964
556.55000000002,-42.093035461138726,48.97519746308812,-1.9692493428400195,-1.2688594873698331,-0.18099971365673498,-0.10595844862922582
556.6500000000199,-42.29086539399083,48.84778172210811,-1.9873493142056766,-1.279455332232746,-0.18099971365673498,-0.10595844862922582
556.75000000002,-42.73521745357903,48.573361590963486,-2.1310113751467545,-1.3656045652585393,-0.21133383791554047,-0.12435602011360128
556.8500000000199,-42.88090623091611,48.126245203895465,-2.116771263087579,-1.5396039250231228,-0.2027361917281984,-0.1639381087207373
556.95000000002,-43.337829344024,47.33087964458616,-2.2623498266352913,-1.8875898606994894,-0.23300250066621614,-0.24466668660418012
557.05000000002,-44.48830862612469,46.9392866093851,-2.7689519651043937,-2.0185786120344815,-0.351874775239162,-0.27107830670691946
557.1500000000201,-44.61232960854289,46.43431866138546,-2.7248451629090447,-2.201803151076438,-0.3327294725311297,-0.3090708923142479
557.25000000002,-44.8864777721962,46.21259299181645,-2.7581181101621275,-2.2327102403078345,-0.3327294725311297,-0.3090708923142479
557.3500000000201,-44.58972215486359,46.476757893809676,-2.4960846665420298,-2.009908328312175,-0.2612444818909312,-0.24716878496898598
557.45000000002,-44.840636843927015,46.2745312170538,-2.522209114731099,-2.0346252068090513,-0.2612444818909312,-0.24716878496898598
557.5500000000202,-45.1863759552439,45.852182534703154,-2.5911446390072865,-2.1747424857723003,-0.27060135301095356,-0.27586844809174693
557.6500000000201,-45.44684342590945,45.633328943885665,-2.6182047743083574,-2.20232933058145,-0.27060135301095356,-0.27586844809174693
557.7500000000202,-46.26481843462716,45.33362653056618,-2.92993424264437,-2.2703422425065782,-0.3393736627913421,-0.28571236744046014
557.8500000000201,-46.51891889375674,44.56854738989972,-2.9429014809934047,-2.5786430753406893,-0.3342768032327921,-0.3542443316164052
557.9500000000203,-47.037785534241145,44.65283361588264,-3.090692050816126,-2.436040141678066,-0.3619001549041987,-0.3109022403151016
558.0500000000202,-47.09786185832044,44.4119512453732,-2.995568032458945,-2.464871036784899,-0.32960233389132393,-0.31034205095580003
558.1500000000203,-47.53339022350849,44.06610243564937,-3.0974077978313637,-2.5465085127767555,-0.3462330353098209,-0.3226568705647576
558.2500000000202,-47.84486216846789,43.8098383000191,-3.132031101362314,-2.578774199833202,-0.3462330353098209,-0.3226568705647576
558.3500000000204,-48.25029467359235,42.311622996412055,-3.21312222757265,-3.2554767212515725,-0.35746605692365635,-0.48026348109069145
558.4500000000203,-48.57339422663394,41.98367400688174,-3.248868833264983,-3.303503069360598,-0.35746605692365635,-0.48026348109069145
558.5500000000204,-49.77570051090635,42.21732156255489,-3.7406470317887117,-3.053949068318478,-0.46910885319685175,-0.40684324338456357
558.6500000000203,-50.15211075835086,41.9098924395064,-3.787557917108354,-3.094633392656897,-0.46910885319685175,-0.40684324338456357
558.7500000000205,-50.54141249261639,41.26826177907963,-3.8386764367047608,-3.30622256357313,-0.47012536145515926,-0.4484593006970703
558.8500000000204,-51.14719166010099,41.46797013158861,-3.9991218132317377,-3.073446683505363,-0.4976955917694393,-0.3804437306153442
558.9500000000205,-51.785055820712934,41.12939053907193,-4.169697425624696,-3.1266748134699816,-0.5268752330554017,-0.3841403295693546
559.0500000000204,-51.71927047614081,41.20939040511689,-3.968246818496701,-2.95660617408175,-0.4643677644415365,-0.33244808884586335
559.1500000000206,-51.73457895474268,40.310594498478046,-3.81785597505156,-3.3010308718785497,-0.41684448309738387,-0.40817687336942987
559.2500000000205,-52.11844877466297,39.97845052692365,-3.8595404233612607,-3.3418485592154554,-0.41684448309738387,-0.40817687336942987
559.3500000000206,-51.999343568697974,39.332109367291636,-3.639627846479182,-3.543049031487071,-0.35334986942216434,-0.4471960223300194
559.4500000000205,-52.36507310269267,38.975568484031605,-3.674962833421366,-3.5877686337200325,-0.35334986942216434,-0.4471960223300194
559.5500000000206,-51.7673637360289,38.98465282851072,-3.208605346526842,-3.4368188425418666,-0.23094029816236777,-0.3986541086479676
559.6500000000206,-52.0893789721721,38.638977673713605,-3.2316993763430575,-3.4766842534066273,-0.23094029816236777,-0.3986541086479676
559.7500000000207,-51.87398488541527,38.50164055186747,-2.977863075342592,-3.4066324878136074,-0.16403762798195104,-0.37188880850172973
559.8500000000206,-52.56280853054024,37.302290287181314,-3.19586666867141,-3.8904719944801567,-0.21303713941405195,-0.4813153586968399
559.9500000000207,-52.984812756087265,37.37048189977357,-3.2691698648890504,-3.7006730795549143,-0.2255971577201139,-0.4233894144688796
560.0500000000206,-53.33871998412267,37.719564260934355,-3.305270429451828,-3.361927008462034,-0.22892764645610733,-0.32890128275639635
560.1500000000208,-53.67445588640086,37.08557945715362,-3.3302472787326343,-3.5480329397945307,-0.22943084077668893,-0.3661879036105123
560.2500000000207,-54.0086277684777,36.72894522365644,-3.3531903628102824,-3.5846517301555485,-0.22943084077668893,-0.3661879036105123
560.3500000000208,-53.167308907648156,36.16442266133733,-2.768908438527782,-3.727237775594229,-0.08211096161691207,-0.3920435520602684
560.4500000000207,-53.44461030630877,35.78973866601795,-2.7771195346894655,-3.76644213080022,-0.08211096161691207,-0.3920435520602684
560.5500000000209,-53.48153793944567,35.88521979962403,-2.663403247226434,-3.5518097595095353,-0.05305643873758126,-0.328383915204581
560.6500000000208,-53.74814354636176,35.528396904097384,-2.6687088911001875,-3.5846481510299637,-0.05305643873758126,-0.328383915204581
560.7500000000209,-53.915274708468836,35.240480276450825,-2.6227018438403,-3.580114831013092,-0.04065997771845206,-0.3192837444350037
560.8500000000208,-54.72708943110846,35.16127151643847,-2.910576743179141,-3.4658755793425757,-0.10964067814989442,-0.28347360973156355
560.950000000021,-55.24034828735578,33.820627859539094,-3.0352612872870077,-4.008051614464697,-0.1371088605526628,-0.4085690358194222
561.0500000000209,-54.53931288184175,33.343194601863,-2.522649225520993,-4.088316027966054,-0.007655184767864753,-0.4183399317224507
561.150000000021,-54.66715674445741,33.48171217153067,-2.4595934647980715,-3.8458896542004877,0.007754220725409362,-0.3491622861114856
561.2500000000209,-54.91307731983336,33.09537739468041,-2.458818042725531,-3.8808058828116043,0.007754220725409362,-0.3491622861114856
561.350000000021,-55.125572373866966,33.17691453902126,-2.440408517148111,-3.6693702671935524,0.01212678037701681,-0.28867051659225484
561.450000000021,-55.36955259167967,32.80853415971928,-2.4391958391104107,-3.6982373188527515,0.01212678037701681,-0.28867051659225484
561.5500000000211,-56.00704205614157,33.75544500497632,-2.642104314676708,-3.0342730748897013,-0.037654586196438654,-0.11767289662638494
561.650000000021,-56.27144076053999,33.4514293330045,-2.6458697732963485,-3.0460403645523293,-0.037654586196438654,-0.11767289662638494
561.7500000000211,-55.59539530732913,32.996451482183005,-2.1668989914312973,-3.135349284994904,0.07896804371206212,-0.13655461364764188
561.850000000021,-55.42808915189847,32.69175284287125,-1.9608203800480362,-3.144042610157098,0.12713679312400725,-0.1353389219753162
561.9500000000212,-55.93709707691779,32.21211413314696,-2.1089814673826788,-3.2427580391774296,0.08827890597548696,-0.15607700293452603
562.0500000000211,-55.20509677669532,32.55271433398174,-1.606705961152091,-2.906662682726009,0.2096466098070718,-0.06887398088987685
562.1500000000212,-55.20232858218665,32.42769617544438,-1.5024693379458802,-2.8276717168901335,0.22975230885045192,-0.04797460934103728
562.2500000000211,-55.35142675443685,32.144689130708926,-1.4794941070608558,-2.832469177824233,0.22975230885045192,-0.04797460934103728
562.3500000000213,-54.99335614054418,31.216245041361354,-1.1962088537316504,-3.171827127709218,0.2929099735234983,-0.12958695047054108
562.4500000000212,-55.111512476049626,30.89841439383837,-1.1669178563793272,-3.18478582275626,0.2929099735234983,-0.12958695047054108
562.5500000000213,-56.39116131809973,31.31201730822989,-1.74318855493106,-2.818853857637532,0.1448482031708521,-0.03742406584070586
562.6500000000212,-56.56475593257683,31.029944802137187,-1.728703734613988,-2.822596264221599,0.1448482031708521,-0.03742406584070586
562.7500000000214,-56.719849537734106,30.71390357220013,-1.7054692419271795,-2.8437300196545587,0.14696200718433977,-0.04165893328261696
562.8500000000213,-57.02103246378344,30.922252839050557,-1.7586437984307033,-2.590939027031258,0.13046579319622306,0.021293862377654273
562.9500000000214,-56.91338372495062,30.714061050604364,-1.6004736843742708,-2.5625158260531107,0.16551910859756272,0.02769528784086069
563.0500000000213,-57.291225714625625,30.147614323870087,-1.6983870547882136,-2.723712698917811,0.13736538383227004,-0.012959365177786602
563.1500000000215,-57.143106421507895,30.0376697419653,-1.521957602372958,-2.6409415566273164,0.17664697007808117,0.007499211752912956
563.2500000000214,-57.29441894689466,29.77361308236157,-1.504292905365166,-2.640191635452026,0.17664697007808117,0.007499211752912956
563.3500000000215,-57.117151938603,29.98507013597875,-1.3186348617937118,-2.390867004663782,0.21729716814144578,0.06855672490915943
563.4500000000214,-57.24792893894155,29.746326219137135,-1.296905144979587,-2.384011332172872,0.21729716814144578,0.06855672490915943
563.5500000000216,-57.15647791613596,30.59069251459286,-1.160671901437523,-1.807980924138172,0.2453072684168132,0.2090899431205047
563.6500000000215,-57.27131856993753,30.410939871894808,-1.136141174595864,-1.7870719298261404,0.2453072684168132,0.2090899431205047
563.7500000000216,-57.04365411582944,29.77930963663317,-0.9371293373276296,-2.0011754632295697,0.287459574916244,0.15186339268376634
563.8500000000215,-56.714267733528466,30.851167803371425,-0.6905380300823509,-1.323324175364065,0.3404076139973628,0.31421207209655344
563.9500000000216,-56.506691098895935,30.91358463412586,-0.5154434973693499,-1.191906374139518,0.3744779137827007,0.33855698931305445
564.0500000000216,-56.15377554304499,30.277634535478203,-0.2672106634782588,-1.4319776479842519,0.42632231590632913,0.2706381600975994
564.1500000000217,-55.97527477094649,30.298374611357282,-0.12043615937767624,-1.320798553011066,0.4514670721101977,0.291108467025289
564.2500000000216,-55.9850610515237,30.167750298391418,-0.07528945216669752,-1.2916877063085634,0.4514670721101977,0.291108467025289
564.3500000000217,-56.233292022598945,29.19391071245617,-0.15653554543035564,-1.7027539016010047,0.4205607449610045,0.18345955390114452
564.4500000000216,-56.246842773417164,29.024552620065727,-0.11447947093429345,-1.684407946210907,0.4205607449610045,0.18345955390114452
564.5500000000218,-56.0017711751705,28.247404863417987,0.06189244561040753,-1.9785924431301218,0.4538343683801197,0.10803423165607423
564.6500000000217,-55.993312758767566,28.050085790263434,0.10727588244837821,-1.9677890199645243,0.4538343683801197,0.10803423165607423
564.7500000000218,-56.93263104760145,27.752932475561085,-0.33597468374559236,-2.009227529566142,0.3357869177907703,0.09531309874678504
564.8500000000217,-57.87496334272608,27.949740101402032,-0.7727475904466274,-1.7926141063856833,0.22146639248991784,0.1460468937005916
564.9500000000219,-57.03176228112164,28.704416718273652,-0.27891307625195416,-1.2949445233441876,0.3353984565169108,0.2636526478013915
565.0500000000218,-57.232473397261316,28.858310203923843,-0.33673551609312746,-1.1195462614381297,0.31292711314474014,0.30060463751122074
565.1500000000219,-57.256848803162384,28.45754908756786,-0.30147715200866076,-1.2396811926628937,0.3138846049459692,0.26405306362152586
565.2500000000218,-57.2854270953385,28.33490123361979,-0.27008869151409237,-1.213275886300765,0.3138846049459692,0.26405306362152586
565.350000000022,-56.3298759940879,28.58300394066476,0.26544111279031957,-0.9950437918910029,0.435848038614535,0.31103607559973356
565.4500000000219,-56.301152642615826,28.485054741853745,0.3090259166517334,-0.9639401843310578,0.435848038614535,0.31103607559973356
565.550000000022,-56.283503155493605,28.429765408757632,0.3430863811951237,-0.914293861210826,0.43319575034027136,0.3151258820312423
565.6500000000219,-56.24702853862242,28.339911652046787,0.38640595622911145,-0.8827812730077305,0.43319575034027136,0.3151258820312423
565.750000000022,-56.64684809392707,28.43066295315301,0.20363973136983207,-0.7594035739203822,0.37857643992336226,0.33749542740183425
565.850000000022,-57.14912705116964,29.12322206746722,-0.029496175464430445,-0.3259270983585028,0.3127105532467885,0.4354259725539607
565.9500000000221,-56.5772191944751,28.283942371370227,0.29590698778791164,-0.7010842388927684,0.3837555809712418,0.3334903960927597
566.050000000022,-56.5709254997957,28.033595914014306,0.3210801750457017,-0.7638459198503489,0.38050834381144155,0.30966022139401034
566.1500000000221,-57.08043846436538,27.91396770287007,0.08041855829780448,-0.7560535790598605,0.3132142809326305,0.3040206708188527
566.250000000022,-57.070830537130945,27.839882448318246,0.11173998639103905,-0.7256515119780028,0.3132142809326305,0.3040206708188527
566.3500000000222,-57.448845553625375,28.570089277960587,-0.05913618408410276,-0.27912359605345327,0.264000984737456,0.40563573693653104
566.4500000000221,-57.4534391671101,28.544205097039946,-0.032736085610381174,-0.23856002235983706,0.264000984737456,0.40563573693653104
566.5500000000222,-56.96548714979666,27.61118100197614,0.2521358642457123,-0.6752729561784067,0.32799582684246836,0.2881961554255956
566.6500000000221,-56.9386335842379,27.545094687135485,0.28493544692992934,-0.6464533406358733,0.32799582684246836,0.2881961554255956
566.7500000000223,-56.441891644875206,27.145430841078596,0.5571523717951687,-0.7918136456477591,0.38583585986506225,0.24578260366488724
566.8500000000222,-57.21009048061504,26.46932898691582,0.16907644287751006,-1.0790411835347744,0.2821348412524781,0.1693921748563934
566.9500000000223,-57.47412807013018,25.99494100435256,0.052425425047301064,-1.2522467840461478,0.2471440929447506,0.12309999961894155
567.0500000000222,-58.095588343352155,26.20094052339027,-0.25163352742420597,-1.0652579388647196,0.16627944443019008,0.16641074969143765
567.1500000000224,-58.701462126287296,26.079654816451995,-0.533213371710647,-1.0566835703033843,0.09427830632381591,0.16444763480792512
567.2500000000223,-58.75431207192669,25.97480869759579,-0.5237855410782739,-1.0402388068226067,0.09427830632381591,0.16444763480792512
567.3500000000224,-59.20717397697958,24.78542170343092,-0.7211590046730194,-1.5860245119160339,0.044088152407304584,0.02755862241232096
567.4500000000223,-59.279069436684786,24.62695704535152,-0.716750189432293,-1.5832686496748043,0.044088152407304584,0.02755862241232096
567.5500000000225,-59.03651177816436,23.7449623809137,-0.5505069958966504,-1.9634696029406247,0.08334006567190871,-0.06750674860128417
567.6500000000224,-59.091145777425616,23.54827788687681,-0.5421729893294671,-1.970220277800747,0.08334006567190871,-0.06750674860128417
567.7500000000225,-58.78077765930568,23.48525044266063,-0.3469835738995832,-1.9074292752131097,0.12848183744422625,-0.05057305425484028
567.8500000000224,-58.158193372794145,23.44373999412468,0.005107926608686728,-1.8345622411856044,0.2109360574417029,-0.03148208885658752
567.9500000000226,-58.75773903484558,22.943775459950437,-0.2822023746366222,-2.001466062511402,0.13644380198284417,-0.07134961502452505
568.0500000000225,-59.0808754517465,22.817686033727252,-0.42332613429413823,-1.96928403347563,0.09837724098329748,-0.06160116295144696
568.1500000000226,-59.39767411182391,23.563055589729544,-0.554483594521861,-1.4877747186635997,0.06433448917508314,0.05707814307996419
568.2500000000225,-59.45280079883017,23.414563508578716,-0.5480501456043586,-1.4820669043556085,0.06433448917508314,0.05707814307996419
568.3500000000226,-59.47952280229725,23.2952410829008,-0.525971120722879,-1.4595489231345593,0.06841531489177399,0.06160484623438752
568.4500000000226,-59.53177783779503,23.14959421481865,-0.5191295892337078,-1.4533884385111262,0.06841531489177399,0.06160484623438752
568.5500000000227,-60.32580072974701,23.502125510458352,-0.9041255577791616,-1.188311608579848,-0.02862568084062156,0.12494387963508564
568.6500000000226,-60.416356413929044,23.38391906899865,-0.9069881258632212,-1.1758172206163509,-0.02862568084062156,0.12494387963508564
568.7500000000227,-60.990647452884055,22.909334409801094,-1.1579090106443146,-1.348461187021322,-0.0885532579266615,0.07986190261441373
568.8500000000226,-59.915953927412886,22.70502620163755,-0.5514896859366707,-1.3768926361976184,0.060991298691776635,0.07093981358199788
568.9500000000228,-60.44634138025695,22.537753604572053,-0.7893711555430343,-1.3852957526997902,0.002059927424306128,0.06716692943305505
569.0500000000227,-60.615176571711295,22.210140545351447,-0.8362390039054549,-1.4786597536122426,-0.00951829045419525,0.042352419620947726
569.1500000000228,-60.355394034423526,21.883936712285248,-0.6610716584925521,-1.5667994750299212,0.03300501538358838,0.019872034652591807
569.2500000000227,-60.421336175195805,21.727356124955662,-0.6577711569541963,-1.564812271564664,0.03300501538358838,0.019872034652591807
569.3500000000229,-60.608717441402256,20.68993109936152,-0.7176361074909693,-2.022183234145848,0.01759789740749418,-0.09268642953572553
569.4500000000228,-60.68039306266425,20.48724934379944,-0.7158763177502214,-2.0314518770994123,0.01759789740749418,-0.09268642953572553
569.5500000000229,-61.17216640198941,20.274525311819048,-0.9317641262610047,-2.0406451926968545,-0.03541960451250126,-0.0916125268490357
569.6500000000228,-61.265519912637984,20.070002729915302,-0.9353060867122516,-2.04980644538175,-0.03541960451250126,-0.0916125268490357
569.750000000023,-61.43837045559373,19.508995861152094,-0.9794563321399427,-2.24303988348068,-0.04523002393588792,-0.13643488719292257
569.8500000000229,-60.77165480427286,19.052581123185213,-0.5888117274251071,-2.377323418496023,0.05081678141671707,-0.16599092790689074
569.950000000023,-60.73005736683187,19.37916914414202,-0.5323092159630393,-2.1013785783695376,0.06323703214894827,-0.09476892380544256
570.0500000000229,-61.168801709883176,18.765631743299494,-0.7279965210313206,-2.323743384006974,0.013550679540745153,-0.14755342208246483
570.150000000023,-61.202716677625816,18.655523219727023,-0.7067365887974604,-2.274861226512151,0.018356633429820846,-0.13206659059255738
570.250000000023,-61.27329855333835,18.427376764123053,-0.7049009254544799,-2.2880678855713947,0.018356633429820846,-0.13206659059255738
570.3500000000231,-60.7304097784697,18.72771539619182,-0.38547025544405833,-2.0280865457657584,0.09570946954562498,-0.06577909035203455
570.450000000023,-60.76847825666634,18.52457784616367,-0.37589930848950454,-2.034664454800956,0.09570946954562498,-0.06577909035203455
570.5500000000231,-60.51978104965703,18.253420676897314,-0.2175501249382909,-2.0793375486425956,0.13211697541552983,-0.07576469910013282
570.650000000023,-60.540875477273765,18.045108098537746,-0.20433842739674993,-2.086914018552602,0.13211697541552983,-0.07576469910013282
570.7500000000232,-60.09728606270889,17.66588044823275,0.046625217612638756,-2.182578378378268,0.18955467131279835,-0.09721447509345234
570.8500000000231,-59.9957753642298,17.424254807900727,0.11512618804285761,-2.2042277089448206,0.2015968711941915,-0.10013673024913533
570.9500000000232,-59.8887882486533,17.528049599176782,0.18375252269638376,-2.0461545035052557,0.21330356429216626,-0.05921472503774883
571.0500000000231,-60.78543131421127,17.442879716990774,-0.27455688451406063,-1.9888098493941422,0.09533202094088986,-0.043528203899899684
571.1500000000233,-60.92015546835957,16.67095603127557,-0.3202741118765773,-2.289521149720386,0.08199201456919072,-0.11565004810797279
571.2500000000232,-60.95177291947435,16.4414256660632,-0.3120749104196657,-2.301086154531173,0.08199201456919072,-0.11565004810797279
571.3500000000233,-61.629211563365565,16.073055531072622,-0.636743968479903,-2.3831458802897525,0.00134493778806858,-0.13264667744593361
571.4500000000232,-61.69287923552456,15.834077709656635,-0.6366094747010963,-2.396410548034334,0.00134493778806858,-0.13264667744593361
571.5500000000234,-61.71625825720236,14.429707422341284,-0.6177780798966466,-3.0246016872352666,0.00543098426676095,-0.2850880200584438
571.6500000000233,-61.778008910270636,14.125821813517742,-0.617234981469971,-3.053110489241085,0.00543098426676095,-0.2850880200584438
571.7500000000234,-61.14494134592669,13.423154591225742,-0.2602076820400712,-3.286586561148332,0.0915528072317415,-0.33499842237999516
571.8500000000233,-61.509351310076845,13.302199839576145,-0.4261125948637624,-3.2109405048883946,0.0490038431159421,-0.3082583744538723
571.9500000000235,-61.27515416045266,13.110492632452884,-0.27931959701083686,-3.1739928130094595,0.08327675787510161,-0.29175840285857957
572.0500000000234,-61.64374574461399,12.77319584993376,-0.44957103269186227,-3.212910842342414,0.039353682710573046,-0.29417393013349663
572.1500000000235,-61.880014105758434,12.355113942690144,-0.5438387211078327,-3.2916432504790585,0.015642927612209787,-0.3061752396239592
572.2500000000234,-61.93431976323111,12.02441874144442,-0.5422744283466131,-3.3222607744414265,0.015642927612209787,-0.3061752396239592
572.3500000000236,-61.62538489665305,11.514389827060654,-0.3539394520231344,-3.4436775737433534,0.06086524839734852,-0.32818692544080347
572.4500000000235,-61.660474515613345,11.168381135059432,-0.3478529271834051,-3.4764962662874037,0.06086524839734852,-0.32818692544080347
572.5500000000236,-61.43397643816192,11.216817802175207,-0.2095809916791273,-3.2959586689743285,0.0924212417544884,-0.2745934392226106
572.6500000000235,-61.45447243112104,10.885848968081964,-0.20033886750368687,-3.3234180128965645,0.0924212417544884,-0.2745934392226106
572.7500000000236,-61.84997007404594,10.393556432732089,-0.3839847578437165,-3.4329706352892706,0.04582207300754407,-0.2945835018229697
572.8500000000236,-62.0128315515594,10.632935511227984,-0.4438228578053014,-3.1579213440526557,0.030164502394267823,-0.2199810748195642
572.9500000000237,-61.24026399535142,10.277358629123077,-0.021742453889635964,-3.199944240637133,0.13138572035991086,-0.22485625919739813
573.0500000000236,-61.84124043325042,10.099298651356241,-0.3224661137919916,-3.1468440349449582,0.05418859303988301,-0.20611512853644792
573.1500000000237,-61.377610838144506,9.421445802339498,-0.06290672194209744,-3.3548122753315175,0.11554985949177285,-0.25171028990104427
573.2500000000236,-61.383323761041254,9.084706023357148,-0.051351735992930664,-3.379983304321599,0.11554985949177285,-0.25171028990104427
573.3500000000238,-61.955236159566645,8.438115147353288,-0.3339106218976428,-3.566014621708834,0.04385107891152429,-0.29126017461813997
573.4500000000237,-61.98840796636183,8.080057384309642,-0.3295255140064944,-3.5951406391706215,0.04385107891152429,-0.29126017461813997
573.5500000000238,-62.43979535823914,8.186745170454667,-0.539600417392114,-3.3759481779080045,-0.007880712803027226,-0.22942657530183563
573.6500000000237,-62.493794803542315,7.848003219787667,-0.540388488672416,-3.3988908354381673,-0.007880712803027226,-0.22942657530183563
573.7500000000239,-63.701224822804235,7.6308504613646875,-1.1329627460147222,-3.357700926238297,-0.1508483534606463,-0.2138100224299928
573.8500000000238,-63.55306445788037,7.114117928599409,-1.0125802670559636,-3.4728574999912167,-0.1179225707430828,-0.2367844384271562
573.9500000000239,-63.445728407502756,6.795379543868595,-0.9170494959932369,-3.4811458653079375,-0.09199963576264872,-0.23303760893398628
574.0500000000238,-63.71958191858478,6.5492627483448045,-1.0213771771868043,-3.449942923294212,-0.1153971196944192,-0.21952294329764474
574.150000000024,-63.849298742170824,5.37989203775402,-1.046763257889781,-3.8978291927996507,-0.11874027284176325,-0.3231782994971575
574.2500000000239,-63.95456876932391,4.988493226976926,-1.0586372851739465,-3.930147022749337,-0.11874027284176325,-0.3231782994971575
574.350000000024,-63.11493720484178,3.3354972086382024,-0.5830528690370129,-4.618565304822807,-0.0005439134194026307,-0.48394836992437196
574.4500000000239,-63.173245211312526,2.8712209363067243,-0.5831072603789531,-4.6669601418152,-0.0005439134194026307,-0.48394836992437196
574.550000000024,-63.21505158770052,2.6720478045888245,-0.5743035992718246,-4.578480757370019,0.0016809534576780884,-0.45125226668095064
574.650000000024,-63.27247354286037,2.2119434675188385,-0.574135503926057,-4.623605984038073,0.0016809534576780884,-0.45125226668095064
574.7500000000241,-62.978264006583785,1.7261211495681135,-0.3935534901640817,-4.679708951284824,0.04526654714887225,-0.4539253932202409
574.850000000024,-63.66237636737097,0.9504774562719259,-0.7222477949339227,-4.884303320733548,-0.03572391881876899,-0.4929288246464476
574.9500000000241,-63.99637071192662,0.7114518995181598,-0.8600310921178073,-4.803218729682016,-0.06814138441027262,-0.4611874555436533
575.050000000024,-64.55557191482312,0.9428122286529014,-1.114421870184558,-4.4720980842236235,-0.1290349976768888,-0.36765282654430315
575.1500000000242,-64.68755351857857,0.7218131916952828,-1.1375269024312402,-4.390879238234111,-0.13149811895230723,-0.33894019126922686
575.2500000000241,-64.80196369941635,0.28103056691592804,-1.150676714326459,-4.424773257361003,-0.13149811895230723,-0.33894019126922686
575.3500000000242,-64.49813607918296,0.4501172713058229,-0.9480084431978809,-4.14173417532848,-0.07924265115010307,-0.2618833362150009
575.4500000000241,-64.59333313675842,0.03463443709227898,-0.955932708312884,-4.167922508949957,-0.07924265115010307,-0.2618833362150009
575.5500000000243,-64.5050624441172,-0.29208714218285603,-0.871575000438018,-4.1498380861182635,-0.05744436574218178,-0.2517709893991715
575.6500000000242,-64.59250716598963,-0.7083298057412986,-0.877319437012231,-4.175015185058157,-0.05744436574218178,-0.2517709893991715
575.7500000000243,-63.82760221975328,-1.1063645384566292,-0.4454274805807456,-4.189462937569304,0.04828274321634805,-0.24915834789222974
575.8500000000242,-63.385600448582075,-1.8078364143868308,-0.18935800941323275,-4.3610054666345865,0.10934775435574365,-0.28508095136290224
575.9500000000244,-63.51435984316719,-2.147279937153844,-0.23504943793691302,-4.338742256256808,0.09567019205708899,-0.2727202980637482
576.0500000000243,-64.14013485736382,-2.2722543821238155,-0.5410668483674858,-4.202084995254831,0.018049475335645132,-0.23207484649327406
576.1500000000244,-63.605549391566754,-2.2918763570280154,-0.23743378849937746,-4.017443507105682,0.09092472682778077,-0.18149268924168266
576.2500000000243,-63.62883814678253,-2.6945281711844253,-0.22834131581660766,-4.035592776029834,0.09092472682778077,-0.18149268924168266
576.3500000000245,-62.898500558981844,-2.5321809568543197,0.16814349483964353,-3.7598170583402717,0.18476469371980225,-0.10981450049824736
576.4500000000244,-62.880762386029296,-2.908711735190495,0.18661996421160695,-3.7707985083900866,0.18476469371980225,-0.10981450049824736
576.5500000000245,-62.88605760531491,-2.8688397460630592,0.19796375394721136,-3.561981360145915,0.1842743760607326,-0.05548772895048882
576.6500000000244,-62.8653398580399,-3.225315320722079,0.21639119155326786,-3.567530133040959,0.1842743760607326,-0.05548772895048882
576.7500000000246,-64.19873034583955,-3.1475503392414015,-0.46092145754196034,-3.347991976663557,0.016192861065419728,-0.0006781039663922087
576.8500000000245,-63.803754527166994,-2.9889948188456423,-0.23147285994655215,-3.0908800286283626,0.07156753535692131,0.06232929402782495
576.9500000000246,-63.6315731295081,-3.209889195169669,-0.12428506864225244,-3.039155945300146,0.09572915409906962,0.07340445501013149
577.0500000000245,-63.70669953517306,-3.4808074110871607,-0.14778985709395945,-3.014575079301601,0.0875934070845654,0.07767913144490378
577.1500000000246,-63.864986816689196,-4.119096742433661,-0.21284446185665662,-3.181272423614269,0.06977131026849592,0.035221240175013914
577.2500000000246,-63.8859224063235,-4.4370478785939245,-0.20586733082981337,-3.1777502995967706,0.06977131026849592,0.035221240175013914
577.3500000000247,-64.8030465586038,-3.7095028023697227,-0.659269108855121,-2.6313187528335087,-0.041489047113717634,0.16782173295165909
577.4500000000246,-64.86918091472482,-3.9717955689880773,-0.663418013566489,-2.614536579538358,-0.041489047113717634,0.16782173295165909
577.5500000000247,-64.1645459800202,-4.637949212355671,-0.26692262663802063,-2.805604617849814,0.056380631600289305,0.11767163646246272
577.6500000000246,-64.19095633952597,-4.917921315958086,-0.26128456347799683,-2.7938374542035787,0.056380631600289305,0.11767163646246272
577.7500000000248,-64.49558096410095,-5.235645087668436,-0.3986878658122496,-2.8022229183188334,0.021823747673607716,0.11276438585656108
577.8500000000247,-65.08597438405107,-4.987206784147064,-0.6809821504262412,-2.5156580061978246,-0.04731925352246791,0.18020830337567476
577.9500000000248,-64.80753392759553,-5.570195705368466,-0.5077988098662288,-2.6696611744111167,-0.004345383419029451,0.13832777689146614
578.0500000000247,-63.95714996541942,-5.453071880598686,-0.03639447804270166,-2.4532578854140445,0.11170746279231392,0.18855412671810626
578.1500000000249,-64.38389569905122,-6.0425886863381715,-0.24247405515469675,-2.6129619177145633,0.05925319724552255,0.14509987335933114
578.2500000000248,-64.40784683858045,-6.3031593787425955,-0.23654873543014987,-2.5984519303786433,0.05925319724552255,0.14509987335933114
578.3500000000249,-64.72442941399127,-5.686338537168341,-0.3802401287003508,-2.129582814380623,0.02328791503236355,0.255931470759605
578.4500000000248,-64.7623369872861,-5.898017161252414,-0.37791133719711656,-2.1039896673046856,0.02328791503236355,0.255931470759605
578.550000000025,-64.03799779565057,-6.297747006936835,0.020210410319834633,-2.1775218074789198,0.11995366084804035,0.23169605925220316
578.6500000000249,-64.03537698631435,-6.51434070738827,0.03220577640462776,-2.1543522015537206,0.11995366084804035,0.23169605925220316
578.750000000025,-64.36306470507849,-6.598839649459389,-0.12589604633429893,-2.0639986195653783,0.07886045127104276,0.2480556432798513
578.8500000000249,-63.52228186278006,-5.991174080981094,0.32266834841071895,-1.6154801930007792,0.1859687944334567,0.35186258792042596
578.950000000025,-63.828385775066444,-5.665432996971615,0.16718489254470878,-1.3289647036685746,0.14392121814038605,0.41305056508965166
579.050000000025,-64.42060296615244,-6.167227211300559,-0.13762368202456235,-1.4836598988135015,0.06541104937253013,0.3644532784356702
579.1500000000251,-64.36259432241161,-6.646451778535275,-0.09444695890790508,-1.619331323680082,0.07425658025347621,0.3225669196338937
579.250000000025,-64.37166773540112,-6.80677207630497,-0.08702130088256421,-1.587074631716722,0.07425658025347621,0.3225669196338937
579.3500000000251,-64.31981895058591,-6.812883761924799,-0.05164762063365567,-1.4748565556461193,0.08037874058621279,0.3424267419153684
579.450000000025,-64.32458181894634,-6.958657283779703,-0.0436097465750417,-1.4406138814546137,0.08037874058621279,0.3424267419153684
579.5500000000252,-64.05286270850097,-7.312180288823812,0.10898735469715592,-1.519158156638398,0.1159812304627277,0.314200652518159
579.6500000000251,-64.04138406687895,-7.462525101224926,0.12058547774341814,-1.4877380913866107,0.1159812304627277,0.314200652518159
579.7500000000252,-64.23184230982537,-8.02438945194097,0.027974440062832402,-1.670981949992097,0.09080568869625266,0.26192907370075047
579.8500000000251,-63.584938141103834,-8.661457846733432,0.3695885089883781,-1.8904597524457016,0.17162906535604994,0.20174131909765597
579.9500000000253,-63.695417169998144,-8.92509873454725,0.31066719269885124,-1.909421014094702,0.1532515894725512,0.19221351541784565
580.0500000000252,-64.0473142977773,-8.052912537914922,0.12508059140352917,-1.3289980163718091,0.10383560641608325,0.3313606697710657
580.1500000000253,-64.16342180977153,-8.007683049704282,0.06924537605738394,-1.2045616178908247,0.08784733442815071,0.3535795321646035
580.2500000000252,-64.15605803549367,-8.126371313832434,0.07803010950019103,-1.1692036646743966,0.08784733442815071,0.3535795321646035
580.3500000000254,-64.79153792776265,-8.50998203003486,-0.24500308330235646,-1.2739949742032481,0.007357864466213365,0.3191994206594736
580.4500000000253,-64.81600144677053,-8.635785530351775,-0.24426729685573578,-1.2420750321373297,0.007357864466213365,0.3191994206594736
580.5500000000254,-64.29102832590834,-9.538978839869957,0.04219297641631346,-1.6230988515196232,0.0772240769709504,0.2167014218297605
580.6500000000253,-64.28642290788186,-9.700205217912625,0.04991538411340148,-1.6014287093366668,0.0772240769709504,0.2167014218297605
580.7500000000255,-64.42150112285263,-9.215275355920054,-0.014430286842498839,-1.2463752190807065,0.05981339146592496,0.2978816855744352
580.8500000000254,-63.57720664730373,-9.002902114916216,0.42833412531465964,-1.0416850890597409,0.1659749746526346,0.34073154888831464
580.9500000000255,-63.448472579133295,-9.42542581896668,0.48857773018198764,-1.1732869284132428,0.1765173086136826,0.300396734893827
581.0500000000254,-62.992710124685885,-9.926874492539287,0.7188127656076857,-1.3469926492658928,0.22880400882354712,0.24987907866779194
581.1500000000256,-63.79883072559059,-9.549785675128357,0.29087752141056167,-1.057870924914464,0.11995628334946834,0.31415872393616606
581.2500000000255,-63.769143192032814,-9.65400197400003,0.3028731497454976,-1.026455052520876,0.11995628334946834,0.31415872393616606
581.3500000000256,-63.464517305787155,-9.873924736292071,0.45595679064875294,-1.0581307372240454,0.15417686117401452,0.29845734156179393
581.4500000000255,-63.41815074241646,-9.978245523306573,0.47137447676614036,-1.0282850030678932,0.15417686117401452,0.29845734156179393
581.5500000000256,-62.91341876562396,-9.375670352602008,0.7270832891263096,-0.6343243346189226,0.21351567676114294,0.387053879454133
581.6500000000256,-62.83964285832759,-9.437167516666575,0.7484348568024045,-0.5956189466735444,0.21351567676114294,0.387053879454133
581.7500000000257,-63.05322876440194,-9.242775893968737,0.621245179073883,-0.4264475758905312,0.1776300952859191,0.4188229013854323
581.8500000000256,-62.67491635325102,-8.921590661854253,0.8019030659740519,-0.19599811034548553,0.21722223871670115,0.4650206548242244
581.9500000000257,-62.68969744850641,-8.538659933440728,0.7743423692769436,0.057665959047966564,0.20531838203536418,0.5154557909935924
582.0500000000256,-63.03161811808255,-8.825693515991734,0.5747726680911059,-0.04685269598579191,0.15118250702220276,0.4767604410713288
582.1500000000258,-62.75360615364863,-9.288960314944827,0.7025908870871377,-0.23766304949270117,0.17839348637411875,0.41872235551305925
582.2500000000257,-62.68245509750811,-9.310633008116513,0.7204302357245334,-0.19579081394143333,0.17839348637411875,0.41872235551305925
582.3500000000258,-62.579331763658,-10.286417907212995,0.7551754155203756,-0.6504757583258315,0.18278198434342907,0.29771009147954497
582.4500000000257,-62.502900312184316,-10.349976932588124,0.7734536139547019,-0.6207047491779041,0.18278198434342907,0.29771009147954497
582.5500000000259,-62.464497218612046,-10.73351792858773,0.7684979850522746,-0.7656906636117602,0.17656010895705387,0.25349181258557785
582.6500000000258,-62.3867646195621,-10.808819535885911,0.786153995947964,-0.7403414823532255,0.17656010895705387,0.25349181258557785
582.7500000000259,-61.953892838729004,-10.993326047993698,0.9851264183563592,-0.7728382941482669,0.22036373292968742,0.23940606715225024
582.8500000000258,-61.93219280046656,-11.783733433056925,0.9669094754096288,-1.1212616813570437,0.21058003011569187,0.14817926724025307
582.950000000026,-62.063831907093075,-11.802646603555838,0.8702810886847968,-1.058576574230704,0.18215391614766102,0.15983288960369987
583.0500000000259,-61.89970665859875,-11.870099373943644,0.9283858127052238,-1.0227241038303354,0.19196504204647663,0.1647593542274563
583.150000000026,-62.00641499886377,-12.521915368399693,0.8447648225291786,-1.2909878766577203,0.16714014849090789,0.09546505604279273
583.2500000000259,-61.92110281586847,-12.650536830785134,0.8614788373782543,-1.2814413710534498,0.16714014849090789,0.09546505604279273
583.3500000000261,-62.65167170828059,-13.23000032228597,0.45708831740691397,-1.5053782684570371,0.06506018951180599,0.03869883235294566
583.450000000026,-62.60563757559238,-13.380344654969772,0.46359433635808867,-1.5015083852217461,0.06506018951180599,0.03869883235294566
583.5500000000261,-63.2163731069606,-13.335736876686617,0.12710633510832142,-1.3934016450034428,-0.019040473812055467,0.06485357095255956
583.650000000026,-63.20375767581884,-13.474752773332073,0.1252022877271176,-1.3869162879081927,-0.019040473812055467,0.06485357095255956
583.7500000000261,-63.53817033556645,-14.154773709794796,-0.05466459577471774,-1.6608366818183005,-0.06203391874898216,-0.003426422495567405
583.8500000000261,-63.721808636005655,-14.166238501457732,-0.15275754923322987,-1.5805700249545704,-0.08436798327398719,0.01632234086836567
583.9500000000262,-63.01171998478895,-14.803849483988149,0.21117492143153632,-1.827215953407447,0.005574543659412082,-0.04412283102209032
584.0500000000261,-62.911033282696195,-14.838154572506614,0.2533782875127944,-1.7530950313951066,0.015817715414067974,-0.02465091377401188
584.1500000000262,-63.387931770381336,-14.846078434768097,-0.002621354890812357,-1.668897221446899,-0.0463743387844117,-0.00356061708546955
584.2500000000261,-63.388425777564336,-15.012985959998062,-0.007258788769249309,-1.6692532831554456,-0.0463743387844117,-0.00356061708546955
584.3500000000263,-62.869085161419335,-15.93141999598738,0.25551045111763376,-2.0596067922566723,0.018321776082997315,-0.09873383299224152
584.4500000000262,-62.84344250742718,-16.13787434437782,0.25734262872593183,-2.0694801755558876,0.018321776082997315,-0.09873383299224152
584.5500000000263,-62.62730049933276,-16.264129601295416,0.3553588456093713,-2.0342121715948913,0.041236619254286615,-0.08705685540721307
584.6500000000262,-62.59155843167558,-16.467986102731754,0.3594825075347962,-2.042917857135605,0.041236619254286615,-0.08705685540721307
584.7500000000264,-62.45035518924325,-16.40424430356599,0.41750684015691364,-1.9126413254828933,0.05425830157952426,-0.05321409417514327
584.8500000000263,-62.85377579415402,-15.984397496345965,0.19280145016507616,-1.5992615945542976,-0.0016758592921212248,0.024865649399666102
584.9500000000264,-63.20987310321329,-16.244766526775532,4.8363012440713875e-05,-1.6488325496657499,-0.04819319590706328,0.012191857570730824
585.0500000000263,-61.824184687827184,-16.484891773265723,0.7208654641419899,-1.687400074273751,0.13028335035466887,0.002326940804988995
585.1500000000265,-61.565736486297354,-17.46923094427426,0.8291238186122017,-2.1091342133168967,0.1532762768989371,-0.10036297110858432
585.2500000000264,-61.48205772305172,-17.6806461804613,0.8444514463020815,-2.119170510427746,0.1532762768989371,-0.10036297110858432
585.3500000000265,-61.85273403530658,-18.576443824798716,0.6252650132445072,-2.4839923233011523,0.09649288346224125,-0.1869725243037838
585.4500000000264,-61.78972506956488,-18.82577791975012,0.6349143015907226,-2.5026895757315137,0.09649288346224125,-0.1869725243037838
585.5500000000266,-62.39841220534782,-18.353390381556288,0.3017162891581271,-2.138824701228929,0.014170938747309552,-0.0920657393134135
585.6500000000265,-62.36816972173829,-18.56773318037555,0.30313338303285675,-2.148031275160262,0.014170938747309552,-0.0920657393134135
585.7500000000266,-61.745585427317124,-19.35478025462016,0.6084090649687967,-2.4532414611251854,0.08757911631515487,-0.16414387828811855
585.8500000000265,-60.89524117198806,-20.035163634252342,1.0248257939445147,-2.6960175003036517,0.18666195199139834,-0.2196010369081273
585.9500000000266,-60.78169936883682,-20.206196775760507,1.0486871539918838,-2.6663862622676775,0.1879167984387103,-0.2070407396720081
586.0500000000266,-60.91170934416315,-20.65631930620583,0.9440101144051608,-2.783488067344355,0.15754860028038986,-0.23094207720596738
586.1500000000267,-61.23488013574152,-20.773260051043977,0.745235134564147,-2.7224783147591975,0.10575118514866295,-0.21047452478851794
586.2500000000266,-61.15982786635943,-21.04656025514359,0.7558102530790037,-2.74352576723803,0.10575118514866295,-0.21047452478851794
586.3500000000267,-60.536145506089035,-19.940431597890584,1.0484769694854057,-2.0479715226348287,0.17414332817727762,-0.035677166027627244
586.4500000000266,-60.430427092499706,-20.14540713598402,1.0658913023031176,-2.0515392392375884,0.17414332817727762,-0.035677166027627244
586.5500000000268,-59.34577783922257,-20.358282871774655,1.593630657988036,-2.063418121328825,0.29938016743487506,-0.0386709869023937
586.6500000000267,-59.18491787258674,-20.564818038841864,1.6235686747314961,-2.0672852200190612,0.29938016743487506,-0.0386709869023937
586.7500000000268,-59.00654989382345,-21.54021251180141,1.6609539504072437,-2.4689787988637986,0.30117932575249323,-0.1355434275033542
586.8500000000267,-58.060448555992444,-22.840324181712415,2.0932722414105807,-3.0312035055086075,0.39893546477746683,-0.26996416184227234
586.9500000000269,-58.12686680189093,-23.470718876441946,1.9906694314121702,-3.226911216647609,0.36451672121423234,-0.3110381859089987
587.0500000000268,-58.544498236211794,-23.652420180475175,1.7032785553024052,-3.1827006297806966,0.284864848884672,-0.2923643540117401
587.1500000000269,-58.078267378807425,-24.292156635109098,1.8827702321547128,-3.377495583072479,0.3213244790226902,-0.33265469980235485
587.2500000000268,-57.88838373319702,-24.631569466915046,1.9149026800569526,-3.410761053052684,0.3213244790226902,-0.33265469980235485
587.350000000027,-57.425198534963656,-24.880780594067858,2.084344565453485,-3.3949826607542173,0.3542227496382377,-0.3205771559277755
587.4500000000269,-57.21499296467031,-25.22188174592261,2.1197668404172765,-3.427040376346966,0.3542227496382377,-0.3205771559277755
587.550000000027,-57.24141451304974,-26.11423862588087,2.0358782044609307,-3.7431951377320933,0.32625769819355244,-0.3898370640484193
587.6500000000269,-57.03619540411287,-26.490507324973976,2.0685039742802562,-3.7821788441369,0.32625769819355244,-0.3898370640484193
587.7500000000271,-57.60289303255601,-26.623539071817493,1.703384300642346,-3.693224383147971,0.23016770999736222,-0.35868357593309746
587.850000000027,-58.18340728824317,-26.555968928872453,1.3378897433455836,-3.500412685982829,0.1357387354182319,-0.30265842328752757
587.9500000000271,-58.27415951581494,-26.87250616119661,1.235913111023442,-3.5125521880238804,0.10782852544315653,-0.29824543044422025
588.050000000027,-57.41145298322296,-27.02858032632669,1.6333964547336652,-3.438463896449555,0.2029408518510456,-0.2724807604074212
588.1500000000271,-57.39554383352435,-27.838101536901288,1.5775695925289137,-3.705930028267759,0.18456173818284907,-0.33094026255649467
588.2500000000271,-57.23686406558068,-28.210349241040507,1.5960257663471817,-3.7390240545233784,0.18456173818284907,-0.33094026255649467
588.3500000000272,-55.75820658326061,-29.167450067248314,2.2911498850446876,-4.074009119213865,0.348105869188974,-0.4046318430935658
588.4500000000271,-55.52735106541041,-29.576874138384795,2.3259604719635534,-4.1144723035231845,0.348105869188974,-0.4046318430935658
588.5500000000272,-55.44127969107255,-29.64772635410221,2.2945184453052136,-3.9778945912063173,0.33425003076488574,-0.3615953058928126
588.6500000000271,-55.21015659638842,-30.04732378975194,2.3279434483816717,-4.014054121795565,0.33425003076488574,-0.3615953058928126
588.7500000000273,-54.844756005143296,-29.709651187360745,2.4285513563471035,-3.6666683346197955,0.3504805235183557,-0.2682003890975726
588.8500000000272,-53.464246021368105,-29.577464981397995,3.050446349789309,-3.432745151738205,0.4931156305177962,-0.20431996534313507
588.9500000000273,-53.677287038495685,-30.162194174337838,2.8326857794990365,-3.5776347236329578,0.42860670202514406,-0.23462009105203224
589.0500000000272,-53.98493377873963,-30.142648151571898,2.5650355051187166,-3.4011234614861867,0.35223385278118613,-0.18503771396752342
589.1500000000274,-54.13444801511243,-30.21999004422903,2.3911546521961773,-3.2832008696920036,0.3017464285678749,-0.1518369737219964
589.2500000000273,-53.893823817750196,-30.54906931606654,2.4213292950529373,-3.2983845670641894,0.3017464285678749,-0.1518369737219964
589.3500000000274,-54.18366898974305,-30.86088195300425,2.1771097248304625,-3.303698688628896,0.23531484489316631,-0.14940239594300342
589.4500000000273,-53.96478144303573,-31.19199883384655,2.2006412093197576,-3.3186389282231827,0.23531484489316631,-0.14940239594300342
589.5500000000275,-53.61435425863112,-31.878719910715994,2.29267444098972,-3.5174791742893605,0.25234825388216114,-0.19430942353204406
589.6500000000274,-53.38382507326294,-32.23143937526227,2.3179092663779133,-3.5369101166425474,0.25234825388216114,-0.19430942353204406
589.7500000000275,-53.78922305240997,-32.71396146336622,2.015554292821192,-3.6225319768859445,0.17320693263861625,-0.21042719366928336
589.8500000000274,-53.91825762136213,-32.621149032941844,1.8616332040302956,-3.405807738859655,0.13158604617583913,-0.152175807923825
589.9500000000276,-53.93291620435164,-33.04940548976772,1.771421293195537,-3.466015825322202,0.10661780592509605,-0.1631290823513916
590.0500000000275,-53.88836704571273,-33.6783416871872,1.7123815032251835,-3.6310707626555527,0.0894741025113048,-0.20000892798721576
590.1500000000276,-53.70903923977791,-33.50054586581888,1.7252477871203638,-3.370711134366752,0.09042029967023076,-0.13178034944848527
590.2500000000275,-53.53606235956767,-33.83827588100249,1.7342898170873786,-3.3838891693115887,0.09042029967023076,-0.13178034944848527
590.3500000000276,-53.35205053616327,-34.247943490463,1.7486094350177028,-3.4337201055882334,0.0917123658604868,-0.14072575673679544
590.4500000000276,-53.17673103083235,-34.592019129805195,1.7577806716037432,-3.4477926812619,0.0917123658604868,-0.14072575673679544
590.5500000000277,-52.87263177048794,-34.775210989222515,1.831265715692753,-3.3765697367758163,0.1069663014413017,-0.11967490574400176
590.6500000000276,-52.68897036741163,-35.11346633742851,1.8419623458368735,-3.3885372273502057,0.1069663014413017,-0.11967490574400176
590.7500000000277,-53.12387142817035,-35.48366733737086,1.5347249825062799,-3.416422953375528,0.030157693869084082,-0.12355106380565418
590.8500000000276,-52.89789924261626,-36.12210785808414,1.5751187240416498,-3.5831722420274708,0.03924253470835231,-0.1613766522177219
590.9500000000278,-52.467225386858104,-36.82080873155769,1.719089809538211,-3.7750881375516037,0.07306961715126584,-0.20417117444446556
591.0500000000277,-52.59579619661353,-36.7336528840936,1.568881565621447,-3.549457861235102,0.03432739159294617,-0.14316494805362479
591.1500000000278,-52.63794798346429,-36.66009457807407,1.4701609564381828,-3.3417118607647596,0.009662853576121004,-0.08912378583630204
591.2500000000277,-52.49088357355272,-36.99471138307942,1.471127241795794,-3.350624239348382,0.009662853576121004,-0.08912378583630204
591.3500000000279,-52.12862240617048,-36.705712966603905,1.5825667802927614,-3.0371884611971325,0.03637408936677235,-0.010836484915062117
591.4500000000278,-51.970183857694515,-37.00948599514792,1.5862041892294354,-3.038272109688638,0.03637408936677235,-0.010836484915062117
591.5500000000279,-52.10618060701385,-36.32450208707452,1.4365680042326223,-2.522000611132275,-0.0010936509326208016,0.11633355372173321
591.6500000000278,-51.96252927484538,-36.576120480418915,1.4364586391393603,-2.510367255760112,-0.0010936509326208016,0.11633355372173321
591.750000000028,-52.13173756258001,-36.945358963284896,1.2758262363358686,-2.560226258262704,-0.03987387344054926,0.10135990293980755
591.8500000000279,-52.035813919251034,-37.685533762693765,1.255585713417363,-2.8027353050215726,-0.04382425226919383,0.0394634827164483
591.950000000028,-51.637076515632096,-37.778283648069106,1.391471854391784,-2.701821514714624,-0.009943611883336909,0.06307093027302214
592.0500000000279,-52.45533642387715,-38.03163374110357,0.8892284303507202,-2.6867877343183495,-0.13323014905308492,0.06523466896228955
592.1500000000281,-52.3958060371274,-38.12702301268735,0.8611749048446821,-2.5907794443562207,-0.1367867748966168,0.08701170894955759
592.250000000028,-52.31037248051749,-38.385665898578,0.8474962273550328,-2.582078273461273,-0.1367867748966168,0.08701170894955759
592.3500000000281,-53.544293334388435,-38.86229334692838,0.15367346141365318,-2.688770009131789,-0.3019337013733039,0.05846038674806901
592.450000000028,-53.530435656753944,-39.13087804590758,0.12348009127635025,-2.6829239704569874,-0.3019337013733039,0.05846038674806901
592.5500000000281,-54.13352935213186,-39.69527017023982,-0.2272206286993802,-2.8303154617468227,-0.38056426909062613,0.021191847355499543
592.6500000000281,-54.15815423634722,-39.978195757177474,-0.2652770556084082,-2.8281962770112745,-0.38056426909062613,0.021191847355499543
592.7500000000282,-54.1101198623795,-39.62201780772676,-0.2640992494264625,-2.4953326976534043,-0.3710858022555682,0.10172951470659677
592.8500000000281,-53.226932504085994,-39.23778712407944,0.16968052721256066,-2.1550537972821227,-0.2566348160386973,0.18260336352520504
592.9500000000282,-52.45966416262588,-39.460546245736175,0.5296217414223872,-2.1410208950279808,-0.1634953879845972,0.1815741631391559
593.0500000000281,-52.07972308152166,-39.375114070698935,0.68489842541263,-1.9650826519814681,-0.12128243585513562,0.22069513365077778
593.1500000000283,-52.51028755438295,-39.39609864302032,0.4171719771758314,-1.8527745752684404,-0.18299565170110166,0.2426556039863358
593.2500000000282,-52.46948533492391,-39.580162822527065,0.39887241200573786,-1.8285090148698289,-0.18299565170110166,0.2426556039863358
593.3500000000283,-52.55929109957559,-38.86943098226652,0.31500035538162635,-1.3408159944229359,-0.1987287323737176,0.35581712791879605
593.4500000000282,-52.528784707699316,-39.0017334960691,0.29512748214427265,-1.3052342816310887,-0.1987287323737176,0.35581712791879605
593.5500000000284,-52.35443012094547,-38.24046832100966,0.35220286428706676,-0.8043871522166495,-0.17967586443866945,0.4701024197331622
593.6500000000283,-52.32010821383899,-38.31855652413259,0.33423527784321616,-0.7573769102433761,-0.17967586443866945,0.4701024197331622
593.7500000000284,-52.62030302212465,-38.75017520773153,0.1455486793052492,-0.8958176255612237,-0.22091929821477566,0.42494432257079595
593.8500000000283,-52.05032514279002,-38.4551093118934,0.4109783809520139,-0.6539200523306314,-0.15103620639374374,0.473796818355124
593.9500000000285,-52.41956583155588,-38.21437994483017,0.18573540880743597,-0.44930624085717763,-0.2017935213936256,0.5120766408565579
594.0500000000284,-51.90676836492035,-37.42429985619014,0.42484796793521257,0.04173093584360891,-0.13801843586167037,0.6211301789161464
594.1500000000285,-51.5350530223225,-37.46556240452796,0.5802255354784007,0.07873048583041906,-0.09717070952507575,0.6150185615932738
594.2500000000284,-51.47751632232234,-37.45461426313696,0.570508464525902,0.1402323419896905,-0.09717070952507575,0.6150185615932738
594.3500000000286,-51.92472850684278,-37.77632994838201,0.3023702073192905,0.025490842405184715,-0.15958681183378406,0.5719203598704347
594.4500000000285,-51.895289420170045,-37.770921262342156,0.2864115261359266,0.08268287839217617,-0.15958681183378406,0.5719203598704347
594.5500000000286,-51.76640191637752,-37.59572019289361,0.32393162320028496,0.22747479482178726,-0.1463102280961885,0.5938365401927859
594.6500000000285,-51.734740305198,-37.570003530710494,0.3093006003906794,0.28685844884101186,-0.1463102280961885,0.5938365401927859
594.7500000000286,-51.7151571493722,-37.90435314113181,0.2892228270845107,0.15676711362612278,-0.14762609028776913,0.5476985741307323
594.8500000000286,-51.694672160289976,-37.61004636556134,0.27048256101674034,0.35535487214507677,-0.14859287310223085,0.5829330412167844
594.9500000000287,-52.12225548529093,-37.435297006773055,0.02275281999300773,0.4842019823133232,-0.2048406862254612,0.600109891932848
595.0500000000286,-52.29071983751937,-37.81206884970736,-0.08659012495344737,0.31797516276138704,-0.22669629448619677,0.5440153535290689
595.1500000000287,-52.00861116678843,-38.156306151311895,0.040423719337316866,0.17642293712834384,-0.19055578819407779,0.49632801681158645
595.2500000000286,-52.00552157379567,-38.13618221751502,0.021368140517926418,0.22605573880945734,-0.19055578819407779,0.49632801681158645
595.3500000000288,-51.45081333220566,-40.20422126939943,0.2861211810519488,-0.8116854754136984,-0.12203608723614098,0.23072978800103644
595.4500000000287,-51.42281139453667,-40.284236168000724,0.2739175723283458,-0.7886124966136158,-0.12203608723614098,0.23072978800103644
595.5500000000288,-51.55500978426627,-39.96931102403606,0.17565577046370773,-0.5601873788793893,-0.14380732606925606,0.2811926754228143
595.6500000000287,-51.538163243850256,-40.02392379854684,0.1612750378567952,-0.5320681113371335,-0.14380732606925606,0.2811926754228143
595.7500000000289,-51.48821669722108,-40.148458959871924,0.1646158355873453,-0.5416022827113286,-0.13952604096854976,0.27202390283773237
595.8500000000288,-51.66710833375092,-40.0136010510765,0.050097344041646,-0.4165767437200559,-0.16396891544294562,0.2959899493930239
595.9500000000289,-51.877652528220345,-39.79960296001474,-0.07647024091489178,-0.25540639426153783,-0.19057967896355624,0.32802197773741865
596.0500000000288,-51.99601808800687,-39.48950565362064,-0.1529988297423673,-0.0461346821124413,-0.20471507465540867,0.3717767153125862
596.150000000029,-51.696396634192546,-39.59634946411392,-0.011457513410235045,-0.06280892265754554,-0.16559769361401283,0.35867130589790697
596.2500000000289,-51.698370374001634,-39.60083699985018,-0.028017282771621264,-0.026941792067787462,-0.16559769361401283,0.35867130589790697
596.350000000029,-51.267294843328024,-39.735900343509684,0.17760470153044278,-0.058553347288188964,-0.11210807685987567,0.34266705042847156
596.4500000000289,-51.250094913559295,-39.74004234298636,0.1663938938444654,-0.024286642245372976,-0.11210807685987567,0.34266705042847156
596.5500000000291,-50.81695284816849,-39.73040094227302,0.3714540041655504,0.0185687533955738,-0.0593639336122431,0.3454688901185679
596.650000000029,-50.78010426742003,-39.72681672248287,0.3655176108043315,0.053115642407399175,-0.0593639336122431,0.3454688901185679
596.7500000000291,-50.668617715396316,-39.51343556335706,0.39818264780917273,0.19448275067278112,-0.050038343465970685,0.3714800680084606
596.850000000029,-50.43666696321296,-39.92629862823049,0.49257043569664016,0.005305478124440835,-0.025880878069873502,0.31603182029627414
596.9500000000291,-49.90810315476757,-40.17790987881635,0.7359601365951794,-0.09442775959649843,0.03353289671752513,0.2840569885749096
597.0500000000291,-49.74335313062552,-39.68390987773723,0.7869516665161624,0.19922416499949278,0.04524993344126744,0.3498234697774616
597.1500000000292,-49.287393255319984,-40.2094862963348,0.9848175337574984,-0.04891931950094562,0.09193135320688137,0.2809219248865671
597.2500000000291,-49.18845184517829,-40.21297361866046,0.9940106690781781,-0.020827127012314463,0.09193135320688137,0.2809219248865671
597.3500000000292,-48.3412058702207,-40.82860692818082,1.3902740109936442,-0.3136069492445954,0.1862121491570662,0.20224434601026411
597.4500000000291,-48.20124740837567,-40.8589564013752,1.408895225909334,-0.2933825146435874,0.1862121491570662,0.20224434601026411
597.5500000000293,-47.53558207574103,-41.00908946437704,1.6999183568209988,-0.34118726069258964,0.2528097932107748,0.18458485839189592
597.6500000000292,-47.364326191093035,-41.042285266154316,1.7251993361420532,-0.32272877485341683,0.2528097932107748,0.18458485839189592
597.7500000000293,-46.9688463848412,-41.56665918835403,1.8642327106380319,-0.5595012383499753,0.28029085299269146,0.12243503626482269
597.8500000000292,-46.89780789010122,-41.84829811490295,1.8319259436354498,-0.6652248458656413,0.2656260227850422,0.09353384758934576
597.9500000000294,-46.91370698441494,-42.20294578426321,1.7556618778414637,-0.8052584222707324,0.24078914409306784,0.05716447682641461
598.0500000000293,-46.622783619406036,-42.653561765894096,1.8395086509104883,-0.9952320632102174,0.2554895652495114,0.008644093552126073
598.1500000000294,-46.33015813151895,-43.202538679927,1.9201296118100655,-1.2269207241201336,0.26878649156272727,-0.04795005657090581
598.2500000000293,-46.136801237880306,-43.325470502621755,1.9470082609663137,-1.2317157297772199,0.26878649156272727,-0.04795005657090581
598.3500000000295,-45.673553931348046,-43.45941369328083,2.1113940493169348,-1.2405996362507585,0.30209318099204924,-0.04865102776088208
598.4500000000294,-45.46090406051159,-43.5837169120446,2.141603367416112,-1.2454647390268423,0.30209318099204924,-0.04865102776088208
598.5500000000295,-44.89782290104148,-43.80981686299236,2.354009925775124,-1.2963132001748745,0.34697027250255164,-0.058424688095754615
598.6500000000294,-44.660687057101676,-43.93974030645021,2.3887069530253475,-1.3021556689844447,0.34697027250255164,-0.058424688095754615
598.7500000000296,-44.80973102652481,-44.232506127666056,2.223474342451254,-1.3919966842837412,0.298669941588352,-0.0788786915653737
598.8500000000295,-44.26638163716234,-44.74913778482666,2.418410659662906,-1.5964282728716979,0.33879059129678696,-0.12703064733737834
598.9500000000296,-44.23956702577837,-45.02006405300928,2.3410999295544817,-1.6664072237597667,0.3119336741287026,-0.14097488934544866
599.0500000000295,-44.020589052944615,-45.2778137119302,2.363553934397898,-1.7282701746816864,0.3097841524076585,-0.15281809785549577
599.1500000000296,-43.51781703119044,-45.44334758045345,2.530353385463253,-1.7393834670628572,0.342577625709618,-0.1518036468336017
599.2500000000296,-43.2630688045158,-45.61804494539375,2.5646111480341838,-1.7545638317462036,0.342577625709618,-0.1518036468336017
599.3500000000297,-43.00914936127211,-46.94297120646168,2.5962364976723125,-2.3673706367189715,0.34184510807062213,-0.2979660702146387
599.4500000000296,-42.74781648596476,-47.18119810048443,2.6304210084793436,-2.3971672437404083,0.34184510807062213,-0.2979660702146387
599.5500000000297,-41.83688519178739,-47.30305280793451,2.9978716855970924,-2.360682928603242,0.4227291202898882,-0.2808374656972847
599.6500000000296,-41.53498437762651,-47.540525288123106,3.0401445976260426,-2.388766675172945,0.4227291202898882,-0.2808374656972847
599.7500000000298,-41.35448213851598,-47.55858534888393,3.01795872578784,-2.3018101239031448,0.40715673880110964,-0.2528246636966626
599.8500000000297,-41.434230553860786,-47.32707243255327,2.8605035157342704,-2.085759899238987,0.35899064427991917,-0.19369969598660458
599.9500000000298,-41.57630855162574,-47.97092916650859,2.6758276839490907,-2.3299468927429787,0.3057127150964322,-0.24843307855572663
600.0500000000297,-40.203786546223135,-48.09459673813348,3.284117976674318,-2.296370338000242,0.44780769912967566,-0.23394816445477104
600.1500000000299,-39.37007660894502,-47.66507624570226,3.5868615191194495,-1.9781362717856052,0.5100918309106942,-0.1508093082376195
600.2500000000298,-39.00883999787885,-47.86364391942183,3.6378707022104724,-1.9932172026093535,0.5100918309106942,-0.1508093082376195
600.3500000000299,-39.678354543951784,-48.57636783036344,3.156115242075912,-2.273603280521352,0.38111163807662696,-0.21539334059108484
600.4500000000298,-39.3608374615541,-48.80480512511832,3.19422640588354,-2.295142614580441,0.38111163807662696,-0.21539334059108484
600.55000000003,-40.029629084568505,-49.22196812930851,2.713698349839366,-2.413920010274581,0.25349874901941866,-0.2392140443619029
600.6500000000299,-39.75699175583972,-49.46455620055755,2.7390482247412846,-2.4378414147107494,0.25349874901941866,-0.2392140443619029
600.75000000003,-39.538938014910414,-49.880787056251364,2.735090489600601,-2.550416651800832,0.24641842176644788,-0.2608016298199317
600.8500000000299,-39.16080318932992,-50.461287299626136,2.813149126258951,-2.7454734517706956,0.2594015518860433,-0.30219982648721855
600.9500000000301,-39.10729538812566,-50.83160254176544,2.721545949859059,-2.8244844953891124,0.2310099923573881,-0.3140783744708896
601.05000000003,-38.85252794241189,-50.92802167706329,2.7349387040592825,-2.7567730408131865,0.22862216562388946,-0.2895022394571363
601.1500000000301,-38.459359261842415,-51.322943135125705,2.8185825777384608,-2.846666886903706,0.24329766590855748,-0.30433348849964287
601.25000000003,-38.17628451573928,-51.60913149125831,2.8429123443292945,-2.8771002357536424,0.24329766590855748,-0.30433348849964287
601.3500000000301,-38.308465683342966,-51.483595564954804,2.651553359762394,-2.6909106352083083,0.19089572733753143,-0.2511737299458539
601.4500000000301,-38.04235586873028,-51.75394249712512,2.6706429324961296,-2.716028008202871,0.19089572733753143,-0.2511737299458539
601.5500000000302,-37.76377702784527,-52.137183940825295,2.696777050957974,-2.798107555218118,0.19295336740569194,-0.26500382517559207
601.6500000000301,-37.49313455591269,-52.41831971547273,2.7160723876985253,-2.824607937735653,0.19295336740569194,-0.26500382517559207
601.7500000000302,-36.93242246640715,-51.803584079398966,2.8832127498731572,-2.3859575429345474,0.22867075143233212,-0.15173763176192046
601.8500000000301,-36.56114236483603,-51.80208424476207,2.948348560462382,-2.275577790882222,0.23894430860869964,-0.12097782254598206
601.9500000000303,-36.21711770394077,-52.362633157948935,2.996867175348267,-2.459731708210524,0.2448920640206112,-0.1628661729064879
602.0500000000302,-35.037624470521536,-53.120731374868214,3.481360600867886,-2.7461720328165558,0.35803407557008915,-0.2298494397352011
602.1500000000303,-34.097216258660474,-53.76940451345712,3.819956202649518,-2.962085092212755,0.43114210097324324,-0.2768004548937298
602.2500000000302,-33.713064927891004,-54.066997024952585,3.863070412746803,-2.989765137702103,0.43114210097324324,-0.2768004548937298
602.3500000000304,-34.42703407262039,-54.21046306759178,3.3384148715418887,-2.9353788998634722,0.2935240800849233,-0.25663460450102044
602.4500000000303,-34.091724965066085,-54.505284130600366,3.367767279550354,-2.961042360313551,0.2935240800849233,-0.25663460450102044
602.5500000000304,-34.032232910945176,-54.448161746684384,3.2534108095057257,-2.8035910884111734,0.25865823502500684,-0.2121372322350347
602.6500000000303,-33.70559853881978,-54.72958154168642,3.279276633008203,-2.8248048116346576,0.25865823502500684,-0.2121372322350347
602.7500000000305,-33.17510321836633,-55.25208229035159,3.4084165770513555,-2.9697242462077407,0.28360788356768507,-0.24226009929517742
602.8500000000304,-32.90354697640467,-55.26944985750971,3.400249487024485,-2.8475652461186085,0.27472966085423894,-0.20639670692379639
602.9500000000305,-33.23794071162113,-55.32919707425847,3.081002880911301,-2.7511970936782992,0.19098259293646164,-0.17791027900186263
603.0500000000304,-32.30835714847631,-55.36479979676932,3.4249947148406554,-2.641968061883745,0.2708929742896998,-0.14641628754167077
603.1500000000306,-31.98483769364347,-55.190704673864126,3.441656730027693,-2.4294749202564976,0.2683753465913241,-0.09114073569250153
603.2500000000305,-31.639330143908058,-55.43410786956802,3.468494264686801,-2.4385889938257392,0.2683753465913241,-0.09114073569250153
603.3500000000306,-32.28580095183596,-56.11608428964554,2.982495937074518,-2.6761298605528103,0.1439505279967574,-0.14716435219309162
603.4500000000305,-31.9868316054888,-56.38443309746154,2.996890989874181,-2.690846295772106,0.1439505279967574,-0.14716435219309162
603.5500000000306,-32.57473507869406,-56.6518589716421,2.5502526296985604,-2.7047303028127674,0.03142859990017863,-0.14705131608233662
603.6500000000306,-32.31955267272494,-56.92306725850354,2.5533954896885755,-2.7194354344209875,0.03142859990017863,-0.14705131608233662
603.7500000000307,-32.08279826183051,-57.08958180313062,2.5469216625983777,-2.6791809588020277,0.029105336709551614,-0.13366841787883402
603.8500000000306,-31.699195854116944,-57.32508290070133,2.6163565525475865,-2.6753009373006646,0.04527430345610975,-0.12944304654307623
603.9500000000307,-31.2659875990285,-57.07018203040598,2.708794259685049,-2.4174794951098257,0.06650825882376021,-0.06352310439968474
604.0500000000306,-30.90558005787127,-57.40040802477742,2.762145721049754,-2.4704118323608117,0.07799468355535404,-0.07507239015917429
604.1500000000308,-30.775019334762444,-57.284836876270774,2.695055640130275,-2.290122676462949,0.05991288628561328,-0.0293702312747756
604.2500000000307,-30.505214206318236,-57.51399599507323,2.701046928758831,-2.2930596995904238,0.05991288628561328,-0.0293702312747756
604.3500000000308,-29.617820395529012,-57.18671739804664,3.0240572509250447,-2.0064991820919493,0.13659458722442056,0.04140108965595172
604.4500000000307,-29.31473169750066,-57.38716031080737,3.037716709647474,-2.002359073126358,0.13659458722442056,0.04140108965595172
604.5500000000309,-28.260673086157492,-57.27701217679646,3.4443294348359967,-1.8344074719735395,0.23334628530501103,0.08200122023564994
604.6500000000308,-27.915073411247683,-57.46004291789247,3.4676640633664766,-1.826207349949982,0.23334628530501103,0.08200122023564994
604.7500000000309,-27.803791220529533,-57.611398990582146,3.369572804836899,-1.8020342454964722,0.2040114123448401,0.08589070941963155
604.8500000000308,-26.9754876990462,-58.14191712527618,3.6432936059721555,-1.9762825450575896,0.2655816008642572,0.04109672158120393
604.950000000031,-27.00792020212367,-58.648072266653614,3.4656092661782285,-2.13198483635511,0.2162486185906809,0.002189306195159231
605.0500000000309,-27.195343570121906,-59.385423212056885,3.207086811925516,-2.4087104010728773,0.14734396607277658,-0.06647770271714112
605.150000000031,-26.352549868323244,-59.644663805312945,3.4891624668956642,-2.4246899325908964,0.21189249764160323,-0.06874868153622476
605.2500000000309,-26.002574159145787,-59.887476541979495,3.5103517166598053,-2.4315648007445128,0.21189249764160323,-0.06874868153622476
605.3500000000311,-26.514251247117752,-59.640221306634395,3.087427289904488,-2.1831249264956645,0.1044055913043763,-0.006307012301968645
605.450000000031,-26.204986490171063,-59.85856533434527,3.097867849034916,-2.1837556277258607,0.1044055913043763,-0.006307012301968645
605.5500000000311,-25.927921433170567,-59.68514407924342,3.0890605526420525,-1.9802508811139066,0.09927642618350202,0.04368341906165886
605.650000000031,-25.618518995775727,-59.882950750259326,3.0989881952603935,-1.9758825392077446,0.09927642618350202,0.04368341906165886
605.7500000000312,-26.17238730331159,-60.175713746153555,2.665461186343848,-2.0208977731107773,-0.007856296346520908,0.03165830823349742
605.8500000000311,-25.71110638592899,-59.62869175161461,2.7653026604161735,-1.6273143697540304,0.016601456943640708,0.12730811958141705
605.9500000000312,-26.162681444134524,-59.72988224006254,2.3933611318238555,-1.583057051523623,-0.07363874666606895,0.13498348285636655
606.0500000000311,-26.162497781535677,-59.91195650865446,2.2609756215409424,-1.5824735449881373,-0.1043888979754783,0.13178131213808733
606.1500000000312,-25.771034220841187,-60.54100356766946,2.3356021119717267,-1.8132106457488713,-0.08385018496608984,0.07242206463420205
606.2500000000312,-25.537893260569057,-60.721962521921014,2.3272170934751255,-1.8059684392854576,-0.08385018496608984,0.07242206463420205
606.3500000000313,-25.098928459497888,-59.60300641464708,2.4249030391956383,-1.1233756787479885,-0.058218129181298,0.23747220813704373
606.4500000000312,-24.85672924622445,-59.714156621481095,2.419081226277514,-1.0996284579343056,-0.058218129181298,0.23747220813704373
606.5500000000313,-24.725388514290966,-58.34992790903225,2.3537269352383463,-0.3053666670341325,-0.07324527991745469,0.42684195974298694
606.6500000000312,-24.490382047166932,-58.378330365936925,2.3464024072466074,-0.26268247105987264,-0.07324527991745469,0.42684195974298694
606.7500000000314,-24.30939430225458,-57.897923397047876,2.3117366299914046,0.041194867815424085,-0.07985056066223073,0.49044360137125514
606.8500000000313,-23.629751997807784,-57.66561111533212,2.5356524310215796,0.20791421095671392,-0.02348628362653024,0.5192732205189914
606.9500000000314,-23.41346551431114,-58.01567513976311,2.5142379458901956,0.06652825270742936,-0.028091473900605967,0.47220965948335963
607.0500000000313,-22.54505444516242,-58.52768443849577,2.8345418858024845,-0.1615361164655148,0.05138098121180022,0.4039540310868754
607.1500000000315,-22.531284719862818,-58.86514772121664,2.7012572347788137,-0.28841939659398835,0.017959334109007755,0.3632450655990743
607.2500000000314,-22.261069199714637,-58.89217343554802,2.703053168189713,-0.25209489003411395,0.017959334109007755,0.3632450655990743
607.3500000000315,-22.868288718833995,-58.74380155020317,2.2533944628857125,-0.12780841152499128,-0.09135221036073865,0.3844568756649492
607.4500000000314,-22.643406033597433,-58.75466010697734,2.244259241849647,-0.08936272395853133,-0.09135221036073865,0.3844568756649492
607.5500000000316,-23.19684521573657,-58.10567789517222,1.8285513037122882,0.2932262964375923,-0.19125248920452254,0.46925459963932437
607.6500000000315,-23.014946347811527,-58.074008992530295,1.8094260547918535,0.34015175640148204,-0.19125248920452254,0.46925459963932437
607.7500000000316,-22.6081754981107,-58.26504234427405,1.9066642104441083,0.26935841479788336,-0.16314064441590903,0.4405895705843673
607.8500000000315,-22.510557677787354,-57.64923846694456,1.8426994045340686,0.6192365790136863,-0.17472231611265707,0.5155133228155007
607.9500000000317,-21.962178739070097,-58.17354884027912,2.012483831974655,0.3659959731782502,-0.12949211452863904,0.4413094504256393
608.0500000000316,-22.00322713313261,-58.577495834362885,1.873012909181479,0.17619596729584688,-0.16061122242113174,0.3833074357170275
608.1500000000317,-21.501154840232864,-58.79842360506174,2.0187744411455584,0.0901195885970198,-0.12153975710543281,0.3530316997479226
608.2500000000316,-21.299885094904017,-58.78764648770331,2.0066204654350264,0.12542275857177995,-0.12153975710543281,0.3530316997479226
608.3500000000317,-22.97729493442786,-59.054493276917384,1.0285604626391336,0.014915193866766957,-0.35544160514860507,0.3174699360217102
608.4500000000317,-22.87621609618978,-59.0514144078506,0.9930163021243054,0.0466621874689091,-0.35544160514860507,0.3174699360217102
608.5500000000318,-22.965637908680254,-59.05559744877591,0.859075630553368,0.07553544952920369,-0.3797534199985489,0.31732704468098377
608.6500000000317,-22.881629112724983,-59.046457268599596,0.8211002885535477,0.1072681539972732,-0.3797534199985489,0.31732704468098377
608.7500000000318,-22.547759345728352,-58.41563149605452,0.9132774322874958,0.45919520402244074,-0.3483103173217516,0.3952957301959675
608.8500000000317,-22.650310239491905,-58.32858723687263,0.779181660625822,0.5191321442419795,-0.3724369435503843,0.40029540480108095
608.9500000000319,-22.465661667306197,-58.53701273224815,0.7976520885608643,0.4233641320245346,-0.35897968656941337,0.3672344769646032
609.0500000000318,-21.592027645727875,-58.451116604830865,1.1783443083921155,0.482132432629149,-0.256515730895867,0.3727003884977895
609.1500000000319,-21.47663810015768,-58.55002668076805,1.152096718182051,0.44232220571149633,-0.2566596369661461,0.3539421234385837
609.2500000000318,-21.362711726524406,-58.50402474957975,1.1264307544854597,0.4777164180553225,-0.2566596369661461,0.3539421234385837
609.350000000032,-21.76339756884144,-58.29635577309291,0.8360904517956476,0.5966519149180606,-0.3210184500902134,0.37464798167762275
609.4500000000319,-21.6813936159124,-58.234817341692775,0.8039886067866554,0.6341167130857888,-0.3210184500902134,0.37464798167762275
609.550000000032,-21.149008377544607,-58.73131551892262,1.0106932540206564,0.3823491974503878,-0.262000258915001,0.3045723181654137
609.6500000000319,-21.049249053437208,-58.6915577375868,0.98449322812918,0.4128064292669015,-0.262000258915001,0.3045723181654137
609.7500000000321,-20.930225158816192,-59.245970827440196,0.9695222031568587,0.13409378715729037,-0.2592874822294855,0.22928813839977158
609.850000000032,-20.397445680909165,-59.706184001610985,1.169426847846404,-0.09046694656531179,-0.2043979226072987,0.16865478016918048
609.9500000000321,-19.51178934586666,-60.110483400407446,1.5439048417696963,-0.27863625602233616,-0.10900899935801436,0.11873753071963739
610.050000000032,-17.995735508669213,-60.09644184653468,2.246223164143681,-0.24493535883281223,0.06641342968544595,0.12414946244200484
610.1500000000322,-18.08471332138473,-60.366894087561846,2.091883780275868,-0.3600914929186678,0.027545244535873467,0.09310374516413131
610.2500000000321,-17.875387217134655,-60.402437718127864,2.094638304729453,-0.35078111840226317,0.027545244535873467,0.09310374516413131
610.3500000000322,-17.50343952803012,-60.4509123716045,2.179388649445047,-0.35130207670188907,0.0470739350297494,0.09013586009507672
610.4500000000321,-17.285265293410667,-60.48559189997418,2.1840960429480174,-0.3422884906923896,0.0470739350297494,0.09013586009507672
610.5500000000322,-16.311772302653036,-60.518926204129734,2.5766330627420015,-0.3280509479213803,0.14087794965935188,0.09250744983900466
610.6500000000322,-16.053404606630775,-60.55126876167265,2.590720857707924,-0.31880020293748823,0.14087794965935188,0.09250744983900466
610.7500000000323,-15.792641055687879,-61.02207154197604,2.6053151222671094,-0.5370124893544316,0.14100030595038113,0.0371192338768408
610.8500000000322,-15.575912155177333,-60.66009468460142,2.5964209628316715,-0.316710909225973,0.13541149134522606,0.090182316239477
610.9500000000323,-14.980653039769976,-61.17891659986873,2.7818051984943977,-0.5600944282888128,0.176918679841712,0.0287332260350478
611.0500000000322,-13.789115694766288,-61.121213164844725,3.277245358486529,-0.4972162149806248,0.2944249994049811,0.043611139964266035
611.1500000000324,-12.405940274988412,-61.22463553594514,3.8471557323635435,-0.5207506947734666,0.4249189150704933,0.03682246406813496
611.2500000000323,-12.019100107177058,-61.2765264931021,3.889647623870554,-0.5170684483666564,0.4249189150704933,0.03682246406813496
611.3500000000324,-11.63630218003258,-60.49048281278379,3.9252795139022467,-0.07652200487277941,0.422701731974,0.1439064665441251
611.4500000000323,-11.241660719982846,-60.49741548093834,3.9675496870996083,-0.06213135821837999,0.422701731974,0.1439064665441251
611.5500000000325,-10.245915479120185,-61.83954494961985,4.317952907255577,-0.7516238081410944,0.49755011517655995,-0.030111682135602336
611.6500000000324,-9.81163243781914,-61.91485788884457,4.367707918773188,-0.7546349763546519,0.49755011517655995,-0.030111682135602336
611.7500000000325,-9.15681686927329,-62.27880755953109,4.528065501005418,-0.9069130712862272,0.5242702194272373,-0.06645881389652239
611.8500000000324,-8.33941843621444,-62.7553864483846,4.767499162668558,-1.1145428100735026,0.5697228071437868,-0.11569857510734596
611.9500000000326,-7.672091097986967,-62.83778049199666,4.920786907275075,-1.1107705002838792,0.5929869616446333,-0.11196340995969246
612.0500000000325,-7.427714536484971,-63.870454709870835,4.848842418675192,-1.6086017727999504,0.560706566575935,-0.23262211862627524
612.1500000000326,-6.596500743823723,-64.12097224245255,5.081069164813233,-1.677647630818001,0.6032387854055014,-0.24376403363407076
612.2500000000325,-6.08537763341584,-64.28995582570236,5.141393043353728,-1.702024034181386,0.6032387854055014,-0.24376403363407076
612.3500000000327,-4.849528244232458,-63.90297743129177,5.572393962163578,-1.4356097861385542,0.6932000459452783,-0.1725849954327964
612.4500000000326,-4.288822847786887,-64.04740133488265,5.641713966758043,-1.452868285681818,0.6932000459452783,-0.1725849954327964
612.5500000000327,-4.781405583200815,-65.05934012678992,5.163908469204174,-1.9229832496454413,0.5603427575774673,-0.2838773063744821
612.6500000000326,-4.262213022492985,-65.25305783828615,5.2199427449618705,-1.9513709802828636,0.5603427575774673,-0.2838773063744821
612.7500000000327,-3.642910340025283,-65.58202792713408,5.324468519771529,-2.0483072035937466,0.5720576562598959,-0.3005691560024923
612.8500000000327,-2.8020065025880556,-64.71370073419872,5.53955622997249,-1.5181605072397475,0.6104313896491601,-0.16332284956161225
612.9500000000328,-2.649799632239095,-64.41264396443711,5.392913676885775,-1.299645376451162,0.560266734543301,-0.1061474932294641
613.0500000000327,-1.5175721954061887,-65.22105485876779,5.757920560492852,-1.6684404109168758,0.6362630864304795,-0.19495651180968337
613.1500000000328,-1.288900497913927,-65.2943706705919,5.64191630317504,-1.6390437022799165,0.5928919684494532,-0.18305805977785403
613.2500000000327,-0.7217444077546943,-65.45919033111863,5.701205500019931,-1.6573495082576852,0.5928919684494532,-0.18305805977785403
613.3500000000329,0.16061120794497138,-64.88850618834594,5.91903445228284,-1.2932177029427756,0.6311610815205995,-0.08977566134071269
613.4500000000328,0.7556704585803143,-65.0182768369468,5.982150560434843,-1.3021952690768388,0.6311610815205995,-0.08977566134071269
613.5500000000329,1.8715918677055827,-64.79199829659376,6.305588514743889,-1.1216707508735277,0.6932406240473066,-0.04259446528754013
613.6500000000328,2.5056169222996285,-64.90437834400745,6.374912577148557,-1.125930197402278,0.6932406240473066,-0.04259446528754013
613.750000000033,2.907957525887985,-64.45579763641531,6.321802041591681,-0.8395683571260878,0.6636620600022579,0.02817305459301682
613.8500000000329,3.592929878781405,-64.22466705796816,6.41372816329047,-0.6725744100903469,0.6698744827913938,0.06839528304604384
613.950000000033,3.9172459174264955,-63.88099806003329,6.3163291898912295,-0.45320028744049684,0.6301683862080385,0.12013841645911588
614.0500000000329,4.716581922505691,-64.18472928177825,6.465501585752431,-0.5780367384037006,0.6513590897868967,0.08620706768545267
614.1500000000331,5.389875810113188,-64.05594661039548,6.542681317200124,-0.4731061657698664,0.6542670249840464,0.10964505111387862
614.250000000033,6.04741527695752,-64.10270900171685,6.608108019698469,-0.46214166065848855,0.6542670249840464,0.10964505111387862
614.3500000000331,7.192389126935192,-63.63395640943275,6.919580261051807,-0.18431387754648637,0.7135573204045582,0.1747471848452104
614.450000000033,7.887914939641759,-63.65151406126316,6.990935993092197,-0.1668391590619812,0.7135573204045582,0.1747471848452104
614.5500000000332,9.234970254686601,-63.940775376078115,7.3986044923356715,-0.2983829367858298,0.7960445044615396,0.1368200704292633
614.6500000000331,9.978810926441795,-63.96992956940453,7.4782089427817535,-0.2847009297429159,0.7960445044615396,0.1368200704292633
614.7500000000332,10.773969053315875,-63.84746556945257,7.580059927518539,-0.19323680529167636,0.8014189700966405,0.15576034696770313
614.8500000000331,11.265780173358515,-64.29704518738517,7.52060603550302,-0.40235234484661525,0.7674897478240617,0.10071234656861167
614.9500000000332,11.356786005511852,-64.0005603637046,7.256227810209982,-0.2182422869928248,0.6850934682827905,0.14308339715204532
615.0500000000332,11.43232892501666,-63.8094299832459,6.98257764377954,-0.09179625312298607,0.6009363801693195,0.17088738016510288
615.1500000000333,11.87746097070513,-64.25190548567264,6.911330633908786,-0.29932081533437394,0.5692246795198731,0.11622545367140384
615.2500000000332,12.571440157492974,-64.28125643993769,6.968253101860721,-0.2876982699672441,0.5692246795198731,0.11622545367140384
615.3500000000333,13.316563743832013,-62.753402686124716,7.048884437497204,0.5311911961485388,0.5750356062553375,0.31317017552913573
615.4500000000332,14.024327365612363,-62.69871771563227,7.106387998122686,0.5625082137014239,0.5750356062553375,0.31317017552913573
615.5500000000334,15.09266482488271,-61.137852025349424,7.348852346725093,1.3839768259988334,0.6203527093039654,0.5082204747540561
615.6500000000333,15.830651823101066,-60.996913240375896,7.410887617655433,1.4347988734741928,0.6203527093039654,0.5082204747540561
615.7500000000334,15.743930443761231,-60.50476016415261,7.046580985665829,1.664808194970869,0.5173541983393356,0.5518533383892218
615.8500000000333,16.345518900302878,-60.687445834903684,7.043730606314859,1.5365402124839216,0.5040869377263661,0.5069084477588086
615.9500000000335,16.363442845728244,-60.83465993704459,6.740659072202279,1.43017795772118,0.4187068927968026,0.46867269838632886
616.0500000000334,16.466105523953846,-60.943440923116555,6.482260789255762,1.3427678875746227,0.344853145131824,0.43537930040690676
616.1500000000335,17.06376113454333,-61.50581152157597,6.489929981055526,1.0247600036924238,0.3383784941403438,0.34739345680501016
616.2500000000334,17.714446025118992,-61.401598553922796,6.523767830469529,1.0594993493728933,0.3383784941403438,0.34739345680501016
616.3500000000336,17.2964078593575,-60.87851789420079,6.006479489330247,1.3106294960513856,0.2050141798028223,0.4003764397640004
616.4500000000335,17.898080879188992,-60.745453062396955,6.02698090731051,1.3506671400277492,0.2050141798028223,0.4003764397640004
616.5500000000336,18.681640359772018,-60.55153557005394,6.140822845983352,1.4204571400170762,0.22779650866787998,0.40769201105511566
616.6500000000335,19.296861626913135,-60.40745139599709,6.163602496850119,1.4612263411225508,0.22779650866787998,0.40769201105511566
616.7500000000337,19.410294724364004,-60.21677830012892,5.9277452045036645,1.5240033536820357,0.16531327666803933,0.41305100678359336
616.8500000000336,19.79840368680381,-59.13180148986694,5.838112111895203,2.0503691974159324,0.13950966011116647,0.5318877903444816
616.9500000000337,19.701100911036878,-59.45259835773716,5.502255315147867,1.8299891890926983,0.05501666688293039,0.4652854270656417
617.0500000000336,19.811132962314453,-58.386465926429594,5.277138343146811,2.3418967908013717,-0.0017059795574561262,0.5806738479589997
617.1500000000337,20.23560415985083,-58.7499405916088,5.224030513021069,2.0892526736480663,-0.014487473228931338,0.5050590501573445
617.2500000000337,20.757934773786314,-58.538490028993394,5.222581765698178,2.1397585786637547,-0.014487473228931338,0.5050590501573445
617.3500000000338,20.252793649439045,-59.11893351654024,4.691580206353112,1.7754245421421329,-0.142941530771302,0.40355307730486156
617.4500000000337,20.721236962420075,-58.93937329693967,4.677286053275995,1.8157798498725823,-0.142941530771302,0.40355307730486156
617.5500000000338,20.840708375166418,-59.18397962530119,4.484521925805616,1.6319481013184176,-0.186087769205877,0.34841123845794714
617.6500000000337,21.288230128900544,-59.019042758977214,4.465913148885045,1.6667892251641807,-0.186087769205877,0.34841123845794714
617.7500000000339,21.214920271643035,-59.0583415053479,4.181019861228479,1.5940970322533792,-0.2504185514041403,0.32222641829195675
617.8500000000338,22.18248871738791,-59.16913808761503,4.440498476255911,1.4846255647213857,-0.1812649018503939,0.28751226661698853
617.9500000000339,22.77553765578278,-59.32923688828846,4.499281916795209,1.3529092130910267,-0.16268798347490268,0.24844523690533898
618.0500000000338,23.30665160094669,-59.598499698864586,4.525945903940332,1.1633493067162526,-0.15212829399777447,0.1952847258354631
618.150000000034,23.871694903112918,-59.82568309046938,4.568785495367476,1.004648950962877,-0.13811175745066903,0.15191093139085568
618.2500000000339,24.327882893861997,-59.724458640716236,4.5549743196224215,1.0198400441019488,-0.13811175745066903,0.15191093139085568
618.350000000034,25.845047789721605,-59.66606511246652,5.0904737278104815,1.0104701159532474,-0.004501336184648791,0.1455840498075191
618.4500000000339,26.354072655821266,-59.56429018062225,5.090023594192017,1.025028520933986,-0.004501336184648791,0.1455840498075191
618.5500000000341,25.877145101398092,-59.31377995209172,4.574610582260774,1.1110002779371284,-0.13089460469277392,0.16190920551215293
618.650000000034,26.33395168660029,-59.20187037827055,4.561521121791508,1.127191198488329,-0.13089460469277392,0.16190920551215293
618.7500000000341,26.88237066624904,-59.12339954320566,4.5961097134786275,1.125233217561738,-0.11937622391863653,0.1574898707818511
618.850000000034,27.411089326097567,-58.75935827435289,4.620183910255807,1.271684037080032,-0.11062343111909186,0.18951098482800902
618.9500000000342,28.3060274414847,-58.14462126110718,4.8315175769885945,1.542529247203369,-0.05690562793023491,0.2508364865174272
619.0500000000341,29.42810919548612,-58.4525332158688,5.160504209458335,1.3227629956151015,0.02541111943431671,0.19012717268374527
619.1500000000342,30.27517011128336,-57.22223141214805,5.332718445664076,1.909361636030562,0.06637805093186205,0.32825496822583367
619.2500000000341,30.808773846103943,-57.029653973704036,5.339356250757256,1.9421871328531155,0.06637805093186205,0.32825496822583367
619.3500000000342,31.325859964064502,-57.603123634422616,5.3388083425312285,1.574511352860043,0.06499236946387316,0.23024974510971313
619.4500000000342,31.86006576016446,-57.444521250411206,5.34530757947761,1.5975363273709933,0.06499236946387316,0.23024974510971313
619.5500000000343,32.46112546795988,-56.781685303013155,5.3903756743249795,1.8824089616310276,0.07531620908739822,0.2944499616860259
619.6500000000342,33.00053961643733,-56.591972157041795,5.397907295233712,1.9118539577996034,0.07531620908739822,0.2944499616860259
619.7500000000343,33.37495370203726,-56.33640242266958,5.320390736000925,1.9738675777154182,0.054769704381127195,0.3023805601423477
619.8500000000342,33.738392072534225,-55.95002653310339,5.238621205263443,2.1018345402285203,0.03356415117953236,0.3263235179584967
619.9500000000344,33.76875276579429,-55.77406459775698,4.988697459716156,2.115907904854083,-0.027613447428271203,0.3218051940022294
620.0500000000343,33.924315050198196,-55.592201625394296,4.806260957412486,2.1315314377587318,-0.07180610459754533,0.31769997162593755
620.1500000000344,34.72182095628952,-55.198166518300596,4.961756682128645,2.256061235471653,-0.032528521253699524,0.3402740106258691
620.2500000000343,35.217833981895666,-54.97085902470051,4.958503830003278,2.2900886365342092,-0.032528521253699524,0.3402740106258691
620.3500000000345,35.7061153660032,-55.42370530085089,4.951880778717768,1.967234468678494,-0.03325030773249332,0.25272087336195215
620.4500000000344,36.201137192335864,-55.22571824961641,4.948555747944521,1.9925065560146662,-0.03325030773249332,0.25272087336195215
620.5500000000345,36.87504267065842,-54.16315049403282,5.043965462545464,2.467860409019851,-0.007914870001251129,0.3631524228981329
620.6500000000344,37.3793996425625,-53.91454869101657,5.04317397554534,2.504175651309631,-0.007914870001251129,0.3631524228981329
620.7500000000346,37.83422762241478,-52.98131618723358,5.017009714131793,2.8930337256945418,-0.014044593506550096,0.4489981025223123
620.8500000000345,38.12617565034499,-52.18161160283983,4.907275825948174,3.2028273158787064,-0.040374422616745134,0.5138953865080169
620.9500000000346,38.930372742998216,-51.59384733292117,5.06416948966583,3.391345710208998,-0.0015029271973876143,0.5472804299926256
621.0500000000345,39.3655184127815,-50.851407571678614,5.026707221184592,3.6577163804957116,-0.01068012996442993,0.5997561658127623
621.1500000000347,39.69275051593601,-50.18652265131464,4.935703737231874,3.870890677987137,-0.0323947078852609,0.6370386198185467
621.2500000000346,40.186158916119325,-49.79624839041719,4.9324642664433505,3.9345945399689337,-0.0323947078852609,0.6370386198185467
621.3500000000347,40.25296176888847,-48.736405838722916,4.710930447599753,4.344868061599813,-0.08503861327502703,0.7221299448124511
621.4500000000346,40.72362962058164,-48.29830838283928,4.702426586272258,4.417081056080993,-0.08503861327502703,0.7221299448124511
621.5500000000347,41.29452930035821,-48.1226724425044,4.745773211089032,4.34641832955674,-0.07251594721044194,0.6866215251489591
621.6500000000347,41.76874404173063,-47.684597501923385,4.738521616367994,4.415080482071573,-0.07251594721044194,0.6866215251489591
621.7500000000348,42.146612992158424,-47.401804688696785,4.682206960024442,4.39980092380091,-0.08436892777807993,0.6661813614151311
621.8500000000347,42.27720657014667,-46.78853900165846,4.49955802643352,4.555013743612524,-0.12671174554203476,0.6878864929861417
621.9500000000348,42.11523191935296,-46.1684877812626,4.173257075816957,4.707199451294256,-0.2024662637838105,0.7081901293492605
622.0500000000347,42.06405490698786,-46.05950482879529,3.9082438396458383,4.585021940500794,-0.2626687259377256,0.6603376020811406
622.1500000000349,41.769877253775654,-45.57656043732588,3.5313894703833473,4.6619930176552336,-0.3473167456070972,0.6629993091766089
622.2500000000348,42.121279617085634,-45.107046139014905,3.496657795822669,4.728292948572834,-0.3473167456070972,0.6629993091766089
622.3500000000349,42.49631437134224,-44.8916274641355,3.4747259551505087,4.656546134565181,-0.344462604957562,0.6287203468243063
622.4500000000348,42.84206465383219,-44.42282924894529,3.440279694654784,4.719418169247554,-0.344462604957562,0.6287203468243063
622.550000000035,43.359872187171625,-44.6127199803974,3.5031891316619563,4.434553829141583,-0.3193450516563784,0.543280180104013
622.6500000000349,43.70859437507922,-44.16654819658313,3.4712546264963478,4.488881847151935,-0.3193450516563784,0.543280180104013
622.750000000035,44.49826963643691,-44.483932314457306,3.6672122397881135,4.145116204086154,-0.2642893587936415,0.4463426798119874
622.8500000000349,45.98364339958525,-44.14489438626508,4.2194010455579,4.149243876356692,-0.12365438617472599,0.4364188226123164
622.9500000000351,46.218137638204055,-43.44380582680874,4.111182516604694,4.33988600143044,-0.14680685840339555,0.47220712897734857
623.050000000035,46.13621203872977,-43.64488454198961,3.83874037134705,4.050318090442084,-0.21020551608161053,0.3887020663121521
623.1500000000351,46.46169187217286,-43.433329643698386,3.788314915498422,3.988085005667485,-0.21730521854154378,0.36409755412392375
623.250000000035,46.83943683762965,-43.03270065536138,3.7665843936442873,4.024494761079844,-0.21730521854154378,0.36409755412392375
623.3500000000352,46.65656945626964,-41.991808880873634,3.458449767743733,4.391391601423133,-0.28646775289726656,0.4447702686190455
623.4500000000351,47.000982094279216,-41.55044586938863,3.4298029924540323,4.4358686282849975,-0.28646775289726656,0.4447702686190455
623.5500000000352,46.98259106364122,-41.43934904335642,3.2124609031602733,4.303621191410654,-0.3329298686467107,0.40097951976101454
623.6500000000351,47.30217250461372,-41.006982026616946,3.1791679162956323,4.3437191433867195,-0.3329298686467107,0.40097951976101454
623.7500000000352,48.67496563367039,-40.515030173118014,3.6879873871895787,4.412587442260046,-0.20196273747321306,0.4079852216433454
623.8500000000352,49.43316786345989,-39.79765738823198,3.8694922846659705,4.596256454128853,-0.1529385948477226,0.44298757898789987
623.9500000000353,50.01868365693241,-39.30988838060141,3.9564666001766176,4.653976779690954,-0.12823661525410018,0.44625515981798186
624.0500000000352,50.53444734873192,-39.03773856738301,4.006869006126768,4.595319862997691,-0.11268561776485915,0.42064679480485956
624.1500000000353,50.7022445961529,-38.18459086412778,3.8764662968381316,4.839938607381221,-0.14145010525435492,0.46994038247525294
624.2500000000352,51.08918397531009,-37.69824730147772,3.8623212863127088,4.886932645628703,-0.14145010525435492,0.46994038247525294
624.3500000000354,50.313063144404175,-37.402308614720376,3.2503221727080356,4.833892219378357,-0.2862719399147648,0.4457910158253933
624.4500000000353,50.63666400197511,-36.916690437703856,3.221694978716585,4.8784713209608555,-0.2862719399147648,0.4457910158253933
624.5500000000354,51.14727639137735,-36.997103567785786,3.2900747107094435,4.62770071208233,-0.2629286299764674,0.37387123685814083
624.6500000000353,51.47496921929812,-36.532464140393685,3.2637818477118206,4.66508783576811,-0.2629286299764674,0.37387123685814083
624.7500000000355,51.77314468092626,-36.26714584906624,3.223692678359469,4.597353989387886,-0.26626163337493564,0.3482738333754304
624.8500000000354,52.39204947993021,-35.4928104224954,3.3509549446179214,4.795269630134532,-0.22885853712540566,0.38822941465986044
624.9500000000355,52.264568757468574,-35.455544738951374,3.0913284951012536,4.604156002761481,-0.2860411490845534,0.3322496406629197
625.0500000000354,52.20012776437445,-34.53591719821766,2.867879013174217,4.879130283073922,-0.33396505032146384,0.3921901801308846
625.1500000000356,52.77641769641997,-33.59217352069238,2.9837920009734034,5.153164680740776,-0.2979148402994095,0.4493348862065693
625.2500000000355,53.07330732231554,-33.07461037818774,2.9540005169434895,5.198098169361392,-0.2979148402994095,0.4493348862065693
625.3500000000356,52.2086053357933,-32.07041012800293,2.32760989117734,5.495065900916681,-0.44249826129356407,0.5112323042070277
625.4500000000355,52.43915383360436,-31.518347376390736,2.283360065048024,5.5461891313373375,-0.44249826129356407,0.5112323042070277
625.5500000000357,53.28667055019712,-31.253424882606122,2.5572534872310504,5.441665071674482,-0.36579382504064684,0.4723746213162888
625.6500000000356,53.54056692979479,-30.706896502332594,2.520674104727019,5.488902533806068,-0.36579382504064684,0.4723746213162888
625.7500000000357,54.53401356930873,-30.505851169141526,2.8654357473031795,5.354843308685418,-0.2736669252826034,0.42822810658417443
625.8500000000356,55.02501750733726,-30.390646618740433,2.9444073607110033,5.177464791891632,-0.24782104523572837,0.37428018796804774
625.9500000000357,54.98727824822554,-30.260591535831985,2.7498339189414955,5.013239853415279,-0.2888326517106522,0.32518627032388164
626.0500000000357,55.31080382807386,-29.984359602940298,2.7471222928456998,4.9259708405371425,-0.28239551099008187,0.2954855213442346
626.1500000000358,56.154505343561816,-29.758152816563854,3.0113777808555255,4.8169345480719565,-0.21177369458493447,0.26175949273882587
626.2500000000357,56.45458425317417,-29.2751505642934,2.9902004113970513,4.8431104973458154,-0.21177369458493447,0.26175949273882587
626.3500000000358,56.60673632493199,-29.20525282033666,2.8958124586365677,4.65404878445619,-0.22911552713125752,0.20934330444195437
626.4500000000357,56.89517199315973,-28.738801225369258,2.872900905923463,4.674983114900367,-0.22911552713125752,0.20934330444195437
626.5500000000359,57.21801470280122,-28.055096174356514,2.873837502727555,4.8046394827412895,-0.22225625530694906,0.23523026839743982
626.6500000000358,57.50428717179718,-27.57345607474084,2.8516118771968806,4.828162509581012,-0.22225625530694906,0.23523026839743982
626.7500000000359,57.71056647603966,-27.448861296023647,2.7894820616455918,4.665630897249856,-0.23189657479047773,0.18992517212888593
626.8500000000358,57.951210987615276,-27.067544885812147,2.7471024049638433,4.639690647354903,-0.23656076812257185,0.1789169312105532
626.950000000036,58.08847218555372,-26.855030905365638,2.65353406407216,4.526956271013544,-0.25344746157055653,0.147115039569157
627.0500000000359,58.558631301033145,-26.19837059631288,2.7360841060915897,4.649044943076101,-0.22690980634341545,0.17373867384756947
627.150000000036,59.129384800057096,-25.078666129475522,2.8663474047752313,5.004738645763576,-0.18997957646571428,0.25607223980247196
627.2500000000359,59.41506964265203,-24.57691190370061,2.847349447128677,5.030345869743799,-0.18997957646571428,0.25607223980247196
627.3500000000361,61.2019088031459,-25.29378311426358,3.602777392024138,4.421204788965812,-0.0022009915939788793,0.10095647999829588
627.450000000036,61.56217553739002,-24.85115785296741,3.6025572928647405,4.431300436965633,-0.0022009915939788793,0.10095647999829588
627.5500000000361,61.07953153373815,-23.98764446211493,3.16780345486538,4.666624803267104,-0.10762254815131161,0.15753001934641342
627.650000000036,61.39577376648364,-23.520194331691915,3.157041200050259,4.682377805201731,-0.10762254815131161,0.15753001934641342
627.7500000000362,61.73939378779901,-23.373164098118803,3.1608787342478037,4.531438830702265,-0.10409543407126358,0.11693981383906693
627.8500000000361,62.175159600368055,-23.026310573791207,3.212567897658474,4.487420539252013,-0.08900213619191347,0.10329066287548505
627.9500000000362,62.50942228630645,-22.096055884467646,3.210568757708499,4.746732062915074,-0.0873352424494669,0.16390730060062586
628.0500000000361,63.48862284472397,-22.30671702699276,3.546651909133125,4.400589776582667,-0.0025246022865568346,0.07401904397623026
628.1500000000362,64.05223761476823,-22.18621993004945,3.6535528010641114,4.24247072051241,0.02334716766369124,0.03373783816573409
628.2500000000362,64.41770963071262,-21.761804168807767,3.6558875178304784,4.24584450432898,0.02334716766369124,0.03373783816573409
628.3500000000363,64.40859677567828,-20.404103390351146,3.465438893186715,4.734523833683264,-0.02332595746701423,0.1524150817287669
628.4500000000362,64.7550240352093,-19.92988893157461,3.463106297440016,4.7497653418561265,-0.02332595746701423,0.1524150817287669
628.5500000000363,63.85933331076477,-19.661717374484173,2.8133414742803255,4.657201767692014,-0.18196751649968684,0.12608783277823538
628.6500000000362,64.13975762061004,-19.195366758551508,2.7951447226303734,4.669810550969825,-0.18196751649968684,0.12608783277823538
628.7500000000364,64.3490695936792,-19.015525401714182,2.741393822526733,4.533445146414252,-0.19055692402509444,0.08981198418130237
628.8500000000363,64.10096001802518,-18.31984019553973,2.4530182902910123,4.668520616523655,-0.25601600966030824,0.12070427527631218
628.9500000000364,63.93171217366404,-17.756992834294085,2.2153860849902864,4.729969563545631,-0.3072301401728582,0.1327258444227572
629.0500000000363,63.980977720093506,-18.321847943677458,2.0952693722387496,4.194536915065614,-0.32921729262557037,-0.0033228864731646712
629.1500000000365,63.89741237632439,-18.04659373970181,1.9128974725722772,4.119609745526491,-0.36530146871325375,-0.021476307895553323
629.2500000000364,64.08687561623788,-17.634740146689012,1.876367325700985,4.117462114736937,-0.36530146871325375,-0.021476307895553323
629.3500000000365,63.273856107044125,-17.66439407523532,1.3250886482143822,3.8870831094267637,-0.4901398501364582,-0.07700378949507851
629.4500000000364,63.40391427261476,-17.276070783240474,1.276074663200781,3.879382730477263,-0.4901398501364582,-0.07700378949507851
629.5500000000366,63.374519278724854,-16.41626860991354,1.1456543250141307,4.113384318292862,-0.5102665809571154,-0.01876131140636606
629.6500000000365,63.48653337832138,-16.00502398464166,1.0946276669184656,4.111508187152228,-0.5102665809571154,-0.01876131140636606
629.7500000000366,63.40617994109638,-15.380645228639157,0.9475151770873559,4.220065451987919,-0.5334796349068798,0.008129690388937849
629.8500000000365,63.32056426652659,-14.325096221485612,0.8023612834193357,4.551112870462998,-0.5557933725395123,0.0890350210177503
629.9500000000367,63.429528556472995,-13.69677253641767,0.7629468796550767,4.649447451891082,-0.5518888748087747,0.11080768481917752
630.0500000000366,63.92179146168824,-12.73061328160931,0.9269936227996558,4.925054815200248,-0.49796597753661404,0.1763957371196806
630.1500000000367,63.353347448986426,-12.353211455505917,0.5394472571680834,4.882687715615346,-0.5795143763423337,0.16179250408960144
630.2500000000366,63.40439460282148,-11.86413372142438,0.48149581953390275,4.898866966024292,-0.5795143763423337,0.16179250408960144
630.3500000000367,63.68578005073543,-10.670438087650199,0.5458124189669916,5.27757424243522,-0.549738266472995,0.2497653360621513
630.4500000000367,63.73761260129972,-10.141431836726849,0.49083859231974214,5.302550776041413,-0.549738266472995,0.2497653360621513
630.5500000000368,63.699852965153106,-9.710104218286144,0.3949014747168009,5.27584781710004,-0.559155787149278,0.23722131439428215
630.6500000000367,63.73654733368901,-9.18133333000465,0.33898589600192397,5.299569948539446,-0.559155787149278,0.23722131439428215
630.7500000000368,63.6534385623323,-8.831873315714212,0.22446821646044626,5.229237531472076,-0.5733132722174353,0.214318631646976
630.8500000000367,63.43198996459214,-6.9412952699959485,0.0426129517567829,5.963047284850109,-0.6035792306864178,0.3888466641970797
630.9500000000369,63.410381479734504,-6.6569696610348705,-0.02946927628693484,5.839432932087375,-0.6064111335951624,0.3492850650374284
631.0500000000368,63.92202588834442,-5.682682675664969,0.1809046426803601,6.079678849630072,-0.5397526451657155,0.40019249497740067
631.1500000000369,63.36686896346738,-5.63134418679298,-0.1656412265229659,5.830683432100243,-0.6103927065926351,0.32985784218248604
631.2500000000368,63.34725287728214,-5.046626554372576,-0.2266804971821739,5.863669216318462,-0.6103927065926351,0.32985784218248604
631.350000000037,64.30909461386459,-4.522844953194778,0.2206685961149058,5.860967185733297,-0.4872151647059365,0.3206415339673094
631.4500000000369,64.32872539765253,-3.935145026952148,0.17194707964435646,5.893031339129998,-0.4872151647059365,0.3206415339673094
631.550000000037,64.56295763323416,-2.7862372443252825,0.239411466370847,6.214621676949309,-0.45836522247656175,0.39128448852193404
631.6500000000369,64.58460695375884,-2.1628186541883108,0.1935749441232325,6.253750125801467,-0.45836522247656175,0.39128448852193404
631.7500000000371,64.69117813911063,-1.5271676251331556,0.1936638108944942,6.2971855009214845,-0.4472702617137938,0.39233324339336506
631.850000000037,64.829109828676,-1.580697385353179,0.21134714822082334,5.97922973041706,-0.4321012146385848,0.30482419682153283
631.9500000000371,64.78896215925026,-1.5751372013252072,0.13780416955977298,5.702293031689409,-0.4394278499240284,0.2299807177794567
632.050000000037,63.920297540650445,-0.6510928248069562,-0.36701502828994875,5.911623601913336,-0.55278438505827,0.27618093315416803
632.1500000000372,63.41815298811911,0.2526237175435593,-0.6595498653569936,6.100231229369314,-0.6100690414790211,0.3153593703727396
632.2500000000371,63.34914765637608,0.8642236373317966,-0.7205567695048402,6.131767166406559,-0.6100690414790211,0.3153593703727396
632.3500000000372,62.53229281594967,1.3029771639893755,-1.164507556273072,6.0718773719930805,-0.7030877585098806,0.2930292931652612
632.4500000000371,62.41232662152993,1.9116300476539552,-1.2348163321239962,6.10118030130958,-0.7030877585098806,0.2930292931652612
632.5500000000372,63.53668526745161,2.113755208836365,-0.6544954195859513,5.918513767345893,-0.544037464966709,0.24141591061605455
632.6500000000372,63.46851553816825,2.706813665123494,-0.7088991660825726,5.942655358407477,-0.544037464966709,0.24141591061605455
632.7500000000373,63.92964700977468,3.086093789846218,-0.48892636362248887,5.85487741187634,-0.47775175438423795,0.2141630270138745
632.8500000000372,63.46481848061243,3.864107449307142,-0.7503544557853141,5.976096223787801,-0.5296808086296878,0.2386140042484184
632.9500000000373,63.96276658465583,4.829199997040552,-0.5079908863741046,6.1895635955061925,-0.45834604198554807,0.2847749932336223
633.0500000000372,63.830440270466305,4.7775863111575365,-0.5953112709051208,5.8629895704235695,-0.4685498280432391,0.19674173530235695
633.1500000000374,64.02653277286947,4.935912313039716,-0.5098841379403857,5.660737446059217,-0.436610813549217,0.14273371810029273
633.2500000000373,63.973361305007735,5.502699726235623,-0.5535452192952677,5.675010817869233,-0.436610813549217,0.14273371810029273
633.3500000000374,64.07256678893025,5.29883864681827,-0.5163942327222065,5.2882448393961905,-0.41700469139307056,0.04478846639893412
633.4500000000373,64.01884234220111,5.827887073089402,-0.5580947018614757,5.29272368603608,-0.41700469139307056,0.04478846639893412
633.5500000000375,63.65580798015077,6.331219673411166,-0.7606096720246208,5.282153186453375,-0.45678320981818765,0.04079270905730023
633.6500000000374,63.57746309689929,6.859638955601309,-0.8062879930063981,5.286232457359101,-0.45678320981818765,0.04079270905730023
633.7500000000375,63.02032411331182,7.205923186100729,-1.0952923856003478,5.195812027037252,-0.5155675396793526,0.017781629728445995
633.8500000000374,62.922747303285696,7.247089144831466,-1.139342295714539,4.948153563531008,-0.5137429762347379,-0.04332875039899518
633.9500000000376,62.59438689713403,8.05746484237267,-1.2994114171539761,5.107279220224701,-0.5399972564147726,-0.003533550746705312
634.0500000000375,63.02263253460328,8.780387065279053,-1.0597444591576062,5.219049175607038,-0.4677673986636373,0.024266865900098626
634.1500000000376,62.77824970395671,9.420742583945097,-1.17629605790974,5.282695044277262,-0.4846142733625449,0.03916517524987286
634.2500000000375,62.65819702679904,9.949207914248593,-1.2247574852459504,5.286611561802246,-0.4846142733625449,0.03916517524987286
634.3500000000377,62.37980490528628,11.486444513117787,-1.3528481340461171,5.814971859201888,-0.5040387720066505,0.16739174297191717
634.4500000000376,62.24199989802176,12.068778657752306,-1.4032520112467364,5.831711033499064,-0.5040387720066505,0.16739174297191717
634.5500000000377,62.55975089803949,11.737841476476932,-1.216919342080352,5.37264366876772,-0.4467600594472847,0.05106104708587588
634.6500000000376,62.43582516353433,12.275361148588644,-1.2615953480250397,5.377749773476303,-0.4467600594472847,0.05106104708587588
634.7500000000377,61.995909805062844,13.116951555526718,-1.466113680818034,5.540004300147849,-0.48537583130012907,0.08932735647329607
634.8500000000377,61.82317245827898,13.255412028328244,-1.5268950478484304,5.33208982097646,-0.4883517238275165,0.036201174026875636
634.9500000000378,61.32485418921622,14.01532036561274,-1.7518045053512166,5.452964705369249,-0.5308809211871682,0.06474772227409835
635.0500000000377,61.06856970773769,14.975729697190863,-1.8459669158842813,5.678595493380818,-0.5409835046315867,0.1190863653682041
635.1500000000378,60.94561529248591,15.752322133525668,-1.867068784431195,5.79818674397393,-0.5330166293812975,0.14529202250522188
635.2500000000377,60.75624333089606,16.33286726803506,-1.9203704473692764,5.812715946224439,-0.5330166293812975,0.14529202250522188
635.3500000000379,61.11078759812857,16.28696257985753,-1.6907993039312015,5.501274009887952,-0.4644524393905398,0.06571943055444776
635.4500000000378,60.93938540553865,16.837418577998598,-1.7372445478702132,5.507845952943391,-0.4644524393905398,0.06571943055444776
635.5500000000379,61.26061601586447,18.06166139839855,-1.5254880182740824,5.864957400090371,-0.40140960454372676,0.15152998422861785
635.6500000000378,61.10606016601449,18.648914788328195,-1.5656289787284186,5.880110398513219,-0.40140960454372676,0.15152998422861785
635.750000000038,61.027110599447475,18.721666106146174,-1.56491662628154,5.628129115446621,-0.3915399896454917,0.08648165007562178
635.8500000000379,61.043619311696375,19.953617877785668,-1.513681163162788,5.985363349589795,-0.3695705293090717,0.17188301030365538
635.950000000038,60.965319963750915,20.889634302683135,-1.512201765203191,6.17679969241022,-0.3602865421293703,0.21430499671520312
636.0500000000379,60.83256190732408,21.679989116597536,-1.5376209154715421,6.288897709152379,-0.35767704298145103,0.23678555620476355
636.1500000000381,60.72086535200145,21.961305069992072,-1.5509008461942497,6.13214191836445,-0.3522474554518776,0.19287502655092306
636.250000000038,60.56401403010491,22.575483636960712,-1.5861255917394055,6.151429421019525,-0.3522474554518776,0.19287502655092306
636.3500000000381,59.90609665309134,22.611746157783987,-1.8771357212603057,5.867747346512919,-0.41414769511806515,0.11849757206687117
636.450000000038,59.71631234248989,23.19911338029508,-1.9185504907720745,5.879597103719596,-0.41414769511806515,0.11849757206687117
636.5500000000382,59.49660882632786,23.420101443268003,-1.9699684123196415,5.70245670972664,-0.4158588902211889,0.07276389162470638
636.6500000000381,59.29753269064497,23.99071093369827,-2.0115543013417225,5.709733098889104,-0.4158588902211889,0.07276389162470638
636.7500000000382,58.86010121019896,24.91526612766505,-2.1733068289593986,5.899865064296139,-0.4448895455665233,0.11729000245920146
636.8500000000381,58.005679257198274,25.833643428752392,-2.545790193757025,6.082473271151231,-0.5246096813022478,0.15915431653032083
636.9500000000382,57.91400369308798,26.34426759524407,-2.513326731993563,6.047443209875416,-0.5040969310324042,0.14675125600489972
637.0500000000382,56.95985749545485,27.116695964896376,-2.930392847084831,6.150327401082003,-0.5942792454702194,0.16862225469267922
637.1500000000383,56.72022121129836,27.592725186298722,-2.9609126460043997,6.09483815732156,-0.5872994883197963,0.1510147902694734
637.2500000000382,56.42119344925659,28.20296407598167,-3.019642594836326,6.109939636348494,-0.5872994883197963,0.1510147902694734
637.3500000000383,56.36996517406663,28.921564572397074,-2.9472104461718605,6.182249055840364,-0.555397324695735,0.16535414698204065
637.4500000000382,56.072467142826234,29.540616248715455,-3.0027501786413833,6.198784470538553,-0.555397324695735,0.16535414698204065
637.5500000000384,56.462208673073036,29.462152887801444,-2.6974920354215453,5.852813812970895,-0.467071400930816,0.07696300136416984
637.6500000000383,56.19012411252648,30.047819084104823,-2.7441991755145843,5.860510113107305,-0.467071400930816,0.07696300136416984
637.7500000000384,56.02778003192184,30.606997498224224,-2.7322017936583176,5.854095668879764,-0.45288917228695236,0.0735269750727596
637.8500000000383,55.693764848574205,30.533698272026818,-2.8077296448101046,5.517882275991615,-0.46023884606671056,-0.010644522430709555
637.9500000000385,55.37295492312462,31.15708725355341,-2.8731141055524985,5.553908727634885,-0.46491522321575823,-0.0016144650223498397
638.0500000000384,55.71622306829543,31.473150497112357,-2.5882324008662616,5.427301533767089,-0.3834111153857345,-0.03296605859954985
638.1500000000385,55.27632322034769,32.152375574885454,-2.718444417295065,5.494707625839146,-0.40559299647982583,-0.015759839407100136
638.2500000000384,55.00245081363604,32.70176753827184,-2.7590037169430106,5.4931316418984375,-0.40559299647982583,-0.015759839407100136
638.3500000000386,54.96118115256458,32.04154943432605,-2.677919391298918,4.862363682878881,-0.37615982138152565,-0.1696345951868472
638.4500000000385,54.69150841432802,32.52693762963756,-2.7155353734370364,4.845400223360212,-0.37615982138152565,-0.1696345951868472
638.5500000000386,53.85641626202605,32.58265602809402,-3.04468025291615,4.597891069597153,-0.44731795738753305,-0.22775079002936832
638.6500000000385,53.549711646947785,33.041306381103176,-3.0894120486548626,4.575115990594236,-0.44731795738753305,-0.22775079002936832
638.7500000000387,53.79925817898875,33.98129781398637,-2.846435514404414,4.802702839272544,-0.37781146652184044,-0.16678659539215396
638.8500000000386,53.460500821165404,35.096817439139734,-2.9111977934154467,5.117604303696132,-0.38436932076201774,-0.08555158310031077
638.9500000000387,53.21317222265858,35.45659613178061,-2.9261813648041892,5.0305988712994125,-0.37870436744560115,-0.10465088790223677
639.0500000000386,52.5628668400081,36.567908555194975,-3.150336751590439,5.34178367539758,-0.42452276017578516,-0.024899398223174274
639.1500000000387,52.70960070845082,36.94553238140309,-2.9549116273411227,5.258362621673074,-0.3670881652515226,-0.04459480626303447
639.2500000000387,52.41227410489072,37.4711456695386,-2.9916204438662417,5.2539031410467745,-0.3670881652515226,-0.04459480626303447
639.3500000000388,51.845920143477905,37.501057155048414,-3.165821974749778,4.9926983387359565,-0.40059181200591276,-0.10719045391336775
639.4500000000387,51.52733498694319,37.99979103665199,-3.205881155950333,4.981979293344629,-0.40059181200591276,-0.10719045391336775
639.5500000000388,50.578511608041495,37.83217928411107,-3.5743615615420024,4.621197787133843,-0.4814848729752245,-0.19367523415171772
639.6500000000387,50.21866802752275,38.293330686653285,-3.622510048839481,4.601830263718689,-0.4814848729752245,-0.19367523415171772
639.7500000000389,49.8053567340532,37.840962734468974,-3.6956223795938543,4.1105504041278245,-0.48751580422169294,-0.30858789591608843
639.8500000000388,48.86007803000279,38.49842482957086,-4.04054988832194,4.20894401455587,-0.5595023517633164,-0.27692188355425484
639.9500000000389,48.8216260087039,39.29811926078287,-3.9074899046970337,4.378050281663796,-0.5138485932209325,-0.22900983061113214
640.0500000000388,48.645739747496805,39.74352803804668,-3.8450326658765417,4.359771772201647,-0.48584814573038426,-0.2278637112942333
640.150000000039,48.452144393296194,39.98477401701472,-3.79447646910386,4.236828129288423,-0.4619109250417583,-0.2522380000050567
640.2500000000389,48.07038719176095,40.407195639943154,-3.840667561607994,4.21160432928794,-0.4619109250417583,-0.2522380000050567
640.350000000039,48.69506912509383,40.7819720616565,-3.367906293744822,4.1627949241968825,-0.3365019064893854,-0.2580300448410718
640.4500000000389,48.35659598618721,41.1969614038516,-3.40155648439373,4.1369919197127984,-0.3365019064893854,-0.2580300448410718
640.5500000000391,46.42085590143162,41.280557799816314,-4.260032137653582,3.9372440613991517,-0.537291574896272,-0.3012046018575838
640.650000000039,45.992166229792176,41.672776182946585,-4.31376129514316,3.9071236012134207,-0.537291574896272,-0.3012046018575838
640.7500000000391,45.93150816734961,42.56910247375487,-4.175896139405328,4.1395313655060315,-0.4910049471063722,-0.23727786218477964
640.850000000039,46.05017236639607,42.98230358703465,-3.9466808026811306,4.1160300074163825,-0.423359355698049,-0.23722238873960716
640.9500000000392,46.16220194521605,43.541282921471925,-3.72796623197218,4.169209507405708,-0.3603048983432995,-0.21850008639652446
641.0500000000391,45.63215078733475,43.87237404354155,-3.845388141207872,4.102588085436458,-0.38032382106445606,-0.22960093544705618
641.1500000000392,45.41669287952881,44.5139804305038,-3.795742701336339,4.199912599599103,-0.35915434391573153,-0.20032845524155193
641.2500000000391,45.03532283767594,44.93297004818712,-3.8316581357278796,4.179879754074967,-0.35915434391573153,-0.20032845524155193
641.3500000000392,45.555755696186715,45.00919562679774,-3.404081476074584,3.9841935437254414,-0.24741100084929404,-0.2429376176671334
641.4500000000392,45.21411049357532,45.40640029308159,-3.4288225761594906,3.9598997819587503,-0.24741100084929404,-0.2429376176671334
641.5500000000393,44.530797325841206,45.40772298450931,-3.629906535277702,3.729256058271001,-0.29051527328522403,-0.2937697166212755
641.6500000000392,44.16635409594734,45.77917974175297,-3.6589580626061977,3.6998790866089,-0.29051527328522403,-0.2937697166212755
641.7500000000393,44.07910108883465,45.95651875241805,-3.54429231409935,3.5715311346838305,-0.25579509844542264,-0.31786957141974026
641.8500000000392,44.509078226959815,45.943966627480066,-3.1639592887571037,3.3478512013058546,-0.15713670247418043,-0.36488212481693705
641.9500000000394,44.25534955950298,46.411306552453084,-3.147118020346082,3.380922932402008,-0.14927334292515157,-0.3479472373373731
642.0500000000393,44.28758648017975,46.347151812368224,-2.9800006530778256,3.134518070439641,-0.10449787593927695,-0.4004149176570477
642.1500000000394,43.96463095684308,46.852409235353306,-3.0029793787624355,3.194745502993177,-0.10752294046100536,-0.3760134571684046
642.2500000000393,43.66379540426481,47.170003718366495,-3.013731672808526,3.1571441572763708,-0.10752294046100536,-0.3760134571684046
642.3500000000395,44.05409901861933,47.66907424446577,-2.668644985571691,3.215562766480151,-0.02141523215565385,-0.35260514350796274
642.4500000000394,43.787127443901625,47.98886749539595,-2.670786508787254,3.180302252129387,-0.02141523215565385,-0.35260514350796274
642.5500000000395,43.03387721152218,47.201022446490704,-2.9223553631787103,2.56311197082418,-0.08167727783713878,-0.49658050595259856
642.6500000000394,42.741233288815394,47.45485074104313,-2.9305230909624167,2.513453920228965,-0.08167727783713878,-0.49658050595259856
642.7500000000396,42.87648246749482,48.05346678080553,-2.7187192639658653,2.6448579199196884,-0.0285350873985974,-0.4524911263201577
642.8500000000395,42.39472058886785,48.968478593409564,-2.829935553570487,2.939897088166376,-0.05487302283136557,-0.3691226712102115
642.9500000000396,41.944993282703514,49.40935956177951,-2.920825906826091,2.979976850293403,-0.07550137981971182,-0.3503783869990025
643.0500000000395,40.4161763579611,49.37992729653324,-3.5757024421835832,2.7728652954942272,-0.23471689933922885,-0.39304320827500683
643.1500000000397,40.56160096366331,49.570861861973896,-3.340642506554906,2.689902395213696,-0.17229542015443008,-0.4036679667307733
643.2500000000396,40.22667523590735,49.83783376166137,-3.357872048570333,2.6495355985406555,-0.17229542015443008,-0.4036679667307733
643.3500000000397,40.03120113834939,50.42399804684319,-3.3021659127138134,2.7754789147181134,-0.15456808651594725,-0.3633917000596387
643.4500000000396,39.700211706645725,50.69972897981445,-3.317622721365394,2.7391397447121824,-0.15456808651594725,-0.3633917000596387
643.5500000000397,40.4216488577098,51.749004592340256,-2.7907085490701458,3.111982523960904,-0.02319827599030522,-0.26225003524058726
643.6500000000397,40.142462011423085,52.05889159455986,-2.793028376669174,3.085757520436869,-0.02319827599030522,-0.26225003524058726
643.7500000000398,40.05038508894893,52.282903348832335,-2.699222845493533,3.0164338459772457,2.4327164357816622e-05,-0.27274474499079737
643.8500000000397,39.24042144565935,52.97154474682625,-2.9782247340273464,3.191606186477895,-0.06778860399069159,-0.2231465685126846
643.9500000000398,38.9803323200104,53.22380927116796,-2.965470362484649,3.1352410388859293,-0.0630705233478696,-0.231436414646204
644.0500000000397,38.26214630290533,53.45604867059123,-3.1923722304958493,3.069761599271307,-0.11732772392493199,-0.2419333650381233
644.1500000000399,37.00527636805968,53.86623393066305,-3.684611175007267,3.0995906672148656,-0.23334411439867614,-0.228786464574457
644.2500000000398,36.63564852998729,54.17504906506139,-3.7079455864471136,3.0767120207574408,-0.23334411439867614,-0.228786464574457
644.3500000000399,36.13597246385856,55.52704586245709,-3.796128419588157,3.599436628535472,-0.24886391005954753,-0.09498415138930169
644.4500000000398,35.75511530234979,55.88651460455337,-3.821014810594089,3.5899382133965503,-0.24886391005954753,-0.09498415138930169
644.55000000004,34.97502916411263,55.06478849760748,-4.049429438696307,2.9569551133477923,-0.2980231422480209,-0.24954957836616365
644.6500000000399,34.568596104532126,55.35923626105016,-4.079231752921082,2.9320001555111985,-0.2980231422480209,-0.24954957836616365
644.75000000004,33.440618172166346,55.68526514827185,-4.47773045343339,2.924686141133081,-0.38709526611267026,-0.24525393357484032
644.8500000000399,33.0355460648056,56.11022741495439,-4.49337924687706,2.969866822734538,-0.3814902779760383,-0.22817639048079927
644.9500000000401,32.486555403109286,55.834426224937275,-4.581677117740669,2.6511423185026586,-0.39360329063234845,-0.3002171255441479
645.05000000004,31.82483652834845,55.94475654801721,-4.726581484860523,2.5401328196457205,-0.4195627585599748,-0.320297643978137
645.1500000000401,31.52796464800548,55.94986022105324,-4.677320901973976,2.380154988939299,-0.39753879442439954,-0.35143510462032107
645.25000000004,31.05824486383639,56.18611854442386,-4.71707478141638,2.345011478477299,-0.39753879442439954,-0.35143510462032107
645.3500000000402,30.08356535313763,55.88075785001167,-5.015485280361024,2.031317988950642,-0.46037029361342,-0.41925863165050536
645.4500000000401,29.579714973633923,56.0817933557483,-5.061522309722324,1.9893921257856295,-0.46037029361342,-0.41925863165050536
645.5500000000402,29.23590910127081,57.11729564266494,-5.023231314509804,2.3883429708997035,-0.4400320242485024,-0.31042870707714837
645.6500000000401,28.73138580969905,57.35457779621931,-5.067234516934614,2.357300100192017,-0.4400320242485024,-0.31042870707714837
645.7500000000402,28.290753969741353,58.148993350171736,-5.076197128648881,2.6162836902950466,-0.4315666854164717,-0.2398060298571777
645.8500000000402,28.292608137970355,58.29903672511015,-4.855026954851613,2.5347606347848544,-0.3673211644810507,-0.25390356315399565
645.9500000000403,27.66303704506168,58.09411398250337,-4.964732000386362,2.272742259846437,-0.38494713468402025,-0.31151242054767536
646.0500000000402,27.396273802961492,57.69915710706185,-4.881948415851601,1.9136548868159233,-0.35511768959836626,-0.39282255166583313
646.1500000000403,26.145275740828186,57.86583532903005,-5.307706176812041,1.8626165130039332,-0.4493411023572371,-0.3956835224658272
646.2500000000402,25.61225841763568,58.05011856271794,-5.352640287047724,1.8230481607573865,-0.4493411023572371,-0.3956835224658272
646.3500000000404,25.19318134682076,57.80593989186044,-5.335186005515301,1.5641185441998398,-0.4339209246926028,-0.4490123378958133
646.4500000000403,24.65749314164626,57.96010668459081,-5.378578097984522,1.5192173104102993,-0.4339209246926028,-0.4490123378958133
646.5500000000404,23.968283572508852,58.55677096803567,-5.501342113871296,1.7054718789293337,-0.4537138892322741,-0.39278049213872757
646.6500000000403,23.415880791676063,58.72535425346776,-5.546713502794482,1.6661938297154968,-0.4537138892322741,-0.39278049213872757
646.7500000000405,22.392992101170062,58.7722994036799,-5.831163769375761,1.5659789473303807,-0.5114721537452548,-0.4076188702916214
646.8500000000404,22.22847486384878,59.935827115694174,-5.664726803164768,2.051176032626773,-0.4585875924590278,-0.27876228181093043
646.9500000000405,21.22474919166927,60.272020770366815,-5.9337445960669095,2.09187139233207,-0.5124896973489036,-0.26206801690183185
647.0500000000404,21.36018345215268,59.620181788733085,-5.602065390619632,1.611429233362231,-0.4183052046456046,-0.37469341242935417
647.1500000000406,20.72170832424334,59.945948568568355,-5.682958610249565,1.6600994435990077,-0.4277367450134134,-0.3537304782380096
647.2500000000405,20.151273779493838,60.11018986053692,-5.725732284750867,1.624726395775239,-0.4277367450134134,-0.3537304782380096
647.3500000000406,20.765863125954287,60.80418123108084,-5.155047673996152,1.8648418057028069,-0.2788413156150318,-0.2867751487256859
647.4500000000405,20.248964151977066,60.98923153590732,-5.1829318055576294,1.8361642908302644,-0.2788413156150318,-0.2867751487256859
647.5500000000407,19.162463287779214,60.74475716180392,-5.505235362742778,1.581360455571162,-0.35075138309396614,-0.34299227882229466
647.6500000000406,18.610185994589973,60.90117824596678,-5.540310501052143,1.5470612276889637,-0.35075138309396614,-0.34299227882229466
647.7500000000407,18.467813551306953,60.97295902286267,-5.363263255677353,1.4707206289414194,-0.29950544758525116,-0.3532295315067647
647.8500000000406,17.490892934729978,61.72998288598372,-5.62006654969863,1.754276541523733,-0.3546427651692648,-0.27510624634773057
647.9500000000407,16.93701338790273,62.05437290105825,-5.650451402797917,1.804586696386365,-0.35341587504810523,-0.2561601967022925
648.0500000000407,16.613809322682563,61.48323623616388,-5.558245679108281,1.382538044167768,-0.32204451201167783,-0.35445369439073027
648.1500000000408,15.588280529165644,61.55469525254269,-5.830483213029425,1.3134524302386787,-0.37999958827770064,-0.36264038934455256
648.2500000000407,15.003332209921847,61.68422729361973,-5.868483171857161,1.2771883913042565,-0.37999958827770064,-0.36264038934455256
648.3500000000408,14.10338596225092,61.56196614549208,-6.066521244819203,1.1110052184237582,-0.41874015295702605,-0.394588766380294
648.4500000000407,13.49464013700477,61.67109372350246,-6.108395260114867,1.0715463417857647,-0.41874015295702605,-0.394588766380294
648.5500000000409,12.413248062209474,62.25801587985496,-6.391892552371326,1.285681465321458,-0.4773859332270035,-0.3319141805812184
648.6500000000408,11.771671877306792,62.38492445548409,-6.4396311456939825,1.2524900472633664,-0.4773859332270035,-0.3319141805812184
648.7500000000409,11.651909121444756,62.124647594406895,-6.217177164663893,1.020576934065928,-0.41211101504189135,-0.38030375887414464
648.8500000000408,10.51891151076505,62.61618825325997,-6.52146879099152,1.1865690833174887,-0.4760536143469471,-0.3303195434773091
648.950000000041,9.832235576496174,62.635240220460254,-6.585568292974309,1.1028326430302342,-0.48003762915164433,-0.34266392905220927
649.0500000000409,9.080253210783875,62.44514127734277,-6.681230716779885,0.9107629714375075,-0.4917596885084693,-0.38179046641415826
649.150000000041,8.564832658363573,62.40201182012746,-6.650841792330747,0.8041384570546479,-0.4725490471791549,-0.39844736572823825
649.2500000000409,7.89738573389521,62.48043342900422,-6.698096697048619,0.7642937204818603,-0.4725490471791549,-0.39844736572823825
649.3500000000411,7.938444049604809,63.34637474021614,-6.376665574043805,1.136011932240406,-0.38289426942137106,-0.29783889920227974
649.450000000041,7.298863020853904,63.45848673894407,-6.414955000985907,1.106228042320205,-0.38289426942137106,-0.29783889920227974
649.5500000000411,6.036601780124931,63.01108438029196,-6.775876869202731,0.7820715811198133,-0.46195090969552277,-0.370896003029455
649.650000000041,5.3567043386568,63.08743705838872,-6.8220719601722415,0.7449819808169016,-0.46195090969552277,-0.370896003029455
649.7500000000412,5.057169581586194,62.85789758154563,-6.670732222183467,0.5514567738124161,-0.41422913262651506,-0.40898873886777143
649.8500000000411,4.470277734269311,63.53493093442719,-6.669660605849804,0.8358040801147768,-0.40390069542860874,-0.3293055023403445
649.9500000000412,4.101703179748715,63.5035186925246,-6.55592288828201,0.7442011388286972,-0.3666724819381144,-0.34358973388963343
650.0500000000411,4.099944058982439,63.69506224896149,-6.249299070559211,0.7726326399299579,-0.2822370786734034,-0.32802114832824275
650.1500000000412,4.182120771950794,63.55285293520904,-5.914203206096807,0.6271320682400947,-0.19451494768749622,-0.35544746172289593
650.2500000000412,3.589727876603216,63.61378890472438,-5.933654700865539,0.5915873220678375,-0.19451494768749622,-0.35544746172289593
650.3500000000413,3.4762084992390667,62.74651162333304,-5.706644848297795,0.07442397842460688,-0.13502679539306078,-0.4733574996698136
650.4500000000412,2.904868880432842,62.75158723367715,-5.7201475278370895,0.02708822845766857,-0.13502679539306078,-0.4733574996698136
650.5500000000413,2.698959033140325,62.45744148273353,-5.541084303209061,-0.1787158019533952,-0.08755075985546122,-0.5132684165381511
650.6500000000412,2.144412849020646,62.437003560455516,-5.5498393791946,-0.23004264360716364,-0.08755075985546122,-0.5132684165381511
650.7500000000414,2.6109890410858414,61.91530445110251,-5.034206105329601,-0.5382076041966207,0.03913446351050641,-0.575809591300822
650.8500000000413,3.774432584498097,62.5087919268207,-4.169233415637898,-0.25685624266656554,0.24841778545835325,-0.4927733377828143
650.9500000000414,3.8744485031207345,62.779295678759325,-3.879809909722695,-0.15153896407858836,0.31232517825776906,-0.45513612546337934
651.0500000000413,3.714007905900086,63.30232915978756,-3.730260399206418,0.08850392444627045,0.34142626471983195,-0.384333812602505
651.1500000000415,3.9358371504139398,62.6816827154225,-3.391958397107503,-0.2746136157742533,0.41486439088032756,-0.46334899831371273
651.2500000000414,3.5987156326578957,62.65190460885353,-3.350471958019508,-0.32094851560558246,0.41486439088032756,-0.46334899831371273
651.3500000000415,4.0437184568139095,62.247634111141906,-2.905766623718419,-0.559729876678065,0.5131437390637232,-0.5104211477860295
651.4500000000414,3.7557075131376454,62.18910901773522,-2.8544522498120934,-0.6107719914566215,0.5131437390637232,-0.5104211477860295
651.5500000000416,4.383641462369198,61.87788463801993,-2.3272114642744914,-0.7881856683344454,0.6299960108434381,-0.5407946803994194
651.6500000000415,4.154070295996172,61.79636209778457,-2.264211863190205,-0.8422651363743381,0.6299960108434381,-0.5407946803994194
651.7500000000416,3.70465308632372,61.53270420996134,-2.317248049883448,-0.9878336700807206,0.601963313898037,-0.5630726571593595
651.8500000000415,3.874479109258014,61.74766854727274,-2.0511514897087144,-0.879121628647053,0.6520080514735359,-0.5226439810238139
651.9500000000417,3.310757325953415,61.87507191756977,-2.1716086931300556,-0.8185775711058609,0.6071639898751342,-0.49517992046246406
652.0500000000416,3.047406911809958,61.88415490585979,-2.1366654992096965,-0.8187383871326656,0.6008248474408443,-0.4829420543822112
652.1500000000417,3.147484627276786,61.96947589409847,-1.9172391358428411,-0.7792828969561203,0.6392978218052773,-0.4615872752722239
652.2500000000416,2.9589572028016966,61.889239668026576,-1.8533093536623715,-0.8254416244833007,0.6392978218052773,-0.4615872752722239
652.3500000000417,3.4108629693989068,62.566706024424285,-1.4643534825663387,-0.47507351284115074,0.7177545350441767,-0.3646243787200364
652.4500000000417,3.26801639381762,62.517375551246616,-1.3925780290619862,-0.5115359507131212,0.7177545350441767,-0.3646243787200364
652.5500000000418,3.7256985838504697,63.53245505285235,-1.0163349597060407,0.009768874227453983,0.7913112017554534,-0.22774272558557745
652.6500000000417,3.6280216438887285,63.53229322664717,-0.9372038395305673,-0.013005398331083048,0.7913112017554534,-0.22774272558557745
652.7500000000418,3.898276682374416,64.04512599260936,-0.6733466036968411,0.23096875302198663,0.8359385647209678,-0.1627883493945998
652.8500000000417,4.383012012187374,64.25607963185217,-0.3066934525431574,0.3130409650556399,0.9047370706975766,-0.13869297113644555
652.9500000000419,4.779426053234229,64.35491333502823,0.0005772079020966575,0.3344866010557543,0.9571024709647492,-0.13009528706903317
653.0500000000418,4.201345467719775,64.52861411980257,-0.20891729429988298,0.3959237031829647,0.8820347262901161,-0.11163661556976283
653.1500000000419,4.513012437870288,64.65264999489479,0.04755687131207527,0.42873676815807055,0.9226630460810684,-0.10093443279302317
653.2500000000418,4.5223814402318885,64.69501899954659,0.13982317592009819,0.4186433248787774,0.9226630460810684,-0.10093443279302317
653.350000000042,5.195437298699939,66.27787276988893,0.5696404284939727,1.209108187629115,1.0045855090949543,0.094554589972667
653.4500000000419,5.2574242690947495,66.39925636160159,0.6700989794033767,1.2185636466263732,1.0045855090949543,0.094554589972667
653.550000000042,5.331069431499147,65.39638746713969,0.7755918134249545,0.6360196614586199,1.0067222464079526,-0.05168639936643224
653.6500000000419,5.413662224073602,65.45973100128867,0.8762640380656582,0.6308510215219814,1.0067222464079526,-0.05168639936643224
653.7500000000421,5.032566572566225,65.46339582759582,0.7338516573917317,0.5950552021395923,0.9479962515800505,-0.05914424787482989
653.850000000042,5.808765561389818,64.91805696023793,1.1893006502344288,0.2739991444034051,1.0356532836730066,-0.13635193487452343
653.9500000000421,5.368389311302902,64.9079682729415,1.0032535587985596,0.24131128828309215,0.9656999469253015,-0.14099044780706674
654.050000000042,5.529609821195566,64.62156007342287,1.129178691530054,0.06350962029269384,0.9729200967174326,-0.18157969827469733
654.1500000000422,5.605278152264447,63.903919287510675,1.204875067759129,-0.32874516467701953,0.9677059130348837,-0.2726199554190267
654.2500000000421,5.730604188605415,63.86968167126591,1.3016456590625292,-0.3560071602188974,0.9677059130348837,-0.2726199554190267
654.3500000000422,5.275976045476846,64.37765776568118,1.0966857910476946,-0.09928492729250446,0.8949865141337743,-0.20306339511370708
654.4500000000421,5.390119557152177,64.36671395597637,1.1861844424609906,-0.1195912668038567,0.8949865141337743,-0.20306339511370708
654.5500000000422,5.084627887727216,63.901607404501014,1.051484777367397,-0.3759330580330764,0.8398862514407578,-0.2609714081380242
654.6500000000422,5.193975796721056,63.86270924165706,1.1354734025113964,-0.4020301988468551,0.8398862514407578,-0.2609714081380242
654.7500000000423,5.4809244134772825,63.49292071550458,1.306279699031304,-0.598073198316125,0.8608602416018243,-0.3023539478109042
654.8500000000422,4.261915797367951,62.93400710056517,0.6928724953963892,-0.8876967284186714,0.690846078784209,-0.3659023840360651
654.9500000000423,4.0326244222068315,63.567506872055,0.6069972179452122,-0.5494649947861675,0.6534168792760697,-0.27464917716438747
655.0500000000422,4.469731947232647,63.104386644369335,0.8677063207897221,-0.7918650882423233,0.7014691827033364,-0.32794128398193373
655.1500000000424,4.178987537215111,63.38497219759867,0.7424694533582368,-0.637678147095583,0.6542945096408468,-0.28243754280192895
655.2500000000423,4.256505955099065,63.31979219517516,0.807898904322262,-0.6659219013757502,0.6542945096408468,-0.28243754280192895
655.3500000000424,3.964185408488542,61.77647596503171,0.67873121148049,-1.4622773416226407,0.6069658361096352,-0.4704180512837177
655.4500000000423,4.035093358817072,61.62789614061316,0.7394277950913983,-1.5093191467509697,0.6069658361096352,-0.4704180512837177
655.5500000000425,2.7945043806857415,61.34268884298782,0.11657333794499306,-1.6256990080791773,0.44019256443794713,-0.4875312561334064
655.6500000000424,2.8083626773024157,61.17768128589939,0.16059259438874773,-1.6744521336924736,0.44019256443794713,-0.4875312561334064
655.7500000000425,2.09764368884729,61.168792696052385,-0.16942826358240481,-1.6398609891389408,0.34982946721050423,-0.46723657173228
655.8500000000424,0.9298410732634732,61.91573931568034,-0.7299234156697167,-1.2105120504455562,0.20509652853109572,-0.3506018268181546
655.9500000000426,0.13963749504530043,62.03806111949112,-1.0779096988841996,-1.1186854082439888,0.11608957115197888,-0.31971028218037023
656.0500000000425,-0.7293933607373425,62.74188908657979,-1.4651713600725187,-0.7188342906164317,0.017983896840390534,-0.21264213084878952
656.1500000000426,-1.402514265626509,62.139940878123596,-1.733455280448139,-1.0137843317300332,-0.04722645125095026,-0.2792463550815348
656.2500000000425,-1.5760959259274196,62.03716621317528,-1.7381779255732297,-1.0417089672381614,-0.04722645125095026,-0.2792463550815348
656.3500000000427,-1.846404660499141,60.68972204675268,-1.7925266911107682,-1.7153648740209761,-0.05926643210175737,-0.4370952035304392
656.4500000000426,-2.025953661770563,60.51600008333308,-1.7984533343209386,-1.7590743943739804,-0.05926643210175737,-0.4370952035304392
656.5500000000427,-1.8047068587397574,61.030862480596845,-1.596862461087869,-1.4383878658219944,-0.008792424469756262,-0.3471195473919103
656.6500000000426,-1.9644370669707478,60.885288096277826,-1.5977417035348438,-1.4730998205611538,-0.008792424469756262,-0.3471195473919103
656.7500000000427,-2.302956679695799,61.143723430593624,-1.6903128915625345,-1.296865153874449,-0.030943974194420108,-0.29575314753325094
656.8500000000427,-2.7631697545639766,61.10261457206424,-1.8437620523120162,-1.2794954836251853,-0.06748820106817324,-0.2842519260844416
656.9500000000428,-2.729797072079022,61.03640725516224,-1.7386202885944895,-1.2752247800622376,-0.040462013121963,-0.2762918661098938
657.0500000000427,-2.8311679652309296,61.73624608508096,-1.7046059677894074,-0.8649833640951785,-0.031100698912238732,-0.16772403004240724
657.1500000000428,-3.2378391346417192,61.867828242569296,-1.8287622924243079,-0.7684951218762793,-0.060326857431261496,-0.1401609024025002
657.2500000000427,-3.4210169981711394,61.790277925869724,-1.8347949781674286,-0.7825112121165166,-0.060326857431261496,-0.1401609024025002
657.3500000000429,-4.459323724850435,62.3587031727591,-2.2801315383049365,-0.458266851822565,-0.16663769220929253,-0.05711862378455568
657.4500000000428,-4.688170067141766,62.31259089445796,-2.2967953075258505,-0.4639787142010154,-0.16663769220929253,-0.05711862378455568
657.5500000000429,-5.627258331645307,62.494517028858915,-2.686455169086377,-0.3444222767343903,-0.2588076876446084,-0.025092671686065146
657.6500000000428,-5.897197886991921,62.45994933782708,-2.7123359378508143,-0.3469315439029945,-0.2588076876446084,-0.025092671686065146
657.750000000043,-6.238695419240073,62.52245646700799,-2.7736052457082105,-0.2990567641587281,-0.2673570861597646,-0.012823941887362494
657.8500000000429,-7.159250434915179,62.14563114626381,-3.1319470994406577,-0.4811494429665483,-0.34795506610714066,-0.057121306632771277
657.950000000043,-7.786325855134424,62.12113150143569,-3.3268885063061115,-0.4744895288372222,-0.3866369019789817,-0.05410923997949435
658.0500000000429,-8.078846981740107,62.462029644038424,-3.343509183638149,-0.2745722766374115,-0.3812152325407604,-0.0031991408720749223
658.1500000000431,-8.169498549294751,62.09459254015008,-3.255687141314964,-0.4507769170432776,-0.35080663691912906,-0.046002474297192786
658.250000000043,-8.496821296610545,62.04928483607431,-3.290767805006845,-0.4553771644729927,-0.35080663691912906,-0.046002474297192786
658.3500000000431,-8.490116703065762,62.249993288882244,-3.1516623002123487,-0.33319876151358,-0.3085118261629364,-0.015308471519652173
658.450000000043,-8.806825492217522,62.21659687037332,-3.182513482828614,-0.33472960866554385,-0.3085118261629364,-0.015308471519652173
658.5500000000432,-10.083757167994785,62.25796039933615,-3.709988648429156,-0.29574915749229225,-0.42969207594863545,-0.0050632753899977935
658.6500000000431,-10.456904493217102,62.22836016721,-3.7529578560239805,-0.29625548503129157,-0.42969207594863545,-0.0050632753899977935
658.7500000000432,-10.739302463568821,62.162446026434885,-3.7471587046738204,-0.31553475448490786,-0.4179102916128329,-0.009634566621831871
658.8500000000431,-11.688903013357395,61.678554954134746,-4.084875735210911,-0.5522695155737573,-0.48983609358015534,-0.06739703013816828
658.9500000000432,-12.27775645654412,61.18938515814854,-4.225140638279815,-0.7834605892983482,-0.5118842884816521,-0.12204139170756043
659.0500000000432,-12.782300973550434,60.98666095050341,-4.317938168593941,-0.8610581718609169,-0.5221184064374528,-0.13825537044979883
659.1500000000433,-13.282782482678565,60.88145833936161,-4.404033566736111,-0.8844060420829639,-0.5302994627182291,-0.14057272688257852
659.2500000000432,-13.72583733666536,60.79231487151898,-4.457063513007885,-0.898463314771209,-0.5302994627182291,-0.14057272688257852
659.3500000000433,-14.96775065715333,61.99331326032082,-4.916933753653626,-0.24185713902028222,-0.6285140879455114,0.023178233833774597
659.4500000000432,-15.462586602957968,61.96924343758798,-4.9797851624481195,-0.23953931563690686,-0.6285140879455114,0.023178233833774597
659.5500000000434,-16.020296577876415,62.501288243062376,-5.075794129976055,0.05470527374686864,-0.6374261304673041,0.09517573899577118
659.6500000000433,-16.53106312152589,62.50723464913204,-5.1395367430227274,0.0642228476464371,-0.6374261304673041,0.09517573899577118
659.7500000000434,-17.56860168617663,62.57596954025325,-5.470296075773386,0.1057523473285229,-0.701933804575153,0.10297077912902311
659.8500000000433,-17.604817302450197,62.13230022165059,-5.274771860515581,-0.12100944226546283,-0.6373502563915172,0.044892870882778664
659.9500000000435,-18.347029125344598,61.98688432279999,-5.447042879955371,-0.18564538721056642,-0.663566172576088,0.028063817173554943
660.0500000000434,-18.724981964337182,61.92394804494238,-5.424355354113751,-0.2063571857126198,-0.6416649963515899,0.022232601468201205
660.1500000000435,-18.78910627661757,61.70042848116241,-5.241604309897599,-0.30915602794175756,-0.5820476930900468,-0.0033255931464936696
660.2500000000434,-19.3161769460723,61.66949625040253,-5.29980907920655,-0.3094885872564066,-0.5820476930900468,-0.0033255931464936696
660.3500000000436,-20.124408824326395,62.2138986310187,-5.500124170531711,-0.010724003418273086,-0.6165582972681481,0.0697728331680355
660.4500000000435,-20.6775040328654,62.21317509484271,-5.561780000258469,-0.0037467201014758818,-0.6165582972681481,0.0697728331680355
660.5500000000436,-20.27165672631103,61.853367262795466,-5.1220076442102815,-0.18464087696379816,-0.49406108718725844,0.02367085724971144
660.6500000000435,-20.786327796167523,61.83502152938535,-5.171413752928962,-0.18227379123882917,-0.49406108718725844,0.02367085724971144
660.7500000000437,-20.999631691788455,61.56586175247812,-5.063652966756977,-0.3098718305585254,-0.45609166397135925,-0.00797620367782
660.8500000000436,-20.52473567089986,61.703978725764856,-4.601130044096405,-0.2224973465019895,-0.3325884643847119,0.013625398677278158
660.9500000000437,-20.081492280584254,62.234688736768206,-4.170062939485593,0.0650635437971105,-0.22043460842612067,0.08330252335693417
661.0500000000436,-19.843274042938983,62.39819130814669,-3.8484696832582324,0.1561235069890106,-0.13591418927429866,0.10381494331220062
661.1500000000437,-19.568419999702744,62.48362739367102,-3.523425729895824,0.2023606668021062,-0.05415196464663549,0.1125407834514904
661.2500000000437,-19.92103333251524,62.504426164268466,-3.5288409263604823,0.21361474514724502,-0.05415196464663549,0.1125407834514904
661.3500000000438,-19.89509550581159,62.306095946693475,-3.33979364703726,0.11112593970300409,-0.00718364323919117,0.08490454201572699
661.4500000000437,-20.229110788731205,62.31763306337384,-3.3405120113611786,0.11961639390456907,-0.00718364323919117,0.08490454201572699
661.5500000000438,-20.531673655598752,62.157407503821865,-3.324423856643805,0.036362188010384676,-0.0029854009805298292,0.06203978404295904
661.6500000000437,-20.86413096826773,62.16135392154311,-3.324722396741858,0.042566166414674936,-0.0029854009805298292,0.06203978404295904
661.7500000000439,-20.877926999069093,61.79668134711315,-3.161500129696782,-0.14237942591954098,0.03651904259416389,0.015494050259731655
661.8500000000438,-19.85570992921794,61.521817911607044,-2.466495304895055,-0.27673034141684166,0.20455467657447388,-0.017800660159636765
661.9500000000439,-20.017961683302712,61.61467771608912,-2.403263759437625,-0.21607181907354514,0.21488686252532901,-0.002599519763919941
662.0500000000438,-21.462191083178613,60.44219272004239,-3.012671995358177,-0.8243972536281076,0.05971231436200236,-0.1533663290499166
662.150000000044,-21.42643386769089,60.47263158354701,-2.834031718581235,-0.7809379531131605,0.10140259962643774,-0.13905774185823827
662.2500000000439,-21.709330026550624,60.39384249952648,-2.8238914586186006,-0.7948437272989717,0.10140259962643774,-0.13905774185823827
662.350000000044,-22.186450486654987,60.00188020321314,-2.915781304875436,-0.971218496388017,0.07635549052650374,-0.17884927448671245
662.4500000000439,-22.477646839689633,59.903864107202,-2.9081457558227926,-0.989103423836672,0.07635549052650374,-0.17884927448671245
662.5500000000441,-22.649345447318186,59.34909983514917,-2.8433088796714054,-1.2451853760321654,0.08935977193852014,-0.2374372523587434
662.650000000044,-22.933229536425376,59.22339411128428,-2.8343729024775617,-1.2689291012680182,0.08935977193852014,-0.2374372523587434
662.7500000000441,-23.498319140317204,59.37739828336382,-2.9701823209904155,-1.1466421258492001,0.054391217065944096,-0.201878155413919
662.850000000044,-23.802654367018256,59.17273012814097,-2.968663916696348,-1.2132213900180735,0.053438273617677605,-0.2132437639867334
662.9500000000442,-23.62393264970063,59.02001754654321,-2.7194536567705314,-1.2502427719958982,0.11234206886993653,-0.21706531716195304
663.0500000000441,-24.266667964690576,59.02893878661365,-2.902650156880328,-1.2006050467220357,0.06452015684763718,-0.199375863812848
663.1500000000442,-24.72936524751415,58.6846245969925,-2.9847847994987067,-1.3360474393694122,0.04313124461966181,-0.22748513082135088
663.2500000000441,-25.02762807124065,58.54988242740157,-2.9804716750367444,-1.3587959524515265,0.04313124461966181,-0.22748513082135088
663.3500000000442,-25.644783685908727,59.195862463079926,-3.139386001516629,-0.9743556503288051,0.0038308156602523125,-0.12793531831019253
663.4500000000442,-25.958703131981803,59.09778722145559,-3.139002919950604,-0.9871491821598127,0.0038308156602523125,-0.12793531831019253
663.5500000000443,-26.408279256992568,59.509343141909866,-3.2057301281933337,-0.7352117993891835,-0.01183122488492945,-0.06342170745863177
663.6500000000442,-26.728911425936037,59.43550485343372,-3.2069132506818256,-0.7415539701350409,-0.01183122488492945,-0.06342170745863177
663.7500000000443,-26.839712352427313,59.134233272262705,-3.1003710028064164,-0.8653065448728968,0.0141937861791268,-0.09201164039166018
663.8500000000442,-26.33226449722824,59.3769330913309,-2.676646962816494,-0.702645262872767,0.11683634311056164,-0.04990643894099932
663.9500000000444,-26.718329673561517,59.52158074081938,-2.7260091691560393,-0.5962597820095787,0.102091256380589,-0.022791090025280816
664.0500000000443,-27.012193071591213,59.225603945057756,-2.7271998245644857,-0.7233558803730337,0.09928738175245215,-0.05373884116359691
664.1500000000444,-27.52837609085352,58.77206306266083,-2.8423706265528392,-0.9258122591363201,0.06908257286167307,-0.10170086667421335
664.2500000000443,-27.812267740644238,58.67897333241391,-2.8354623692666783,-0.9359823458037322,0.06908257286167307,-0.10170086667421335
664.3500000000445,-27.52410115111759,58.26564413072441,-2.5347278952855175,-1.112983745671597,0.14020764980948586,-0.14266505429638307
664.4500000000444,-27.776872902396864,58.15363243088587,-2.5207071303045816,-1.1272502511012223,0.14020764980948586,-0.14266505429638307
664.5500000000445,-28.273789786787734,57.554404460266475,-2.636458228536565,-1.3973234118100448,0.10803022192765312,-0.20590405436990478
664.6500000000444,-28.536895458531514,57.41364259881375,-2.6256552063438097,-1.4179138172470165,0.10803022192765312,-0.20590405436990478
664.7500000000446,-28.307269295535008,57.15305545037066,-2.3625851883667264,-1.49947000278732,0.16897455968397268,-0.22074948122391316
664.8500000000445,-28.805420985080666,56.99049793334494,-2.4814273971446315,-1.5275432472951285,0.13598258128309848,-0.222219025522217
664.9500000000446,-29.26321183071944,57.19193834154201,-2.575739272400073,-1.3658449411558162,0.10991783618616255,-0.17744227788271352
665.0500000000445,-28.82873092379884,57.69462495669512,-2.202692142651263,-1.0453581512061787,0.1989684762690922,-0.09357958084278879
665.1500000000447,-28.997924186799548,56.81428862743695,-2.1571142931890344,-1.45584450211671,0.20516905663528878,-0.19119824679397265
665.2500000000446,-29.21260977083508,56.66774818599145,-2.136597387525524,-1.4749643267960897,0.20516905663528878,-0.19119824679397265
665.3500000000447,-28.18463276996418,57.118533916072906,-1.4778817359920429,-1.182058260265179,0.3597004748018258,-0.11482811447380067
665.4500000000446,-28.330622441189245,56.999753949474126,-1.441911688511893,-1.1935410717125485,0.3597004748018258,-0.11482811447380067
665.5500000000447,-27.018895479595802,56.913842827233786,-0.6483944798931226,-1.18629718318896,0.5452096570977533,-0.11002241906283929
665.6500000000447,-27.08100887929957,56.79466299681969,-0.5938735141833968,-1.1972994250952338,0.5452096570977533,-0.11002241906283929
665.7500000000448,-27.06207189954833,56.62679917808504,-0.5005629781210931,-1.232935052100857,0.5545806993525382,-0.11602075314532104
665.8500000000447,-27.818270887074057,56.37446956119717,-0.8113555039166173,-1.31149920731057,0.46556227009503315,-0.13242603497691702
665.9500000000448,-27.25035715706455,55.989767333634234,-0.4329946967303544,-1.4556476682254036,0.5457067526668772,-0.16429604308423118
666.0500000000447,-27.253087220921664,55.92152148160725,-0.35861146020214335,-1.430791383593414,0.5505798232647375,-0.1540594124541112
666.1500000000449,-27.209796154287623,55.552502061032605,-0.26437681116574074,-1.5626919393642476,0.5600388806633589,-0.18240955934932881
666.2500000000448,-27.233433641000865,55.39532081929958,-0.2083729230994558,-1.580932895299164,0.5600388806633589,-0.18240955934932881
666.3500000000449,-27.907645333227787,55.73027475864363,-0.49080652857631807,-1.3424583079720864,0.47790075890617223,-0.1196825103245088
666.4500000000448,-27.95433648229085,55.59543051529492,-0.4430164526857443,-1.3544265590045264,0.47790075890617223,-0.1196825103245088
666.550000000045,-28.49157505821697,55.40155645137128,-0.6519909707725452,-1.4070104057901123,0.41530055764608154,-0.13192285053300815
666.6500000000449,-28.554697652505936,55.26019579653973,-0.6104609150079748,-1.4202026908434011,0.41530055764608154,-0.13192285053300815
666.750000000045,-28.402969975427812,55.04280859680365,-0.46082183741561417,-1.4720698081268082,0.4414182537810338,-0.14134033673576113
666.8500000000449,-28.661422571972082,55.511353382438045,-0.5275382572917535,-1.1648538180377497,0.41447378740253477,-0.06261163364489185
666.9500000000451,-29.0611573517978,54.98313536088561,-0.6651749152672602,-1.3840818660671452,0.37121761097536704,-0.114460011362874
667.050000000045,-29.5539886796246,54.86574887230821,-0.8522325241606313,-1.3841185646700276,0.31607875829869997,-0.11163113159840407
667.1500000000451,-30.149429895277738,54.32033091640407,-1.083068808198568,-1.6055627972385413,0.25271261256434585,-0.16280517641423575
667.250000000045,-30.256473213034674,54.15896061079829,-1.0577975469421563,-1.62184331487995,0.25271261256434585,-0.16280517641423575
667.3500000000452,-28.98027620906189,53.863432092379014,-0.320571813572237,-1.7068195116734572,0.4254639163422812,-0.17955149940030457
667.4500000000451,-29.01020607083738,53.691852383714824,-0.2780254219380476,-1.7247746616134714,0.4254639163422812,-0.17955149940030457
667.5500000000452,-28.57219458884951,54.04358346729629,0.007284547446146783,-1.4644703900809763,0.485170482924961,-0.11038319090547258
667.6500000000451,-28.569040281690274,53.896584512333796,0.055801595738598754,-1.4755087091715136,0.485170482924961,-0.11038319090547258
667.7500000000452,-28.340543316111916,54.5001461351263,0.2174528189099397,-1.0974218884714115,0.5125021889380974,-0.015629563706238428
667.8500000000452,-28.300988995879976,54.51617183280177,0.2765799272319962,-1.0333833027810457,0.5144166931942411,0.00044239504686737624
667.9500000000453,-27.934951734662295,53.872801144861086,0.5003096175633942,-1.312882101712504,0.5560313517079101,-0.06761444425035415
668.0500000000452,-27.965316352280688,54.208286682516,0.5123639580518368,-1.0728425577045813,0.5453201494490615,-0.006421367812455482
668.1500000000453,-28.18982361492019,54.425016356017146,0.4240997091593353,-0.9058352715861164,0.5108425338328371,0.03437782093517875
668.2500000000452,-28.144859431335135,54.334604717963295,0.47518396254257256,-0.9023974894926017,0.5108425338328371,0.03437782093517875
668.3500000000454,-28.30241942317907,53.86711333758716,0.42026908611755304,-1.0963536292278222,0.4853502455985769,-0.014121985856501262
668.4500000000453,-28.257965763339364,53.7574073647352,0.4688041106773666,-1.097765827813471,0.4853502455985769,-0.014121985856501262
668.5500000000454,-27.643525339271303,54.19310250926666,0.8120328422373694,-0.8189390429904632,0.5575752387026005,0.05363488094002512
668.6500000000453,-27.559534178854133,54.11147677937239,0.8677903661075788,-0.8135755548964655,0.5575752387026005,0.05363488094002512
668.7500000000455,-27.729469195619252,54.46037513221914,0.7903971361564789,-0.5856140098461885,0.52540779449068,0.10783845492512822
668.8500000000454,-28.596079929153323,53.98089378046588,0.35302459230369365,-0.7945301322081799,0.4063327267064698,0.054013366207957395
668.9500000000455,-29.025219454005978,53.92559969987545,0.15433058073989486,-0.7767629832749263,0.3485253228723176,0.05702391551741638
669.0500000000454,-29.162421874235765,53.801887893765915,0.10835448791275715,-0.7955343389643764,0.3286448242679279,0.05095577172609397
669.1500000000456,-29.33399088079254,53.64201680444934,0.04684149149340015,-0.8321239564960763,0.30585774041123415,0.04081125647929489
669.2500000000455,-29.32777744294115,53.55900846508221,0.07742726553449575,-0.8280428308481506,0.30585774041123415,0.04081125647929489
669.3500000000456,-30.459918349087776,53.84641339292505,-0.48050976876520435,-0.6335461101424782,0.16306453951612837,0.08693353127184264
669.4500000000455,-30.507154003266674,53.78349344956722,-0.4642033148136063,-0.6248527570153019,0.16306453951612837,0.08693353127184264
669.5500000000457,-31.046207604135734,54.07850107839754,-0.7045234128967451,-0.4275179383707883,0.10031705589104836,0.13370300091796083
669.6500000000456,-31.11615836014589,54.036417799565086,-0.6944917073076494,-0.41414763827900436,0.10031705589104836,0.13370300091796083
669.7500000000457,-30.958759050441117,54.197775047301505,-0.5683211361417695,-0.29615145682330696,0.12837465505632298,0.15917984819510358
669.8500000000456,-31.158101517860914,53.998191025316665,-0.6294411190978626,-0.369250441541307,0.1103990504547307,0.13737125928414656
669.9500000000457,-30.820513089227497,53.63696212052953,-0.4131886406954316,-0.5237412357901329,0.1599663454576111,0.09641491641523436
670.0500000000457,-31.08084097616564,53.418246910123536,-0.5122785821532426,-0.6022416394342117,0.13165980788647128,0.07456057227407528
670.1500000000458,-31.423165973816023,53.18734470678878,-0.6487213484145868,-0.6832809556862333,0.09553734406987485,0.05302432488693415
670.2500000000457,-31.487560421937076,53.119281732844655,-0.639167614007608,-0.6779785231975447,0.09553734406987485,0.05302432488693415
670.3500000000458,-31.95862104724361,51.962741974756916,-0.8391079072876245,-1.2366956699026255,0.04485310471753094,-0.08437132026944945
670.4500000000457,-32.042307572448706,51.838650551165415,-0.8346225968158755,-1.2451328019295627,0.04485310471753094,-0.08437132026944945
670.5500000000459,-32.012438924854486,51.691511327502425,-0.7675671132634846,-1.2637373661221636,0.06096101906866985,-0.08655480867213775
670.6500000000458,-32.08889083108542,51.56470481684696,-0.7614710113566231,-1.2723928469893695,0.06096101906866985,-0.08655480867213775
670.7500000000459,-32.462497069728926,51.088982859741364,-0.908157948420629,-1.461228423672385,0.02405067690707889,-0.13042942863843782
670.8500000000458,-32.38678072502636,50.62239996966517,-0.8197786786860062,-1.640982153652085,0.04494699355973922,-0.17127250656079276
670.950000000046,-33.279126880069526,50.435383342856696,-1.2311639064348696,-1.6695295846692906,-0.05550515074783874,-0.174052834713226
671.0500000000459,-32.7715069782633,51.31950513800214,-0.9063309167984741,-1.1311341818288838,0.02575552633323197,-0.036244821472861066
671.150000000046,-33.00369571034872,51.57791109684112,-0.9764094623025511,-0.9424545333078527,0.008213470251321232,0.010554340661915365
671.2500000000459,-33.10129558922763,51.48371841521373,-0.9755881152774197,-0.9413990992416621,0.008213470251321232,0.010554340661915365
671.3500000000461,-34.22525048063364,51.308785131370634,-1.5035585924244237,-0.9838367205385194,-0.11999131813708407,-0.00039086721931534674
671.450000000046,-34.37620629646663,51.21039950498077,-1.515557724238121,-0.983875807260451,-0.11999131813708407,-0.00039086721931534674
671.5500000000461,-35.248965991907326,51.63063540976316,-1.8999312294772095,-0.7073780517630956,-0.2105245756272954,0.06871742646026127
671.650000000046,-35.44001173773301,51.560241191719214,-1.92098368703992,-0.7005063091170758,-0.2105245756272954,0.06871742646026127
671.7500000000462,-35.891514981001905,51.24788456178258,-2.0745969973122578,-0.8192505367358549,-0.2425495076073112,0.038129403226545636
671.8500000000461,-37.09909514798712,50.75765726515007,-2.6149226212671026,-1.0283784621594345,-0.3679822065546885,-0.01403974865012203
671.9500000000462,-37.38307231386787,50.864177693484045,-2.6623128872935022,-0.921374059022425,-0.3705406220990862,0.012353080165895331
672.0500000000461,-37.62758297342449,51.42445688727749,-2.68702452543484,-0.5754636411004165,-0.36750489627643124,0.09781355777823947
672.1500000000462,-37.865304221911174,50.78050075292068,-2.7069459582260937,-0.8693220171275584,-0.36344158441380015,0.023919747021727972
672.2500000000462,-38.1378160256556,50.693688149943114,-2.7432901166674406,-0.8669300424253877,-0.36344158441380015,0.023919747021727972
672.3500000000463,-38.709142248559,50.102677761458686,-2.9299436627554583,-1.126768654191211,-0.3995073841775024,-0.04016987502271889
672.4500000000462,-39.00413415175516,49.989800046664556,-2.969894401173172,-1.1307856416934792,-0.3995073841775024,-0.04016987502271889
672.5500000000463,-40.37752872641084,49.268192489464326,-3.5698721697481575,-1.457867972619122,-0.5367115748522655,-0.12062762067477016
672.6500000000462,-40.73719950125958,49.121802554099176,-3.6235433272333353,-1.469930734686588,-0.5367115748522655,-0.12062762067477016
672.7500000000464,-41.454327535580845,48.81182119668691,-3.857872363169079,-1.5660577969424128,-0.5803561060299909,-0.1410976354496895
672.8500000000463,-42.807135188028994,48.0115172801948,-4.414005389072019,-1.9153494317657078,-0.7014203446798869,-0.22321505282632056
672.9500000000464,-42.84948308795275,47.83543331180365,-4.277611577501983,-1.9290951832555094,-0.651533424781307,-0.22112722155354708
673.0500000000463,-44.22559107252137,48.46552677295536,-4.837590643026083,-1.5157857812569477,-0.7732400860354698,-0.11316647352221341
673.1500000000465,-45.124113935773956,48.436225514151786,-5.125618092846595,-1.4635479295782114,-0.8241136317436158,-0.09769984108843274
673.2500000000464,-45.64079631321686,48.28938222198866,-5.208029456020881,-1.4733179136870458,-0.8241136317436158,-0.09769984108843274
673.3500000000465,-46.110747257878934,46.989423418399596,-5.26368537356613,-2.0827412987975595,-0.817961730451254,-0.24441041753110188
673.4500000000464,-46.641205603887315,46.77992723643237,-5.345481546611181,-2.1071823405506476,-0.817961730451254,-0.24441041753110188
673.5500000000466,-45.57122843901422,44.286733093712975,-4.590736353981325,-3.327560553704376,-0.6134300441763201,-0.538910621084794
673.6500000000465,-46.033369224632814,43.95128248523742,-4.652079358398901,-3.3814516158128067,-0.6134300441763201,-0.538910621084794
673.7500000000466,-46.996372667223945,43.91471328527276,-4.967268080719476,-3.2778264977574008,-0.674755780116377,-0.5005547610107638
673.8500000000465,-46.81444917452577,44.145388369637494,-4.682386159651948,-3.035462156665141,-0.5891141143532673,-0.42891377372801853
673.9500000000467,-46.75129633114682,43.65448246769845,-4.467152545185466,-3.1742281309512936,-0.5228967907743048,-0.4522551599822218
674.0500000000466,-46.85176061293756,43.73475322886438,-4.336784746841563,-3.008135397042,-0.47797060627200194,-0.39985985191877915
674.1500000000467,-46.64402699366902,43.840267147571495,-4.054447763900165,-2.836868234071141,-0.39826099517923075,-0.348449254039306
674.2500000000466,-47.05146307503457,43.55483807789445,-4.094273863418052,-2.87171315947504,-0.39826099517923075,-0.348449254039306
674.3500000000467,-47.06239714680523,43.066783473413366,-3.9275098732189795,-3.009425865257849,-0.34811541508577815,-0.3734492628653165
674.4500000000467,-47.4568887112022,42.76397364057353,-3.9623214147275254,-3.046770791544347,-0.34811541508577815,-0.3734492628653165
674.5500000000468,-47.499387259446856,43.150046330256785,-3.8119000692022618,-2.7224285396303585,-0.3027460953588186,-0.2846910641993109
674.6500000000467,-47.88209099684353,42.876380020973,-3.842174678738116,-2.7508976460502637,-0.3027460953588186,-0.2846910641993109
674.7500000000468,-47.88300453620397,42.528659086837564,-3.67499888216958,-2.8162298943051987,-0.25504471372411974,-0.293667396082418
674.8500000000467,-48.23954983896404,41.71622690450004,-3.694185006359259,-3.1215336279275716,-0.2535090183607144,-0.3612701969758306
674.9500000000469,-48.81480120193083,41.71293519856505,-3.824489450722159,-2.996846722480398,-0.2788596248996852,-0.32211884653777895
675.0500000000468,-48.85605524537404,41.94004765890695,-3.6730040314365318,-2.7498716037692956,-0.23474168400917608,-0.25289581892414503
675.1500000000469,-49.764864512529,41.89508972162477,-3.9735556933631764,-2.655498386641507,-0.30164099258320476,-0.22377466217423167
675.2500000000468,-50.16372828682787,41.62842100964999,-4.003719792621469,-2.67787585285891,-0.30164099258320476,-0.22377466217423167
675.350000000047,-49.96461743550702,40.818574646965175,-3.725200982230723,-2.9793224494046795,-0.22700051872984406,-0.2915195544359296
675.4500000000469,-50.33827253632341,40.519184804252795,-3.7479010341036867,-3.008474404848246,-0.22700051872984406,-0.2915195544359296
675.550000000047,-50.73115204340993,41.13281561946381,-3.7879302013380083,-2.5567503644706244,-0.23307520449746744,-0.1729512235054205
675.6500000000469,-51.11111043956587,40.87627582689946,-3.811237721787734,-2.574045486821151,-0.23307520449746744,-0.1729512235054205
675.7500000000471,-51.16641307088665,40.72222067887953,-3.6667680650721723,-2.537390538097719,-0.19254247875912728,-0.15981415165068114
675.850000000047,-50.756680567252886,40.661048216647046,-3.2844047309901097,-2.4525734998410504,-0.09492798550009132,-0.13511917444627417
675.9500000000471,-51.19948731679767,40.831092473229745,-3.3523303610585837,-2.250759329609439,-0.10904192282053947,-0.0826964311454301
676.050000000047,-51.080776134590124,40.25730405358311,-3.1252749307126284,-2.443054584791571,-0.05051369796377379,-0.12832466552682398
676.1500000000472,-51.11455785079988,40.12546054526467,-2.9872592403186506,-2.3973714495154614,-0.015970699596546088,-0.11408429987330125
676.2500000000471,-51.413363628329456,39.88515297881398,-2.9888563102783037,-2.4087798795027813,-0.015970699596546088,-0.11408429987330125
676.3500000000472,-51.0459055495188,40.16791516139949,-2.645720021043873,-2.148009353422406,0.06791126366800329,-0.047634508232028576
676.4500000000471,-51.31013799530461,39.952876053516285,-2.638928894677079,-2.1527728042456045,0.06791126366800329,-0.047634508232028576
676.5500000000472,-50.58498557122659,40.16208032441822,-2.1186412594357664,-1.9301310230847295,0.1933152344627952,0.00939641495479901
676.6500000000472,-50.795883120997665,39.96911420418469,-2.0993097359895043,-1.9291913815892505,0.1933152344627952,0.00939641495479901
676.7500000000473,-51.122240866739325,39.98823712864088,-2.14021288150174,-1.8185051373683867,0.17876334273302708,0.03612017967124065
676.8500000000472,-51.07163109549319,39.20818031860384,-1.9860806612331627,-2.1268227198122163,0.2118807904307797,-0.04030057987453785
676.9500000000473,-50.912929888164676,38.94456977253908,-1.7821163113468395,-2.1571109407841327,0.25602879358773195,-0.04669332565160992
677.0500000000472,-50.82343620960723,39.65985980597251,-1.6170196880226255,-1.669757574644551,0.29033848496627945,0.07530125306615051
677.1500000000474,-51.049459135102026,39.66108338897487,-1.6217132780821195,-1.5754021277232058,0.2821951230112214,0.09643107638054578
677.2500000000473,-51.21021948729504,39.5040253315846,-1.593493765781023,-1.5657590200851599,0.2821951230112214,0.09643107638054578
677.3500000000474,-49.944619448103026,39.40313088561617,-0.832120697657579,-1.5307780597429061,0.45990135254543224,0.10190098428853182
677.4500000000473,-50.02553201110598,39.25056258456346,-0.7861305624030777,-1.5205879613140623,0.45990135254543224,0.10190098428853182
677.5500000000475,-50.413154321029374,39.217924499803416,-0.9015171552131942,-1.4475333712421972,0.420556604556163,0.11749572358571211
677.6500000000474,-50.501203253527834,39.07375864129726,-0.8594614947576161,-1.4357837988836366,0.420556604556163,0.11749572358571211
677.7500000000475,-50.41379011556426,38.16771882214364,-0.729533914822513,-1.8190529516642624,0.441785286982086,0.021306983277972757
677.8500000000474,-50.68600312025669,36.36610175032159,-0.7894410817595952,-2.661307852406869,0.41648691138454635,-0.18556209469815
677.9500000000476,-50.86437304945647,36.375085454442974,-0.799871849459539,-2.536973758974876,0.4039075754422752,-0.1507743838822451
678.0500000000475,-50.63619844584308,36.19311791431438,-0.5991924471936793,-2.5137540489396555,0.44333195230355843,-0.14127879658453088
678.1500000000476,-50.75452486694807,36.16035581597433,-0.585946439968223,-2.414414034755415,0.4358260688173941,-0.11366523288946143
678.2500000000475,-50.810940380600755,35.91834608633456,-0.5423638330865233,-2.4257805580443508,0.4358260688173941,-0.11366523288946143
678.3500000000477,-51.84488816501148,35.74024009324137,-1.0041936320187577,-2.403461178009039,0.313381665725063,-0.10545929210700732
678.4500000000476,-51.94374061988465,35.49936667898015,-0.9728554654462799,-2.41400710721973,0.313381665725063,-0.10545929210700732
678.5500000000477,-51.95224653854557,36.129497641009955,-0.8949522481503056,-1.9697272759972018,0.3250281475989535,0.006031470890736815
678.6500000000476,-52.04011662262253,35.93255507076486,-0.8624494333904398,-1.9691241289081287,0.3250281475989535,0.006031470890736815
678.7500000000477,-52.465722069663165,35.66093583883409,-1.004906765072162,-2.0072111685738943,0.28276011239491655,-0.003389754204117801
678.8500000000477,-52.75678339014825,35.0385078467978,-1.075816634150688,-2.2273704155569884,0.2586526532580701,-0.057244316561284606
678.9500000000478,-52.28951744671456,34.64899528855324,-0.7556856496735813,-2.3192762252907344,0.3297299535998369,-0.07822581633695222
679.0500000000477,-52.182585042722096,34.409950158088,-0.6280227737975204,-2.3306527245918116,0.35301974771406724,-0.07910699253018887
679.1500000000478,-52.34653823920738,34.34157205923498,-0.6454949188900314,-2.253155741792984,0.34027763688948653,-0.05832216619282648
679.2500000000477,-52.40938634291189,34.11596487422492,-0.6114671552011137,-2.2589879584122614,0.34027763688948653,-0.05832216619282648
679.3500000000479,-53.27919592279454,34.5588999371611,-0.9946153723399455,-1.9162788214172326,0.23919838582504693,0.027012163442872217
679.4500000000478,-53.37746146809933,34.36740711583677,-0.9706955337574625,-1.9135776050729478,0.23919838582504693,0.027012163442872217
679.5500000000479,-54.49808344662608,34.108644864965044,-1.4850576471527803,-1.9448547206885503,0.10643001604522076,0.018955664506543346
679.6500000000478,-54.646057061261004,33.9142541712189,-1.4744146455482678,-1.9429591542378977,0.10643001604522076,0.018955664506543346
679.750000000048,-54.181658607933834,33.77106913053061,-1.1501088891630544,-1.9146533368918635,0.18220674938080234,0.025386672970615864
679.8500000000479,-55.30472928352883,34.028776671084465,-1.653157837286904,-1.6780341414951123,0.0555104283222472,0.08273490708717665
679.950000000048,-54.553475136014875,34.18888828330154,-1.1774971371817167,-1.5002331276794036,0.16906128772893486,0.12400764798991804
680.0500000000479,-54.41383839610875,35.12445924275949,-1.0262722964176165,-0.9145805163639651,0.20209813528765427,0.26614258952624087
680.1500000000481,-54.952958341176945,34.99431950283259,-1.230408965811681,-0.9086671925527714,0.14793052897083772,0.26110480683972426
680.250000000048,-55.07525958511315,34.90475830761159,-1.2156159129146107,-0.8825567118688227,0.14793052897083772,0.26110480683972426
680.3500000000481,-54.33284431860028,35.71953689465397,-0.7556008921889661,-0.3864139037309722,0.25598226853405226,0.3762550076908817
680.450000000048,-54.407124496476435,35.682776779319354,-0.7300026653355841,-0.3487884029619182,0.25598226853405226,0.3762550076908817
680.5500000000482,-54.22834857575733,35.57689423934846,-0.5728765721981297,-0.3459508460919011,0.2884124926400884,0.3684323896388612
680.6500000000481,-54.28419417051389,35.544141316687494,-0.5440353229341471,-0.30910760712804847,0.2884124926400884,0.3684323896388612
680.7500000000482,-54.26215885906553,35.18071890878649,-0.47671313451873965,-0.4453542085859948,0.2977089737177161,0.32628427702881163
680.8500000000481,-53.70386033204811,34.59616695429214,-0.1346460530286333,-0.6950782704914463,0.3736136032182922,0.2571097206959854
680.9500000000482,-53.66034632289226,33.97486938841737,-0.06900987487438717,-0.9556607229991636,0.3804431371680029,0.18740944950590638
681.0500000000482,-54.16075148071822,33.560289674909,-0.2903483089664465,-1.1059674081271835,0.3166457096042138,0.14549493119413048
681.1500000000483,-54.14617453443535,33.90658217254471,-0.23713199407289054,-0.8554167055298141,0.32184929633131165,0.2029282209938409
681.2500000000482,-54.168278487360965,33.82205514309677,-0.20494706443978866,-0.8351238834304484,0.32184929633131165,0.2029282209938409
681.3500000000483,-55.35184851083947,33.42149853301855,-0.7726155714401048,-0.9797664490995455,0.17644988464609102,0.16270530624916205
681.4500000000482,-55.42822781856018,33.32433541463993,-0.7549705829755118,-0.9634959184746441,0.17644988464609102,0.16270530624916205
681.5500000000484,-55.6610760013511,33.738587474594254,-0.821325160585936,-0.678403335344661,0.1555426051623281,0.22924377699413515
681.6500000000483,-55.74243080438381,33.67189335994482,-0.8057709000697173,-0.6554789576452683,0.1555426051623281,0.22924377699413515
681.7500000000484,-55.80045931656332,33.18066885888109,-0.7790459825009112,-0.853514211652328,0.15824128674869073,0.1754391665286042
681.8500000000483,-55.87373248748591,32.77946605367561,-0.7612378613683922,-1.0010758810692655,0.15872350273495414,0.13498935260880537
681.9500000000485,-55.66300613569051,32.97477788480603,-0.5986023863086583,-0.8350056660605318,0.19417284671430576,0.17213396949946586
682.0500000000484,-55.32741567897179,32.57163052786315,-0.3726450459646867,-0.9871340724620197,0.24497315765288075,0.1301465123891718
682.1500000000485,-55.11051146541584,32.43664357342822,-0.21844110665171249,-0.9932226766291893,0.27629032933070863,0.12549754128311819
682.2500000000484,-55.13097412443434,32.33794879347181,-0.19081207371866676,-0.9806729225008889,0.27629032933070863,0.12549754128311819
682.3500000000486,-55.01885550272963,32.90745682316187,-0.09470498803193747,-0.6210042757736026,0.29323499923515955,0.21042170319998782
682.4500000000485,-55.026859826536636,32.846408504100566,-0.06538148810844818,-0.5999621054536229,0.29323499923515955,0.21042170319998782
682.5500000000486,-55.95473352823375,33.10424241118776,-0.5131771482202317,-0.4155148741665777,0.17717958417464835,0.2500810048803311
682.6500000000485,-56.005165345134856,33.06394132879554,-0.49545918980278303,-0.3905067736785673,0.17717958417464835,0.2500810048803311
682.7500000000487,-56.170838004840796,32.9547379598495,-0.5377805577527132,-0.40246296149480915,0.16267488460656498,0.24108004340158204
682.8500000000486,-56.0652575192484,32.93008041803204,-0.439603089599489,-0.3708571427428675,0.1825833784567751,0.24291696003767035
682.9500000000487,-55.66822528306985,32.19290101730516,-0.19555908778204673,-0.7095900678438635,0.23711992283329375,0.154535906309205
683.0500000000486,-56.4843275033964,31.999854929880172,-0.589520143261834,-0.7590500780848789,0.13438962856696296,0.13844090213100851
683.1500000000487,-56.15170628430046,32.296206434014124,-0.37563161272391254,-0.5529723705170703,0.18278741545031438,0.18522290413515266
683.2500000000487,-56.18835550849557,32.24183531148314,-0.35735287117889775,-0.5344500801035719,0.18278741545031438,0.18522290413515266
683.3500000000488,-55.62886766189625,31.660366339877235,-0.03147928107953514,-0.7902254955430157,0.2576679421558561,0.11832956401179835
683.4500000000487,-55.630727250293425,31.581935438143066,-0.005712486863972965,-0.7783925391418466,0.2576679421558561,0.11832956401179835
683.5500000000488,-55.45125281280359,30.843123935993326,0.10661691722306767,-1.1159528061380055,0.27745089055363914,0.03173224046547225
683.6500000000487,-55.439203866628525,30.731687316581954,0.13436200627840633,-1.1127795820914612,0.27745089055363914,0.03173224046547225
683.7500000000489,-55.55221469019294,30.84349835946226,0.09651517239886886,-0.9941987392235494,0.26160475779655346,0.059834486687917784
683.8500000000488,-55.994448228487045,30.37967213034017,-0.111459750834542,-1.1783304986831897,0.20469736789288456,0.013257475121103895
683.9500000000489,-56.16250290938287,29.512463352400967,-0.17201813416636433,-1.5649452829594925,0.18512573703289684,-0.08118954304282867
684.0500000000488,-55.53187553263464,30.285879480528532,0.1851974277855001,-1.0815265634076299,0.26843266295979373,0.04068477617826187
684.150000000049,-55.92350026324655,29.97504803416652,0.001035201031743014,-1.182421832563174,0.21748618798370284,0.015140782991814702
684.2500000000489,-55.92230931220346,29.856881554825268,0.02278381983009352,-1.1809077542639939,0.21748618798370284,0.015140782991814702
684.350000000049,-55.74376962303897,29.824808983935807,0.13363279009101448,-1.135815948128,0.23884352243859874,0.02555462041159046
684.4500000000489,-55.72921212641769,29.711355162225168,0.15751714233485262,-1.1332604860868432,0.23884352243859874,0.02555462041159046
684.5500000000491,-55.869932902687324,28.85572145749683,0.1010610175979643,-1.518626121547122,0.21955725004735577,-0.069689098236861
684.650000000049,-55.8587290146773,28.703510399851073,0.12301674260267992,-1.5255950313708018,0.21955725004735577,-0.069689098236861
684.7500000000491,-56.01959879107726,28.059683982483687,0.055554711442830876,-1.786704905323603,0.19795511411926942,-0.13157350432811257
684.850000000049,-55.685476391966795,28.293074946915965,0.24458803954486674,-1.5847182177642833,0.2390889301138926,-0.07886458932474169
684.9500000000492,-55.79831973120002,28.102772184589824,0.19743986055963605,-1.6088775008768,0.22192571836677505,-0.08282632983642425
685.0500000000491,-56.50401457429873,28.394093933490176,-0.16077068856233506,-1.3780140565509233,0.12836228456323268,-0.023531250503360426
685.1500000000492,-56.41954779300301,28.219156239991225,-0.0967058731766473,-1.3995192511567922,0.14073123233010756,-0.028192101028152068
685.2500000000491,-56.42851472415902,28.079063354370533,-0.08263274994364934,-1.4023384612596048,0.14073123233010756,-0.028192101028152068
685.3500000000492,-58.16209510328552,27.236355450460643,-0.9552631658606736,-1.768777191692459,-0.07371489469793427,-0.1167412744092104
685.4500000000492,-58.257989994344996,27.058894024919514,-0.9626346553304603,-1.7804513191333695,-0.07371489469793427,-0.1167412744092104
685.5500000000493,-57.55611384711957,27.58916570958259,-0.5577404369332781,-1.4195568701223722,0.026437411893607835,-0.024793715775665512
685.6500000000492,-57.611755703753374,27.447086053991605,-0.5550966957439197,-1.4220362416999366,0.026437411893607835,-0.024793715775665512
685.7500000000493,-58.410880964455586,26.930591651206182,-0.9340708387946518,-1.6182160338219178,-0.06575637334034948,-0.07196059233998989
685.8500000000492,-59.367118927382094,25.653722315592823,-1.3862452327879613,-2.2064812340874433,-0.17406063785006765,-0.21431882011868883
685.9500000000494,-59.26578152852747,24.839145052759207,-1.280090785224173,-2.5347993950474956,-0.14421568139081917,-0.2890325754163258
686.0500000000493,-59.18711236104653,25.290903953148565,-1.1859231058751214,-2.1903224405966784,-0.11750721789681004,-0.1964548106435764
686.1500000000494,-59.19486622762681,25.18981715570639,-1.140535899548495,-2.148439121690083,-0.10371148214183148,-0.18148115263742504
686.2500000000493,-59.30943837499226,24.97406583777439,-1.1509070477626688,-2.1665872369538093,-0.10371148214183148,-0.18148115263742504
686.3500000000495,-59.377605109087874,23.78616348818674,-1.1358065432643498,-2.6876545586376577,-0.09731535327374508,-0.30407085005448176
686.4500000000494,-59.49167234018058,23.515877678072947,-1.1455380785917155,-2.718061643643078,-0.09731535327374508,-0.30407085005448176
686.5500000000495,-59.16521924095304,22.815013389832796,-0.9264945348976619,-2.969186657628897,-0.04155727307479025,-0.3576798836052471
686.6500000000494,-59.2580764808081,22.516306324652156,-0.9306502622051371,-3.004954645989389,-0.04155727307479025,-0.3576798836052471
686.7500000000496,-59.53085988876183,22.160298025007478,-1.0269130930388677,-3.0685349509301156,-0.06380911941561196,-0.36445230102910675
686.8500000000495,-59.641031243481684,21.480523421079475,-1.0369936280030303,-3.298428125335383,-0.0647083251347452,-0.41184581166956374
686.9500000000496,-59.250292158644505,21.168198747989127,-0.7896236619798143,-3.3294786940089054,-0.003395309372604849,-0.4093786106848312
687.0500000000495,-59.26063478451642,20.60547227493917,-0.7540266754936276,-3.490739802874521,0.0054435875339318915,-0.4392121609734711
687.1500000000497,-59.09233844873901,20.439150869202653,-0.6285302997560643,-3.438975441837046,0.03561277751323445,-0.41592610454437406
687.2500000000496,-59.15501341482699,20.093173694496542,-0.6249690220047441,-3.4805680522914457,0.03561277751323445,-0.41592610454437406
687.3500000000497,-60.2113479925486,18.788846802252188,-1.1329959368439542,-4.018337104552317,-0.0883137870343293,-0.537223159622186
687.4500000000496,-60.325089155168065,18.384326975999215,-1.141827315547379,-4.072059420514487,-0.0883137870343293,-0.537223159622186
687.5500000000497,-61.29946277462203,18.3127912837037,-1.598415286092384,-3.943250956237182,-0.19793005521611734,-0.4911553776104772
687.6500000000497,-61.4602939535072,17.916010411192293,-1.6182082916139777,-3.9923664939981847,-0.19793005521611734,-0.4911553776104772
687.7500000000498,-62.13027315332639,17.39490570165145,-1.898230180772026,-4.103299939878708,-0.26079787876536864,-0.5062083012620499
687.8500000000497,-61.503361980151396,17.211207111605432,-1.5016828267700537,-4.034462021204864,-0.15807694187104132,-0.4769416708888765
687.9500000000498,-62.297632125330644,16.49757201110416,-1.8475455833395167,-4.241487689202745,-0.23779884378309982,-0.5157321140814335
688.0500000000497,-63.19157707481153,15.562462489817383,-2.2420177982333214,-4.561667254318868,-0.32897382478814685,-0.5823317222860304
688.1500000000499,-64.19736787699365,15.279377506924348,-2.6748613415941227,-4.528847956067764,-0.4255393064855574,-0.5601731793886816
688.2500000000498,-64.46698170768525,14.823691845421045,-2.71741527224264,-4.584865274006582,-0.4255393064855574,-0.5601731793886816
688.3500000000499,-63.74311389777927,14.912512476386047,-2.245978509159102,-4.353283677399259,-0.30092637550626833,-0.4895334122222465
688.4500000000498,-63.969216380572504,14.47473644158541,-2.2760711467097017,-4.402237018621439,-0.30092637550626833,-0.4895334122222465
688.55000000005,-62.48290546394131,13.732748470976812,-1.4137895599058548,-4.6073538084518955,-0.08268136997561054,-0.5278252633388851
688.6500000000499,-62.62469782678164,13.269373963815353,-1.4220576969034082,-4.660136334785736,-0.08268136997561054,-0.5278252633388851
688.75000000005,-62.163520949150545,12.102439230099584,-1.1205173484665452,-5.0744087324252005,-0.007835776649525589,-0.61584958507859
688.8500000000499,-62.50605795574597,12.693243525451853,-1.2403574394937062,-4.561890737182208,-0.03677285944449128,-0.47519802868483757
688.9500000000501,-62.81607761426043,12.324456892381578,-1.3393606278954846,-4.562937708975462,-0.0597979940705964,-0.4638838710729425
689.05000000005,-63.15220917115529,12.800458985920374,-1.4510485317857786,-4.115517192209187,-0.08579781555310466,-0.34144641167589107
689.1500000000501,-62.84484938522844,13.120898711684392,-1.22738980353416,-3.7700732993993054,-0.029724709316151156,-0.24906968901080506
689.25000000005,-62.967736989128326,12.742646033299753,-1.2303622744657723,-3.794980268300363,-0.029724709316151156,-0.24906968901080506
689.3500000000502,-62.62527043664811,12.096294502312073,-0.9928411980603663,-3.9581842810192978,0.028711627843070645,-0.2829173391625341
689.4500000000501,-62.72441099831484,11.699061487514692,-0.9899700352760619,-3.9864760149355254,0.028711627843070645,-0.2829173391625341
689.5500000000502,-63.63533964373895,10.795289435225198,-1.4028542727080933,-4.277076357594401,-0.07152407142199439,-0.34712853540343575
689.6500000000501,-63.77598269136674,10.365846156789134,-1.4100066798502862,-4.311789211134713,-0.07152407142199439,-0.34712853540343575
689.7500000000502,-63.93657119299758,10.257829206903697,-1.4270261326817324,-4.178307551534643,-0.07390781790960557,-0.30617245581520336
689.8500000000502,-64.01347122431885,10.394026051422491,-1.4002300818195492,-3.9193209808353937,-0.0655985941717011,-0.23522137076794591
689.9500000000503,-64.07146014000644,9.727164832351558,-1.3645335472586488,-4.084548396896555,-0.05539193328438831,-0.2697205786657522
690.0500000000502,-63.03359485363024,8.752995553427205,-0.7550830208617102,-4.409706114532179,0.09587010101849468,-0.34365422855414596
690.1500000000503,-63.06362761278831,8.137234546026242,-0.7224224940993308,-4.533612647631362,0.10144111399149706,-0.3654449665973494
690.2500000000502,-63.13536265662822,7.6820460564305355,-0.7122783827001903,-4.570157144291064,0.10144111399149706,-0.3654449665973494
690.3500000000504,-62.931135011101176,7.631413554085165,-0.5604788290343712,-4.393562786842672,0.1357873509191464,-0.3131529485409289
690.4500000000503,-62.986503957249965,7.190491510658596,-0.5469000939424689,-4.424878081696736,0.1357873509191464,-0.3131529485409289
690.5500000000504,-62.49277992453678,6.442721206827831,-0.2506156998838016,-4.619029989769544,0.20444648727151207,-0.3540374052943388
690.6500000000503,-62.51681926208878,5.979048020824828,-0.230171051156669,-4.654433730298946,0.20444648727151207,-0.3540374052943388
690.7500000000505,-62.73637424799271,6.048151580535967,-0.3110947353914208,-4.412194321148392,0.17995725156070824,-0.2864301170237266
690.8500000000504,-62.95148037891138,6.036239413462361,-0.3886229813246368,-4.216299706063917,0.15673983167957783,-0.2314198327703707
690.9500000000505,-63.180751498762305,5.28429888212621,-0.4710415421005973,-4.409824409134923,0.13304643909787917,-0.2729007776899617
691.0500000000504,-63.73254902448257,5.856385161990776,-0.7223303853880114,-3.901133353904299,0.0679673851673337,-0.14000692402623022
691.1500000000506,-63.85082817576952,5.7018490925510195,-0.7393198146551999,-3.7928929179770017,0.06222430528696854,-0.11025830466811862
691.2500000000505,-63.924449035708534,5.322008509230325,-0.7330973841265087,-3.8039187484438033,0.06222430528696854,-0.11025830466811862
691.3500000000506,-64.46000545766647,4.875336185229629,-0.9642785421729865,-3.8477610031951617,0.004857344411666296,-0.11798750598280647
691.4500000000505,-64.55640902516163,4.48997014738055,-0.9637928077318203,-3.8595597537934316,0.004857344411666296,-0.11798750598280647
691.5500000000507,-64.21531318696738,4.046938000606183,-0.7361822148500164,-3.9071081835801413,0.06030956175342573,-0.1281251804276476
691.6500000000506,-64.28862986064355,3.6555865563463867,-0.7301512586746793,-3.9199207016228943,0.06030956175342573,-0.1281251804276476
691.7500000000507,-64.66780867233389,3.4455807859242458,-0.8813679844172833,-3.83819006043598,0.022320621470543818,-0.1051035188904469
691.8500000000506,-65.38209321675923,2.645425853771339,-1.2026834106918554,-4.0654557844461845,-0.05631867507994672,-0.15820720046247733
691.9500000000507,-65.51607649028588,3.0948140694489497,-1.215207338611855,-3.637802187140539,-0.057983391749253946,-0.0502400676829622
692.0500000000507,-65.49427065574277,2.7366247640745827,-1.1458115752177644,-3.6397394824013736,-0.03948875264008958,-0.04947473293119879
692.1500000000508,-65.2941195825701,2.3986969485874745,-0.9882682286030533,-3.6310836688593415,-0.0004970689551845736,-0.04616423500298871
692.2500000000507,-65.3929488907751,2.035357760526856,-0.9883179354985717,-3.6357000923596363,-0.0004970689551845736,-0.04616423500298871
692.3500000000508,-65.64259089768751,2.0279105032702254,-1.0673101154115479,-3.455871696821346,-0.019904191643663145,-0.0012588533483980247
692.4500000000507,-65.74942143018679,1.682317039321663,-1.0693005345759123,-3.455997582156186,-0.019904191643663145,-0.0012588533483980247
692.5500000000509,-65.58745622106592,1.9794506024093768,-0.9292158122462896,-3.125029513307755,0.015305020322085472,0.07899927839712621
692.6500000000508,-65.68030127718886,1.6673426474708704,-0.9276853102140824,-3.1171295854680494,0.015305020322085472,0.07899927839712621
692.7500000000509,-65.61893053324876,1.8101451153397863,-0.8471050249541825,-2.8741384739263194,0.034402392428201034,0.1362449819008353
692.8500000000508,-64.03250468370376,1.826386581246296,0.019613848386546395,-2.702578387961019,0.24422514470392845,0.17493819203921357
692.950000000051,-64.53940748834705,1.4033779570274998,-0.2176661659212511,-2.764607130577361,0.1810131970404164,0.15557783078473195
693.0500000000509,-64.62760745457976,1.5794555675616135,-0.23482160464997132,-2.510359344444278,0.17234149272990698,0.21475982877673436
693.150000000051,-64.59646486998335,1.4526722434337602,-0.19001840393216315,-2.4251552047452494,0.17899793550419413,0.23026872259645173
693.2500000000509,-64.61457172069903,1.211308066572436,-0.17211861038176002,-2.402128332485625,0.17899793550419413,0.23026872259645173
693.3500000000511,-64.26552437995575,2.2471115016709984,0.03451729339690526,-1.7165409303064765,0.22486601177894827,0.39216191170470843
693.450000000051,-64.26094832055718,2.077418218199027,0.05700389457477964,-1.6773247391360413,0.22486601177894827,0.39216191170470843
693.5500000000511,-64.23312917658986,2.9374842042761258,0.09230242174664707,-1.1030417753734671,0.2284074046432724,0.5233301514837837
693.650000000051,-64.22275689739199,2.8297966774962937,0.11514316221095354,-1.0507087602251364,0.2284074046432724,0.5233301514837837
693.7500000000512,-63.95561661796113,2.526918376844952,0.26855991289355663,-1.1021322158489688,0.25995282518019,0.4980650093849211
693.8500000000511,-63.934774965087435,2.1352400277266916,0.2907764741664209,-1.200347189432215,0.259034394374168,0.4618006936639368
693.9500000000512,-63.34380483684635,1.8431651246007945,0.6042979433326263,-1.2444170862807173,0.32850600371311534,0.43982866573713386
694.0500000000511,-63.12516612570398,2.6256947911108774,0.7191229000421708,-0.7223930494059859,0.3486683048096758,0.5583565940910316
694.1500000000513,-63.14584859032234,2.5468748140317365,0.7056142677130466,-0.6714063513018658,0.3369882330262798,0.5571765501392362
694.2500000000512,-63.073602222385965,2.482520061652302,0.7393130910156439,-0.6156886962879928,0.3369882330262798,0.5571765501392362
694.3500000000513,-62.51676292679185,2.957487836572191,1.0204910956280466,-0.2822735401759361,0.39689640824487293,0.6250954364293213
694.4500000000512,-62.41272933518791,2.932385959736764,1.0601807364524978,-0.2197639965330608,0.39689640824487293,0.6250954364293213
694.5500000000513,-63.32829331631663,2.4977394318474246,0.5655461616595002,-0.3816086805639376,0.26581746784460114,0.5684619941940063
694.6500000000513,-63.27040961281151,2.46242087376203,0.5921279084439361,-0.32476248114458867,0.26581746784460114,0.5684619941940063
694.7500000000514,-63.10293595319864,2.848925126857462,0.673576481569031,-0.05248792066951667,0.2790725604726211,0.6209197167214032
694.8500000000513,-63.00582685399504,2.428736248574616,0.7161334847956893,-0.20831601391485954,0.28263323040225685,0.5675306928541647
694.9500000000514,-62.97766341712289,2.429170610645918,0.721379519259995,-0.14202372980894729,0.27707360647499907,0.5698530859056454
695.0500000000513,-63.12082113556698,2.022322554239821,0.6356379524726361,-0.2940002588519537,0.24916986271659708,0.518042038534715
695.1500000000515,-62.92405594690515,2.3717758582627813,0.7282201850973525,-0.0475314461183497,0.26550737948095937,0.5654156470017189
695.2500000000514,-62.84990639149808,2.369849791885954,0.7547709230454244,0.009010118581770761,0.26550737948095937,0.5654156470017189
695.3500000000515,-63.158508038187016,1.4574094511709603,0.5834438124568594,-0.4093023966551327,0.21767616724096886,0.44966490503319806
695.4500000000514,-63.09907527610518,1.4187275360306462,0.6052114291809365,-0.3643359061518538,0.21767616724096886,0.44966490503319806
695.5500000000516,-63.51422544507668,2.0645920273246308,0.38191715709318524,0.03703934915696323,0.15837924812566823,0.5374080898949324
695.6500000000515,-63.47524183312677,2.0709830026897937,0.39775508190573766,0.0907801581464076,0.15837924812566823,0.5374080898949324
695.7500000000516,-63.66085000095495,1.8570830554275006,0.29754204712721233,0.027697654878665705,0.13034288587279097,0.5089611162973218
695.8500000000515,-64.67176021591109,1.7638179354570904,-0.22740400793916501,0.02720573682624849,-0.000415031579418218,0.49637137728348846
695.9500000000517,-64.51865723331694,1.4256145971937033,-0.1372268755006146,-0.10091739753339887,0.02137648758633978,0.4530943121897265
696.0500000000516,-64.2853303531292,0.9980731357073064,-0.0057960361992994815,-0.2773666975634765,0.05317726473058748,0.39811033875334345
696.1500000000517,-64.05212376367955,0.2656279516366955,0.11926814876523792,-0.603175598441078,0.08208959238059871,0.30913301649447045
696.2500000000516,-64.03978650084113,0.2068560568751121,0.12747710800329032,-0.5722622967916591,0.08208959238059871,0.30913301649447045
696.3500000000518,-63.720936560932216,-0.45015235925666075,0.2933071332790652,-0.8519518793590589,0.12033394288568902,0.2336508248762154
696.4500000000517,-63.69100417788991,-0.5341792930681102,0.3053405275676232,-0.8285867968714586,0.12033394288568902,0.2336508248762154
696.5500000000518,-63.21470888809326,-0.1337271662287111,0.5508116658518679,-0.5485375383232466,0.17782708278235546,0.29771239650162507
696.6500000000517,-63.158738586094216,-0.18709235807848046,0.5685943741300873,-0.5187662986731112,0.17782708278235546,0.29771239650162507
696.7500000000518,-63.12814048025377,-0.10039455650401602,0.5724461449704122,-0.41802780630914876,0.17446155431186106,0.3149932244907909
696.8500000000518,-62.763353622994195,0.16626676057038026,0.7483287171748425,-0.22655204615213417,0.21297005401867977,0.35418642982606685
696.9500000000519,-63.05843233505757,0.0811851765390895,0.5792938937352076,-0.2243644452977096,0.16699707217705403,0.34609608457387
697.0500000000518,-62.980824354375486,-0.6437231210732469,0.6058596552211316,-0.5618238458155866,0.16942371345460505,0.2538434260617564
697.1500000000519,-63.84376913750252,-1.2694670612227634,0.14879196102016284,-0.8317662128480983,0.05497578324331075,0.18197267362882774
697.2500000000518,-63.8286150624843,-1.351733819139355,0.1542895393444889,-0.8135689454852321,0.05497578324331075,0.18197267362882774
697.350000000052,-65.08164980859748,-1.8954458502406164,-0.4950214372935624,-1.0360435933140248,-0.10403620978265694,0.12318550101758644
697.4500000000519,-65.1316721333757,-1.998434282066838,-0.5054250582718186,-1.0237250432122773,-0.10403620978265694,0.12318550101758644
697.550000000052,-65.52818472929896,-2.58063983323516,-0.6950232305948721,-1.259844777185609,-0.147750986252491,0.06275425142956297
697.6500000000519,-65.59842580728964,-2.7063105396964593,-0.7097983292201078,-1.2535693520426583,-0.147750986252491,0.06275425142956297
697.7500000000521,-64.81127988852624,-3.0952930212603174,-0.28388901106281195,-1.3839312647104123,-0.04128751544928516,0.029482478304454406
697.850000000052,-65.3805024927001,-3.7955169070366384,-0.5673247209397243,-1.6739333260486757,-0.1091740035565727,-0.042288476123476505
697.9500000000521,-65.20870420900675,-4.164682249318843,-0.4607128953598625,-1.782497815449059,-0.08078585112467991,-0.06768976690808193
698.050000000052,-65.58880640173459,-4.422947728346747,-0.6434704585474701,-1.831364685787829,-0.12374965478855675,-0.07812773006303941
698.1500000000522,-64.81859603581644,-4.817509068673216,-0.22757694161586828,-1.9483587585112332,-0.020345856115836725,-0.10469810756757057
698.2500000000521,-64.84145545925858,-5.012868435061999,-0.2296115272274501,-1.9588285692679808,-0.020345856115836725,-0.10469810756757057
698.3500000000522,-65.36664810781393,-5.154719566842617,-0.4913397051011356,-1.9411984589506903,-0.08352440872187655,-0.09788651211300575
698.4500000000521,-65.41619970036761,-5.349328845298074,-0.4996921459733157,-1.950987110161982,-0.08352440872187655,-0.09788651211300575
698.5500000000523,-65.52854222634022,-5.800965200797281,-0.5402848219368547,-2.0929656689447027,-0.0914115570283092,-0.12999433574275163
698.6500000000522,-65.58302776631899,-6.010911739370274,-0.5494259776396773,-2.105965102518966,-0.0914115570283092,-0.12999433574275163
698.7500000000523,-65.55466218079783,-6.516207132653738,-0.5155870868702869,-2.271189148917786,-0.08102815169683691,-0.1670616766548749
698.8500000000522,-64.87302742329793,-7.156133704079594,-0.14468719791877763,-2.5026499686996666,0.01108972005116765,-0.21967519460598878
698.9500000000523,-64.73883976076878,-7.064963469273243,-0.06733756778404118,-2.3473086808501478,0.029504981508589875,-0.17650804198228093
699.0500000000523,-64.55555030316208,-7.400562918725706,0.03502722834138152,-2.417787636099394,0.05395678690971663,-0.1896065190421139
699.1500000000524,-65.07949263274853,-7.750580718727628,-0.23018303566911547,-2.4922566814549203,-0.011379990294271988,-0.2031150500130073
699.2500000000523,-65.10256783626689,-8.000821962122956,-0.23132103469854162,-2.5125681864562024,-0.011379990294271988,-0.2031150500130073
699.3500000000524,-64.00668779419699,-8.608127748505467,0.34589372638208277,-2.7158000696157507,0.12923447463362112,-0.24746743716669195
699.4500000000523,-63.971452249185646,-8.880945092652626,0.3588171738454331,-2.7405468133323976,0.12923447463362112,-0.24746743716669195
699.5500000000525,-63.28287513730948,-7.975719211352912,0.7123515350761377,-2.14554939080798,0.21284100373629494,-0.0946674733096269
699.6500000000524,-63.21057577878325,-8.190747487800062,0.7336356354497479,-2.1550161381389343,0.21284100373629494,-0.0946674733096269
699.7500000000525,-63.3535044644946,-8.92599210810029,0.6433938763331157,-2.4333008313335283,0.1858978452458415,-0.1601257869011949
699.8500000000524,-62.103585235707335,-9.258429848361299,1.2740154757601718,-2.495346463465727,0.33465421985169563,-0.17140359094293106
699.9500000000526,-61.923394774464775,-9.960456285378333,1.3337061046297285,-2.746270664792099,0.3409886882757358,-0.22832001236431543
700.0500000000525,-62.39854840251663,-10.308952147504764,1.0483037993223698,-2.807528462563998,0.26240461440965723,-0.23784749732095603
700.1500000000526,-62.145121435660684,-10.478009744858241,1.150070047610091,-2.772910958021704,0.28064002882479255,-0.22363471594531972
700.2500000000525,-62.02871123075566,-10.756419014239883,1.1781340504925446,-2.795274429616216,0.28064002882479255,-0.22363471594531972
700.3500000000527,-62.508994701623855,-11.426043326243981,0.8972049483313174,-3.0206138525050874,0.20569357252024598,-0.27340731605998975
700.4500000000526,-62.418245738928206,-11.729471748074513,0.9177743055833233,-3.0479545841110616,0.20569357252024598,-0.27340731605998975
700.5500000000527,-62.20874326654707,-11.959310519351872,1.001154963776266,-3.033668628388158,0.22150943853088492,-0.26280574053285327
700.6500000000526,-62.10752022297688,-12.263991410893075,1.0233059076293343,-3.059949202441419,0.22150943853088492,-0.26280574053285327
700.7500000000528,-61.94381801032736,-12.618678598836144,1.0763784210720306,-3.110756764383507,0.22897967685976378,-0.26877816644185076
700.8500000000527,-62.506595566064846,-12.315494783203269,0.7523248462639958,-2.8167302996350396,0.14465194688132305,-0.19015866738444998
700.9500000000528,-62.37578335120065,-12.594928675932383,0.7949345035010646,-2.8340949334070555,0.15144999465703513,-0.18975666239348762
701.0500000000527,-62.658700853502815,-13.212129225051994,0.6199334552550511,-3.02892956598272,0.10468193160006022,-0.2333600176215907
701.1500000000528,-62.891892273643606,-13.144021307109782,0.4787659845385965,-2.8597197905393017,0.0680700764132561,-0.18650204834926895
701.2500000000528,-62.84367532480772,-13.430925796405196,0.4855729921799159,-2.8783699953742117,0.0680700764132561,-0.18650204834926895
701.3500000000529,-63.44262095584922,-13.862752353140875,0.1569621785982953,-2.9728292944435832,-0.013608245789590329,-0.20534014924627647
701.4500000000528,-63.42699277921836,-14.161061983331194,0.1556013540193375,-2.9933633093681924,-0.013608245789590329,-0.20534014924627647
701.5500000000529,-62.275751233849824,-15.062108366544862,0.7432935999519231,-3.3264837860751943,0.13007220972582345,-0.28181052712254306
701.6500000000528,-62.20077151280607,-15.39616579778769,0.7563008209244937,-3.354664838787423,0.13007220972582345,-0.28181052712254306
701.750000000053,-61.6226450760611,-15.903184572032904,1.0268058279880317,-3.4709264369065376,0.1922802365753476,-0.30325851469655923
701.8500000000529,-61.21773290394459,-16.42943590049673,1.2016805702914,-3.593854450412653,0.2301106908446907,-0.32594545286810994
701.950000000053,-60.924389504905164,-16.511792057057292,1.312950055832093,-3.482204178184897,0.2514287362909324,-0.2908279753592826
702.0500000000529,-60.72583545305378,-17.29958793318195,1.3726499221373156,-3.742770680052691,0.25992832716850883,-0.348223207457919
702.1500000000531,-60.35840729586344,-17.606189111468034,1.516001269750809,-3.7416792118374413,0.28826409490605714,-0.3394832223800108
702.250000000053,-60.20536584841397,-17.982054448763332,1.5448276792413884,-3.7756275340754115,0.28826409490605714,-0.3394832223800108
702.3500000000531,-60.77758074177634,-19.501188181377078,1.1996721958641656,-4.402183552499488,0.19783566063935779,-0.4843276370403777
702.450000000053,-60.65662434388684,-19.943828174811824,1.2194557619280835,-4.450616316203481,0.19783566063935779,-0.4843276370403777
702.5500000000532,-60.77544045896626,-20.836873599732918,1.1096074668208336,-4.7356554055811895,0.16529645188373115,-0.5432491900743193
702.6500000000531,-60.663653230024856,-21.313155386240975,1.1261371120091916,-4.789980324588572,0.16529645188373115,-0.5432491900743193
702.7500000000532,-60.90429170269953,-22.243170447037016,0.960988565493595,-5.07638368494703,0.12140542664787543,-0.5997612779968182
702.8500000000531,-60.93116504179432,-21.19763603331802,0.9092837584503033,-4.325152241064353,0.10588760138657466,-0.40102060479528134
702.9500000000533,-60.7747050855366,-21.619301104157575,0.9532222829057403,-4.358599917536645,0.11394294409351177,-0.39940054533846625
703.0500000000532,-60.91137285784164,-22.767706750814252,0.8428539604213017,-4.7739620919148384,0.0839943765928925,-0.4924845909978329
703.1500000000533,-60.44554081324495,-23.28571924335057,1.0466906617771912,-4.842949945924126,0.13118196171398133,-0.4972883731089973
703.2500000000532,-60.34021583725876,-23.772500679808083,1.0598088579485774,-4.89267878323498,0.13118196171398133,-0.4972883731089973
703.3500000000533,-59.90487572854061,-24.787867767383588,1.2418066788555513,-5.215035323031282,0.17202830445792863,-0.5640113333094179
703.4500000000533,-59.77983491913288,-25.312191356352784,1.2590095093013285,-5.2714364563621725,0.17202830445792863,-0.5640113333094179
703.5500000000534,-59.67504555824147,-26.418584832225708,1.2591153692390922,-5.635689415687153,0.16662382222840266,-0.6410508378804614
703.6500000000533,-59.548300902206535,-26.985359027983307,1.2757777514619173,-5.699794499475141,0.16662382222840266,-0.6410508378804614
703.7500000000534,-59.16628517667259,-27.118519099279823,1.4225650792416757,-5.5361055776355155,0.19806027156601588,-0.5855820282860941
703.8500000000533,-58.31851561252223,-27.711769034186766,1.8063522081642562,-5.6138008860493835,0.28652709274322663,-0.5902704969098104
703.9500000000535,-58.432016267704725,-27.15201410333498,1.6833616048962023,-5.090956815735171,0.24989898226718976,-0.4486096294907841
704.0500000000534,-59.89277027169561,-27.551825890600917,0.8547452666192946,-5.076891931695703,0.03994715431676457,-0.4339992590792905
704.1500000000535,-59.617317714155455,-27.451085784694854,0.956056052992371,-4.804390386564536,0.06344375007511413,-0.35712142962045645
704.2500000000534,-59.52139489010593,-27.93331043049897,0.9624004279998766,-4.840102529526549,0.06344375007511413,-0.35712142962045645
704.3500000000536,-59.43389630226607,-27.856943717545867,0.9654515648502748,-4.583829675807316,0.0629392728846276,-0.28581447950709693
704.4500000000535,-59.33703644941671,-28.316755757523712,0.9717454921387318,-4.612411123757999,0.0629392728846276,-0.28581447950709693
704.5500000000536,-57.955612312434454,-28.259816542193082,1.6483316929990932,-4.364750405925877,0.22738428796649401,-0.21695496977464795
704.6500000000535,-57.78964222169486,-28.697376357634145,1.671070121795722,-4.386445902903322,0.22738428796649401,-0.21695496977464795
704.7500000000537,-57.359100756560686,-28.854632642406102,1.8283937311516438,-4.261909417267642,0.2598982705248498,-0.18134685981660412
704.8500000000536,-56.38614166488205,-29.705234197885872,2.261915683194373,-4.500809959769318,0.35895031320111837,-0.23543308444800232
704.9500000000537,-56.223178152055475,-30.180265766359287,2.2644503480652816,-4.536659314569262,0.3508924096421833,-0.2384290832890311
705.0500000000536,-56.284529701023715,-30.224390808875704,2.1479376960885457,-4.34348926259507,0.31360461442402465,-0.1846218001329489
705.1500000000538,-56.07910567223333,-30.002889250837942,2.1736894012390873,-4.02216109919446,0.31225040151732675,-0.10193037110349852
705.2500000000537,-55.860175480102036,-30.40561501261254,2.2049144413907915,-4.032354136304801,0.31225040151732675,-0.10193037110349852
705.3500000000538,-55.664225635645785,-29.539733866100814,2.224999145786037,-3.384176164537893,0.31004321296314513,0.05862328241989419
705.4500000000537,-55.44017550500257,-29.877858366142195,2.2560034670823232,-3.378313836295909,0.31004321296314513,0.05862328241989419
705.5500000000538,-55.81829046666206,-29.60918212851453,1.9732504759594036,-3.050235410609131,0.23354729561251977,0.13892817269780466
705.6500000000538,-55.61979768258824,-29.913511028711678,1.9966052055206343,-3.0363425933393633,0.23354729561251977,0.13892817269780466
705.7500000000539,-55.98187866743937,-31.100821022992235,1.7311305224692888,-3.480274759783378,0.16376996615466805,0.02744584119755754
705.8500000000538,-56.07617436212618,-30.593700002881615,1.608931759083132,-3.0318263608347538,0.1300886653396643,0.1366404287479049
705.9500000000539,-56.22608580565911,-30.44540116544012,1.4621466164633476,-2.7848114815717544,0.09149182567319145,0.19345143166450113
706.0500000000538,-56.64731447044902,-31.071491351158258,1.1739567448767851,-2.949638458203444,0.018358716669265404,0.14778687142075736
706.150000000054,-56.4001710246413,-31.31799472465403,1.2422786723927215,-2.9101704139681335,0.03441152236455273,0.15379527707273655
706.2500000000539,-56.275771099790326,-31.60824278966522,1.2457198246291736,-2.894790886260874,0.03441152236455273,0.15379527707273655
706.350000000054,-56.47110431692597,-30.451793474033764,1.0814906957193673,-2.129996678814162,-0.006833874659636224,0.33655562218722535
706.4500000000539,-56.36298941672743,-30.663110363804055,1.0808073082534042,-2.09634111659547,-0.006833874659636224,0.33655562218722535
706.5500000000541,-56.37092681376212,-30.310898578465785,1.0205739531934657,-1.7672947557977805,-0.021228245352911262,0.40967142237027643
706.650000000054,-56.26897555966963,-30.485579696933556,1.0184511286581766,-1.7263276135607901,-0.021228245352911262,0.40967142237027643
706.7500000000541,-55.97817286832625,-31.541790077978074,1.1133371272965606,-2.1438354604183703,0.0022077910039062856,0.29803081179413843
706.850000000054,-55.273428143780976,-31.041778318788243,1.4201290915250036,-1.7424062290395752,0.0767209403987911,0.38907684470621084
706.9500000000542,-55.08143949553254,-31.300510079949277,1.4532447468505436,-1.748241473048777,0.08286660919255211,0.3781838447936732
707.0500000000541,-55.14638776165868,-32.09336602692591,1.35122077454744,-2.037962519619751,0.055734756006636646,0.29697207344743287
707.1500000000542,-54.82821806140269,-31.7679649552379,1.4505160111051665,-1.7352464196880042,0.07836351926912383,0.3634139921706768
707.2500000000541,-54.68277464269596,-31.939672527245694,1.4583523630320718,-1.6989050204709695,0.07836351926912383,0.3634139921706768
707.3500000000543,-55.16248966377618,-31.812836564124282,1.1419076909140782,-1.5095230322659217,-0.0006459699685019832,0.4007598054819913
707.4500000000542,-55.04830212453472,-31.96178506832333,1.141843093917228,-1.469447051717759,-0.0006459699685019832,0.4007598054819913
707.5500000000543,-54.716440905941006,-31.523918803479884,1.2548099282199014,-1.127141786414269,0.02695302874319371,0.47446542103580086
707.6500000000542,-54.590825147975416,-31.634260655016035,1.2575052310942183,-1.0796952443107322,0.02695302874319371,0.47446542103580086
707.7500000000543,-54.951817050105184,-31.74028958672078,1.010383258908753,-1.0324722044752643,-0.0333994891961288,0.4744109972825364
707.8500000000543,-54.80657055548171,-31.584945637781132,1.0299690732311966,-0.8514681434812871,-0.02782730595022696,0.5071330696143976
707.9500000000544,-54.03659703338685,-31.702342371297835,1.3694543395748064,-0.8187612171039481,0.054844523054899175,0.502749281856368
708.0500000000543,-52.36953440801256,-30.558992914622554,2.1759274027610496,-0.12246005762089997,0.25185459143335237,0.6629282698077189
708.1500000000544,-52.0452203048274,-30.508852195335084,2.255192577509372,-0.025605521381956535,0.264911933391404,0.6703657719649073
708.2500000000543,-51.818376487409715,-30.50806091861346,2.2816837708484883,0.041431055814473226,0.264911933391404,0.6703657719649073
708.3500000000545,-52.27992493175067,-30.56234438950988,1.9533236164257797,0.07637584189461775,0.1791257150535707,0.6625275596918361
708.4500000000544,-52.083696941533006,-30.551394167521977,1.9712361879311204,0.1426285978637411,0.1791257150535707,0.6625275596918361
708.5500000000545,-53.12229272913332,-31.15669227037101,1.3539509124244933,-0.12054862951961408,0.025525156986048295,0.5807766271151664
708.6500000000544,-52.98677001210607,-31.16584325018739,1.3565034281230959,-0.06247096680815026,0.025525156986048295,0.5807766271151664
708.7500000000546,-52.860631136169594,-30.85639429752978,1.3541101137229212,0.15753440437795108,0.02433031047397189,0.6202067131030283
708.8500000000545,-53.42541256624713,-31.079242254253046,0.9947363849579166,0.09355943141910067,-0.06360802963687986,0.5893385850965753
708.9500000000546,-52.95253014547813,-31.689129301205526,1.1801185151551226,-0.16957645199759486,-0.017294207938672444,0.5109283024032283
709.0500000000545,-51.140394249252026,-32.49274598319795,2.0654365595095103,-0.5354688221536017,0.20088277908692354,0.40753889783366337
709.1500000000547,-51.03366680070773,-32.53088525260511,2.0338252121818052,-0.4877978315862621,0.1884001009096504,0.4092222445197873
709.2500000000546,-50.82934227898519,-32.57761892454109,2.0526652222727533,-0.4468756071343206,0.1884001009096504,0.4092222445197873
709.3500000000547,-51.54945064799688,-33.18074500104152,1.595595017032938,-0.6945183309768885,0.07329512725152681,0.3392995899439546
709.4500000000546,-51.38952467065747,-33.24850033618943,1.602924529758084,-0.660588371982524,0.07329512725152681,0.3392995899439546
709.5500000000548,-51.29527315276415,-33.904243504787786,1.5722339421586269,-0.9343471671664733,0.06324677287514889,0.26403981974423607
709.6500000000547,-51.13773352468406,-33.99635802240563,1.578558619446136,-0.9079431851920736,0.06324677287514889,0.26403981974423607
709.7500000000548,-50.56953130232171,-34.048156896973296,1.7952702504279154,-0.8620353066229114,0.11407345167064756,0.26878910155074376
709.8500000000547,-50.08397209130182,-34.50272860778709,1.9644898572379113,-1.0278814647533363,0.15243024839057254,0.22157269091687834
709.9500000000548,-49.8854684209517,-34.603770169273076,1.980396024584849,-1.0053935683858526,0.152590424639904,0.22165318459506075
710.0500000000548,-49.59235940788299,-34.41982265842418,2.0450316375343003,-0.8335036743227417,0.16473501870215837,0.25877664774525727
710.1500000000549,-49.14088380314862,-34.759342087614485,2.1877273227672642,-0.9408278060110611,0.19521088552990268,0.22636063854341676
710.2500000000548,-48.921135016444445,-34.85229306502279,2.207248411320237,-0.91819174215674,0.19521088552990268,0.22636063854341676
710.3500000000549,-49.12617771353454,-35.28879555927738,2.0068078930718936,-1.0755401191535598,0.14185686818610288,0.18232624490076707
710.4500000000548,-48.9247876398866,-35.39543793996813,2.020993579890491,-1.0573074946634997,0.14185686818610288,0.18232624490076707
710.550000000055,-48.592345542732104,-37.44078737875393,2.1062753053175083,-2.060196850872777,0.16003449512787452,-0.06995345902158029
710.6500000000549,-48.38091783972491,-37.64715683113613,2.122278754830281,-2.0671921967749287,0.16003449512787452,-0.06995345902158029
710.750000000055,-48.8849519809447,-38.148343107067426,1.770356728088878,-2.22644755353964,0.07114861283391329,-0.10702941950654857
710.8500000000549,-48.61104940059518,-38.833143858707906,1.8273326332294837,-2.477786123881764,0.08326750590067472,-0.1659836113215942
710.9500000000551,-48.299051643765985,-39.39006165552855,1.9017657531704195,-2.653977433217659,0.09923491889869065,-0.20483770580953523
711.050000000055,-47.68356583786927,-40.34051379550756,2.134111040327403,-3.035872164168937,0.15394148088868412,-0.294447754228734
711.1500000000551,-47.28055475121628,-41.17589612402809,2.2463351259412017,-3.3396863617007515,0.17732070157976923,-0.3612183380193498
711.250000000055,-47.05503463511447,-41.511670851887956,2.2640671960991625,-3.3758081955026538,0.17732070157976923,-0.3612183380193498
711.3500000000552,-47.54174284315937,-42.002610516762076,1.9134474853395453,-3.490476498183268,0.08790348260704911,-0.38036401706102013
711.4500000000551,-47.349958577212554,-42.35355998666539,1.9222378336002424,-3.5285128998893356,0.08790348260704911,-0.38036401706102013
711.5500000000552,-47.04784820422087,-42.190837089933986,1.987637524621217,-3.294381337692401,0.10167793577459819,-0.31315041994743076
711.6500000000551,-46.848576062080056,-42.52184097580266,1.9978053181986677,-3.3256963796871157,0.10167793577459819,-0.31315041994743076
711.7500000000553,-46.298203897212595,-43.334091403758926,2.1876012472276396,-3.604524245970726,0.1450736947934518,-0.37342084578589596
711.8500000000552,-46.27049553638514,-43.39556655914668,2.1030298411091337,-3.4850409294058426,0.12099226781622868,-0.3349996242806573
711.9500000000553,-45.5395348020606,-44.02995337963114,2.381945472694707,-3.665657940808705,0.18543942732574964,-0.3708163679775992
712.0500000000552,-45.679095991753485,-43.78516815041976,2.202220231247182,-3.3787494331418526,0.13667340868074238,-0.2904846245709739
712.1500000000553,-45.214080352883734,-44.374373777804045,2.341064427913217,-3.537075657319465,0.16689688513773404,-0.3219456800882816
712.2500000000553,-44.979139425666936,-44.72969107193611,2.3577541164269755,-3.5692702253282635,0.16689688513773404,-0.3219456800882816
712.3500000000554,-45.324548996874384,-45.746241887124924,2.0723714065449403,-3.944004749101845,0.0931821532594426,-0.40576479079111505
712.4500000000553,-45.11684594545378,-46.142671185988696,2.081689621870876,-3.98458122818092,0.0931821532594426,-0.40576479079111505
712.5500000000554,-44.30329356538275,-46.79425591002104,2.407009767942455,-4.154696942526345,0.17075055783617846,-0.437207833640957
712.6500000000553,-44.06173883579955,-47.2119116434415,2.4240848237260573,-4.198417725890401,0.17075055783617846,-0.437207833640957
712.7500000000555,-43.66192434751611,-48.11800695654328,2.5214870298706638,-4.492732832607124,0.19015652478547465,-0.498228617612684
712.8500000000554,-42.99933626888939,-49.75011512689023,2.7520588148041267,-5.15785017046036,0.24157594861824233,-0.6489718338551673
712.9500000000555,-42.11757515847193,-50.375294509505366,3.0867937334008353,-5.277694494669064,0.31659317380530433,-0.6623491254298397
713.0500000000554,-41.917018793151335,-51.53312670051388,3.0610136681636178,-5.6750765943609665,0.3024654614465897,-0.744455421940301
713.1500000000556,-40.822156314472075,-52.02388337834258,3.4949521039591387,-5.707888251614557,0.39993533513021945,-0.7343233934453489
713.2500000000555,-40.470661427400834,-52.59834382047074,3.5349456374721244,-5.781320590959026,0.39993533513021945,-0.7343233934453489
713.3500000000556,-39.509852272381615,-53.73190350313248,3.8865874093834862,-6.140624297231623,0.47545264900310924,-0.8039846633641401
713.4500000000555,-39.11881626819861,-54.34998585617189,3.934132674283754,-6.221022763567964,0.47545264900310924,-0.8039846633641401
713.5500000000557,-38.27031271063055,-54.69277943577901,4.215494066181041,-6.152426530495248,0.5322719239263155,-0.7671944197520147
713.6500000000556,-37.8461019443932,-55.31185806092673,4.268721258573624,-6.22914597247038,0.5322719239263155,-0.7671944197520147
713.7500000000557,-36.99315762353906,-55.69575752914884,4.539201062536188,-6.18014512297236,0.5847572539900282,-0.736580993860229
713.8500000000556,-36.10357188458997,-56.920039584855324,4.8212463645794985,-6.567921038710951,0.6390965855148997,-0.8135378523335988
713.9500000000558,-35.54034285767642,-57.633819172301465,4.925127685726417,-6.676668181568561,0.648751389600261,-0.8202069697191083
714.0500000000557,-34.39683955624846,-57.96452968489507,5.329147299522959,-6.578489437821821,0.73216690296722,-0.7755274154760532
714.1500000000558,-33.69045637585647,-57.90317000889579,5.489439332067827,-6.281944118724072,0.7531909136730497,-0.6844868552261724
714.2500000000557,-33.13774648808183,-58.534786855043755,5.564758423435064,-6.350392804246627,0.7531909136730497,-0.6844868552261724
714.3500000000558,-31.74317791637356,-59.212742344214114,6.067914656037756,-6.440254244973516,0.8564946109168255,-0.6899100273035926
714.4500000000558,-31.13210397771576,-59.86021731884739,6.153564117129361,-6.509245247703812,0.8564946109168255,-0.6899100273035926
714.5500000000559,-29.579571452926256,-60.11635129607504,6.7245311334748505,-6.370568003168536,0.9751914564343314,-0.6390123613442508
714.6500000000558,-28.90224238229722,-60.756603158198025,6.822050279118195,-6.434469239302903,0.9751914564343314,-0.6390123613442508
714.7500000000559,-28.06586959249243,-61.14006684811559,6.9961712302130135,-6.362127106942184,0.9936974297965536,-0.6058365214237658
714.8500000000558,-27.468511823450072,-60.70717592737048,7.040143319271867,-5.863824924789689,0.9802328451814206,-0.4689130620924715
714.950000000056,-26.560886786810908,-60.45235381408791,7.240115802653653,-5.474062150669465,1.0048577788913682,-0.36260636692440573
715.0500000000559,-25.780925980599918,-61.16925692950064,7.367264640360058,-5.598919441774567,1.0114157887886857,-0.3845734663271558
715.150000000056,-25.428812134786302,-61.42843741303529,7.268588195413215,-5.480804990636017,0.9631704857709258,-0.3464701300953752
715.2500000000559,-24.697137462816798,-61.978250262748865,7.364905243990219,-5.515452003645523,0.9631704857709258,-0.3464701300953752
715.3500000000561,-24.019073838837215,-61.95098010009242,7.428892866830711,-5.250314411229638,0.9553860860303716,-0.27363533850264665
715.450000000056,-23.271407621724677,-62.47737971790742,7.524431475433661,-5.277677945079878,0.9553860860303716,-0.27363533850264665
715.5500000000561,-23.16935151864449,-62.42639631423394,7.276443929454646,-5.007302189139704,0.8707871032017807,-0.2017052346157867
715.650000000056,-22.437353190183686,-62.92813505932053,7.363522639774745,-5.027472712601265,0.8707871032017807,-0.2017052346157867
715.7500000000562,-22.063340807608284,-62.95893705403335,7.262450309271217,-4.802802304083684,0.8253323240480994,-0.1420854259231698
715.8500000000561,-21.263947759311026,-63.501292619326684,7.380642388658323,-4.848999399976672,0.8339993257799668,-0.14992241714421117
715.9500000000562,-20.90702026234603,-63.833006372695344,7.26635823815706,-4.784308444880701,0.7862504714916821,-0.13052294810238246
716.0500000000561,-20.458559054417705,-63.73027049798141,7.197279506464661,-4.48995343261116,0.7499214511110943,-0.05430283667134547
716.1500000000563,-19.505434485928433,-63.96629018679652,7.390031929489274,-4.385057525639513,0.778354223003278,-0.027453838340107325
716.2500000000562,-18.76253952186517,-64.40493320855177,7.467867351789531,-4.387802909473521,0.778354223003278,-0.027453838340107325
716.3500000000563,-18.323196519588848,-63.82183899877291,7.385106670717644,-3.859839360709032,0.7393741224577765,0.1021271098889116
716.4500000000562,-17.580988981905474,-64.20731229929402,7.459044082963354,-3.8496266497201503,0.7393741224577765,0.1021271098889116
716.5500000000563,-16.832820756704212,-64.17699320420321,7.53668846289008,-3.621050345273533,0.741241692840771,0.156099657178364
716.6500000000563,-16.07544570195169,-64.53831774044434,7.610812632174089,-3.605440379555711,0.741241692840771,0.156099657178364
716.7500000000564,-15.014194151520215,-65.2905471382477,7.837052878713449,-3.7930039710066175,0.7779909059574419,0.1066260315395382
716.8500000000563,-15.003201503480721,-65.47511381260057,7.513631900863842,-3.6811076785297216,0.6804730296841545,0.1314276387594746
716.9500000000564,-14.161043019060777,-64.88181605867189,7.626516704311207,-3.1706423800438075,0.6913031341805094,0.252504521968913
717.0500000000563,-12.098968737893601,-65.0324941325042,8.374183379567619,-3.0581479828170632,0.8581950140737771,0.2741362238143558
717.1500000000565,-11.461026590445057,-65.36362937324574,8.355513482279976,-3.04454335966969,0.8329664455709501,0.27077566368583406
717.2500000000564,-10.621310409989972,-65.66672983089401,8.438810126836996,-3.017465793301131,0.8329664455709501,0.27077566368583406
717.3500000000565,-10.51892950775585,-65.95963281938893,8.139582815411195,-2.9869571691519674,0.7405711904553578,0.27151467296955406
717.4500000000564,-9.7012683702632,-66.25697096293901,8.213639934456664,-2.9598057018550366,0.7405711904553578,0.27151467296955406
717.5500000000566,-9.605395699806898,-65.07537810419464,7.913235912284034,-2.159671287203276,0.6500416667248373,0.46166286691737735
717.6500000000565,-8.810821900245596,-65.2890369185802,7.978240078956459,-2.1135050005115805,0.6500416667248373,0.46166286691737735
717.7500000000566,-8.242000167962532,-65.0368392684252,7.92407521530355,-1.8285619228709646,0.6212520202169844,0.5198060314672243
717.8500000000565,-8.788405516330327,-64.76620630366497,7.292918049875646,-1.541539446701939,0.45274742772895027,0.5773897889488016
717.9500000000567,-8.375734807445951,-64.89140975626108,7.174586892300483,-1.470308957358466,0.41322985921895306,0.5806743978720122
718.0500000000566,-7.521719770518335,-64.17719937475358,7.286325678661985,-0.9587341680805775,0.43054923364086384,0.6931192874920402
718.1500000000567,-7.300835968620376,-64.02486371266214,7.067909121842386,-0.7628010219092823,0.36741793772253795,0.7239338459896929
718.2500000000566,-6.5922079667481706,-64.09752414562305,7.104650915614607,-0.6904076373103789,0.36741793772253795,0.7239338459896929
718.3500000000568,-5.71844472402824,-64.422784750942,7.2238291198808495,-0.754286998817027,0.3872453284182554,0.6903711637754187
718.4500000000567,-4.994125585398724,-64.49476159500477,7.26255365272264,-0.6852498824395479,0.3872453284182554,0.6903711637754187
718.5500000000568,-3.922085200451833,-63.92113892764287,7.482942186751824,-0.28067604694630377,0.4322767963490082,0.7731501780901648
718.6500000000567,-3.17162959779559,-63.94534078144704,7.526169866386685,-0.2033610291373576,0.4322767963490082,0.7731501780901648
718.7500000000568,-2.075466017516468,-63.689400695079655,7.744562709859441,0.014976695821358195,0.4745943610183386,0.8074898073082363
718.8500000000568,-1.5045742003019484,-63.53227081411631,7.685627667517653,0.17474962220301007,0.4487348280562286,0.8268501692007145
718.9500000000569,-0.5394199683272759,-62.95441425315334,7.830212525797733,0.5453700464007357,0.4728192351781664,0.8969501933352406
719.0500000000568,-0.15795793321987708,-62.40120889552807,7.6660100156196025,0.8961695726438862,0.42080281175166,0.9616897559723656
719.1500000000569,0.885105414368742,-62.1944175029339,7.848778012858657,1.050472549893184,0.4547713265153241,0.9758372553494703
719.2500000000568,1.6722570722864663,-62.08449106166794,7.894255145510147,1.1480562754280421,0.4547713265153241,0.9758372553494703
719.350000000057,1.9639233098818052,-62.51781232258097,7.682045393312397,0.958758010391029,0.39227760310711807,0.9058513266248189
719.4500000000569,2.734089237227878,-62.417407264908846,7.721273153623073,1.0493431430534286,0.39227760310711807,0.9058513266248189
719.550000000057,2.84423523209756,-63.10688814864148,7.410979065942772,0.7207533870339211,0.3059038666984646,0.8025571307352797
719.6500000000569,3.586862658024653,-63.03080002428448,7.441569452612591,0.801009100107376,0.3059038666984646,0.8025571307352797
719.7500000000571,4.6506043112880855,-62.939571236835604,7.635354341142398,0.8849481871037381,0.34532947927363916,0.8034540479575799
719.850000000057,4.938898922972375,-62.42113437771232,7.42346920821455,1.1873214203610094,0.28543674256819734,0.857849447653344
719.9500000000571,5.840641651596078,-62.69030290964876,7.533059693973574,1.0700935056116514,0.3050128881670936,0.8084244516580129
720.050000000057,7.143547570768736,-62.51128842073184,7.85051967725468,1.1868445680074224,0.3755928580321156,0.8173278145370791
720.1500000000572,7.958571315367773,-62.67354136539193,7.90248513873119,1.1211164624793635,0.37907117443909016,0.781441710924013
720.2500000000571,8.750715185112366,-62.55752251058948,7.940392256175064,1.1992606335716938,0.37907117443909016,0.781441710924013
720.3500000000572,7.937894253104343,-63.47965192858883,7.151392677102625,0.7341288550118348,0.1789910924639158,0.648764353096702
720.4500000000571,8.653928476276272,-63.402995221322236,7.169291786349,0.799005290321446,0.1789910924639158,0.648764353096702
720.5500000000573,9.294030263709724,-62.331411941615194,7.142617053013512,1.3753529317002269,0.16719581529038846,0.7732547945646406
720.6500000000572,10.009127948086876,-62.19001037447248,7.1593366345425355,1.4526784111566207,0.16719581529038846,0.7732547945646406
720.7500000000573,9.944523471164558,-62.109363262011605,6.775132210635035,1.4945492194478969,0.07033792896284412,0.7646214312824198
720.8500000000572,11.113709688681762,-62.21538007032402,7.035999778718357,1.435845075678042,0.13203307491749408,0.7315065544124594
720.9500000000573,11.147749157237323,-61.78540321208535,6.705342088495763,1.6553503434173196,0.04897647056412159,0.7671376772093649
721.0500000000573,12.545980649041438,-62.08427068168327,7.09111613902793,1.4846679979850048,0.14265631229112785,0.705797042559966
721.1500000000574,12.997553630066504,-62.626887217587786,6.97295323509567,1.195881001947944,0.11068194539104477,0.6183415083789603
721.2500000000573,13.69540236330239,-62.50420740985121,6.9840214296347645,1.2577151527857837,0.11068194539104477,0.6183415083789603
721.3500000000574,14.681838365352828,-61.99208313533522,7.142971336675617,1.5177772014632476,0.14648851742117086,0.6665714309252
721.4500000000573,15.396867941606844,-61.83697255803442,7.157620188417721,1.584434344555707,0.14648851742117086,0.6665714309252
721.5500000000575,15.915861682305643,-61.83353790430354,7.078162956843216,1.5686467613055055,0.12533701207682996,0.6463922487529041
721.6500000000574,16.624304663049703,-61.67344126692937,7.090696658050888,1.6332859861807372,0.12533701207682996,0.6463922487529041
721.7500000000575,17.264570169112023,-61.68220676721906,7.067605308842071,1.607161597948863,0.11673047558396374,0.6242909227778694
721.8500000000574,18.33092332689357,-61.43030528322582,7.264754951991665,1.715496988941835,0.16181118096975583,0.6355376727212012
721.9500000000576,19.04746974446937,-61.09866044308766,7.275426802099219,1.8602773739675242,0.16048046566701032,0.6553128991121523
722.0500000000575,18.52535370599535,-61.25809493507358,6.6367637856976796,1.7415506867951416,-0.0005513761485288204,0.6096270509819525
722.1500000000576,18.794701298709004,-60.68073880315391,6.4345029122355735,2.00953770317106,-0.049373183166190215,0.6600085184815018
722.2500000000575,19.437904724016146,-60.476484990244586,6.429565593918959,2.07553855501915,-0.049373183166190215,0.6600085184815018
722.3500000000577,20.70951228544516,-59.25609157121479,6.749906303026441,2.6674553290566685,0.02976550987362314,0.7887819763532595
722.4500000000576,21.38465174329656,-58.9854021284276,6.752882854013801,2.746333526691923,0.02976550987362314,0.7887819763532595
722.5500000000577,21.04545975743826,-59.18767758959447,6.2248656903579445,2.5732713199498103,-0.10078353954127031,0.7267729250396608
722.6500000000576,21.66744240877578,-58.92671659297453,6.214787336403827,2.64594861245371,-0.10078353954127031,0.7267729250396608
722.7500000000578,22.302767668225894,-59.319983755106584,6.2120722123637675,2.376179626299775,-0.09900468151244013,0.64338579913697
722.8500000000577,22.96861864606458,-58.90282884833568,6.225492017073866,2.5324310340612333,-0.09333661138732825,0.6659038548356243
722.9500000000578,23.892076367410763,-58.53086827431636,6.3707808285000995,2.658750741202317,-0.055988910969625744,0.6804454040299821
723.0500000000577,24.058068380385176,-58.42322324128655,6.118679288435588,2.641396022112936,-0.11661836695543187,0.6592710827802245
723.1500000000578,25.151121946694687,-58.392909185581296,6.354062772763301,2.5846450365905365,-0.05697021238119753,0.62941612343959
723.2500000000578,25.786243372908533,-58.131297601305285,6.348365751525186,2.647586648934438,-0.05697021238119753,0.62941612343959
723.3500000000579,26.53094071180755,-58.61015113112421,6.400661620151163,2.32247156286068,-0.04264262625299557,0.5346055152924388
723.4500000000578,27.17079366069082,-58.3752309472619,6.396397357525867,2.375932114389875,-0.04264262625299557,0.5346055152924388
723.5500000000579,28.40251077738377,-57.496314040906526,6.698438199742831,2.766372344330102,0.031879095726240515,0.6180587278645726
723.6500000000578,29.072513992836075,-57.21658651283445,6.701626109315452,2.828178217116503,0.031879095726240515,0.6180587278645726
723.750000000058,29.339397547274988,-56.90193767807389,6.497809261391371,2.9048627196664816,-0.018130489629072898,0.6216817375179562
723.8500000000579,30.1721246807679,-57.16335453316212,6.590559457453903,2.6777121810976796,0.004853422576817531,0.5508005011198848
723.950000000058,30.108764505846064,-57.11066783576027,6.2203921446801544,2.620030482071542,-0.08467447132826598,0.523347811606025
724.0500000000579,31.034150946522512,-57.49717891599341,6.37097160283975,2.3283368426263253,-0.04555551100677345,0.43804767738638034
724.1500000000581,31.591174353304172,-56.475354161060665,6.325471977205233,2.779203233620517,-0.055441302312502536,0.5371102551860206
724.250000000058,32.22344434451256,-56.19474828642294,6.319927846973988,2.8329142591390704,-0.055441302312502536,0.5371102551860206
724.3500000000581,33.16764433776847,-56.02301658092696,6.475557456159116,2.8268744316730166,-0.016324204740997432,0.5224294030115902
724.450000000058,33.81511846236009,-55.737716990744865,6.473925035685018,2.879117371974128,-0.016324204740997432,0.5224294030115902
724.5500000000582,33.504798090209775,-55.2323745331523,5.97618589248389,3.045663420097495,-0.1372109033843297,0.5509430492180449
724.6500000000581,34.1017306249407,-54.925053475896746,5.96246480214547,3.1007577250192493,-0.1372109033843297,0.5509430492180449
724.7500000000582,34.28099790091688,-55.436752083286514,5.73514319335238,2.7290059596991685,-0.18881393651638523,0.4470042149582097
724.8500000000581,34.46515805524455,-55.33683542383539,5.5155955565509,2.6823675171887147,-0.23758653642030453,0.42462677673435945
724.9500000000583,34.81595023991495,-54.75549796535778,5.389441397413879,2.8858043629879746,-0.26231927157778534,0.46381713952211756
725.0500000000582,35.70820016312175,-53.86167109499659,5.548878514891094,3.2507459145270987,-0.21665236610326044,0.5428024653719611
725.1500000000583,36.09767269623101,-53.23243547892391,5.442945738285305,3.4609836856558647,-0.23699844361817923,0.5807563119903797
725.2500000000582,36.640782277840955,-52.883433328798695,5.419245893923509,3.51905931685485,-0.23699844361817923,0.5807563119903797
725.3500000000583,37.59513478718346,-52.35527500198764,5.608475566475811,3.665225187208589,-0.18540660232071907,0.6018498889519449
725.4500000000583,38.15505531081893,-51.98574323382237,5.589934906243755,3.7254101761037286,-0.18540660232071907,0.6018498889519449
725.5500000000584,38.68354707686661,-51.779601987966025,5.554899755714399,3.6958574589240616,-0.1896800763781028,0.579550647148905
725.6500000000583,39.23808865205566,-51.40711848883822,5.535931748076607,3.7538125236388993,-0.1896800763781028,0.579550647148905
725.7500000000584,39.71449423126463,-50.807652742564855,5.477845317193284,3.926272572596003,-0.19913056510076554,0.6074330980106901
725.8500000000583,41.044233521552464,-49.84213500065934,5.862431833476046,4.284071381053225,-0.10081559435406123,0.6802097976396703
725.9500000000585,41.19261057659943,-49.23089567174201,5.627958880776215,4.444972945496891,-0.155015364885003,0.7028222692673466
726.0500000000584,40.8903998634458,-48.21793547955548,5.159966714641584,4.813748836865545,-0.26630934419524976,0.7768322873809044
726.1500000000585,41.72336838461445,-47.822927891845865,5.29655800692572,4.844739302646535,-0.22689995741534785,0.765469129571688
726.2500000000584,42.251889685519465,-47.3346266159338,5.273868011184206,4.921286215603634,-0.22689995741534785,0.765469129571688
726.3500000000586,41.09182608240265,-47.21276813070919,4.38379364099876,4.803289907537725,-0.43690523713788554,0.7179074873753715
726.4500000000585,41.528020920316436,-46.728849602518984,4.340103117285011,4.875080656275197,-0.43690523713788554,0.7179074873753715
726.5500000000586,41.73829437850551,-46.83889133740115,4.182009083047293,4.636657928837076,-0.4647011824500228,0.6425893603856531
726.6500000000585,42.15417178089761,-46.372012597715944,4.1355389648023335,4.700916864875583,-0.4647011824500228,0.6425893603856531
726.7500000000587,42.322095821691704,-45.76844401689293,3.964228064310923,4.832611449245461,-0.4948610484891927,0.6590102276812796
726.8500000000586,42.47029034259376,-46.164629460676295,3.7877768559367118,4.438353253502228,-0.5257203405096036,0.546274158567612
726.9500000000587,43.02746965204523,-44.94216600800202,3.8280835353125098,4.894615210973762,-0.5032863029036638,0.6440550856395609
727.0500000000586,43.65457835458818,-44.426069436411005,3.906982174884176,4.971392039170696,-0.47150173952036023,0.6471224927546878
727.1500000000588,44.64981043280196,-44.237728188305226,4.171038735754942,4.874669671703441,-0.39636205524556994,0.6078357401673536
727.2500000000587,45.064932496100845,-43.747222042434494,4.131402530230421,4.9354532457201215,-0.39636205524556994,0.6078357401673536
727.3500000000588,44.873888126869495,-42.96640247148396,3.779776252467301,5.1454169412648385,-0.47237853540133967,0.6446015255831017
727.4500000000587,45.24950385943888,-42.448637769730034,3.73253839892721,5.20987709382309,-0.47237853540133967,0.6446015255831017
727.5500000000588,45.371774174328806,-42.18509449177026,3.5594440087034838,5.137209412678831,-0.5024081792418436,0.61073064368298
727.6500000000588,45.72520653430262,-41.668319897284434,3.509203190779345,5.198282477047074,-0.5024081792418436,0.61073064368298
727.7500000000589,46.57429289471871,-40.48691196857629,3.7158609022096223,5.600264368974302,-0.4403449248182768,0.6937433937014165
727.8500000000588,46.743735084738965,-40.66208785984389,3.5685292871682956,5.284581206214236,-0.46545163509868603,0.5994067653636933
727.9500000000589,47.29809685694526,-40.1787557689202,3.624511311929988,5.3196115007992395,-0.4406870931228889,0.5933421469393511
728.0500000000588,48.029109866792396,-40.7163510889456,3.7745663133356184,4.812272448435493,-0.3929406894876206,0.45283833143022545
728.150000000059,48.1848316045816,-40.04247660517184,3.6225766835046245,4.956053422256677,-0.42015060468652077,0.47680861038560585
728.2500000000589,48.54498851990831,-39.5444872198947,3.5805616230360107,5.003734283295195,-0.42015060468652077,0.47680861038560585
728.350000000059,48.830932629733745,-38.5851269969677,3.503822584125244,5.2884269245317075,-0.4282817626431342,0.5346588813162871
728.4500000000589,49.17917347933274,-38.05361101010843,3.46099440786097,5.341892812663287,-0.4282817626431342,0.5346588813162871
728.5500000000591,50.211951620262525,-37.741594176329,3.7801908414373937,5.276295700283472,-0.3389449356828733,0.5050811230784005
728.650000000059,50.58827597972751,-37.211439200685746,3.746296347869137,5.326803812591266,-0.3389449356828733,0.5050811230784005
728.7500000000591,50.30755429474825,-36.801025836668046,3.377009865037314,5.3127088009987675,-0.4199711619270833,0.4893499875335793
728.850000000059,50.60250262985408,-35.292277641936465,3.3140100924709466,5.869911771287604,-0.4250759276323374,0.6138723938273452
728.9500000000592,51.14943431430462,-34.60389466961374,3.3831723287690068,5.9821945519470034,-0.39810306106065996,0.6262632932501008
729.0500000000591,51.40352828676975,-34.71024730937243,3.3003069551726134,5.6709020593563855,-0.408692826851435,0.5335519828284829
729.1500000000592,51.97378736492936,-34.30306279742719,3.3836718174653857,5.6401477710581585,-0.37869696434188627,0.5130830855359941
729.2500000000591,52.31026106185388,-33.73648260489421,3.3458021210312316,5.6914560796117115,-0.37869696434188627,0.5130830855359941
729.3500000000593,53.44820261962349,-34.42246383328146,3.721851382350383,5.088538526710697,-0.278541090938335,0.3530993608974139
729.4500000000592,53.818995052403494,-33.91184448380638,3.6939972732565747,5.123848462800407,-0.278541090938335,0.3530993608974139
729.5500000000593,54.59608250763856,-34.146754987744536,3.8771612378676514,4.769862463150148,-0.2273190625342432,0.25797333968888303
729.6500000000592,54.98266203611231,-33.66847887473151,3.8544293316142477,4.795659797119013,-0.2273190625342432,0.25797333968888303
729.7500000000593,55.465658369145224,-32.86222757182491,3.882335381213704,4.98990936970349,-0.21508560854957237,0.2989921765267868
729.8500000000593,56.604637260534716,-32.18098097203561,4.249243737230204,5.114036274808706,-0.1206795809830342,0.32207735804165155
729.9500000000594,56.57724609789358,-31.96174200256832,4.005421981501253,4.994174544585689,-0.17665767563504503,0.28505491144705347
730.0500000000593,56.67757670018219,-31.954892419686903,3.8310351843306893,4.761676157189829,-0.21520456673908064,0.22034029911314795
730.1500000000594,56.912683219518215,-32.163280482945034,3.734175384235917,4.428976441481365,-0.23339496509704913,0.13401224147762847
730.2500000000593,57.28493378311599,-31.719712777589912,3.7108358877262333,4.442377665629116,-0.23339496509704913,0.13401224147762847
730.3500000000595,59.136299751261795,-30.35470050599701,4.451243738080923,4.93281856038706,-0.04810872594487531,0.2503271660758428
730.4500000000594,59.58118358143976,-29.860167014128372,4.4464328654864405,4.957851276994621,-0.04810872594487531,0.2503271660758428
730.5500000000595,59.31313040836686,-28.083336149696454,4.069777091630409,5.653117568513675,-0.1393130457497884,0.415221939558105
730.6500000000594,59.71941155230078,-27.515948283147814,4.055845787055443,5.694639762469448,-0.1393130457497884,0.415221939558105
730.7500000000596,59.62617780147515,-26.31434035281246,3.7863276029471145,6.062338418783434,-0.20105942309050506,0.4946472959664956
730.8500000000595,59.79287921745904,-25.814352863558437,3.6572498857471563,6.0551293506338455,-0.2275453765530621,0.4807625775416043
730.9500000000596,60.443659350371114,-25.61466282189919,3.7813284285268685,5.891891480990724,-0.1920791354011515,0.42931657591724637
731.0500000000595,61.32118393336496,-23.762655536886435,4.024092737229845,6.600905588802361,-0.12764480423064267,0.59446840350476
731.1500000000597,61.84876058467929,-23.16990612882936,4.0758398852013675,6.62397483096227,-0.11206871654609712,0.5856155457430697
731.2500000000596,62.25578422961633,-22.504580568005025,4.064633013546768,6.682536385536523,-0.11206871654609712,0.5856155457430697
731.3500000000597,62.73117157753768,-21.48373180188241,4.091304028586973,6.92105606522635,-0.10243980617103478,0.6292068057592836
731.4500000000596,63.13978978136515,-20.788480161331613,4.081060047969879,6.983976745802221,-0.10243980617103478,0.6292068057592836
731.5500000000598,62.37959612761032,-21.410297790709212,3.464148938262604,6.3484463091196535,-0.25063260954817895,0.45619425983104905
731.6500000000597,62.72475785838853,-20.773172188498673,3.439085677307809,6.394065735102717,-0.25063260954817895,0.45619425983104905
731.7500000000598,62.504098305535486,-20.274630217160052,3.1249848305476586,6.365580892517106,-0.3204602308696222,0.43814955513376225
731.8500000000597,63.10747813991136,-19.644685171997622,3.244046094401867,6.404806570940318,-0.2837331006216099,0.43702521156223123
731.9500000000598,62.49074628418478,-19.177516934220538,2.7335445654350465,6.35766469095926,-0.4001869380480829,0.41490846401658726
732.0500000000598,62.78414260003344,-17.790273084260257,2.70506694303599,6.795106471053479,-0.3973483118355361,0.5130825268712952
732.1500000000599,62.75818710508945,-16.901868003211064,2.514328576165406,6.95316172106508,-0.4338075420715125,0.5390604921797187
732.2500000000598,63.00745092499541,-16.203856528644295,2.470947821958294,7.007067770283003,-0.4338075420715125,0.5390604921797187
732.3500000000599,62.65126735204782,-16.415878346105522,2.117641835668988,6.585754385367342,-0.5090020545725719,0.42305849673256146
732.4500000000598,62.86048652534166,-15.75518761508573,2.0667416302117774,6.62806023504056,-0.5090020545725719,0.42305849673256146
732.55000000006,63.79480801145002,-15.45493699384599,2.395692414644194,6.478012286578663,-0.41610313471481736,0.37543540612407106
732.6500000000599,64.03229673724066,-14.805258588158097,2.35408210117275,6.515555827191036,-0.41610313471481736,0.37543540612407106
732.75000000006,63.982249363405884,-14.358840710354912,2.1670716975440185,6.445930937529959,-0.4512298550246073,0.3493394373694132
732.8500000000599,64.26370593143197,-14.169108405542412,2.1565661219861547,6.242842639539264,-0.44281597803945766,0.29102550859320314
732.9500000000601,63.9364749741564,-13.903032676732012,1.8348885371790549,6.085769195869713,-0.5098185427236109,0.24569957305393086
733.05000000006,64.72384800069318,-13.407415396988165,2.1014204074235865,6.050007249669319,-0.43172329926029823,0.2307405779287489
733.1500000000601,64.52469332899807,-12.421008698050544,1.8494724648528864,6.269809755579536,-0.48213137808068685,0.27861644262253726
733.25000000006,64.70722991859279,-11.79263464028005,1.8012593270448616,6.297671399841764,-0.48213137808068685,0.27861644262253726
733.3500000000602,64.9487437771399,-12.63947015527418,1.7865782955762273,5.557062821540944,-0.4738592775075963,0.09077146049933602
733.4500000000601,65.12503231030983,-12.083310015818096,1.7391923678255108,5.566139967590869,-0.4738592775075963,0.09077146049933602
733.5500000000602,64.54738789658975,-11.153280993404884,1.2995790818576436,5.773030732545158,-0.5703227600155127,0.13998114609558532
733.6500000000601,64.67449419097532,-10.575278014420418,1.2425468058561442,5.787028847154704,-0.5703227600155127,0.13998114609558532
733.7500000000603,64.1724757564045,-8.81500322386907,0.8656362037415474,6.412346290184874,-0.6476010923905872,0.2888400036235277
733.8500000000602,63.759849241613146,-7.663070822351957,0.544649874206758,6.7066961022401905,-0.7098777301110687,0.35387743173622827
733.9500000000603,63.546221306258545,-7.172837932605162,0.3379363514269633,6.647766829774687,-0.7426610930804591,0.33091525026952096
734.0500000000602,63.98604678355683,-5.836865059545494,0.4782028466415503,7.034614190124235,-0.6898949457068251,0.4186272485423726
734.1500000000603,64.29211892038785,-5.124807530853347,0.5434107052468188,7.079841312694254,-0.6574935044144442,0.419446008875998
734.2500000000603,64.34317252339041,-4.414726169540189,0.47766135480543415,7.121785913581816,-0.6574935044144442,0.419446008875998
734.3500000000604,65.03939925300303,-3.7375838068684755,0.7481069944120889,7.145722856081598,-0.5758909580716449,0.4153239013297343
734.4500000000603,65.11133049765382,-3.0209349017543206,0.6905178986049768,7.187255246214534,-0.5758909580716449,0.4153239013297343
734.5500000000604,65.1185139857801,-2.223560755801426,0.6067708471627442,7.267633102946019,-0.5813109539786365,0.4246076150241229
734.6500000000603,65.17628451572642,-1.4946744074323681,0.5486397517649334,7.310093864448392,-0.5813109539786365,0.4246076150241229
734.7500000000605,64.55893917475586,-1.090059288083485,0.1470886002632814,7.182486254142119,-0.6642766539756887,0.38319524287732265
734.8500000000604,64.68308606270524,0.28797450935041935,0.1389163913954528,7.563742557845176,-0.6501174709016387,0.4672125632101587
734.9500000000605,64.88843233760178,1.2271312917484005,0.17379940256528564,7.703869969254306,-0.6259887692782304,0.4899529888767683
735.0500000000604,65.92878528254812,2.115382521518532,0.6484431002862514,7.813845109659178,-0.4938493169446704,0.5050726370062774
735.1500000000606,65.61016471613915,2.7548610475466893,0.4036881041581155,7.789628940689302,-0.5410206770588254,0.4868879312037992
735.2500000000605,65.64782842316963,3.5362583812709256,0.3495860364522822,7.838317733809638,-0.5410206770588254,0.4868879312037992
735.3500000000606,65.18574889319305,4.42817282104637,0.040270936563428686,7.941528433652981,-0.6030136413475948,0.5001272684847445
735.4500000000605,65.18676091864265,5.224826300753365,-0.020030427571275954,7.99154116050141,-0.6030136413475948,0.5001272684847445
735.5500000000607,64.39562119755657,4.9252767716268275,-0.4873904087245727,7.460736235060538,-0.7021593374673436,0.35633610760139034
735.6500000000606,64.34337135999681,5.673132075670207,-0.5576063424712432,7.496369845820644,-0.7021593374673436,0.35633610760139034
735.7500000000607,64.66597499318,6.086215688040513,-0.4318817191015029,7.356852587383821,-0.6548227151878384,0.31368612571540644
735.8500000000606,64.86481487888102,7.21102139592154,-0.37063230748141074,7.590245921484564,-0.6240201567711745,0.36318089198926323
735.9500000000608,64.9815834867814,7.782203257680918,-0.35250912821262126,7.528389275153212,-0.604570003070819,0.33927951981992577
736.0500000000607,64.30650611497828,8.345566472992903,-0.7463810270099241,7.461310436823375,-0.6865762776389847,0.3142353890021432
736.1500000000608,64.13180787605144,9.101177051812726,-0.8645879711556775,7.496825467484458,-0.6985397719093593,0.3152310950518355
736.2500000000607,64.04185638007641,9.852435754035746,-0.9344419483465499,7.528348576989613,-0.6985397719093593,0.3152310950518355
736.3500000000608,62.85373696442593,11.907297082787265,-1.5663476944764512,8.236073172817816,-0.8347880377454124,0.480531440947347
736.4500000000608,62.692928254789706,12.733307057273029,-1.6498264982509165,8.284126316912507,-0.8347880377454124,0.480531440947347
736.5500000000609,63.27651777167213,12.702014760872862,-1.3449514111638545,7.879659066393861,-0.740506660114927,0.36897534234611373
736.6500000000608,63.1383200972553,13.491825544223259,-1.4190020771752798,7.916556600628439,-0.740506660114927,0.36897534234611373
736.7500000000609,62.55589366394383,13.996355676419432,-1.7171875078575647,7.803858587127802,-0.794654626472957,0.33254818996951063
736.8500000000608,62.50704113159265,14.356028225587044,-1.731123251884925,7.616935468957104,-0.7787274097279162,0.2786060018240175
736.950000000061,62.26456020283229,15.265048335343781,-1.8425883426077563,7.720336979807625,-0.7868413468159355,0.29699700038525756
737.0500000000609,61.280310080273544,15.931720970497974,-2.3380686249632388,7.693584008168351,-0.8893559599297207,0.2829998414799295
737.150000000061,60.898524945731616,16.133642253513365,-2.5006054769578725,7.42758096588168,-0.9071267036809075,0.21137821274550755
737.2500000000609,60.64392876451766,16.877457241164585,-2.5913181473258806,7.448718787156212,-0.9071267036809075,0.21137821274550755
737.3500000000611,60.844523245063904,17.050300188084382,-2.4416399582961548,7.173038716023986,-0.8485840413423067,0.13907210285866534
737.450000000061,60.5961163290278,17.76829942020042,-2.526498362430308,7.18694592630984,-0.8485840413423067,0.13907210285866534
737.5500000000611,60.265073418045105,18.321817250812963,-2.6501037023110112,7.118864224430527,-0.8580977047975951,0.11996259270887935
737.650000000061,59.995772559290266,19.03430348621891,-2.735913472790693,7.130860483701404,-0.8580977047975951,0.11996259270887935
737.7500000000612,59.63529031029385,20.064463479410918,-2.8641056151504416,7.306690548611139,-0.8683367199280524,0.15985682146630328
737.8500000000611,59.58094914776981,20.694428408827957,-2.8288010514139055,7.269764112979756,-0.8386506142299411,0.14689369060462984
737.9500000000612,59.184904221275644,21.14661674983336,-2.9685746719229757,7.14183222783016,-0.8521548357113866,0.1121714817011045
738.0500000000611,59.44206728298154,22.058112863557735,-2.7614876286658347,7.257004348381667,-0.7802605041125886,0.13794659958616923
738.1500000000613,58.820689532921065,22.060857081548868,-3.0145424891799575,6.896411383264169,-0.8225205456171245,0.04683557089305217
738.2500000000612,58.515122681275265,22.750732397729124,-3.096794543741595,6.90109494035347,-0.8225205456171245,0.04683557089305217
738.3500000000613,59.65824647554437,23.111689234872948,-2.4275500357410915,6.734184858666659,-0.640121410111769,0.004819742039765783
738.4500000000612,59.412290864919925,23.7851318194492,-2.4915621767522103,6.7346668328706345,-0.640121410111769,0.004819742039765783
738.5500000000613,59.40003454683963,24.00459225799721,-2.431259051497538,6.4938629060505555,-0.6098446444862875,-0.05530637519919989
738.6500000000613,59.15385941846767,24.653702016725678,-2.4922435159461114,6.48833226853064,-0.6098446444862875,-0.05530637519919989
738.7500000000614,58.94437690308181,25.051780753748677,-2.531271836062667,6.353133032697287,-0.6045403331876976,-0.08688123060586644
738.8500000000613,58.40371557301777,25.981106868515162,-2.7387144349381547,6.497935574912647,-0.6402663944614521,-0.04927699808647687
738.9500000000614,58.016017628987306,26.49489459530483,-2.859498023656612,6.422733470307932,-0.6539755371421779,-0.06638582648245621
739.0500000000613,57.83405813542484,26.4353991656526,-2.8687367496150835,6.0454870377441665,-0.6401627883141806,-0.1582761978795545
739.1500000000615,57.82645610477499,26.95657515594484,-2.787904484144343,5.986934893685057,-0.6051896573736776,-0.16867364452586148
739.2500000000614,57.54463970807395,27.55442527709017,-2.848423449881656,5.9700675292324865,-0.6051896573736776,-0.16867364452586148
739.3500000000615,57.04933868508889,29.25892616111038,-3.0160688508516103,6.529603005022587,-0.6312185612064662,-0.02774901889871692
739.4500000000614,56.744575707197974,29.911747716517553,-3.0791907069721995,6.5268281031327176,-0.6312185612064662,-0.02774901889871692
739.5500000000616,56.29111044088919,29.44596012548452,-3.2176362375880982,5.93976135951698,-0.6499103114603622,-0.171198869969804
739.6500000000615,55.96609726557338,30.03908026708583,-3.282627268734075,5.922641472520015,-0.6499103114603622,-0.171198869969804
739.7500000000616,55.979965840092945,30.14192568600709,-3.1704029666379085,5.652600149158655,-0.6070974532380881,-0.2327863158612717
739.8500000000615,55.977456839899375,29.037594690177777,-3.067046601918311,4.759596938787247,-0.5672206377990596,-0.44586328200558145
739.9500000000617,55.42884915630994,29.80669697326725,-3.2464234759829678,4.867906674297426,-0.5968468301196665,-0.40863959403497546
740.0500000000616,55.84167436443065,30.406239915081436,-2.9184255911199775,4.887695506856835,-0.5014929534621096,-0.39360103621433307
740.1500000000617,55.7213059788106,30.352473300928448,-2.879359154805073,4.568665449262291,-0.47995215386091683,-0.46166155823574717
740.2500000000616,55.43097030256105,30.807031538063086,-2.927354370191121,4.522499293438758,-0.47995215386091683,-0.46166155823574717
740.3500000000618,55.31615580967906,31.162946552079262,-2.8817563832895803,4.429183389379542,-0.4571114506676791,-0.4728126860925759
740.4500000000617,55.02569461409703,31.603500827586355,-2.9274675283563067,4.381902120770327,-0.4571114506676791,-0.4728126860925759
740.5500000000618,56.07523330452306,31.267517985953244,-2.274043462509678,3.9350213409546573,-0.2861952325887299,-0.5701233093817092
740.6500000000617,55.84639798210936,31.658169503501448,-2.302662985768525,3.8780090100165383,-0.2861952325887299,-0.5701233093817092
740.7500000000618,55.848141328396615,32.024815643662556,-2.211503844129784,3.8115209042303624,-0.25725830650849596,-0.5724307008749542
740.8500000000618,56.75785268518806,32.46377325319092,-1.6523223946833057,3.785902929818689,-0.11509464058614252,-0.5646827544503199
740.9500000000619,55.86493484607824,32.369717094796016,-2.03688035301579,3.4862358540691307,-0.20520122842088365,-0.6238913176902557
741.0500000000618,54.8688257688329,32.6947561142895,-2.4717556896351702,3.4130338740849693,-0.30711547275617257,-0.6265723095758319
741.1500000000619,54.811470384636245,32.35839065278916,-2.4043422594886805,3.001396694589851,-0.283423569600021,-0.7115001222887837
741.2500000000618,54.5696190408396,32.654972821636434,-2.4326846164486566,2.9302466823610374,-0.283423569600021,-0.7115001222887837
741.350000000062,53.663299344917945,31.74052707844084,-2.7996291626105823,2.2348858321506286,-0.3650349206670338,-0.8637051330959761
741.4500000000619,53.381511254053805,31.95969713599023,-2.8361326546772525,2.1485153188411097,-0.3650349206670338,-0.8637051330959761
741.550000000062,53.60811436883235,30.84822577689348,-2.6087359916392128,1.3719182459897354,-0.30102623975859766,-1.033058882681845
741.6500000000619,53.345735638469876,30.980252307078928,-2.638838615615045,1.2686123577216448,-0.30102623975859766,-1.033058882681845
741.7500000000621,53.263773923464534,30.890738386981344,-2.5748244815963495,1.0559663626086386,-0.27828888773244287,-1.05968366392167
741.850000000062,53.40653715356027,30.443794660126116,-2.3951535821545584,0.6647294484477694,-0.2278553719009272,-1.1295726358762812
741.9500000000621,53.07154576084079,30.890259077648032,-2.4663391953637364,0.7513942049051824,-0.23954598523394147,-1.0809731650600891
742.050000000062,52.723481390516596,31.577481620738645,-2.542773211373117,0.969549916791333,-0.2524537513206422,-1.00008035084905
742.1500000000622,52.98811864275619,32.14212366271519,-2.3012780383164015,1.1140928705075026,-0.18805025894255015,-0.9405663854687537
742.2500000000621,52.757050587630054,32.24883011783851,-2.3200830642106394,1.0200362319607128,-0.18805025894255015,-0.9405663854687537
742.3500000000622,52.883525193792885,32.57881308538264,-2.1549645441131333,1.0465781890972665,-0.1437239222064017,-0.9111695354640336
742.4500000000621,52.66731011977074,32.67891505661496,-2.1693369363337602,0.955461235550946,-0.1437239222064017,-0.9111695354640336
742.5500000000623,52.36492845741853,33.6667682108058,-2.230659445770183,1.3319267323063846,-0.15582650964631714,-0.7965910561738555
742.6500000000622,52.14108338029348,33.795977928755455,-2.2462420967348007,1.2522676266890715,-0.15582650964631714,-0.7965910561738555
742.7500000000623,52.46185344189574,34.08305557213496,-1.9815825138296292,1.258458155272895,-0.08812372791153117,-0.7756863049705676
742.8500000000622,52.53446482417693,33.38268749420858,-1.8502781824245247,0.7522190889041723,-0.05406789546885605,-0.8807078234826264
742.9500000000623,52.34034071220104,33.62586971726428,-1.86021318417195,0.7533705859652029,-0.05516164536101362,-0.8589859935796429
743.0500000000623,52.690748807169115,34.4015638605039,-1.5847235339431704,1.0397785869601854,0.01395416231643648,-0.7666744254684811
743.1500000000624,52.4363831879185,34.31943325567509,-1.632536830851444,0.8688087599482928,0.0020729054053238733,-0.7896238679215132
743.2500000000623,52.273139869360534,34.40236601233024,-1.632329540310912,0.7898463731562133,0.0020729054053238733,-0.7896238679215132
743.3500000000624,52.99409474622166,34.74246069900757,-1.1796809700902133,0.8487427126735254,0.11111122312932145,-0.7559161504399642
743.4500000000623,52.87668220532839,34.82355538952265,-1.1685698477772912,0.7731510976295978,0.11111122312932145,-0.7559161504399642
743.5500000000625,52.769116502035075,35.01385222863636,-1.1524054109954036,0.7596104152215829,0.11245693800514917,-0.7404535869714319
743.6500000000624,52.65443824562566,35.0861110022236,-1.1411597171948988,0.685565056524507,0.11245693800514917,-0.7404535869714319
743.7500000000625,52.6677959320154,35.84660005404439,-1.0647956442468387,0.9716391750826792,0.1281886689061949,-0.6527629620139803
743.8500000000624,52.291807541232124,36.59817917922431,-1.1915455991418622,1.2492005239583581,0.09426600111138668,-0.5687699289608263
743.9500000000626,51.865853434850195,36.9361758363595,-1.3397662846818972,1.3040924126714402,0.056187683655407536,-0.5415589604579708
744.0500000000625,51.74003968101684,36.94459029895853,-1.3300207260053354,1.186910610918321,0.0572027033826708,-0.5571859200175356
744.1500000000626,51.24757030716229,37.21022168267143,-1.508777711519188,1.2086548389495217,0.012661370533671466,-0.5383345564949256
744.2500000000625,51.096755842863175,37.3283954937838,-1.507511574465822,1.1548213833000782,0.012661370533671466,-0.5383345564949256
744.3500000000627,51.62606890146019,37.84760545472912,-1.155673408438781,1.310021973682806,0.0977115043023824,-0.4877289464625085
744.4500000000626,51.510990118137926,37.97616900736497,-1.1459022580085516,1.2612490790365996,0.0977115043023824,-0.4877289464625085
744.5500000000627,50.412251718272465,38.75602015561292,-1.650382495465556,1.555811835616634,-0.028496863025727015,-0.4033249453705874
744.6500000000626,50.24707098441093,38.9095847144476,-1.6532321817681261,1.515479341079612,-0.028496863025727015,-0.4033249453705874
744.7500000000628,49.77802881780654,39.13977766553538,-1.8118473188550306,1.5169041416878677,-0.06612771605828369,-0.39315686633266045
744.8500000000627,49.62688341160006,39.07423069071494,-1.8027699044800254,1.3653707812808942,-0.062314164006638126,-0.4206494795791087
744.9500000000628,49.317153523700185,39.25263856892275,-1.875258103308439,1.3460685221122077,-0.07831790796248056,-0.415107733086101
745.0500000000627,48.83159447294571,39.20925467440572,-2.038927831293761,1.2116120228195373,-0.11664759485747264,-0.4381531631340493
745.1500000000628,48.61741352013808,39.433045773078696,-2.05556916526938,1.222027036670637,-0.1178491698688561,-0.42495566183668637
745.2500000000628,48.411267357761986,39.553123698436465,-2.067354082256255,1.179531470487007,-0.1178491698688561,-0.42495566183668637
745.3500000000629,48.462103394749015,40.44645455308081,-1.9470177064294356,1.5413751545933652,-0.08600401978228393,-0.32610082925831907
745.4500000000628,48.26697160400734,40.59896156439372,-1.9556181084076563,1.508765071667563,-0.08600401978228393,-0.32610082925831907
745.5500000000629,48.86791064436664,41.85602692982126,-1.5456111086994542,2.055192843879597,0.017245071719976413,-0.1838888911048055
745.6500000000628,48.71343575885543,42.06062676975352,-1.5438866015274582,2.0368039547691335,0.017245071719976413,-0.1838888911048055
745.750000000063,48.354141887795684,42.53375796570577,-1.6473434481543487,2.158381595935499,-0.008165338911142878,-0.1498064454491423
745.8500000000629,48.51908844765284,42.812354560552436,-1.47781420083469,2.1765063870994528,0.03323777155671647,-0.1416958251725741
745.950000000063,47.99193576580903,43.293035373382885,-1.669214536747071,2.2988582582560984,-0.01379612796848504,-0.10845865824025724
746.0500000000629,47.22530372866911,43.80727631718038,-1.9845519244707206,2.4385394390272674,-0.09101675491114739,-0.07113622640270408
746.1500000000631,46.94546218375959,44.31297965181105,-2.0351541998093747,2.567081013734929,-0.1010369171403781,-0.03812315719289815
746.250000000063,46.741441579193136,44.56949713739834,-2.0452578915234034,2.563268698015643,-0.1010369171403781,-0.03812315719289815
746.3500000000631,46.74364423606828,44.88185729813045,-1.9508448570970542,2.58847293908566,-0.07617730911017051,-0.031076950091199675
746.450000000063,46.5481788638132,45.14054920728832,-1.9584625880080644,2.5853652440765424,-0.07617730911017051,-0.031076950091199675
746.5500000000632,46.82923212662205,45.32752695479694,-1.7198435226414888,2.544151090309659,-0.01639793106201523,-0.04060712826600646
746.6500000000631,46.657165784702755,45.58173902818635,-1.7214833157476888,2.5400903774830623,-0.01639793106201523,-0.04060712826600646
746.7500000000632,46.05396338651907,46.41437672923826,-1.9442554026185226,2.8356819601090777,-0.06982054053996554,0.03235948064510816
746.8500000000631,45.908543624353044,46.47382344296052,-1.925738998650647,2.7220025911098764,-0.0636230552442594,0.0037159748003972835
746.9500000000633,45.22320994115502,47.08588864855344,-2.1847516470962556,2.8982919747165194,-0.12464852690635575,0.0465444729338747
747.0500000000632,45.20261092268388,47.11626851050151,-2.0932870423223195,2.7657420400735933,-0.09908617902344444,0.012525329474542095
747.1500000000633,45.11101681437019,47.605712854865494,-2.0425686972185035,2.8770933024794823,-0.0844480290444243,0.03931897281870471
747.2500000000632,44.9063377045033,47.893618779977274,-2.0510135001229384,2.881025199761349,-0.0844480290444243,0.03931897281870471
747.3500000000633,45.01428335750286,47.549820075892946,-1.8985958715446853,2.5582547679546015,-0.045581617380797745,-0.04012028206853819
747.4500000000633,44.82419586226166,47.805444951277835,-1.903154033282761,2.5542427397477514,-0.045581617380797745,-0.04012028206853819
747.5500000000634,44.937197357905326,47.05757496972406,-1.7471043565446684,2.0236276878757806,-0.005719158717918331,-0.1699565157960405
747.6500000000633,44.762458326457434,47.25908795593247,-1.7476762724164598,2.006632036296192,-0.005719158717918331,-0.1699565157960405
747.7500000000634,44.42816100681433,47.32618117829551,-1.830088393807258,1.9209291728236118,-0.02549065959010846,-0.18668701422921063
747.8500000000633,43.711693865743904,47.52027123604692,-2.108174833770867,1.9037881339574219,-0.09246093764953178,-0.1863127466612739
747.9500000000635,43.43030377123358,47.246610676267295,-2.1533914680375523,1.6454341240204036,-0.10114930582935548,-0.24467503592241174
748.0500000000634,44.28599251597377,47.58762037423203,-1.60247741867089,1.7148498878241796,0.03684061837241108,-0.22139714714873082
748.1500000000635,44.07152737728694,47.96484774696989,-1.6266898554997091,1.7997263794233234,0.030105114710091845,-0.1953536671001596
748.2500000000634,43.90900891731067,48.14384361657656,-1.6236793440287027,1.7801910127133251,0.030105114710091845,-0.1953536671001596
748.3500000000636,44.223900432682456,48.5171142553967,-1.3738785346047928,1.8645625107032242,0.090152446401959,-0.1695500921158699
748.4500000000635,44.08696334145411,48.702722756006274,-1.3648632899646052,1.8476075014916526,0.090152446401959,-0.1695500921158699
748.5500000000636,43.82210990161445,49.05390613261677,-1.4223560734244332,1.9179497527044442,0.07399555100638747,-0.1481386439355767
748.6500000000635,43.68024427202717,49.24496041466736,-1.414956518323801,1.9031358883109,0.07399555100638747,-0.1481386439355767
748.7500000000637,42.86103111781312,49.459987023768036,-1.7554844691433766,1.9014990211147416,-0.010059088680004324,-0.1449299890521741
748.8500000000636,42.060653017120366,49.23078135508245,-2.0792732514322716,1.6687803617352879,-0.0885125430032457,-0.19839388187857956
748.9500000000637,41.373860789776344,49.25877994673243,-2.333582142591808,1.5775650174092122,-0.1478006796794268,-0.21577089117108705
749.0500000000636,41.8981725325273,48.74939369365652,-1.9512777044608873,1.204069561184503,-0.05013431509484395,-0.3030272983473843
749.1500000000638,42.38942275849001,48.550138121191,-1.6041960550956742,1.009169148498168,0.034877705055228886,-0.3430838151781683
749.2500000000637,42.229177541505855,48.64933961696484,-1.6007082845901546,0.9748607669803824,0.034877705055228886,-0.3430838151781683
749.3500000000638,41.47392611342011,49.434558915747175,-1.9027116789107392,1.2978106848510365,-0.03892725252383526,-0.2560168496555672
749.4500000000637,41.283460309266594,49.563059899983884,-1.9066044041631192,1.272208999885503,-0.03892725252383526,-0.2560168496555672
749.5500000000638,40.638616401208196,49.54009079511269,-2.1436242011938,1.1704235141665758,-0.09528604716719978,-0.2743680692618267
749.6500000000638,40.423777550853174,49.65576130618293,-2.153152805910511,1.142986707240418,-0.09528604716719978,-0.2743680692618267
749.7500000000639,39.94978699597307,49.9570509062078,-2.295163549693914,1.2130624180381557,-0.12729196298198467,-0.2506233562972435
749.8500000000638,39.884841514023485,49.86229478322729,-2.2225408583359254,1.0760234278268848,-0.10654690191765649,-0.27805692138119265
749.9500000000639,40.085191615953335,50.28196136252165,-2.0161024480659315,1.2104740692107392,-0.05410996992268247,-0.23855440585732132
750.0500000000638,39.476167761470165,50.73612413472916,-2.2346836596294835,1.3632520923681233,-0.10654102571842096,-0.19475901785299735
750.150000000064,39.088837097305976,50.428754563361885,-2.3290912507511807,1.1147287422090626,-0.12676298746395087,-0.2505000393053138
750.2500000000639,38.855294157293756,50.538974937386165,-2.3417675494975643,1.089678738278554,-0.12676298746395087,-0.2505000393053138
750.350000000064,38.90630933693144,50.318852725383216,-2.2068872117614,0.8921551225843866,-0.09092236036919288,-0.293093720535253
750.4500000000639,38.68516600395366,50.4066027690389,-2.2159794477983112,0.862845750530888,-0.09092236036919288,-0.293093720535253
750.5500000000641,38.33264643449651,51.42334232613577,-2.295917404868072,1.3264597614837608,-0.1088911536738231,-0.17076132800700372
750.650000000064,38.10251023824154,51.55513449564399,-2.3068065202354444,1.309383628683076,-0.1088911536738231,-0.17076132800700372
750.7500000000641,38.22094924336021,51.35460606067122,-2.1382825564963066,1.1211542195491546,-0.06554734939644004,-0.2124378790215517
750.850000000064,38.58973166195923,51.3240288095746,-1.8436709151493105,1.0260807064649649,0.007652143176660742,-0.23052569007895773
750.9500000000642,38.836111504039806,51.08919790709089,-1.6219278653619635,0.8289531580737681,0.06102739879865975,-0.2729055431555217
751.0500000000641,39.11071469343355,51.11325823656843,-1.387289126774813,0.7712977844947985,0.11723780194364927,-0.2804343489273302
751.1500000000642,39.380812065636725,50.906647571548845,-1.1662246413722694,0.5971829799751236,0.16778232021744424,-0.3159822993880424
751.2500000000641,39.26502851310069,50.96478595804936,-1.1494464093505403,0.5655847500363481,0.16778232021744424,-0.3159822993880424
751.3500000000643,38.88129414703298,51.31581859168986,-1.2726869899807711,0.6861514241867136,0.13359662563035937,-0.27916709482973684
751.4500000000642,38.754693431163176,51.38303789863432,-1.2593273274177474,0.6582347147037653,0.13359662563035937,-0.27916709482973684
751.5500000000643,38.845774205648716,50.95315654065704,-1.130529011849124,0.36743531258552653,0.1624537445882426,-0.3447159877433382
751.6500000000642,38.73353357318685,50.988176491976844,-1.1142836373903144,0.3329637138112241,0.1624537445882426,-0.3447159877433382
751.7500000000643,38.16365120847636,51.4397016938981,-1.333688341201318,0.5158950389096147,0.10552383222431291,-0.29177745076870304
751.8500000000643,37.456267066210785,50.957499525573496,-1.619964933689357,0.20922065465950984,0.03337855933263237,-0.35976235476304846
751.9500000000644,37.790925313543,50.512167151825864,-1.361900816421726,-0.06717599945729716,0.09490545085756326,-0.41829450024820886
752.0500000000643,37.49900863420299,50.75269964053915,-1.4341933854494293,0.02273547658826589,0.07479018743835264,-0.38562999347224036
752.1500000000644,37.63310822750106,50.835945083512215,-1.2845976899397655,0.027061891709850325,0.10910371933678459,-0.3751924191226456
752.2500000000643,37.505193977103886,50.83677531058758,-1.273687318006097,-0.010457350202380113,0.10910371933678459,-0.3751924191226456
752.3500000000645,37.03327989382798,50.18543523262295,-1.4417130275489158,-0.38665319574064017,0.06547376735038235,-0.45830947379290604
752.4500000000644,36.88943595990997,50.14447836567996,-1.4351656508138835,-0.4324841431198891,0.06547376735038235,-0.45830947379290604
752.5500000000645,37.08465668394164,50.60889944638287,-1.253149682855056,-0.20795380605417257,0.10826354732672688,-0.3910770195615066
752.6500000000644,36.95988303339288,50.58614868067967,-1.242323328122393,-0.24706150801028767,0.10826354732672688,-0.3910770195615066
752.7500000000646,36.937089455730494,51.17198294880983,-1.1797263762598091,0.030910476524376382,0.12077063232017263,-0.3138667667820869
752.8500000000645,36.5132513721119,51.72235220605961,-1.3259820743083424,0.28562932072188374,0.08228732642681659,-0.24377274176277797
752.9500000000646,36.658249676374204,52.168538099547426,-1.1755417685808431,0.47806097508759476,0.11663728306239418,-0.19098898978503556
753.0500000000645,36.99869151816043,51.72696860035899,-0.9243877941796177,0.20090245430447864,0.1755419779832718,-0.25497358831852146
753.1500000000647,36.72641073346141,51.742018716706525,-0.9995045343942274,0.17345708874803864,0.15316693193005612,-0.25544765552771115
753.2500000000646,36.62722611468172,51.75808718730367,-0.9841878412012357,0.14791232319529077,0.15316693193005612,-0.25544765552771115
753.3500000000647,36.52591766038569,53.00182844278564,-0.9711718057596994,0.7611786160264694,0.1525197999879944,-0.0994761241829582
753.4500000000646,36.42956307880975,53.0774489237673,-0.9559198257609138,0.7512310036081826,0.1525197999879944,-0.0994761241829582
753.5500000000648,35.56251762846694,52.33347370941988,-1.343694487154667,0.3103041488533767,0.05366915279022706,-0.20600317320630313
753.6500000000647,35.428416525515544,52.363474108439156,-1.338327571875649,0.28970383153276513,0.05366915279022706,-0.20600317320630313
753.7500000000648,34.88918983561716,52.25905639115177,-1.541106462160123,0.20058376324337654,0.0033839054580405772,-0.22268802410680574
753.8500000000647,34.57162175571335,52.56182951891186,-1.6252246413736393,0.32627009620007225,-0.017143545604298545,-0.18643996105499133
753.9500000000648,34.708411451694445,53.241528888526794,-1.473331002511519,0.6430586330295729,0.01995911628522245,-0.1047764071470828
754.0500000000648,34.04505657346976,53.4318704226849,-1.7415638076055528,0.6994493981406662,-0.04650597102813508,-0.08819671881220473
754.1500000000649,34.167281455825105,53.4532735403222,-1.5941143507865123,0.6657441330698333,-0.009781990628561887,-0.09425288051007019
754.2500000000648,34.00782111079346,53.519376689226576,-1.5950925498493675,0.6563188450188349,-0.009781990628561887,-0.09425288051007019
754.3500000000649,34.567101309247214,53.342248171681454,-1.2260793606980627,0.520823875592456,0.07985036286013236,-0.12508953588984517
754.4500000000648,34.44489262499182,53.393705111561204,-1.2180943244120568,0.5083149220034828,0.07985036286013236,-0.12508953588984517
754.550000000065,33.340082429906246,54.192775525961416,-1.7225744799955223,0.8842002355383399,-0.04567450042277007,-0.03035919507910348
754.6500000000649,33.16759660940474,54.28104375353977,-1.727141930037795,0.8811643160304323,-0.04567450042277007,-0.03035919507910348
754.750000000065,32.844967514671524,53.45691977114838,-1.8085137192094924,0.4059541038155898,-0.0642294032172403,-0.14533564437268362
754.8500000000649,33.49180497683737,53.583421952781514,-1.3871577366910066,0.4365811827728641,0.03974369122794237,-0.13427157521982275
754.9500000000651,33.33491517223918,53.28767639750109,-1.3926096239832164,0.247812915504535,0.03746686176837171,-0.17695967718402508
755.050000000065,33.166693745349804,53.67918967161536,-1.4041240171113232,0.42434920868943726,0.033713267476835694,-0.12880075503557825
755.1500000000651,32.721702146933296,54.002234696448134,-1.5570237481826685,0.5569795965023447,-0.004017785973774703,-0.09338930681885832
755.250000000065,32.565979683185304,54.05746570956422,-1.5574255267800456,0.5476406658204674,-0.004017785973774703,-0.09338930681885832
755.3500000000652,32.30216597042004,54.28359851546325,-1.6153928281150536,0.6284520011733479,-0.018381230314841998,-0.07117951792437624
755.4500000000651,32.140534781457106,54.346087817990906,-1.6172309511465361,0.6213340493809167,-0.018381230314841998,-0.07117951792437624
755.5500000000652,30.609211205182785,54.34749387796024,-2.3271262060559006,0.5845091965896255,-0.19060517804684618,-0.07807251235383578
755.6500000000651,30.375545558687172,54.40555443505738,-2.346186723860568,0.576701945354249,-0.19060517804684618,-0.07807251235383578
755.7500000000653,30.343805304266013,54.50270197071993,-2.260661081374515,0.5895335930363733,-0.1653385582199113,-0.07304685265249716
755.8500000000652,30.681319426222966,54.18698469090946,-1.9856025759620703,0.38710943588300906,-0.09446606194817765,-0.12084987687383172
755.9500000000653,30.77657176801695,54.2077569836886,-1.8440644194362894,0.3660514832852372,-0.0579970183985903,-0.12303441215805179
756.0500000000652,30.670539351218615,54.27289246110729,-1.8086775566607538,0.36914722098910774,-0.047866827031440504,-0.11921626240634116
756.1500000000653,29.742630664737295,53.92956070503492,-2.1964152882213006,0.16080853407194406,-0.14032890347132393,-0.1670163478056872
756.2500000000653,29.522287491398007,53.94480647670308,-2.21044817856842,0.14410689929139053,-0.14032890347132393,-0.1670163478056872
756.3500000000654,29.97775967378329,54.38319080273387,-1.8743974471313096,0.34750304891698175,-0.05519494847563093,-0.11338296209212534
756.4500000000653,29.790043954327952,54.417374192815075,-1.8799169419788677,0.3361647527077795,-0.05519494847563093,-0.11338296209212534
756.5500000000654,29.772825642627733,55.23185077924696,-1.790675362404254,0.740081595812167,-0.030772038883393582,-0.00990958987495183
756.6500000000653,29.593604246193056,55.305809390878736,-1.7937525662925906,0.7390906368246728,-0.030772038883393582,-0.00990958987495183
756.7500000000655,29.821056226808864,55.04792415897821,-1.5880072770119025,0.5663605085518958,0.01967668713872727,-0.05172880831619056
756.8500000000654,29.143238281089783,56.24167606972944,-1.854232888436575,1.1540829203644916,-0.04550858440355809,0.09352675106353059
756.9500000000655,29.413833670523516,56.28243413211886,-1.624703709138753,1.1245516481147855,0.011031393118273253,0.08406016383873265
757.0500000000654,28.455177666773906,56.23268491696448,-2.040492902670271,1.0470340585470272,-0.09150687756872523,0.06275583349477416
757.1500000000656,27.959445667913535,56.27677544400671,-2.1989804242145783,1.0217884445626202,-0.12756368896052242,0.055084830175306354
757.2500000000655,27.738909807047477,56.37922971261376,-2.211736793110619,1.0272969275801458,-0.12756368896052242,0.055084830175306354
757.3500000000656,27.13128340620858,56.44289219889964,-2.4224280685356714,1.0114661422061442,-0.1753758924401728,0.04967852381110691
757.4500000000655,26.888163719893033,56.544287205739224,-2.439965657779673,1.0164339945872503,-0.1753758924401728,0.04967852381110691
757.5500000000657,27.125800098322976,57.22451819181966,-2.2016478533319854,1.323693508565299,-0.1117552876536273,0.12392232208032974
757.6500000000656,26.90507653655171,57.35750715428647,-2.212823382097338,1.3360857407733207,-0.1117552876536273,0.12392232208032974
757.7500000000657,26.933347548857256,57.506042676028066,-2.0956660761171304,1.355884661485318,-0.08075178835874422,0.12572588224521122
757.8500000000656,26.787995698734193,58.26280478318581,-2.0703570687898702,1.6919375237766223,-0.07263765052823115,0.20497648305251387
757.9500000000658,26.726115229001856,58.510626305330106,-2.002961676294908,1.7526054651355276,-0.054604386648325384,0.21475624073903496
758.0500000000657,26.502740912295142,58.84342730786164,-2.020362325481088,1.856751080298251,-0.057541184574417585,0.2352538534751699
758.1500000000658,26.27803471106275,58.70799419800832,-2.03759380424184,1.7135384029664003,-0.060312349632871534,0.19467645348789384
758.2500000000657,26.07397376889059,58.880321420572244,-2.043625039205122,1.733006048315172,-0.060312349632871534,0.19467645348789384
758.3500000000658,25.42674555792379,58.83238021867004,-2.279480508607475,1.6377120106722312,-0.11642401552947412,0.16679132662147372
758.4500000000658,25.198215386985606,58.99698537637022,-2.291122910160412,1.6543911433343634,-0.11642401552947412,0.16679132662147372
758.5500000000659,24.764461726714572,59.30034439383145,-2.4105842389726946,1.7411415674651196,-0.14315249505589187,0.18365606928512532
758.6500000000658,24.522687540342243,59.47537683092423,-2.4248994884782706,1.7595071743936155,-0.14315249505589187,0.18365606928512532
758.7500000000659,24.494436008926822,59.90485942853216,-2.3289214883762894,1.908646968684637,-0.1165071186546143,0.21550014032929174
758.8500000000658,24.112756307354594,59.36152519894044,-2.417140096812107,1.5469090411054502,-0.13511720137846975,0.12159704301498979
758.950000000066,23.278803455809058,59.42135422624027,-2.7341571235614617,1.5096498066757233,-0.20842624293271678,0.10956563350370345
759.0500000000659,22.250290636811975,59.96242880351957,-3.14980461319706,1.7264333805638672,-0.3055319101799603,0.16059941610210476
759.150000000066,21.50007464249909,60.15776164553492,-3.402758085321403,1.7538165905943535,-0.35922961345888993,0.16335504840626175
759.2500000000659,21.158002685899966,60.333960079836224,-3.4386810466672593,1.7701520954349648,-0.35922961345888993,0.16335504840626175
759.3500000000661,19.956421131571858,60.99247997472597,-3.9145142605284553,2.0346359548663386,-0.46566379520754886,0.22362918963186612
759.450000000066,19.562641386543334,61.19706171616057,-3.961080640049168,2.056998873829505,-0.46566379520754886,0.22362918963186612
759.5500000000661,18.883325619994448,60.744767400570325,-4.150586075305438,1.7328252209057702,-0.4999363964201484,0.1380769763420586
759.650000000066,18.465767330482183,60.91874030754245,-4.200579714947407,1.7466329185399634,-0.4999363964201484,0.1380769763420586
759.7500000000662,17.690079975982066,60.65412076293374,-4.431764631146264,1.5326732254906934,-0.5437097894578921,0.08261464760003392
759.8500000000661,18.0551335639975,61.37505032904018,-4.067171193554926,1.8366326874137568,-0.44187909017858096,0.15505876803455446
759.9500000000662,17.35451301188188,61.23076059688003,-4.261014591404442,1.6819759274193316,-0.4780270592934014,0.11363140396326904
760.0500000000661,17.648421005789515,60.7900927163458,-3.9305864235990517,1.371341601930109,-0.3849979084604589,0.033793735290423454
760.1500000000663,17.77838542634267,60.82188637952465,-3.699899045888829,1.3201342838713925,-0.3200036888860576,0.020509509823575932
760.2500000000662,17.406795503309695,60.95400235546079,-3.7318994147774056,1.3221852348537482,-0.3200036888860576,0.020509509823575932
760.3500000000663,16.18000644111025,61.35359349988341,-4.202955318402861,1.463036239191184,-0.42647972736329237,0.05440240201943981
760.4500000000662,15.757578510633534,61.500169135812484,-4.245603291139151,1.468476479393123,-0.42647972736329237,0.05440240201943981
760.5500000000663,15.143915478614337,61.366872184662,-4.391642680540631,1.3294237741170307,-0.4530884743245344,0.019367566521906646
760.6500000000663,14.702485768189055,61.49991139990619,-4.436951527973044,1.3313605307692196,-0.4530884743245344,0.019367566521906646
760.7500000000664,13.995409172399622,61.250163016836105,-4.61623931103373,1.135033754044502,-0.4854559962024018,-0.028910447432185966
760.8500000000663,13.229911380211856,61.974770165987174,-4.8205227600777505,1.450776768582319,-0.5233086001112587,0.049152861709419175
760.9500000000664,13.456580355816786,61.93737671595309,-4.507897221392738,1.3611106375415474,-0.4351565869019676,0.026126309706340622
761.0500000000663,13.669293377120598,62.62621609458366,-4.2028797763540275,1.6556911627018256,-0.3494318591532525,0.09851829557279505
761.1500000000665,13.67705842145465,61.968335897380015,-4.01742649961247,1.2392659529681738,-0.2962179702291671,-0.0052205487602847295
761.2500000000664,13.273834681642624,62.092236389932914,-4.04704829663536,1.2387438980921457,-0.2962179702291671,-0.0052205487602847295
761.3500000000665,12.886107478234976,62.156131283758846,-4.068269954198874,1.205235661476568,-0.2944187754561601,-0.013674098985951642
761.4500000000664,12.477808388938179,62.27658647941146,-4.097711831744463,1.2038682515779742,-0.2944187754561601,-0.013674098985951642
761.5500000000666,12.186276076177446,62.84509720553953,-4.0660415008359845,1.4364892230139807,-0.27972360802022744,0.043733816036225094
761.6500000000665,11.778273308054118,62.98896479692098,-4.094013861637982,1.4408626046175992,-0.27972360802022744,0.043733816036225094
761.7500000000666,11.238151873870413,62.86171886260209,-4.188341204522327,1.3046582676263585,-0.29575408567840444,0.009502543424659775
761.8500000000665,10.893709703629058,63.3034433331831,-4.178719144592508,1.4678379494877403,-0.2862270101809581,0.04924771687174697
761.9500000000667,10.976253143387012,63.51594438827326,-3.949866299100102,1.506653085467138,-0.22403605296483783,0.05749857902610738
762.0500000000666,10.957993716117686,63.934971718271576,-3.7744381945223395,1.6540415313514678,-0.17537763490471953,0.0926171617996532
762.1500000000667,10.546049713601649,64.44422382691135,-3.8092175869822085,1.8409578670031859,-0.17954056074203031,0.13585121668819627
762.2500000000666,10.164230252100065,64.62899886969495,-3.827171643056395,1.854542988671993,-0.17954056074203031,0.13585121668819627
762.3500000000668,9.226489073806388,63.97269298537306,-4.1297876683091905,1.4300117640343457,-0.24838340221898328,0.028736951048386153
762.4500000000667,8.812268389964752,64.1158378465316,-4.154626008531066,1.4328854591391817,-0.24838340221898328,0.028736951048386153
762.5500000000668,7.9885711543440525,63.75078476215518,-4.388399970064932,1.169649279532583,-0.2988810778951177,-0.036692464104830264
762.6500000000667,7.548236751948485,63.867566227787805,-4.418288077854417,1.1659800331221033,-0.2988810778951177,-0.036692464104830264
762.7500000000668,7.344520059335692,63.78307921840188,-4.325233790239824,1.0583071344576078,-0.26917983676864343,-0.06201779594611051
762.8500000000668,7.166824237246722,63.892204067668615,-4.219803604668016,1.0539841800965748,-0.2370121726640918,-0.06155749576551354
762.9500000000669,7.076599851451427,63.22569684201242,-4.0726872972264925,0.6484191680485105,-0.19575269961956662,-0.15879666201973494
763.0500000000668,7.016510460624213,62.67870084741448,-3.909975443288222,0.3096912266454825,-0.1509176067653848,-0.23884528462678573
763.1500000000669,7.8587877326883175,62.87785593101291,-3.2922714830570126,0.3734377366663424,0.0018685169231560383,-0.21751938193422332
763.2500000000668,7.529569926967532,62.91411210776984,-3.292084631364697,0.35168579847293985,0.0018685169231560383,-0.21751938193422332
763.350000000067,7.416659829603878,64.33732613304488,-3.1819570719460937,1.0527036379772017,0.02820557938689907,-0.040737191237868814
763.4500000000669,7.098605150306492,64.44239281088632,-3.179136514007406,1.0486299188534185,0.02820557938689907,-0.040737191237868814
763.550000000067,7.406183092737098,65.24802500234186,-2.8533638184688925,1.4106711720709748,0.10667969260023305,0.04912163075752621
763.6500000000669,7.121380109353469,65.38933772770262,-2.8426958492088787,1.4155833351467229,0.10667969260023305,0.04912163075752621
763.7500000000671,7.28982003510315,64.80460946519668,-2.6000157700579436,1.0443809158699722,0.16273072038018194,-0.042463870347357116
763.850000000067,7.667842512931129,64.04163136590363,-2.2545375129589216,0.5880749025541628,0.24274513897499922,-0.15321559110325866
763.9500000000671,7.862305630018446,63.55951383551227,-2.0154446775333743,0.29314592464690836,0.2946326180946488,-0.22128810427950096
764.050000000067,8.735086080114739,63.88357673972779,-1.4242623019017677,0.4273335296022112,0.4327922866841388,-0.18253022727208731
764.1500000000672,8.77202554738651,63.827454957056354,-1.2901161134233434,0.3584086912280856,0.4547317690510679,-0.1948617279417229
764.2500000000671,8.645287594889545,63.86232151753943,-1.244642936518278,0.33892251843393106,0.4547317690510679,-0.1948617279417229
764.3500000000672,8.925611457710158,64.40470256497643,-0.9919921718263163,0.5843028089733925,0.5049217153421964,-0.13012292957849908
764.4500000000671,8.828936849104323,64.46248223122582,-0.9415000002921425,0.5712905160155544,0.5049217153421964,-0.13012292957849908
764.5500000000673,8.68715476499601,63.91473073853774,-0.916174717659689,0.24743807169019227,0.4989663650795697,-0.20537935977931657
764.6500000000672,8.598032125055516,63.93844764890784,-0.8662780811517775,0.2269001357122793,0.4989663650795697,-0.20537935977931657
764.7500000000673,7.9717520406274796,63.624487991923054,-1.0945577813285257,0.032615435785892204,0.4317626765196325,-0.2476874360629787
764.8500000000672,7.303306839979872,64.3346591185328,-1.341290323212996,0.3769930254453171,0.36129937310516963,-0.1572489424592936
764.9500000000673,7.350599479901921,64.57266180992283,-1.213007673009247,0.4653599992442551,0.38355805165759593,-0.13190700021214696
765.0500000000673,7.003097094828521,63.98657526244343,-1.2940896477197525,0.11826831573412139,0.3541812979052078,-0.21469608681568902
765.1500000000674,7.294441184090165,63.284863290927234,-1.0438224153457873,-0.2718044754215063,0.40605579780635304,-0.3043994126878664
765.2500000000673,7.192089221544709,63.25616084632167,-1.003216835565189,-0.30224441669026525,0.40605579780635304,-0.3043994126878664
765.3500000000674,7.193082994564333,62.77111950714849,-0.9103688921339196,-0.5672468496793399,0.4189558907172502,-0.3614939971472947
765.4500000000673,7.104140884804606,62.71258735219487,-0.8684733030622327,-0.6033962493940365,0.4189558907172502,-0.3614939971472947
765.5500000000675,7.220855526453017,62.590917837122895,-0.7264544401670741,-0.6713097710563252,0.4424323475440191,-0.36943763133560525
765.6500000000674,7.1504222441740914,62.52193967186065,-0.6822112054127124,-0.708253534189852,0.4424323475440191,-0.36943763133560525
765.7500000000675,7.091117185755267,62.380007988735905,-0.6345281912652523,-0.7810516929691167,0.4432633523152979,-0.37816832922953036
765.8500000000674,7.050953978487305,61.91194962193273,-0.5793146545712294,-1.0211592781862453,0.4459095229550091,-0.42772827134136343
765.9500000000676,6.621691720103818,62.42884018329573,-0.7263812208439728,-0.742403064659247,0.39961633240171246,-0.3494496264072353
766.0500000000675,6.316386008122753,62.65870779904321,-0.8092848320215585,-0.6157478383977327,0.36939656413637423,-0.3093816640598999
766.1500000000676,6.261633330496301,62.49564341092863,-0.7598696423029646,-0.6983926558117366,0.3724087342753714,-0.321965002418498
766.2500000000675,6.187508409937447,62.42419432033543,-0.7226287688754613,-0.7305891560535571,0.3724087342753714,-0.321965002418498
766.3500000000677,4.890463866846083,62.472874104882216,-1.3166702171626703,-0.698725123043746,0.2194944643135741,-0.3063218310969239
766.4500000000676,4.759894317451502,62.40146998342242,-1.2947207707313328,-0.7293573061534105,0.2194944643135741,-0.3063218310969239
766.5500000000677,4.291459487876246,62.66286626956325,-1.4502232907599115,-0.5807688742675042,0.17597683564283112,-0.2615047440218174
766.6500000000676,4.1473170429785995,62.603481858416444,-1.4326256071956445,-0.6069193486696622,0.17597683564283112,-0.2615047440218174
766.7500000000678,3.7645326027891874,62.51293357905242,-1.5383783592239484,-0.6478491098556517,0.1461770174552359,-0.2651035632369567
766.8500000000677,3.632308892123148,62.7820406730257,-1.5129716450404738,-0.49961588736959694,0.14879932292492593,-0.22229250266198458
766.9500000000678,3.7192637906950217,62.82088861285622,-1.3762366823343126,-0.4752985117732552,0.17823233544097827,-0.21096037915835036
767.0500000000677,3.7763491160892464,62.427532942874606,-1.256935140791835,-0.6785561309286758,0.20319180193781686,-0.25612643637537574
767.1500000000678,3.8342996062536794,62.897666869703556,-1.1429664534410287,-0.4251703513028398,0.22580311979459822,-0.18822933816846657
767.2500000000678,3.721131976508651,62.85420868788247,-1.1203861414615894,-0.44399328511966935,0.22580311979459822,-0.18822933816846657
767.3500000000679,3.7991713622661547,63.19922901259655,-0.9998027783528429,-0.2588155926078404,0.2497054507091089,-0.13814039547614462
767.4500000000678,3.7004396116845046,63.17265675135841,-0.9748322332819548,-0.2726296321554423,0.2497054507091089,-0.13814039547614462
767.5500000000679,4.084187411377911,63.258322782801656,-0.6969507686807346,-0.23406791684778042,0.3122541892348662,-0.12680582088002662
767.6500000000678,4.016053605456073,63.2342819620125,-0.6657253497572764,-0.24674849893577155,0.3122541892348662,-0.12680582088002662
767.750000000068,3.677601893603927,62.98341622927228,-0.7748025552227584,-0.3761964057955243,0.2783589485902096,-0.155239161286569
767.8500000000679,3.022362943811054,62.82744556492029,-1.0461760636398898,-0.45301021526460433,0.20563510483665892,-0.17025479364515753
767.950000000068,2.2220599263078054,62.305021269964975,-1.383065908561349,-0.716572730100335,0.11929538584574047,-0.23027607515389525
768.0500000000679,2.4890929405951336,62.90160736011627,-1.1592227012919065,-0.38592210198684573,0.17141738332569145,-0.14258331733896906
768.1500000000681,2.2753896842417465,63.211864845584756,-1.1926614032454605,-0.21932967894935718,0.15920492810445222,-0.09857145048367166
768.250000000068,2.15691956855783,63.189439020437426,-1.1767409104350297,-0.22918682399771537,0.15920492810445222,-0.09857145048367166
768.3500000000681,1.5841698705520963,62.86772481454187,-1.3955753676227762,-0.3938933360045179,0.10230978962040357,-0.13636897434316403
768.450000000068,1.4451238827380468,62.82765363606974,-1.3853443886607453,-0.40753023343882194,0.10230978962040357,-0.13636897434316403
768.5500000000682,0.8847348327775508,63.10029874176272,-1.5985790332847007,-0.2563231271380151,0.046848625164037414,-0.09573495855559765
768.6500000000681,0.7251111725750459,63.07418775425617,-1.5938941707683012,-0.26589662299356615,0.046848625164037414,-0.09573495855559765
768.7500000000682,0.9869592869563382,62.841453303617406,-1.3731920119819772,-0.3819403124016727,0.09903551954582115,-0.12166090369776408
768.8500000000681,0.7444405963718214,63.121590934101434,-1.417894022549959,-0.2278480560557751,0.08576345538779731,-0.08092867078356678
768.9500000000683,0.10997913336988463,62.77957661748041,-1.6623062318159179,-0.4009771583039248,0.024656291615333198,-0.12110797411353105
769.0500000000682,-0.3249948532915317,63.051326318379274,-1.8006126458196834,-0.24800179172283615,-0.00996780849412928,-0.08017568159674102
