时间(s),X坐标(m),Y坐标(m),Vx(m/s),Vy(m/s),Ax(m/s^2),Ay(m/s^2)
161.92351680643645,-3.4241448680555897,5.158206288036634,0.05600294753868041,-0.2052271299659052,0.02374045312798805,-0.03754422550432797
162.02351680643645,-3.590725580726883,5.272584379046566,-0.06590087766794793,-0.1059535327671903,-0.016353798769864408,-0.0028621833288854093
162.12351680643644,-3.5973974374875266,5.261974714853203,-0.06753625754493428,-0.10623975110007883,-0.016353798769864408,-0.0028621833288854093
162.22351680643644,-3.7051317378603104,5.13918125130366,-0.14539752193223954,-0.19043266749592097,-0.04176606507187475,-0.030622445534826858
162.32351680643643,-3.8894088197638594,5.146067867204245,-0.28175620644602467,-0.17336294020178022,-0.08681331075505277,-0.023814728236417962
162.42351680643642,-4.051104054880959,5.002694060621827,-0.3944079610791076,-0.2731245420180504,-0.12223538835182576,-0.05673521977432416
162.52351680643642,-4.194042690846603,4.901256705690877,-0.49211583572047385,-0.3395036558011839,-0.15263136717549297,-0.0781503562001157
162.6235168064364,-4.03094187971287,4.911157058278923,-0.3358545982528925,-0.31206465945964706,-0.09312575574610635,-0.06601373466568915
162.7235168064364,-4.064992968316888,4.879620523659632,-0.3451671738275026,-0.3186660329262156,-0.09312575574610635,-0.06601373466568915
162.8235168064364,-4.343277110512072,4.930990024483002,-0.5547902716507782,-0.25803510894818577,-0.16352929841819477,-0.042779077089195525
162.9235168064364,-4.399573784169237,4.904972618202739,-0.5711432014925968,-0.26231301665710505,-0.16352929841819477,-0.042779077089195525
163.0235168064364,-4.494029573077464,4.677253664978061,-0.6277760521239443,-0.44058986100959135,-0.1803208158359319,-0.10583612250290174
163.12351680643638,-4.557708782369034,4.63266549826459,-0.6458081337075364,-0.45117347325988094,-0.1803208158359319,-0.10583612250290174
163.22351680643638,-4.199452646835666,4.570655899961605,-0.3034046081740887,-0.4755476894028864,-0.051352112090532975,-0.11073506255004444
163.32351680643637,-4.0160015650537995,4.4712640333319005,-0.12361631237570926,-0.5305248561076534,0.015516498297589706,-0.12649689500974015
163.42351680643637,-3.8873113009484688,4.464830978933498,-0.0016658608769426018,-0.5031751659657128,0.05868227669856559,-0.11225755580033753
163.52351680643636,-3.708822897167227,4.43450117119118,0.16229468748166476,-0.4963490892727456,0.11692008126430989,-0.10565533728346266
163.62351680643636,-3.689017983540453,4.39962699791617,0.17653779341807696,-0.4939843822775985,0.11783419113904123,-0.10105447166691453
163.72351680643635,-3.670775033242951,4.349723287330078,0.18832121253198042,-0.5040898294442894,0.11783419113904123,-0.10105447166691453
163.82351680643634,-3.4905030495372427,4.622636494541669,0.3393463520679178,-0.23970380738522504,0.16836077144413697,-0.0030412448449765248
163.92351680643634,-3.4557266104732323,4.598650907578923,0.35618242921233056,-0.24000793186972266,0.16836077144413697,-0.0030412448449765248
164.02351680643633,-3.7637331882013685,5.111078551299739,0.07005127218589376,0.2227502281353713,0.056809689500496266,0.16497035793003817
164.12351680643633,-3.756444012535277,5.134178425902925,0.07573224113594305,0.23924726392837417,0.056809689500496266,0.16497035793003817
164.22351680643632,-3.6260703519515687,5.2448229721247515,0.1851116011131359,0.32785091879282924,0.09400784417032557,0.1906545521730697
164.32351680643632,-3.4286256030634386,4.926053832376092,0.34701654959028844,0.0481837152213527,0.14919902188715584,0.08331019257278607
164.4235168064363,-3.422270836878757,4.724093125730893,0.3374153367335881,-0.11668741237829335,0.14040546694781667,0.02163566442293252
164.5235168064363,-3.7425437140744813,5.032481824586984,0.04260213997927892,0.16167206789040853,0.026640942655060687,0.12263364407933187
164.6235168064363,-3.674239209911528,5.139985358748829,0.09886312665173332,0.2493903950671632,0.04584455091830328,0.14947823156969364
164.7235168064363,-3.664123674491764,5.165671789413392,0.10344758174356339,0.2643382182241317,0.04584455091830328,0.14947823156969364
164.8235168064363,-4.055359374266951,5.175807321301972,-0.22857874540600198,0.2669260430551938,-0.07508263768513189,0.1455601380587031
164.92351680643628,-4.078592661995976,5.203227726297784,-0.23608700917451475,0.28148205686106326,-0.07508263768513189,0.1455601380587031
165.02351680643628,-3.8978091720460055,5.244286193885018,-0.07336101787173836,0.3028659515940507,-0.014142876995199732,0.1470652988897306
165.12351680643627,-3.905215988218155,5.27530811553887,-0.07477530557125825,0.317572481483023,-0.014142876995199732,0.1470652988897306
165.22351680643627,-3.854812391523964,5.409110543970707,-0.02784151524895975,0.41607867352906414,0.003252359004934516,0.17700183706608577
165.32351680643626,-4.156356395916756,4.9779519233853975,-0.2795202510115553,0.03774388986178911,-0.08827777373927678,0.03418397256572597
165.42351680643625,-4.361260618212545,4.6201338176917055,-0.43538625478102994,-0.25760409081731933,-0.14121066557004563,-0.07261096379430754
165.52351680643625,-4.191503029946378,4.632675553403633,-0.2650473030744943,-0.2318365383103574,-0.07296535109511011,-0.060479158064583816
165.62351680643624,-4.0785064919435685,4.541306048733858,-0.15610572561486077,-0.29381367029276784,-0.031137186036144973,-0.08046446135758643
165.72351680643624,-4.094272750435234,4.511522359397795,-0.1592194442184751,-0.301860116428526,-0.031137186036144973,-0.08046446135758643
165.82351680643623,-4.146174105064682,4.4534532603387955,-0.19135003618115082,-0.33452628580981414,-0.041390525702816164,-0.08981702308495748
165.92351680643623,-4.16551606131131,4.419551546642391,-0.1954890887514322,-0.3435079881183094,-0.041390525702816164,-0.08981702308495748
166.02351680643622,-4.037646586141499,4.427971461917269,-0.07615645315061448,-0.31606812311248667,0.0033708736005515555,-0.07653840831902656
166.1235168064362,-4.045245377088558,4.395981957564428,-0.07581936579055934,-0.3237219639443889,0.0033708736005515555,-0.07653840831902656
166.2235168064362,-4.16915684415844,4.4348200269779054,-0.1722472708903852,-0.2723522428074643,-0.03157248672697228,-0.05537079250780309
166.3235168064362,-4.388257628029344,4.13504257563017,-0.34513179600022387,-0.50494915012002,-0.09342446653009254,-0.13754433443479563
166.4235168064362,-4.156741425862789,3.895825762830589,-0.13291429724707113,-0.6736657566351889,-0.013420504029856978,-0.19311779766839526
166.5235168064362,-4.021198178655037,3.683851511815642,-0.006096282835369426,-0.8154900564495227,0.034115854931906504,-0.23824280132187187
166.62351680643619,-3.931394107177936,3.7712219528866675,0.07222182287451552,-0.6993419393543143,0.061135271126034625,-0.18809556602482552
166.72351680643618,-3.9238662485348548,3.700347281121116,0.07833534998711864,-0.7181514959567958,0.061135271126034625,-0.18809556602482552
166.82351680643617,-3.7732342732971,3.8235976896660047,0.2015113718594984,-0.5774374083118524,0.1030607617706211,-0.1313791107211233
166.92351680643617,-3.752567832302298,3.765197053281217,0.21181744803655994,-0.590575319383964,0.1030607617706211,-0.1313791107211233
167.02351680643616,-3.2866476478728943,3.828984566123309,0.5958479900142006,-0.5056411727084321,0.23936110317540463,-0.09722659255967667
167.12351680643616,-3.225866043355601,3.77793431588967,0.6197841003317397,-0.5153638319643993,0.23936110317540463,-0.09722659255967667
167.22351680643615,-3.1344509074348923,3.9541809016134204,0.6671976569567689,-0.3369673328029664,0.24784439555398724,-0.029710034753767073
167.32351680643615,-2.9885862592007144,3.9486496080482936,0.7575061691967195,-0.3163343414098235,0.2717313213886534,-0.0211635098176107
167.42351680643614,-3.0748545019361213,3.7158086526199705,0.6489036274186772,-0.4841218464439327,0.22269249797930007,-0.08059758590117638
167.52351680643613,-3.223011615920536,3.96048252166109,0.48692452928708946,-0.24196652413689468,0.15435398951365426,0.011569706991122863
167.62351680643613,-3.2140736199689215,4.0644683832007855,0.46873496351421895,-0.13542521633715013,0.14222584320243728,0.049326243685992116
167.72351680643612,-3.1664889944014902,4.0511724927855015,0.4829575478344619,-0.1304925919685512,0.14222584320243728,0.049326243685992116
167.82351680643612,-3.3414428036833037,4.344052553224774,0.31043080806882273,0.12931871100681655,0.07457937386976776,0.14162431881230725
167.9235168064361,-3.3100268260070744,4.357692545919516,0.3178887454557991,0.14348114288804648,0.07457937386976776,0.14162431881230725
168.0235168064361,-3.373161559098749,4.312534591871288,0.2494570447256115,0.10421324273310768,0.04809938433089497,0.12137214012944765
168.1235168064361,-3.3479753577045352,4.323562776845246,0.2542669831587007,0.11635045674605175,0.04809938433089497,0.12137214012944765
168.2235168064361,-3.734304507790466,4.1070193588786195,-0.08326757984692972,-0.05996348680962949,-0.07555368952542921,0.05376255952231719
168.3235168064361,-3.551255790785299,4.338565322703328,0.07037335239889012,0.14311603908671375,-0.01681282149350393,0.12531824498671612
168.42351680643608,-3.8436896127376743,4.363301067992895,-0.17999212401940784,0.1637152408495801,-0.10659627590769483,0.12821125176271303
168.52351680643608,-3.863931639533644,4.428946018477815,-0.1921220417131892,0.21797719224809922,-0.10714141054812135,0.14347023401102657
168.62351680643607,-4.114347381538463,4.248870728669725,-0.3941337260884903,0.06577066454640443,-0.17611574025361848,0.0838202681741826
168.72351680643607,-4.154641332848577,4.2558668964652355,-0.41174530011385113,0.07415269136382222,-0.17611574025361848,0.0838202681741826
168.82351680643606,-3.82840973308664,3.882592505158727,-0.11951003288137334,-0.2334851155573077,-0.06313512541474317,-0.030153523535627405
168.92351680643606,-3.84067641200185,3.85909322598532,-0.1258235454228473,-0.23650046791087026,-0.06313512541474317,-0.030153523535627405
169.02351680643605,-3.966997024801528,4.205758848666418,-0.2211254784821242,0.06429686405438459,-0.093792796120334,0.07848030536236433
169.12351680643604,-3.989578536630341,4.212580936598668,-0.23050475809415705,0.07214489459062058,-0.093792796120334,0.07848030536236433
169.22351680643604,-3.8979756365183715,3.958443832532241,-0.14425519807159193,-0.13553183193035256,-0.05925846568925174,0.0011731930622485287
169.32351680643603,-3.695568132187338,3.8776294196313263,0.03229400664146488,-0.19144576491425788,0.007226579195244574,-0.019103099103870536
169.42351680643603,-3.704198352358842,3.88107884357473,0.023138168736111606,-0.1746787610402647,0.0036605648772802947,-0.012406275996063948
169.52351680643602,-3.8432751652150943,3.5715246226858346,-0.09806546591838981,-0.42469730609781925,-0.041409367812472196,-0.10399963574598171
169.62351680643602,-4.153264266669314,3.460362035293225,-0.35092898274110534,-0.49113039642877854,-0.13108147480057242,-0.12406558387131808
169.723516806436,-4.189012572317425,3.4106286677309936,-0.36403713022116185,-0.5035369548159097,-0.13108147480057242,-0.12406558387131808
169.823516806436,-4.681969362716924,3.7145343612658484,-0.7563714991333355,-0.22518886365110202,-0.26821339051458837,-0.020138266840437843
169.923516806436,-4.758947579582825,3.691914783566537,-0.7831928381847928,-0.2272026903351457,-0.26821339051458837,-0.020138266840437843
170.023516806436,-4.414701899471051,3.733928884317039,-0.4483432312806245,-0.17809111596047353,-0.13488044963704804,-0.0024354887961668403
170.123516806436,-4.460210624847297,3.7161075952770117,-0.4618312762443285,-0.1783346648400902,-0.13488044963704804,-0.0024354887961668403
170.22351680643598,-4.28446762915446,3.4111558202263765,-0.29042784313552467,-0.4149626459223206,-0.0681107240576075,-0.08722459590312016
170.32351680643598,-4.141406523588869,3.4864703383282905,-0.15232739166966133,-0.32603045057614427,-0.015311491362739842,-0.05188558785052781
170.42351680643597,-4.200266448862031,3.7970659871421635,-0.19002173673785347,-0.04851482643732062,-0.02836613002078474,0.04948028138784791
170.52351680643596,-4.0455480144118905,3.757608523488211,-0.04339504541978599,-0.07325709895500254,0.027045997330993915,0.0385488921355594
170.62351680643596,-4.27851964262995,3.5975155314918963,-0.23036375874402298,-0.1951183092308341,-0.04133839885890822,-0.006472029432032039
170.72351680643595,-4.301762710498646,3.5779713404216538,-0.23449759862991357,-0.19576551217403726,-0.04133839885890822,-0.006472029432032039
170.82351680643595,-4.56990451755603,3.280875359834803,-0.44163160628772596,-0.4256431099143027,-0.11464858303746937,-0.08892336037185118
170.92351680643594,-4.614640921099988,3.237866432041516,-0.45309646459147224,-0.4345354459514873,-0.11464858303746937,-0.08892336037185118
171.02351680643594,-4.383710265917149,3.4806916634551714,-0.23585078394592476,-0.2060507131015962,-0.03238793665183513,-0.003399303306436471
171.12351680643593,-4.407457283995,3.460069595628481,-0.23908957761110808,-0.20639064343223984,-0.03238793665183513,-0.003399303306436471
171.22351680643592,-4.334905428754181,3.723005316080232,-0.16207422946214783,0.026758467935873095,-0.0034052534890254525,0.08035306323011918
171.32351680643592,-4.085157268360027,3.6830629436019096,0.06109123251200779,-0.0010372912598267852,0.07803170245899,0.06738635327188157
171.4235168064359,-3.9882015821946,3.716592933582532,0.1440066733723927,0.03310821890993936,0.10514710194792859,0.07721349152349075
171.5235168064359,-4.054743657305865,3.702455401730216,0.08448586594250714,0.025637098238593777,0.07918173124535388,0.07161983206353502
171.6235168064359,-4.147635854217665,3.487930554246068,0.008053091739164823,-0.1459178457671992,0.04876963573515285,0.007617519491128905
171.7235168064359,-4.146586696865072,3.4733768572668047,0.012930055312679831,-0.14515609381808636,0.04876963573515285,0.007617519491128905
171.8235168064359,-3.873954520038376,3.4693143776589834,0.2454167094838267,-0.13440833087603427,0.13164907006392962,0.01158157726141569
171.92351680643588,-3.8487546037396747,3.455931452457688,0.25858161649021894,-0.13325017314989276,0.13164907006392962,0.01158157726141569
172.02351680643588,-3.830219278882311,3.210973417399409,0.25886257425498105,-0.3283693555639524,0.1252240934039836,-0.06038793489875343
172.12351680643587,-3.8037069009897944,3.177834542168522,0.2713849835953787,-0.33440814905382743,0.1252240934039836,-0.06038793489875343
172.22351680643587,-3.874507170705043,3.032868854967107,0.20204005919404172,-0.43201999866469243,0.09565870326793309,-0.09323530551952677
172.32351680643586,-3.539821215413469,2.9350031023781393,0.4754741870582089,-0.4864843732620658,0.19180240558545725,-0.10957114555224778
172.42351680643586,-3.596464106078914,3.267864510328991,0.4073415806568013,-0.18296630225559626,0.16028254368791742,0.0031889199637794297
172.52351680643585,-3.9630419687540575,3.552915833973099,0.07252952299718606,0.07574965286179748,0.030209823893264404,0.09832735733542536
172.62351680643584,-4.184202842829808,3.7278440556334753,-0.11395494042901529,0.22272403742945765,-0.038115004678958495,0.14744076305768458
172.72351680643584,-4.195788911896104,3.750853663191708,-0.11776644089691092,0.23746811373522528,-0.038115004678958495,0.14744076305768458
172.82351680643583,-4.59082427924155,3.608027016100177,-0.44284587529630093,0.11585067769562775,-0.15500362004501878,0.09889155661012566
172.92351680643583,-4.6358838848714035,3.6201065416527896,-0.45834623730080193,0.12573983335663974,-0.15500362004501878,0.09889155661012566
173.02351680643582,-4.184315600619241,3.547951469878385,-0.05788824683924124,0.06647494793000451,-0.0041554804301721406,0.07436971613135461
173.12351680643582,-4.190125202705316,3.5549708132520417,-0.05830379488225843,0.07391191954313955,-0.0041554804301721406,0.07436971613135461
173.2235168064358,-4.313629698550075,3.0708898320802698,-0.15644127770865424,-0.32359993126548137,-0.039446546021190285,-0.07088585724906928
173.3235168064358,-3.943269371551529,3.13746910326574,0.16415237502986751,-0.24798750934566627,0.07880297186374005,-0.04095753917546613
173.4235168064358,-3.837494943204168,3.1166353796184874,0.24590658097374757,-0.2486510557987698,0.1054713714264952,-0.039726867596742196
173.5235168064358,-3.6739361691948726,3.1277346739875016,0.3754660361978547,-0.22181787245749468,0.14959471098393934,-0.02838455487439791
173.6235168064358,-3.750494147358415,3.2536768155098654,0.29520022965005527,-0.10279851705158038,0.11526194103900045,0.01525534686242071
173.72351680643578,-3.720397814688216,3.2434732405390196,0.30672642375395465,-0.1012729823653384,0.11526194103900045,0.01525534686242071
173.82351680643578,-3.539803490488032,3.600404997514187,0.44322010127963785,0.20310848840658977,0.1606533643002713,0.12410767647314548
173.92351680643577,-3.4946782135385694,3.621336384737211,0.45928543770966407,0.2155192560539036,0.1606533643002713,0.12410767647314548
174.02351680643577,-3.4898775834056437,3.049954618174538,0.43522056352815286,-0.2626975985257037,0.14465760318688947,-0.0524437313430352
174.12351680643576,-3.4456322390368963,3.0234226396652537,0.449686323846841,-0.2679419716600069,0.14465760318688947,-0.0524437313430352
174.22351680643575,-3.4729943159072763,3.174164929332956,0.4034740684302911,-0.12679990317625053,0.12274449441094847,6.522632189487343e-05
174.32351680643575,-3.5180563400650127,3.0665925864866685,0.3434604212803203,-0.20582873483145855,0.09640544213772029,-0.028536538457005732
174.42351680643574,-3.6618520850869833,2.828904743718616,0.20477743180280827,-0.3872655881796856,0.042860814910038306,-0.09257032402856535
174.52351680643574,-3.6708121655131047,2.9270760752489164,0.18357270997201802,-0.2795104855755629,0.03341020188208535,-0.049488009957116476
174.62351680643573,-3.9392193736825725,2.767681905672217,-0.050983619666907364,-0.39228726498852057,-0.052361929348757996,-0.08810352592095419
174.72351680643573,-3.944579545296007,2.728012661543762,-0.05621981260178287,-0.40109761758061546,-0.052361929348757996,-0.08810352592095419
174.82351680643572,-4.1884185546129284,3.08862415354542,-0.2609079444833723,-0.07953369917531417,-0.12489905844596344,0.030453992941683695
174.9235168064357,-4.215133844353494,3.0808230535925976,-0.27339785032796793,-0.07648829988114597,-0.12489905844596344,0.030453992941683695
175.0235168064357,-3.8204127648178416,3.340456891770964,0.0735263761431142,0.14700567338992512,0.007271684278603127,0.10968092699376218
175.1235168064357,-3.8130237687821373,3.3557058637449244,0.07425354457097448,0.15797376608930072,0.007271684278603127,0.10968092699376218
175.2235168064357,-3.78349098878413,3.2686770625283237,0.09331274588818318,0.08383081612859579,0.013892070228574242,0.07915150973330619
175.3235168064357,-3.893520719761818,3.1577582520543324,-0.005659395382713633,-0.007949228236062774,-0.02267581962076585,0.04307323848163266
175.42351680643569,-3.9142899664471122,3.2922723465394697,-0.02460901238546217,0.10755462015739102,-0.028698016121726466,0.08294448889474862
175.52351680643568,-3.856289624695492,3.1163987605107484,0.024620759010727373,-0.04348603561877617,-0.009382306039068526,0.02427941073635801
175.62351680643567,-3.9534885045320864,3.1560867509451316,-0.058908308871217084,-0.004964784370008044,-0.0391598256835261,0.03720520250244745
175.72351680643567,-3.9595751345476256,3.1557762985206432,-0.06282429143956947,-0.0012442641197635104,-0.0391598256835261,0.03720520250244745
175.82351680643566,-4.008598281013152,3.131454675854668,-0.10278098260414471,-0.016215830081951224,-0.05236914353831787,0.030872436739696668
175.92351680643566,-4.0191382249912575,3.129987455030171,-0.1080178969579762,-0.013128586407981733,-0.05236914353831787,0.030872436739696668
176.02351680643565,-3.700924556168812,3.4618910434683015,0.1692900896268469,0.2667957917902194,0.0522411379526796,0.13092220311613026
176.12351680643565,-3.683734341516365,3.4892252336629026,0.17451420342211457,0.2798880121018317,0.0522411379526796,0.13092220311613026
176.22351680643564,-3.650156895025373,3.29919886938126,0.1929154965387537,0.11294359212380731,0.056999912895566385,0.06634287220933861
176.32351680643563,-3.436734451180062,3.37523561759678,0.3615105681361293,0.17322500435234303,0.11635273938650878,0.08575700408939531
176.42351680643563,-3.6588249681241085,3.3355865988834332,0.15822720322105238,0.1345541148440043,0.038767340730378796,0.06881600033161223
176.52351680643562,-3.591917507550654,3.448097161995973,0.20585290235175494,0.22552372766667908,0.05498709662495536,0.09977609602306436
176.62351680643562,-3.6118014804368705,3.4644769680269576,0.17757025605853202,0.23001816444275175,0.04280747649076629,0.09781245364458686
176.7235168064356,-3.5938304174485647,3.4879678467394544,0.1818510037076084,0.23979940980720987,0.04280747649076629,0.09781245364458686
176.8235168064356,-3.516120063726879,3.2584569048119087,0.23325618615597093,0.038363627190072046,0.059250896213086476,0.021460853493693463
176.9235168064356,-3.4924981906302177,3.262400571798384,0.23918127577727924,0.04050971253944127,0.059250896213086476,0.021460853493693463
177.0235168064356,-3.9747981487513817,3.084753073013384,-0.18350777602138232,-0.11048432557401248,-0.09779174951176117,-0.03445089252549921
177.1235168064356,-3.993637885101078,3.0735323859933557,-0.19328695097255788,-0.11392941482656221,-0.09779174951176117,-0.03445089252549921
177.22351680643558,-3.728352775941678,3.0210595138480274,0.033737702194642935,-0.1510548813165434,-0.012272982536471772,-0.046532079111006465
177.32351680643558,-3.7288729711053166,2.9512451702244547,0.029289743740984916,-0.20108086710965167,-0.01344646970248404,-0.06295184245364394
177.42351680643557,-3.782030106479526,2.8001205548108223,-0.018571190829138336,-0.3149575869901689,-0.030238799737114012,-0.10152688469790155
177.52351680643557,-3.626171227525143,3.1409935993390414,0.1141173203972095,-0.007471758497118175,0.02007603278235847,0.015423421678819924
177.62351680643556,-3.9180421265351852,2.8847414977140096,-0.1354124672044369,-0.21598886157769748,-0.07061392838418035,-0.05980339328831935
177.72351680643555,-3.9319364428975487,2.8628435945897994,-0.14247386004285453,-0.22196920090652908,-0.07061392838418035,-0.05980339328831935
177.82351680643555,-3.7705541203978385,2.970793583661807,-0.004529248319738377,-0.12053683296413659,-0.018548964207071344,-0.02126156479152679
177.92351680643554,-3.771099790050848,2.958633592541436,-0.006384144740445406,-0.12266298944328914,-0.018548964207071344,-0.02126156479152679
178.02351680643554,-3.9037842296509133,2.958435794879045,-0.12744423804952265,-0.11151618441272396,-0.06432320949865789,-0.01558275053973257
178.12351680643553,-3.916850269503358,2.9472062626850746,-0.13387655899938808,-0.11307445946669713,-0.06432320949865789,-0.01558275053973257
178.22351680643553,-4.051502591933229,2.6722191334044822,-0.2407631049055273,-0.3316630763959814,-0.10060100739689137,-0.09343176103832602
178.32351680643552,-3.698846734599766,2.7669945390240756,0.06617991182880849,-0.23405555297355782,0.014902977927813477,-0.05472782336950042
178.42351680643552,-3.800255922258178,2.9000306773417197,-0.022093985404859764,-0.11053485602742479,-0.01750180028139895,-0.008475194042503811
178.5235168064355,-4.062062781308792,2.6486383289061077,-0.2469349504577443,-0.3160813355429266,-0.10021182664046133,-0.08384264708167337
178.6235168064355,-3.8873110372942543,2.452530982368316,-0.09117898687000092,-0.45932074518650073,-0.04044209275090922,-0.13213718098283506
178.7235168064355,-3.8966311464450087,2.4059382219447545,-0.09522319614509162,-0.4725344632847835,-0.04044209275090922,-0.13213718098283506
178.8235168064355,-3.700425774749473,2.5005243067609473,0.07411134818644866,-0.3705730595099885,0.02281934871546419,-0.09139445252261463
178.9235168064355,-3.6929005431872515,2.4630100285473375,0.07639328305799495,-0.37971250476224944,0.02281934871546419,-0.09139445252261463
179.02351680643548,-3.628778694681914,2.358976708229688,0.12780789878032678,-0.44669418287519264,0.04121993119165561,-0.11322511024192765
179.12351680643548,-3.6157918051479236,2.3137411643909616,0.1319298918994921,-0.45801669389938476,0.04121993119165561,-0.11322511024192765
179.22351680643547,-3.8450534962670675,2.0945992210995,-0.06550000568358004,-0.6115887519139575,-0.03156803524642035,-0.16425017141036063
179.32351680643546,-3.827510399948606,2.1560493612067573,-0.048277949599046785,-0.5252097100937924,-0.02414274706629535,-0.1270468440201803
179.42351680643546,-3.8475164275069043,2.3136527827694686,-0.06319550718327611,-0.3644366818702645,-0.028656418786723023,-0.06484369714243168
179.52351680643545,-3.8524347478802543,2.1773400994535965,-0.06473339076309707,-0.4557192796584209,-0.028164157647687916,-0.09606528454522438
179.62351680643545,-3.702407947644559,2.1576430758402907,0.0623225218785525,-0.4436647984700186,0.01866035759756258,-0.08830801013475184
179.72351680643544,-3.6960823936687164,2.1128350559426177,0.06418855763830865,-0.45249559948349327,0.01866035759756258,-0.08830801013475184
179.82351680643544,-3.5339909953961306,2.102641590586357,0.19487554942678412,-0.43054717351652166,0.0650851721964732,-0.07684523280991573
179.92351680643543,-3.514178014592471,2.0592026470706575,0.20138406664643108,-0.4382316967975128,0.0650851721964732,-0.07684523280991573
180.02351680643542,-3.724085025224428,1.9405085349195206,0.012587657644006338,-0.5005219482965607,-0.006575129321099611,-0.09453640728584005
180.12351680643542,-3.7228591351066327,1.8899836580534382,0.011930144711896415,-0.5099755890251442,-0.006575129321099611,-0.09453640728584005
180.2235168064354,-3.763768322904868,2.195583392283228,-0.023669777613697353,-0.22544403197698187,-0.01919414725742592,0.010916390480227606
180.3235168064354,-3.704818453961174,2.1764762770352903,0.026018016947214402,-0.22153496477749923,-0.0003904257187981007,0.011935977674135883
180.4235168064354,-3.7521978938075677,2.3292797478301828,-0.015522231704379474,-0.07638219509129296,-0.015372316650184533,0.06355479017983269
180.5235168064354,-3.6895579747838747,2.463129543355161,0.038190142241889755,0.05023056206823881,0.005111256171259503,0.10783193143824735
180.6235168064354,-3.7391941435248373,2.287547996070712,-0.00564005975764432,-0.08786586693784437,-0.010875684214708749,0.05451492992551457
180.72351680643538,-3.7398125279216754,2.279033984026556,-0.006727628179115133,-0.08241437394529322,-0.010875684214708749,0.05451492992551457
180.82351680643538,-3.740235340907475,2.1484467922967774,-0.006025206542731754,-0.17757343839156625,-0.009812829651917883,0.018510203631612685
180.92351680643537,-3.740886925710008,2.13078199947578,-0.007006489507923486,-0.17572241802840508,-0.009812829651917883,0.018510203631612685
181.02351680643537,-3.7004974565472715,2.363668760082447,0.01809005775661424,0.03570778403892335,-0.0026863048729953293,0.09466600637849687
181.12351680643536,-3.698701882295975,2.3677128685182316,0.01782142726931472,0.0451743846767725,-0.0026863048729953293,0.09466600637849687
181.22351680643536,-3.7562713935509824,2.023871954959244,-0.031733004258390714,-0.2325614068628086,-0.020485260876891506,-0.00835379196005731
181.32351680643535,-3.7429055240121287,1.7704179591664722,-0.01979704995064139,-0.42509190732061936,-0.015389843416895378,-0.0777255311187045
181.42351680643534,-3.8372794409789392,2.099366855194215,-0.09799334157678727,-0.12679484728989568,-0.043063049221533575,0.032020515397331736
181.52351680643534,-3.8756216840328825,2.2263894500842376,-0.12665179582605063,-0.004722570573455838,-0.05209151229606297,0.0757869620828606
181.62351680643533,-3.9214082939675747,2.7475981752157876,-0.15910625407378967,0.43130726572345657,-0.06191460787172907,0.2292245498290918
181.72351680643533,-3.9376284924143117,2.7918750245372763,-0.16529771486096223,0.45422972070636447,-0.06191460787172907,0.2292245498290918
181.82351680643532,-3.770795781959859,2.9023838104891686,-0.015433849529489202,0.5304916991804903,-0.004595727926044471,0.2485501896531516
181.92351680643532,-3.7723621455524383,2.9566757313554803,-0.015893422322093623,0.555346718145804,-0.004595727926044471,0.2485501896531516
182.0235168064353,-4.141494457917041,2.668755760094848,-0.3302468379393344,0.2866921138940148,-0.1204107517173146,0.1405168351821089
182.1235168064353,-4.1751211954695595,2.6981275556601583,-0.34228791311106516,0.30074379741222484,-0.1204107517173146,0.1405168351821089
182.2235168064353,-4.126459464087188,2.4637682167815016,-0.28498079514881114,0.09650171826542117,-0.09536651154121228,0.062214634292394946
182.3235168064353,-3.9746627155874563,2.4214131222739113,-0.1426090775176763,0.05914933051841368,-0.04001682869804158,0.04644587701782339
182.4235168064353,-4.140721728528884,2.6014153696411255,-0.2724929165063707,0.20689524605818058,-0.08546015219507327,0.09775709612213784
182.52351680643528,-4.198581635965315,2.493901103348998,-0.30698637377528637,0.10704290068549259,-0.09508006373837341,0.05739349441717551
182.62351680643528,-4.139563967742609,2.7330852347045957,-0.24171568343198507,0.3003309034132019,-0.06811915320907316,0.12455870942528369
182.72351680643527,-4.164076131851851,2.7637411185930403,-0.24852759875289201,0.31278677435572955,-0.06811915320907316,0.12455870942528369
182.82351680643526,-4.1012294900813835,2.504487697020525,-0.18390447561721224,0.08389069250004541,-0.04277257408424676,0.03752265995710835
182.92351680643526,-4.119833800513525,2.5130643795703147,-0.18818173302563668,0.08764295849575603,-0.04277257408424676,0.03752265995710835
183.02351680643525,-3.9518849373320837,2.580077693578969,-0.027951741397080097,0.13794184306754959,0.019249176702239884,0.0538655786198094
183.12351680643525,-3.9545838655882806,2.5941412057788225,-0.02602682372685622,0.14332840092953023,0.019249176702239884,0.0538655786198094
183.22351680643524,-3.919450857878052,2.8823161670675215,0.007161082302567253,0.3739547082345939,0.030539417351576545,0.13465931222707478
183.32351680643524,-3.7208795639911254,2.5767576627746047,0.17635092414144846,0.10121629609131438,0.09107307624761962,0.031086029178596916
183.42351680643523,-3.8009409697977112,2.3969076038095456,0.10395605824406148,-0.052170052844780525,0.061650878922491895,-0.025027683283034223
183.52351680643523,-3.6283018461698915,2.3173285702720015,0.24933070146464445,-0.11791225634202424,0.11326227112379109,-0.04831160794566546
183.62351680643522,-3.525891406011315,2.2282068414621716,0.32442452971866886,-0.1861017841235401,0.13625321191996215,-0.07100160473658454
183.7235168064352,-3.49276768697985,2.2092416550261356,0.3380498509106643,-0.19320194459719814,0.13625321191996215,-0.07100160473658454
183.8235168064352,-3.0455744268741953,1.7882634654968703,0.6966778210907957,-0.5343033429231787,0.26147644723743013,-0.19180892878393063
183.9235168064352,-2.974599262528933,1.733874086560636,0.7228254658145372,-0.5534842358015707,0.26147644723743013,-0.19180892878393063
184.0235168064352,-2.9314395410264042,1.9493481098866807,0.7220183535260075,-0.34408644858505866,0.25126541806816194,-0.10845115956846468
184.1235168064352,-2.857981378583467,1.9143972092303345,0.7471448953328222,-0.3549315645419045,0.25126541806816194,-0.10845115956846468
184.22351680643519,-3.01536271827012,1.8773113044192344,0.5784512067559219,-0.36664157893377497,0.18126964483611002,-0.10876139954133626
184.32351680643518,-3.3271807374122795,2.1168949045206995,0.2851764489263133,-0.14698028884011294,0.06780659665426042,-0.025333181035440785
184.42351680643517,-3.4079051405467236,2.0512160813916474,0.20096447787204855,-0.19137199316233616,0.034958354448202195,-0.04034216005083068
184.52351680643517,-3.460758472133453,1.7657331585641278,0.1415979149825472,-0.4221236413541006,0.011652368824537719,-0.12381652373956309
184.62351680643516,-3.4669459039891337,1.653279008233165,0.12584479364792425,-0.4917272572149749,0.005552578881450311,-0.14430894217833248
184.72351680643516,-3.4543336617299345,1.6033847378007788,0.12640005153606926,-0.5061581514328073,0.005552578881450311,-0.14430894217833248
184.82351680643515,-3.6759192466068313,1.834140207265568,-0.06941643791737298,-0.28324284392055676,-0.0658704361613617,-0.057776603332238136
184.92351680643515,-3.6831902425793754,1.8055270398568526,-0.07600348153350878,-0.28902050425378023,-0.0658704361613617,-0.057776603332238136
185.02351680643514,-3.4384548408393654,1.66053217869397,0.12736652983429678,-0.39184097754088765,0.009986960953987654,-0.0930685503458991
185.12351680643513,-3.4256682530511666,1.620882738188154,0.1283652259296955,-0.40114783257547704,0.009986960953987654,-0.0930685503458991
185.22351680643513,-3.5297490129744635,1.4659189463680826,0.032211989225532894,-0.5046297987975522,-0.025098255093118742,-0.12684926118654793
185.32351680643512,-3.573136648009444,1.5798787148857862,-0.009359317158932914,-0.37984010436077653,-0.03933078615839361,-0.07709915041114798
185.42351680643512,-3.4536918938765373,1.3822670443228167,0.08683117711358769,-0.5186233508362412,-0.003186283611678456,-0.12409754329481573
185.5235168064351,-3.3904472468264104,1.422140791552786,0.13343070532270704,-0.4523582396690698,0.014208437421752929,-0.09513049708091847
185.6235168064351,-3.4851938998918914,1.3738410813984623,0.04517455472632815,-0.46399852383924706,-0.018123945021918962,-0.09589230559041699
185.7235168064351,-3.4807670641443686,1.3269617674865883,0.04336216022413636,-0.4735877543982882,-0.018123945021918962,-0.09589230559041699
185.8235168064351,-3.6752308385630177,1.8967112731472366,-0.12139191283988958,0.02538670110081074,-0.07641299279267164,0.08659733367714105
185.9235168064351,-3.687752094810969,1.8996829299257032,-0.1290332121191563,0.03404643446852435,-0.07641299279267164,0.08659733367714105
186.02351680643508,-3.5971938484283434,1.8249172112977268,-0.040581102742492214,-0.02868312432185456,-0.038919244915059145,0.059103562492276246
186.12351680643508,-3.6014465549271675,1.8223444166780027,-0.04447302723399791,-0.02277276807262727,-0.038919244915059145,0.059103562492276246
186.22351680643507,-3.885549717797609,1.3086514261746982,-0.28048299774312424,-0.43816786467465935,-0.12274579944966126,-0.09201914390980481
186.32351680643507,-3.951153924153541,1.5575455521515782,-0.323801303890577,-0.2031900448010393,-0.13405696297085723,-0.003653969452884001
186.42351680643506,-4.061403544541294,1.4758020584109908,-0.4013107551823957,-0.25409932741177244,-0.15719834984730488,-0.02177727013028215
186.52351680643505,-3.8748707366633077,1.6799688044322818,-0.22150062768841086,-0.06061711452107937,-0.08470638938633397,0.05026213515655943
186.62351680643505,-3.6409250319797977,1.5121778618915818,-0.017288972885582746,-0.18872052927673288,-0.00802534860249382,0.0025855459083605273
186.72351680643504,-3.642694056011368,1.4933187366934513,-0.018091507745832083,-0.18846197468589684,-0.00802534860249382,0.0025855459083605273
186.82351680643504,-3.81902562788182,1.3673081291025706,-0.16526477792653402,-0.2780924230430982,-0.06129032615829623,-0.03011044065556504
186.92351680643503,-3.835858557305264,1.3393483345949846,-0.1713938105423633,-0.2811034671086546,-0.06129032615829623,-0.03011044065556504
187.02351680643503,-3.6885464335166347,1.3597074815628787,-0.03321593999336775,-0.23881676271668287,-0.007057804544522983,-0.012373390862587728
187.12351680643502,-3.691903316538694,1.3357639383368989,-0.033921720447820006,-0.24005410180294157,-0.007057804544522983,-0.012373390862587728
187.22351680643501,-3.7321695385621663,1.3031213529109686,-0.06522544886396212,-0.2483517200477488,-0.01810787409948785,-0.014905920378104415
187.323516806435,-3.5235496789617216,1.3983695248430612,0.11383108167454507,-0.14976380222798535,0.04779335810475028,0.02131106957638945
187.423516806435,-3.7890491589921784,1.4163832460295374,-0.11150247321676518,-0.12056602013087189,-0.03527714891039479,0.0310162492520679
187.523516806435,-3.8754699122252583,1.337549024424056,-0.17958573244126802,-0.17448168411205164,-0.05921086171856306,0.010023236651201629
187.623516806435,-3.6985685934638535,1.1904502536421058,-0.023701393459677676,-0.28007863625827417,-0.0008731026744579623,-0.02815226156813413
187.723516806435,-3.7009430983231932,1.1623016287084393,-0.023788703727123467,-0.2828938624150874,-0.0008731026744579623,-0.02815226156813413
187.82351680643498,-3.640887791206616,0.8618890447126236,0.028240699503388693,-0.5129235130808276,0.018022134969893317,-0.11056109205213166
187.92351680643498,-3.6379736105814278,0.8100438879442832,0.03004291300037792,-0.5239796222860401,0.018022134969893317,-0.11056109205213166
188.02351680643497,-3.514457706005813,1.2763060344749129,0.1438831679174413,-0.10394934061473646,0.061890728540001036,0.04510140445332888
188.12351680643496,-3.4997599355713698,1.2661366074357063,0.15007224077144105,-0.09943920016940383,0.061890728540001036,0.04510140445332888
188.22351680643496,-3.332385641168834,1.1281831738155517,0.2825590207604932,-0.20050835935507325,0.10750157964093922,0.007229999295172276
188.32351680643495,-3.5886870929051846,1.3340263806558263,0.05373459467459186,-0.011670168275554709,0.020209632854777407,0.07530621263870566
188.42351680643495,-3.252314300029379,1.4429388387632294,0.3305229283616567,0.0861577079764827,0.11940035920160451,0.10768370560246497
188.52351680643494,-3.2076557477535994,1.6651121911639837,0.35192720220498874,0.2783885776061431,0.12290918798990064,0.1744958007163424
188.62351680643494,-3.3381116024614745,1.6331019559656614,0.22636797875858636,0.24593191452435173,0.0732083304637638,0.1566232994058355
188.72351680643493,-3.3151087629332987,1.6584782639151243,0.23368881180496232,0.2615942444649344,0.0732083304637638,0.1566232994058355
188.82351680643492,-3.3814013767070477,1.8216138377656705,0.16423433873846935,0.38814320967276217,0.04493364352927999,0.19607170885573189
188.92351680643492,-3.3647532746155555,1.861408517277223,0.1687277030913971,0.40775038055833424,0.04493364352927999,0.19607170885573189
189.0235168064349,-3.3941769520335923,1.8130841300900054,0.12919812274044576,0.3530278061351628,0.027509169918991196,0.16936071089899987
189.1235168064349,-3.3811195939099536,1.8492337142580144,0.13194903973234473,0.36996387722506185,0.027509169918991196,0.16936071089899987
189.2235168064349,-3.275746615509694,1.6663824309872406,0.21114800304003775,0.20519632366131285,0.055117434047958186,0.10418343076914022
189.3235168064349,-3.124183567028148,1.416469340738603,0.32604811257807714,-0.010060403150369494,0.09497443087169496,0.02251483127893142
189.4235168064349,-3.1618382655996045,1.6563440278266168,0.2768099834325724,0.19036901905048623,0.07377095222122562,0.0935746307019403
189.52351680643488,-3.0846616292549225,1.497564621290004,0.32641949613803717,0.047853323528839156,0.08942845401564686,0.037656939889129375
189.62351680643488,-2.945100654096688,1.553153874607866,0.4236390692820629,0.09321932806953233,0.1212559806103718,0.05255490771589022
189.72351680643487,-2.9021304672654322,1.562738581953398,0.4357646673430994,0.09847481884112105,0.1212559806103718,0.05255490771589022
189.82351680643487,-2.966436380585056,1.2517780349707441,0.3593061159894892,-0.16217134358990934,0.08967009801958073,-0.043267409301672125
189.92351680643486,-2.9300574184960113,1.2353445635652458,0.3682731257914468,-0.1664980845200763,0.08967009801958073,-0.043267409301672125
190.02351680643486,-2.80147120877364,1.63226755154198,0.45799437785110725,0.1746904210990351,0.12022759380585513,0.08204437711288558
190.12351680643485,-2.7550706330195025,1.6501468155374468,0.4700171372316921,0.1828948588103232,0.12022759380585513,0.08204437711288558
190.22351680643484,-2.8927645306455023,1.8690657954923988,0.32813406085725044,0.35594514305532404,0.06464640933762021,0.14117475460674112
190.32351680643484,-3.17488491261439,1.5069751879710491,0.06967786454253481,0.03824601752190082,-0.03188075659420196,0.021095043967158333
190.42351680643483,-3.166941134603514,1.350261196609484,0.067432584919656,-0.09187172640036444,-0.0315404082350618,-0.026317103861991098
190.52351680643483,-3.3246568353886934,1.6922908920818522,-0.0769649656749666,0.20479624836763738,-0.08390588100402992,0.08388108658852297
190.62351680643482,-3.2629139481846243,1.4721203464769035,-0.027434945355369254,0.015052515546488603,-0.06302303054033377,0.012925803787162196
190.72351680643482,-3.2659725578728627,1.4736902270504881,-0.03373724840940227,0.01634509592520475,-0.06302303054033377,0.012925803787162196
190.8235168064348,-3.462105858494803,1.6453086716233998,-0.20105499928231169,0.15918153440103436,-0.12150374169767277,0.06415426824043804
190.9235168064348,-3.482818877131521,1.6615475964047044,-0.21320537345207827,0.1655969612250778,-0.12150374169767277,0.06415426824043804
191.0235168064348,-3.5592362066636305,1.381147798313115,-0.26710933224919076,-0.07113457444743307,-0.13559121188745,-0.02261540604997772
191.1235168064348,-3.586625095947985,1.3739212638381222,-0.280668453437935,-0.07339611505243071,-0.13559121188745,-0.02261540604997772
191.2235168064348,-3.4334656011406577,1.1891782744045207,-0.1431394803199592,-0.22162547091485377,-0.08102761980909183,-0.07497421398852028
191.32351680643478,-3.1302166040943615,1.1075500274764642,0.11595679036958248,-0.2783391601707194,0.0163296346495765,-0.09278488164446351
191.42351680643478,-3.2086797502096593,0.7263141296990111,0.04273998299291792,-0.5781234144977483,-0.010691052435005385,-0.19695026741498345
191.52351680643477,-3.1766657217308274,0.5954039953658713,0.0655638746661871,-0.6592486550546787,-0.0018328183013331927,-0.2195680606744764
191.62351680643476,-3.1513923789525964,0.6078831739353737,0.08090657484543011,-0.6158639318318381,0.003764960614467937,-0.19616785071915835
191.72351680643476,-3.1432828966649815,0.5453159414985977,0.08128307090687688,-0.6354807169037527,0.003764960614467937,-0.19616785071915835
191.82351680643475,-3.128263891576442,0.45474863273183247,0.0865530620459732,-0.6789192621205081,0.005312140980418337,-0.20535877206254463
191.92351680643475,-3.119582024666943,0.38582991265947286,0.087084276144015,-0.6994551393267614,0.005312140980418337,-0.20535877206254463
192.02351680643474,-3.0661574315828846,0.465197768947745,0.12513832731843386,-0.5935850617388421,0.01897872840734876,-0.15927113957898292
192.12351680643474,-3.053548705209005,0.40504290707596935,0.1270362001591686,-0.6095121756967394,0.01897872840734876,-0.15927113957898292
192.22351680643473,-2.5731517902461634,0.1281402893991642,0.5173171558944926,-0.8025821542949374,0.1592384636461525,-0.22281247032389934
192.32351680643472,-2.876851548442609,-0.22511938717421037,0.23389118437065404,-1.0513161914676468,0.050166675095677904,-0.3047625157167783
192.42351680643472,-3.219364917858032,-0.22186906901272113,-0.06513417470029151,-0.9913282570116594,-0.05959217076876311,-0.27232516701811577
192.5235168064347,-3.33714230654318,0.3155851203969997,-0.16648662876387862,-0.47511785997339123,-0.09495883619548888,-0.0722366648318869
192.6235168064347,-3.292701788482386,0.3870278724469926,-0.12493930639217221,-0.3842775401278325,-0.0765555827252613,-0.03711783773872803
192.7235168064347,-3.3055784970352287,0.34841452924551797,-0.13259486466469791,-0.3879893239017051,-0.0765555827252613,-0.03711783773872803
192.8235168064347,-3.168076876781307,0.5522331489704172,-0.014574222671608142,-0.1944311263450746,-0.031120726294709668,0.03294783631239273
192.9235168064347,-3.169689902679941,0.5329547755174727,-0.01768629530107893,-0.1911363427138355,-0.031120726294709668,0.03294783631239273
193.02351680643469,-3.1480786731235777,0.4701200344594621,-0.007209370427238624,-0.2233925295985996,-0.027900735018094792,0.02035870143958641
193.12351680643468,-3.148939113841392,0.44788257500680134,-0.009999443929047945,-0.22135665945464106,-0.027900735018094792,0.02035870143958641
193.22351680643467,-3.1840429660279663,0.578561860232602,-0.041000050108984824,-0.09358798908209819,-0.038088619142424146,0.06545918833208283
193.32351680643467,-3.3689695629225804,0.7309271731249212,-0.19660340579496183,0.0473840172908638,-0.09339681022329129,0.11410607834851419
193.42351680643466,-3.2664128369189056,0.7670975969323492,-0.10407016850301894,0.08419693326612149,-0.05662079585194849,0.12321447320710828
193.52351680643466,-2.818348711258267,0.6770300102470804,0.2846412398980955,0.012096201243671735,0.08959161546108765,0.09213134195452266
193.62351680643465,-2.717527770337526,0.8606267637791437,0.3532206369474718,0.17083225931431575,0.11108725400129435,0.1456787236858037
193.72351680643465,-2.6816502703727743,0.8784383833290033,0.3643293623476006,0.1854001316828953,0.11108725400129435,0.1456787236858037
193.82351680643464,-2.9345899327816953,0.9468259732138358,0.13650855416328267,0.24136626982979328,0.02528910353102236,0.16079047065797075
193.92351680643463,-2.9208126318477126,0.9717665525501035,0.13903746451638477,0.25744531689558947,0.02528910353102236,0.16079047065797075
194.02351680643463,-2.9704755914788508,0.9302389160386997,0.08322285307124129,0.22537193568728028,0.0026761342105176347,0.1457461407900503
194.12351680643462,-2.9621399255006744,0.9535048403113766,0.08349046649229304,0.2399465497662845,0.0026761342105176347,0.1457461407900503
194.22351680643462,-3.004668934566169,0.8291355395601517,0.04148810443591593,0.13176919377660717,-0.0125891433727088,0.10171488079229359
194.3235168064346,-3.143437090768688,0.9893701562014013,-0.07981573964385882,0.26400024736566363,-0.056328990237458076,0.1458865022943633
194.4235168064346,-2.9339668999141733,1.1282131311151262,0.09535023252321691,0.3705410698364979,0.008939208566117907,0.178857391721056
194.5235168064346,-2.9816321104556454,1.2273354829915128,0.04703287561635673,0.4405384553245885,-0.009305678082658982,0.1980442115216205
194.6235168064346,-2.8482548008953783,1.4598744891751854,0.1528255912901251,0.614442445097481,0.029172618861138214,0.25323058837743895
194.7235168064346,-2.832826378672061,1.522584886626817,0.15574285317623876,0.6397655039352235,0.029172618861138214,0.25323058837743895
194.82351680643458,-2.9651786778897016,0.9833820660778176,0.034489133795399765,0.16770604735943823,-0.016001727165322187,0.07485009291865272
194.92351680643458,-2.9618097731459887,1.0005269212783539,0.032888961078867636,0.17519105665130308,-0.016001727165322187,0.07485009291865272
195.02351680643457,-3.1983745581737075,1.054596171043254,-0.17220308559659417,0.21646965573499738,-0.0907257078756718,0.08810487903797663
195.12351680643457,-3.216048495272744,1.0766836610119426,-0.18127565638416082,0.22528014363879453,-0.0907257078756718,0.08810487903797663
195.22351680643456,-3.3443840771539928,0.901977173526292,-0.28150924769387686,0.0713395302937894,-0.12364738022875657,0.029725888867816144
195.32351680643455,-2.957717290164074,1.0007266479418024,0.05523049832262755,0.1504941451872613,0.0035531329827027947,0.057295081040284544
195.42351680643455,-3.076923798925122,1.1697935826417545,-0.048000383229854074,0.2827607439090828,-0.03384137238281637,0.10266693383547497
195.52351680643454,-2.8963236589160863,1.0729480939828546,0.10814238584895819,0.1860040963813522,0.025302597362791467,0.06326235344536768
195.62351680643454,-2.92985744271939,1.06560795725544,0.07379843682670034,0.17075017324072345,0.012007871901899628,0.055534033571210555
195.72351680643453,-2.922417559677211,1.0829606447473674,0.07499922401689024,0.17630357659784418,0.012007871901899628,0.055534033571210555
195.82351680643453,-2.8836803562290307,0.6009145869910497,0.10277147839127944,-0.23027941781389916,0.021789237920469315,-0.09247319449022634
195.92351680643452,-2.873294262200301,0.5774242792372101,0.10495040218332624,-0.23952673726292126,0.021789237920469315,-0.09247319449022634
196.02351680643451,-2.8417497715745395,0.6285313386387443,0.12706569169534893,-0.18641670960958734,0.029710061488804132,-0.07005332274307781
196.1235168064345,-2.8288946520975613,0.6095394010640712,0.13003669784422917,-0.19342204188389472,0.029710061488804132,-0.07005332274307781
196.2235168064345,-2.7988268987455847,0.6071763259852448,0.14705759581916114,-0.1861596222245402,0.034784005732124486,-0.06493546520789456
196.3235168064345,-2.9303152942814727,0.4387065077075462,0.027538091375711646,-0.317194798409066,-0.01003179399930839,-0.11000531044107958
196.4235168064345,-2.631928403555552,0.3735893332230466,0.2720608336955825,-0.35523247318636725,0.07860280070082404,-0.11969990116918665
196.5235168064345,-2.7282337555191174,0.18949666515447966,0.1734051954155632,-0.4932529686707056,0.039112445137844495,-0.1661100321711883
196.62351680643448,-2.654733799310327,0.40016697077653096,0.2237165556740879,-0.2954944657268233,0.05584166648112627,-0.08933969167455975
196.72351680643447,-2.632082935410514,0.37017082574547755,0.22930072232220022,-0.3044284348942788,0.05584166648112627,-0.08933969167455975
196.82351680643447,-2.567210803474294,0.2421073486895551,0.2696880501367088,-0.3898349995674436,0.06846722480950701,-0.11582249337251688
196.92351680643446,-2.5398996623365773,0.20254473626595046,0.27653477261765913,-0.40141724890469466,0.06846722480950701,-0.11582249337251688
197.02351680643446,-2.777555214297507,0.20166490193855846,0.05883812227339524,-0.3823919407127499,-0.013734662542677627,-0.10546219600715631
197.12351680643445,-2.771740075382881,0.1628983968872499,0.05746465601912755,-0.39293816031346496,-0.013734662542677627,-0.10546219600715631
197.22351680643445,-2.674179040968914,-0.14371902221159433,0.13240859534876764,-0.6231448558540149,0.013826422305648962,-0.18425463837632458
197.32351680643444,-2.4439553602865507,-0.3170486061788,0.3160709409515473,-0.7332665660135705,0.08024227451327587,-0.21743820632345706
197.42351680643444,-2.520551091866983,-0.35021133047939856,0.23391384379216168,-0.7210563005418414,0.047686912943291734,-0.20526343773198863
197.52351680643443,-2.7536537202095337,-0.3768188220792664,0.01797946478192994,-0.7019503226640358,-0.03413787770932787,-0.19067134042642736
197.62351680643442,-3.15796940215086,-0.365376910578423,-0.3220050044287183,-0.6531375997773431,-0.15548596783995494,-0.16636210063458057
197.72351680643442,-3.1909473324329296,-0.4315224810593264,-0.33755360121271294,-0.6697738098408001,-0.15548596783995494,-0.16636210063458057
197.8235168064344,-2.86908636601373,-0.29078879438289457,-0.055376005096692556,-0.5151226627510365,-0.04747651920131783,-0.10501760053729038
197.9235168064344,-2.8748613491194055,-0.34282614866068173,-0.06012365701682407,-0.525624422804765,-0.04747651920131783,-0.10501760053729038
198.0235168064344,-2.691055867271258,-0.4542787880359077,0.09105809074404544,-0.5884653498552019,0.008294265828703604,-0.12500338873540395
198.1235168064344,-2.6819085868677104,-0.5137503399651016,0.09188751732691576,-0.6009656887287416,0.008294265828703604,-0.12500338873540395
198.2235168064344,-2.431899617400203,-0.46309097999325993,0.2927056341268215,-0.5217631355902497,0.08051770185362742,-0.09210946549760095
198.32351680643438,-2.175924008423668,-0.6678055186782595,0.4909267980818689,-0.6576383358292606,0.14980825981131016,-0.13794745818940454
198.42351680643438,-2.131589393352676,-0.47234049345587226,0.5013346990537717,-0.45584606617578255,0.1481574387821174,-0.060645362157222785
198.52351680643437,-2.0570935697385706,-0.15783033501803084,0.5364570006356413,-0.15490197781719237,0.15568601475835706,0.05239115795594014
198.62351680643437,-2.1074063526956825,-0.37151155044873285,0.4651873526366954,-0.3127686912493261,0.12437712095044756,-0.006020554936628668
198.72351680643436,-2.060265731827264,-0.4028185223483468,0.4776250647317395,-0.3133707467429889,0.12437712095044756,-0.006020554936628668
198.82351680643436,-2.4611145898146534,-0.12633531143480756,0.11645894108553324,-0.06127853130047798,-0.010707225651101757,0.08443561989049776
198.92351680643435,-2.449522231834356,-0.13204098646540258,0.11538821852042312,-0.052834969311428684,-0.010707225651101757,0.08443561989049776
199.02351680643434,-2.389016844473351,0.0012616041219789226,0.15487805226858498,0.07890865112100683,0.0038981192965696775,0.1313626449380489
199.12351680643434,-2.3735095486500106,0.009809282458769327,0.15526786419824193,0.09204491561481097,0.0038981192965696775,0.1313626449380489
199.22351680643433,-2.4588976201811237,0.14602611964806803,0.07182250186422479,0.20921304714897368,-0.02637791450564165,0.1686789844081496
199.32351680643433,-2.3955983095990887,0.10721962089398135,0.11645255211032818,0.1756316899835256,-0.009155294925835871,0.15042211601448172
199.42351680643432,-2.5282667260185145,0.25734089831672047,-0.004258431009678101,0.29916433380375934,-0.05240132534417688,0.18932305720322729
199.52351680643432,-2.3212228654006752,0.23313018495827786,0.1690804464620634,0.271181505946826,0.013806136511892692,0.1720495247493089
199.6235168064343,-2.2743911240808767,0.18893227591363365,0.19521381305124913,0.22906572241690346,0.0227305599989672,0.15080549063662535
199.7235168064343,-2.2547560899757584,0.21259287560850573,0.1974868690511457,0.24414627148056514,0.0227305599989672,0.15080549063662535
199.8235168064343,-2.412995459441202,0.03341478151624747,0.051173220423704896,0.08813502165474014,-0.031120885175905437,0.08865062206575322
199.9235168064343,-2.408033741824711,0.0426715367920497,0.04806113190611453,0.09700008386131496,-0.031120885175905437,0.08865062206575322
200.0235168064343,-2.097532094603927,-0.13693120003234568,0.3020587389393194,-0.050872778085962786,0.06260981642751715,0.032278205420021765
200.12351680643428,-2.0670131716278592,-0.1418570868138416,0.30831972058207074,-0.047644957543960795,0.06260981642751715,0.032278205420021765
200.22351680643428,-1.8623862411596055,-0.27043601127240774,0.45867323672280824,-0.14648972337162416,0.11464704881146323,-0.0043353380251229395
200.32351680643427,-1.9408934875744037,-0.014495389834798608,0.3651401934489516,0.07846665612238611,0.0763898276585585,0.07723006734835373
200.42351680643426,-2.1295893200824767,0.14493683549184033,0.1854549478742928,0.21064294679641915,0.00876598191478424,0.12185473866961663
200.52351680643426,-1.9784919635922806,-0.17800065623111724,0.3002436353473448,-0.0707319485975989,0.050998438606055116,0.013769688517009035
200.62351680643425,-1.9849557521560013,-0.24886008536041246,0.2748794313741734,-0.1218366132316263,0.04001484964202584,-0.0050251155793020405
200.72351680643425,-1.9572677347703755,-0.2610688722614709,0.27888091633837575,-0.12233912478955647,0.04001484964202584,-0.0050251155793020405
200.82351680643424,-2.054238656103816,-0.14638969661882392,0.18124030731705362,-0.01839957328492168,0.003903073361602928,0.03242855491907541
200.92351680643424,-2.0360951100053035,-0.14806751117272063,0.1816306146532139,-0.015156717793014323,0.003903073361602928,0.03242855491907541
201.02351680643423,-1.7104354408621145,0.2993436182984752,0.44676090679743397,0.3622762708195614,0.10216832696305193,0.16799268451860322
201.12351680643422,-1.6652485085475586,0.3364112088030222,0.4569777394937386,0.37907553927142074,0.10216832696305193,0.16799268451860322
201.22351680643422,-1.7505668546670965,0.5258978602512626,0.3579494449019463,0.5199823419013984,0.0627158036570368,0.21251018677962982
201.3235168064342,-1.928102756677173,0.4608743590493357,0.18468859149765546,0.4428819245472697,-0.0026990470759387375,0.17691820028967828
201.4235168064342,-1.7155071618765503,0.3642516084561404,0.3456265355718706,0.34386085572969977,0.05549681362655643,0.13506896868341223
201.5235168064342,-1.8489093455283376,0.43288941710780204,0.20654472507018368,0.3859701253438542,0.0018752598926375166,0.14559998450308023
201.6235168064342,-1.6005206548444866,0.6257555470264631,0.39554081956020026,0.5267235027605005,0.06994880417718241,0.19079255337708284
201.7235168064342,-1.5606168288675828,0.6793818600693955,0.4025356999779181,0.5458027580982077,0.06994880417718241,0.19079255337708284
201.82351680643418,-1.2350533499426057,0.03668526104546559,0.6481812269227785,-0.013966793706005246,0.15668804201210154,-0.017965291709367393
201.92351680643418,-1.1694517870402712,0.03519875521631832,0.6638500311239878,-0.015763322876941883,0.15668804201210154,-0.017965291709367393
202.02351680643417,-1.508306350491265,0.03716054282300828,0.33502860210132374,-0.014591710628473092,0.03021447822145118,-0.01690584278528158
202.12351680643417,-1.4746524178900273,0.03561684254623465,0.3380500499234687,-0.016282294907001154,0.03021447822145118,-0.01690584278528158
202.22351680643416,-1.5532908726412538,-0.06230275793760742,0.2475514784608625,-0.09718252819731397,-0.003559117288036741,-0.045318426697524346
202.32351680643416,-1.5954818048133619,-0.21608007037766083,0.1909535292301732,-0.22151125634190694,-0.024051595504077216,-0.08867121646225826
202.42351680643415,-1.4271010497783487,-0.23938654077087793,0.31261005925801416,-0.23096442081270152,0.020734541521943293,-0.08888135128231946
202.52351680643415,-1.5238574733776047,-0.1105001610176102,0.20454269976383543,-0.1100059007055191,-0.020099729639251277,-0.04107352804446337
202.62351680643414,-1.5135001383787225,-0.05751430177417334,0.19424459794279955,-0.06135486268049828,-0.023087953697463512,-0.022179611178363232
202.72351680643413,-1.494191118352931,-0.06376068609811462,0.19193580257305334,-0.06357282379833448,-0.023087953697463512,-0.022179611178363232
202.82351680643413,-1.3519194856282188,-0.168205680051539,0.2930125616192575,-0.14730873233547023,0.014545317953211505,-0.05165711417115576
202.92351680643412,-1.3225455028765287,-0.18319483885594093,0.29446709341457855,-0.1524744437525855,0.014545317953211505,-0.05165711417115576
203.02351680643412,-1.4804062745319382,-0.3142982933804268,0.14142703816735458,-0.25634485048371414,-0.04093017921580175,-0.08806238990915388
203.1235168064341,-1.4664682216112825,-0.3403730903783425,0.13733402024577462,-0.265151089474629,-0.04093017921580175,-0.08806238990915388
203.2235168064341,-1.322995970650826,-0.5513493705314191,0.24117092023243983,-0.425466591247203,-0.0019526274714369296,-0.14240892086809753
203.3235168064341,-1.8286009253378877,-0.6933012562048744,-0.2041589873194587,-0.5219082271655328,-0.16414291105710374,-0.1721562014564661
203.4235168064341,-1.7069483933102745,-0.9710580764965289,-0.10192269464185946,-0.7240802716467123,-0.12131017742594442,-0.23847521999487642
203.5235168064341,-1.4776854135025403,-1.1956380617830453,0.09231823988704496,-0.87654125671054,-0.04479859211864673,-0.28582899816529567
203.62351680643408,-1.4040060974459716,-1.2740327446656352,0.14145804908894544,-0.8963393500169661,-0.025466414022753642,-0.282682969613683
203.72351680643408,-1.3899876246071916,-1.365080094515395,0.1389114076866702,-0.9246076469783328,-0.025466414022753642,-0.282682969613683
203.82351680643407,-1.50845503037546,-1.3010941123574444,0.02342468924997325,-0.8249185566784542,-0.06710557859589429,-0.23731738335532698
203.92351680643407,-1.5064480893434424,-1.3847725549420615,0.0167141313903842,-0.8486502950139855,-0.06710557859589429,-0.23731738335532698
204.02351680643406,-1.4992431438262557,-1.2931912426902705,0.01500647314278973,-0.7226781897108429,-0.06526239214021766,-0.18263853043049522
204.12351680643405,-1.4980688084726779,-1.366372254313503,0.008480233928768337,-0.7409420427538913,-0.06526239214021766,-0.18263853043049522
204.22351680643405,-1.7215483043037099,-1.3462229397099574,-0.18409942036589289,-0.6808608469199536,-0.13245327631828835,-0.15453607949052145
204.32351680643404,-1.6448478943234042,-0.8578834042253207,-0.11686386848086626,-0.2322285487660425,-0.10312907784394082,0.013410012265628685
204.42351680643404,-1.6420581481255534,-0.9595634348378863,-0.11472808214393944,-0.29552138314426996,-0.09863511260287545,-0.009765460319776497
204.52351680643403,-1.536655510888221,-0.8436214175097394,-0.023694276804173707,-0.17251568726983785,-0.06122783142269593,0.035883163396781215
204.62351680643403,-1.4951550097925694,-0.8696167115036356,0.006809686963094195,-0.1762611805505756,-0.0480223265160931,0.03325676810493404
204.72351680643402,-1.4947141527288406,-0.8870765457181675,0.0020074543114851576,-0.17293550374008237,-0.0480223265160931,0.03325676810493404
204.82351680643401,-1.0357366505182182,-1.1206628690704141,0.3796379133497642,-0.34705851255349307,0.09044151675874076,-0.030202084249110174
204.923516806434,-0.9973206515994503,-1.1555197307470069,0.3886820650256378,-0.3500787209784039,0.09044151675874076,-0.030202084249110174
205.023516806434,-1.411287476508475,-0.9624800998235328,0.010530944559112056,-0.16540542433530558,-0.05243241610020189,0.03707650957174517
205.123516806434,-1.410496544133065,-0.9788352597092037,0.005287702949092164,-0.16169777337813127,-0.05243241610020189,0.03707650957174517
205.223516806434,-1.5741191170084883,-0.7414437490454531,-0.1360804382053493,0.05062099262937089,-0.10159223590290041,0.11190553463802846
205.323516806434,-1.4426947596264093,-0.7347708041353845,-0.023937311023730333,0.06268718023282564,-0.05702986991678193,0.11222241418474385
205.42351680643398,-1.323895599409113,-1.1408916492301153,0.07123118813213261,-0.2659931470406984,-0.020615371484750032,-0.009654967665181965
205.52351680643397,-1.2019387011810068,-1.0046478773754486,0.16797647239861352,-0.1281980126544097,0.016016866871400477,0.0414348637555805
205.62351680643397,-0.9690020073069051,-0.6320242883629927,0.34871444938811313,0.19256593731911129,0.08060314220677611,0.15482347594170415
205.72351680643396,-0.9337275466570619,-0.6119935772513743,0.3567747636087903,0.2080482849132808,0.08060314220677611,0.15482347594170415
205.82351680643396,-0.6639786815283955,-1.093534457389415,0.56058878933745,-0.1929983051682215,0.15176711939334833,0.004757717546289203
205.92351680643395,-0.607160966997687,-1.1128104993185046,0.575765501276784,-0.1925225334135926,0.15176711939334833,0.004757717546289203
206.02351680643395,-1.0876067724278993,-0.8728675872163894,0.13907970998507005,0.02049002143360155,-0.012666009082051122,0.08076276366681642
206.12351680643394,-1.0737621314748034,-0.8704147712546954,0.137813109076865,0.028566297800282733,-0.012666009082051122,0.08076276366681642
206.22351680643393,-0.9542505101849683,-1.2054116388891876,0.2244177671491232,-0.24185365752427945,0.019067606676513756,-0.019134125801716043
206.32351680643393,-1.1453162668673385,-0.8899539438782353,0.046827013312793514,0.039198539866129124,-0.04633452079234291,0.0832671056750538
206.42351680643392,-1.0270484605729227,-0.5592499000366521,0.13670337912711988,0.31616089795583097,-0.01221657778451457,0.17959061837328627
206.52351680643392,-1.165114026133036,-0.6044056068132283,0.005092676471085631,0.26795620873585313,-0.060557800612916775,0.1552299992293691
206.6235168064339,-1.395174605395304,-0.8816174520848687,-0.19187944463475634,0.03298165458150647,-0.12939128682564122,0.06552142610028595
206.7235168064339,-1.4150095062929067,-0.8779916794962169,-0.20481857331731973,0.039533797191534686,-0.12939128682564122,0.06552142610028595
206.8235168064339,-1.3671966914425822,-1.0375931246905472,-0.16082873902131045,-0.09090600718085025,-0.10891727148299954,0.015813088833031994
206.9235168064339,-1.3838241517021272,-1.0466046599644665,-0.1717204661696098,-0.08932469829754713,-0.10891727148299954,0.015813088833031994
207.0235168064339,-1.0006835911095104,-0.8019843781722331,0.1560430945440025,0.12115574703823767,0.01501147658210008,0.09081061765851771
207.12351680643388,-0.9850042242722006,-0.7894147503801175,0.15754424220221241,0.13023680880408892,0.01501147658210008,0.09081061765851771
207.22351680643388,-1.06369557117648,-0.902773299243399,0.08053722843166453,0.034890188928149275,-0.0133407725787495,0.05335229907706272
207.32351680643387,-1.0760406363836643,-0.6106959015028561,0.06211743246649719,0.28036613516644004,-0.019566164366927215,0.1402558103642567
207.42351680643387,-0.937273952890361,-0.4478663837977819,0.1703114414889411,0.40476346411965314,0.02019809341551851,0.17983132671902718
207.52351680643386,-1.0296646167973593,-0.7475594939718117,0.07817868788857266,0.13220389624034576,-0.014708597014753438,0.07285734232320387
207.62351680643386,-0.8784956119410067,-0.5387716713927704,0.19562242756217246,0.2999244704460853,0.028165189439523876,0.13031251639555536
207.72351680643385,-0.858792543237593,-0.5081276617661858,0.1984389465061247,0.3129557220856401,0.028165189439523876,0.13031251639555536
207.82351680643384,-0.7542108418409181,-0.5172252192321691,0.2707455484634513,0.2916796124148063,0.05305691147137111,0.11786456718379246
207.92351680643384,-0.7268710024372177,-0.4874679351547712,0.2760512396105881,0.30346606913318486,0.05305691147137111,0.11786456718379246
208.02351680643383,-0.670509594549009,-0.4971612414454955,0.29852701544530347,0.28036352828795696,0.05741876765804439,0.10494277130145102
208.12351680643383,-0.6403697991661902,-0.4686001747601942,0.3042688922111076,0.29085780541810147,0.05741876765804439,0.10494277130145102
208.22351680643382,-1.0106691252576512,-0.48773256448591246,-0.023067327216761874,0.2612207709711775,-0.06286825730144556,0.09054762788246787
208.32351680643382,-0.9998180021342078,-0.4828048464759713,-0.01803302283363529,0.25224584357452856,-0.05874326427964382,0.08402293932307037
208.4235168064338,-1.3089153474687314,-0.44479346958764737,-0.27883061798083464,0.2708272359188369,-0.15077029117887922,0.08767281425288224
208.5235168064338,-1.069239955797419,-0.3154806522183964,-0.06324981586851777,0.36630681773263957,-0.0652548122743109,0.11959913782283965
208.6235168064338,-1.0560029311729644,-0.2740742381860304,-0.05328575780251992,0.38170035700178745,-0.05930962984834152,0.1208287931151674
208.7235168064338,-1.0616280551024577,-0.23530005852027802,-0.05921672078735374,0.3937832363133035,-0.05930962984834152,0.1208287931151674
208.8235168064338,-1.1612185919063442,-0.32152638158603175,-0.1432034420851847,0.29776673497499845,-0.08764129201682004,0.0809125924884766
208.92351680643378,-1.175977142574946,-0.2913451451260913,-0.15196757128686622,0.30585799422384563,-0.08764129201682004,0.0809125924884766
209.02351680643378,-1.1772793600086666,-0.8065828315356741,-0.15172110285275922,-0.14577442030523444,-0.08520665525407603,-0.08682862504991551
209.12351680643377,-1.192877503570212,-0.8215944166914462,-0.16024176837816634,-0.1544572828102255,-0.08520665525407603,-0.08682862504991551
209.22351680643376,-1.3423821228491366,-0.7530070772994797,-0.2792762454991072,-0.09359604640707113,-0.12511734816866193,-0.06188308406493648
209.32351680643376,-1.112352180641906,-0.8252038799682865,-0.07449205618060992,-0.15186323340713687,-0.045942905179649496,-0.08072968985023245
209.42351680643375,-0.6638386234152729,-0.7832344906738357,0.29972132017015984,-0.11255869253359474,0.09080625672977458,-0.06374174273835369
209.52351680643375,-0.7010336575837843,-0.9296319781798476,0.2506705874703902,-0.23378310724395926,0.06925428546521661,-0.10602808414361281
209.62351680643374,-0.6590632668923442,-1.0492772558755483,0.2713236131865414,-0.3230707255233015,0.0742036699198931,-0.13420681046260677
209.72351680643374,-0.6315598872240922,-1.0822553624801896,0.2787439801785303,-0.33649140656956145,0.0742036699198931,-0.13420681046260677
209.82351680643373,-0.6793340941750906,-1.3680476988027706,0.22403587354553414,-0.5559644124065248,0.05203542726088335,-0.2078678738997443
209.92351680643372,-0.656670329684234,-1.4246834794129184,0.22923941627162217,-0.576751199796498,0.05203542726088335,-0.2078678738997443
210.02351680643372,-0.31020440386192083,-1.194257091717441,0.509862415032826,-0.356705768117235,0.15346446907908617,-0.12069002635390019
210.1235168064337,-0.2584508400132458,-1.2305311186609318,0.5252088619407338,-0.3687747707526243,0.15346446907908617,-0.12069002635390019
210.2235168064337,-0.4831410228642965,-1.2407217735967866,0.309668923597756,-0.3583749671361982,0.07008271356030835,-0.11263044206079523
210.3235168064337,-0.4136414631809975,-1.338359231384392,0.34876299792735815,-0.4206416484658665,0.08177357057199017,-0.1310879332442408
210.4235168064337,-0.3004971136469077,-1.4716517630931465,0.42159213356163083,-0.5083016471946036,0.10511279337455386,-0.15781943387219888
210.5235168064337,-0.581964023882143,-1.1627888185589443,0.1534425991036685,-0.21700322699709054,0.0018003984883384755,-0.04475650040301288
210.62351680643368,-0.5891261591870992,-1.462975006208955,0.1349549350648695,-0.45017873934699526,-0.004930105203186048,-0.12665885030094592
210.72351680643368,-0.575655316206629,-1.5086261743951566,0.13446192454455091,-0.4628446243770891,-0.004930105203186048,-0.12665885030094592
210.82351680643367,-0.9732586992546538,-1.2945581957339596,-0.20956201943360928,-0.26006296357964565,-0.1296015185148115,-0.049204784378275745
210.92351680643367,-0.9948629087905876,-1.320810516013814,-0.2225221712850897,-0.2649834420174729,-0.1296015185148115,-0.049204784378275745
211.02351680643366,-0.9864844044446651,-1.4090571308248083,-0.2117247347054433,-0.3109861867614734,-0.12165041725359843,-0.061244769503936175
211.12351680643366,-1.0082651300014762,-1.4404619733484734,-0.22388977643080246,-0.31711066371186664,-0.12165041725359843,-0.061244769503936175
211.22351680643365,-0.9294994907743596,-1.229744090476969,-0.1515314821925749,-0.12338482328651004,-0.09112586238524062,0.010441748277288901
211.32351680643364,-0.78087559889383,-1.2281691062447238,-0.022633957601060052,-0.11079572022000662,-0.04084018079549386,0.014619693678797192
211.42351680643364,-0.5787360653365573,-1.5911574474238275,0.14318125209841473,-0.39905247061010807,0.020493258413622685,-0.08926348429452236
211.52351680643363,-0.6578682896961429,-1.9128477713145575,0.06480679857527374,-0.6476400477776667,-0.009323539789111334,-0.1775035828916564
211.62351680643363,-0.6064907700706412,-2.002719714372445,0.10113744057804597,-0.6852968437459144,0.0041113600529704645,-0.1846325072711847
211.72351680643362,-0.5963564692125723,-2.0721725612833883,0.10154857658334299,-0.7037600944730318,0.0041113600529704645,-0.1846325072711847
211.82351680643362,-0.6105941451958821,-1.9959701641101448,0.08050704453901622,-0.5999116342606606,-0.003956201524050136,-0.14051367430874365
211.9235168064336,-0.6025632217496011,-2.056663895907751,0.08011142438661123,-0.6139630016915342,-0.003956201524050136,-0.14051367430874365
212.0235168064336,-0.2720435818938064,-1.6555800732271648,0.3479604031964539,-0.24550211927614862,0.09302652850189513,-0.002966065996112129
212.1235168064336,-0.2367824089316536,-1.6801451154847589,0.3572630560466429,-0.24579872587575982,0.09302652850189513,-0.002966065996112129
212.2235168064336,-0.22071475134465054,-2.068476327511425,0.3498510752486325,-0.5455692647496602,0.08699024578680242,-0.11038767859546073
212.3235168064336,-0.14730380566810083,-1.6838785245737253,0.3904750909604529,-0.19037994623870927,0.09862250902622313,0.02214505939211095
212.42351680643358,-0.16852099864727693,-1.9385560511183684,0.3498859926145359,-0.38221311430186977,0.08040962599783275,-0.04743376889532881
212.52351680643358,0.2063903003290111,-1.8472511203267896,0.6497998798431069,-0.27641623500062257,0.18862035873466926,-0.006734306756269258
212.62351680643357,0.21954166081572252,-1.56101668481477,0.6249084341786997,-0.019091480936764355,0.17284536193911745,0.08566040387525709
212.72351680643357,0.28289673104328444,-1.56249753088907,0.6421929703726105,-0.010525440549239132,0.17284536193911745,0.08566040387525709
212.82351680643356,0.4763085712160323,-2.029511306887397,0.764933802990207,-0.38787038579674593,0.21063247694147616,-0.05331819751958288
212.92351680643355,0.553855113899756,-2.0685649364546674,0.7859970506843534,-0.39320220554870394,0.21063247694147616,-0.05331819751958288
213.02351680643355,0.6240385234928995,-1.9253446520503985,0.7927104907324877,-0.2425262818740187,0.20361303188855176,0.004199145113196384
213.12351680643354,0.7043276377255864,-1.949576284512233,0.8130717939213417,-0.24210636736269908,0.20361303188855176,0.004199145113196384
213.22351680643354,0.6128546978824259,-2.053101847070178,0.6890778673481214,-0.3070058249830086,0.15148093036684507,-0.01923098196020135
213.32351680643353,0.533850165003701,-2.08035893253508,0.579293903952722,-0.30598077603346807,0.10596039877454017,-0.018164089420462843
213.42351680643353,0.5809164827686029,-1.8467618709013627,0.5804296645195395,-0.09026157609245286,0.10254524807853559,0.059836705253806244
213.52351680643352,0.1121489567758211,-1.9261895875248338,0.13736457726887583,-0.14450503838585677,-0.06552120566060408,0.03766187052507394
213.6235168064335,0.3248551901437128,-2.0310384621397692,0.29605158050119945,-0.21519082513553875,-0.005945451759442666,0.010999014031159247
213.7235168064335,0.35443062093503386,-2.052502549583166,0.29545703532525525,-0.2140909237324229,-0.005945451759442666,0.010999014031159247
213.8235168064335,0.1845028249355543,-1.9038420052347396,0.12897488941866142,-0.07238388904955402,-0.06593119187122272,0.061617116580693056
213.9235168064335,0.19707065791806364,-1.9107723085567911,0.12238177023153952,-0.06622217739148506,-0.06593119187122272,0.061617116580693056
214.0235168064335,0.15306885675098478,-1.717784182418886,0.06493803396846178,0.10584691401656418,-0.08554661183631886,0.12164639656335591
214.12351680643349,0.15913492708864904,-1.7065912590344134,0.056383372784830375,0.11801155367289907,-0.08554661183631886,0.12164639656335591
214.22351680643348,0.06654854708375937,-1.6853459024964224,-0.03340059569500127,0.13745108152957347,-0.11488156909060779,0.12425590656653279
214.32351680643347,0.08476974799978525,-1.623005399462295,-0.026287422852809494,0.1898339203831225,-0.10810394577452097,0.13871586663804544
214.42351680643347,0.08317584221546208,-1.4934330852628677,-0.03578969191852791,0.29416112695218116,-0.10763171386622689,0.17115014381956414
214.52351680643346,0.2697458218287713,-1.4751733917963676,0.11737355312519614,0.30104345453492126,-0.046856643141826075,0.1673826037095904
214.62351680643346,0.07894033272245729,-1.3918969457067576,-0.05504782909011579,0.36079530158207196,-0.10733252573186848,0.18278669617707827
214.72351680643345,0.07289888718478674,-1.3549034820676673,-0.06578108166330203,0.37907397119977876,-0.10733252573186848,0.18278669617707827
214.82351680643345,0.17381554986956765,-1.667842169754344,0.014017497322956781,0.10524791477474807,-0.07441283955775932,0.07731022775711145
214.92351680643344,0.17484523540407448,-1.6569308271380843,0.006576213367181272,0.11297893755045878,-0.07441283955775932,0.07731022775711145
215.02351680643343,-0.14208498562181243,-1.8440256803234705,-0.27275302814570046,-0.04305735145597861,-0.17499322720626923,0.018531327810687576
215.12351680643343,-0.17023525457241218,-1.8482387588300146,-0.2902523508663264,-0.041204218674909955,-0.17499322720626923,0.018531327810687576
215.22351680643342,-0.11007519806801427,-1.627720860858277,-0.23294842266751342,0.1455233247019009,-0.14797896054261295,0.08484597217299082
215.32351680643342,-0.2592769527304901,-1.8024137705039942,-0.35292827814651073,-0.003966229602343774,-0.18630330133770212,0.027677372571828125
215.4235168064334,-0.061586875443014784,-1.7571631210172554,-0.17732354152222726,0.03626018743851389,-0.11618465032900416,0.04110876803658808
215.5235168064334,-0.47597963295369977,-1.5916331219402062,-0.5294363938762076,0.17811549041530744,-0.24242159810912922,0.09182444620748739
215.6235168064334,-0.4338594405567397,-1.3036970760261555,-0.4738553678627057,0.4089322788444482,-0.2136419340382608,0.17119648164588985
215.7235168064334,-0.48231318701319875,-1.2619478657334837,-0.49521956126653055,0.4260519270090362,-0.2136419340382608,0.17119648164588985
215.8235168064334,-0.4356400218311026,-1.2906856386193462,-0.4347434331105147,0.3838439255669544,-0.18379351443266922,0.14994173826301058
215.92351680643338,-0.48003333271431486,-1.2515515373713377,-0.4531227845537806,0.3988380993932546,-0.18379351443266922,0.14994173826301058
216.02351680643338,-0.6588974056468148,-1.3370760615394501,-0.5820909621187657,0.3056739126814514,-0.22385536861881872,0.1099308038914723
216.12351680643337,-0.7182257787017821,-1.3059590162518493,-0.6044764989806463,0.316666993070598,-0.22385536861881872,0.1099308038914723
216.22351680643337,-0.6512491899125924,-1.1429123861859667,-0.5200949324724207,0.4353761164042345,-0.18529775292839226,0.1485686611101127
216.32351680643336,-0.5301938381074333,-1.175873077847694,-0.3924140704446021,0.385899463416309,-0.1320241086343469,0.12528727514362853
216.42351680643335,-0.0890902590440937,-1.4762850290075953,-0.006205199358253733,0.11887775059617627,0.012162936245966427,0.025050092782577277
216.52351680643335,-0.09952626743618247,-1.5244299507355155,-0.013479185979660323,0.07013661239382496,0.00901519841543745,0.0061819382203133835
216.62351680643334,0.30465850824665697,-1.3747797561551378,0.3236155050712508,0.18796044992540484,0.13022718000195224,0.048155805384771246
216.72351680643334,0.3376711946537899,-1.3557429321356744,0.3366382230714453,0.1927760304638817,0.13022718000195224,0.048155805384771246
216.82351680643333,0.3278213852835106,-1.8442394301095875,0.31257069290689504,-0.22183354716045978,0.11671886432876818,-0.10264270907555686
216.92351680643333,0.35966204889584213,-1.86693599837101,0.3242425793397712,-0.23209781806801488,0.11671886432876818,-0.10264270907555686
217.02351680643332,0.6646997937398255,-1.5874004443355467,0.5688553344618198,0.003930793943572721,0.20283161026686602,-0.015245978937790998
217.12351680643332,0.7225994852373384,-1.5870835948358786,0.5891384954885053,0.0024061960497937076,0.20283161026686602,-0.015245978937790998
217.2235168064333,0.8040925307240977,-1.8249910470630064,0.6273333856266686,-0.19512927477894274,0.20930020916700975,-0.08555528398406878
217.3235168064333,1.1497491255885757,-1.8969314935375414,0.8851337099528154,-0.24699496335907162,0.2956068180355762,-0.10122861523632468
217.4235168064333,1.3301570214310463,-2.0733345826184726,0.9897733586598692,-0.3815694957720227,0.3227102446529633,-0.14585270817334145
217.5235168064333,1.650563248648854,-2.077503626099404,1.2110112277106708,-0.36658059930772335,0.39276895510572096,-0.13496389044257934
217.6235168064333,1.6590966093904462,-2.170879626210109,1.1553290113796066,-0.4261380753713182,0.3585321439455915,-0.15145935846621295
217.72351680643328,1.776422171248128,-2.214250730539569,1.1911822257741638,-0.44128401121793864,0.3585321439455915,-0.15145935846621295
217.82351680643328,1.925875293228112,-2.3693751950698267,1.2529512242318077,-0.5468875456829676,0.36849175936711853,-0.18383199655213425
217.92351680643327,2.053012874448121,-2.424983109620881,1.2898004001685175,-0.56527074533818,0.36849175936711853,-0.18383199655213425
218.02351680643326,1.7494575955096388,-2.333293764478886,0.9542215337221269,-0.45696243876484116,0.23068540430129048,-0.13728128407358256
218.12351680643326,1.8460331759033524,-2.3796764147757354,0.9772900741522547,-0.47069056717219865,0.23068540430129048,-0.13728128407358256
218.22351680643325,1.77691942734173,-2.3462393473671885,0.8608224756961333,-0.4175707279298187,0.18029365770260372,-0.11330284818972823
218.32351680643325,1.648807140379621,-2.124066318451116,0.6980995995728755,-0.20860394517356506,0.11443435487452937,-0.03358047128048018
218.42351680643324,1.3105800606793523,-2.2736284272210296,0.37024699288140683,-0.31775906554118055,-0.00805115285210932,-0.07151566648493535
218.52351680643324,1.7047367343115045,-2.173415088708592,0.6764891894792368,-0.21216967043202192,0.1057854239595341,-0.030005933626545064
218.62351680643323,1.6901989147404515,-1.9162784163845203,0.6184874826011109,0.013728155281041491,0.08105931818437627,0.051967523728872714
218.72351680643322,1.7524529595914808,-1.914645763237772,0.6265934144195481,0.018924907653928468,0.08105931818437627,0.051967523728872714
218.82351680643322,1.6540017792385655,-2.3267572240766405,0.5004931436308556,-0.31653818714685483,0.03256616633316731,-0.07014481879285427
218.9235168064332,1.704213924433314,-2.3587617668852885,0.5037497602641722,-0.3235526690261399,0.03256616633316731,-0.07014481879285427
219.0235168064332,1.518120649983473,-2.0824102630573798,0.29592219028812294,-0.0704172229458421,-0.047789744226007916,0.024787311236842254
219.1235168064332,1.5474739202911536,-2.0893280487957795,0.29114321586552244,-0.06793849182215801,-0.047789744226007916,0.024787311236842254
219.2235168064332,1.2681969906536605,-1.9482014297058239,0.030415673369873712,0.05622505075447591,-0.1402223963516938,0.068435780323471
219.3235168064332,1.2670978137988433,-2.079000402717943,0.013502997719608343,-0.050840702254590385,-0.14127556227002072,0.027213612807949907
219.42351680643318,1.5361819763228948,-2.44237218173671,0.22227964589258445,-0.3431404409596605,-0.060807383286851854,-0.07857081652172132
219.52351680643318,1.3607084027759075,-2.5783539786021277,0.046503822076430446,-0.4372695553408928,-0.12372116525479641,-0.11033503935522607
219.62351680643317,1.4962544326496228,-2.4813561113944314,0.14317127161075965,-0.33218980610925486,-0.08440774961967365,-0.06875238078846391
219.72351680643317,1.5101495210625995,-2.5149188539092973,0.13473049664879277,-0.33906504418810085,-0.08440774961967365,-0.06875238078846391
219.82351680643316,1.928330695354832,-2.8261650151059747,0.46435640396031785,-0.5755723245863639,0.038135989219192805,-0.1515666114650449
219.92351680643316,1.9749570156969571,-2.884480080621933,0.4681700028822369,-0.5907289857328675,0.038135989219192805,-0.1515666114650449
220.02351680643315,2.1044946829071316,-2.6656683854419825,0.54516605342626,-0.37600717241119247,0.06587982695025602,-0.06897047771898425
220.12351680643314,2.1593406873845056,-2.7036139550716944,0.5517540361212853,-0.3829042201830905,0.06587982695025602,-0.06897047771898425
220.22351680643314,1.883198973062052,-2.6387349460327436,0.282879364600029,-0.30457520806339733,-0.033600095451675,-0.0383998009341357
220.32351680643313,1.9128434599428736,-2.494001916702888,0.2808004852901771,-0.16234049778381168,-0.03313329989082354,0.014462552845683978
220.42351680643313,1.7764415425331663,-2.3706578472881987,0.14104414690718858,-0.04606604435927041,-0.08238907974476428,0.05563599912384403
220.52351680643312,1.5025609401490467,-2.289723661807248,-0.11441033715319303,0.03212936036426615,-0.1740432770850716,0.08237807021966019
220.62351680643312,1.8719274203507574,-2.312794610362726,0.1846375293432071,0.01842626907915075,-0.059948759938877605,0.07452056164018774
220.7235168064331,1.8900914294853828,-2.3105793806466104,0.17864265334931967,0.0258783252431691,-0.059948759938877605,0.07452056164018774
220.8235168064331,1.906902695002357,-2.6341987392014174,0.17348673135947243,-0.23733317825778058,-0.05924910891708321,-0.023071379450107926
220.9235168064331,1.923955122593718,-2.6580474139244448,0.16756182046776444,-0.23964031620279125,-0.05924910891708321,-0.023071379450107926
221.0235168064331,2.119771439851324,-2.0551752764068403,0.3113481057055326,0.27794490505162794,-0.00496841187191575,0.16447748892756212
221.1235168064331,2.150881408362516,-2.0265583984570417,0.31085126451834105,0.29439265394438324,-0.00496841187191575,0.16447748892756212
221.22351680643308,2.088113194366435,-1.9439120036681123,0.2324213051557016,0.3539701527248375,-0.03311299129119008,0.17994817530336535
221.32351680643308,1.9151115983784894,-1.7166108926259747,0.0643390813171462,0.5310509348370939,-0.09314930461168619,0.2375191242450309
221.42351680643307,1.6584313793752576,-2.2327590812772433,-0.1630706779757759,0.085268999066235,-0.1718813041671851,0.06916041978391801
221.52351680643307,1.5442334570952034,-2.193971996974743,-0.26367303478885146,0.11766790601961924,-0.20280679878271998,0.07854287404976215
221.62351680643306,1.5940926647280533,-2.2390721645222786,-0.21991293355868227,0.07846123885276157,-0.1797173649534145,0.06168933190527243
221.72351680643305,1.5712027845474192,-2.230917593977477,-0.2378846700540227,0.08463017204328846,-0.1797173649534145,0.06168933190527243
221.82351680643305,1.826402686860105,-2.436646382711996,-0.02211194567672098,-0.08744504906093409,-0.09493787474211454,-0.0027055392165453995
221.92351680643304,1.8237168029187227,-2.445404415314172,-0.031605733150931896,-0.08771560298258861,-0.09493787474211454,-0.0027055392165453995
222.02351680643304,1.70300577239845,-2.757661548366719,-0.14500197714645888,-0.34022580921862766,-0.13435089270689832,-0.09386497641863337
222.12351680643303,1.6878338202202705,-2.7921534541706725,-0.15843706641714794,-0.34961230686049044,-0.13435089270689832,-0.09386497641863337
222.22351680643303,1.841031557716844,-2.7240583689871554,-0.03090987887724663,-0.2737633938391302,-0.08344411407799773,-0.0632909455022232
222.32351680643302,1.5707312653482723,-2.7766476244648444,-0.2634484484934021,-0.30082854738311177,-0.16513201350902623,-0.07079503045854492
222.423516806433,1.8355969395759542,-2.825599131341897,-0.03746413147075042,-0.32314760964102096,-0.07759066917240717,-0.07625941275038886
222.523516806433,1.644207570476564,-2.5072967465779867,-0.2061991655552593,-0.03177202598719624,-0.13727187249864634,0.03382899904380199
222.623516806433,1.6994290515447308,-2.259579160916192,-0.15647655028017987,0.17767890728976596,-0.11439551166223658,0.10762640321196176
222.723516806433,1.6832094189584026,-2.241273138171157,-0.16791610144640287,0.18844154761096152,-0.11439551166223658,0.10762640321196176
222.823516806433,1.6076399742353424,-1.909388586650248,-0.22713957548872654,0.4589730738724885,-0.1315043504000324,0.20149743923330843
222.92351680643299,1.584268494934471,-1.8624837920668353,-0.24029001052872903,0.47912281779581817,-0.1315043504000324,0.20149743923330843
223.02351680643298,2.1344072409133372,-2.0561910492172046,0.226617813309861,0.2943931080274774,0.04261880345059556,0.12655540484303293
223.12351680643297,2.157282116261575,-2.0261189613902433,0.2308796936549203,0.30704864851178,0.04261880345059556,0.12655540484303293
223.22351680643297,2.2900416725284916,-2.0973450318105016,0.3260568269109196,0.2352607595887198,0.07545171987792243,0.09626545843109603
223.32351680643296,1.932213478836213,-1.9529254009721535,0.005190555269368137,0.345177664695653,-0.04420902950815736,0.13255911367398793
223.42351680643296,2.086886131475926,-2.0771498381540754,0.12895742603066312,0.227226214136809,0.002066619469785043,0.085512662061255
223.52351680643295,2.1254241885113165,-2.3550039850692897,0.1511989224460324,-0.020636062277002418,0.010235947222924799,-0.008895417216157914
223.62351680643295,2.1733855414352434,-2.3880305763556255,0.1794092129832788,-0.04693710977737724,0.020037910959031287,-0.017995825133799367
223.72351680643294,2.1914266522883654,-2.392814266459032,0.18141300407918182,-0.04873669229075707,0.020037910959031287,-0.017995825133799367
223.82351680643293,2.2231720139782865,-2.614610387192207,0.19211876013003784,-0.22704372250958427,0.02250046969509431,-0.08077962240074099
223.92351680643293,2.2424963923397647,-2.637718657555168,0.19436880709954715,-0.23512168474965792,0.02250046969509431,-0.08077962240074099
224.02351680643292,2.278911285871667,-2.6808046412377506,0.21462475000236708,-0.25910582823844286,0.030135954372782957,-0.0865204394287481
224.12351680643292,2.3005244406437666,-2.707147826258737,0.21763834543964522,-0.2677578721813172,0.030135954372782957,-0.0865204394287481
224.2235168064329,2.1126911502877426,-2.5357794381170855,0.04643727551116547,-0.11291637906077592,-0.03277951212184383,-0.02787513675565237
224.3235168064329,2.2140339065704935,-2.7733023538771233,0.12455642538005139,-0.3040139883937446,-0.0031214770498123844,-0.09602188326961376
224.4235168064329,2.3650571013378254,-2.9532955622380914,0.23931930842414337,-0.4363510526587123,0.03842048576662316,-0.14003039252733604
224.5235168064329,2.4420242539963075,-3.1097826049557002,0.28858856659783777,-0.5458917091670101,0.055262444104957946,-0.1752060811890215
224.6235168064329,2.3218660078285698,-2.837349991826829,0.17033439360000155,-0.2939175145556646,0.010634322654125027,-0.07869418386652556
224.72351680643288,2.3389526188018395,-2.8671352142017263,0.171397825865414,-0.30178693294231673,0.010634322654125027,-0.07869418386652556
224.82351680643288,2.62789755419844,-2.6307924108808747,0.39941975946309094,-0.08947981171462585,0.09295465500241612,0.00041532920058836784
224.92351680643287,2.6683043034197587,-2.6397383154063334,0.408715224963332,-0.08943827879456702,0.09295465500241612,0.00041532920058836784
225.02351680643287,2.667590983570091,-2.555772296886324,0.3826927093816626,-0.009591950115558445,0.08008782510363674,0.029978857628774506
225.12351680643286,2.706260693633773,-2.556581597609736,0.39070149189202585,-0.006594064352681165,0.08008782510363674,0.029978857628774506
225.22351680643285,2.7258246040634293,-2.5090139060043484,0.3821759643927281,0.035987060650562605,0.07411666403495965,0.04417740692759169
225.32351680643285,2.5544142216471175,-2.46228266684151,0.21311893584137517,0.0761455602887048,0.009818124227332664,0.05711147948256956
225.42351680643284,2.5723859545270695,-2.4160152039437195,0.21128642218320237,0.11343714004836242,0.008802155527213354,0.06843513720506501
225.52351680643284,2.722770671223215,-2.6082436934380464,0.32324530924961997,-0.0534258443179936,0.0499841337844362,0.004478699199392033
225.62351680643283,2.7882634995667965,-2.381081290126906,0.35553662374611567,0.13809634239664245,0.05982438906345944,0.07290653029903243
225.72351680643283,2.8241162838867235,-2.3669071232357473,0.36151906265246125,0.1453869954265453,0.05982438906345944,0.07290653029903243
225.82351680643282,3.163093593630992,-2.5000227546995584,0.6203809107403916,0.03216030067377528,0.15160555100415438,0.03003133182883115
225.92351680643281,3.2258897124600483,-2.4966565679730373,0.6355414658408062,0.035163433856658224,0.15160555100415438,0.03003133182883115
226.0235168064328,2.7827877211551546,-2.8275472134415227,0.22645128652221055,-0.2438317172457707,-0.002413556243737826,-0.0729795868373511
226.1235168064328,2.8054207820261556,-2.8522952831002852,0.22620993089783678,-0.2511296759295054,-0.002413556243737826,-0.0729795868373511
226.2235168064328,2.8349270165583467,-2.8318346624165884,0.23169741911141548,-0.22060525834975517,-0.0003446553174986733,-0.059412660929279736
226.3235168064328,2.5746818498625177,-2.899387361795369,-0.006498462527516579,-0.264189162019227,-0.087121696979913,-0.0730349963228783
226.4235168064328,2.3908069170607154,-2.98093027875521,-0.1669931782963352,-0.3165650314482668,-0.14191503350143525,-0.08919639941477397
226.52351680643278,2.402852071204736,-2.8048126340224075,-0.1558641633183028,-0.14811027662536447,-0.13252755144891568,-0.023889490303812974
226.62351680643278,2.2829768931276138,-2.727574125029757,-0.25503420341190386,-0.07474677749980364,-0.1635043982531091,0.003239094085520481
226.72351680643277,2.2566559507951593,-2.7350326073093094,-0.27138464323721384,-0.07442286809125162,-0.1635043982531091,0.003239094085520481
226.82351680643276,2.855141880499092,-2.8308931952788523,0.23712591436098412,-0.14819108699374503,0.02732002421455121,-0.02369046123437311
226.92351680643276,2.878991072056262,-2.8458307562843976,0.2398579167824391,-0.1505601331171822,0.02732002421455121,-0.02369046123437311
227.02351680643275,2.859894814262417,-2.20223324051589,0.20613716195567625,0.3947741428296908,0.013996954823525979,0.1742903411639662
227.12351680643275,2.8805785152321013,-2.1618843745271032,0.20753685743802877,0.41220317694608644,0.013996954823525979,0.1742903411639662
227.22351680643274,3.370425635150891,-2.227677755830714,0.5985032681187036,0.3408075000251222,0.15468414419432852,0.14242882445082516
227.32351680643274,3.1874747558461376,-2.2857819901991534,0.40928791672181675,0.2776771241405573,0.08010509623523607,0.11442854223577703
227.42351680643273,3.294164178370835,-2.3490392837001317,0.4715713708812309,0.21372572918731558,0.09969757106815497,0.08739475507854597
227.52351680643272,3.184185233233127,-2.4257851044007293,0.34602871430291354,0.13850983182637136,0.04945687951219751,0.05648349580348039
227.62351680643272,3.2629660438994557,-2.41341740300713,0.38739767511702994,0.14270697693095516,0.06258902334396388,0.05596378820266601
227.7235168064327,3.3020187565278762,-2.398866886373022,0.39365657745142596,0.14830335575122144,0.06258902334396388,0.05596378820266601
227.8235168064327,3.092068981444305,-2.548713001292063,0.19175598083686157,0.015854220761149708,-0.01282596686722303,0.0058316657351805
227.9235168064327,3.111180449693654,-2.5470984208872722,0.19047338415013934,0.016437387334667725,-0.01282596686722303,0.0058316657351805
228.0235168064327,3.081692941904772,-2.1853509501582513,0.14435226270304014,0.31863170640859917,-0.030317348629885485,0.11548412063162039
228.1235168064327,3.0959765814319256,-2.152910358914235,0.14132052784005175,0.33018011847176054,-0.030317348629885485,0.11548412063162039
228.22351680643268,3.2168824278712225,-2.3807518953164344,0.22710006513491088,0.12648052780917665,0.0017557412334834668,0.03827443701742704
228.32351680643268,3.3290023069496115,-2.5329826126466046,0.3024023172570525,-0.007177599567073162,0.02912907052090427,-0.01147963659647784
228.42351680643267,3.2864991673884867,-2.4341099767985144,0.24479051225624282,0.07369522805897381,0.007279714312085805,0.01793020086851207
228.52351680643267,3.4713368462130654,-2.6698588057991937,0.38334137502211657,-0.1316909152059698,0.05837700632095073,-0.05835043032785914
228.62351680643266,3.241694437670627,-2.649230914528528,0.16675547870310636,-0.10950888555979064,-0.02181618987356851,-0.04831691274505089
228.72351680643266,3.258260904591569,-2.660423387648232,0.16457385971574964,-0.11434057683429547,-0.02181618987356851,-0.04831691274505089
228.82351680643265,3.1717757002771445,-2.9306648981033563,0.07526622937631744,-0.3324238178728456,-0.05375243391548907,-0.12492806305301107
228.92351680643264,3.1790335610451983,-2.964531920205904,0.06989098598476884,-0.344916624178146,-0.05375243391548907,-0.12492806305301107
229.02351680643264,2.9943166541086397,-2.681900891601417,-0.09726048936129446,-0.09345519655618036,-0.11296587366418534,-0.029577133137209864
229.12351680643263,2.9840257758041897,-2.6913942969227205,-0.10855707672771235,-0.09641290986990117,-0.11296587366418534,-0.029577133137209864
229.22351680643263,2.969046530692306,-2.632957498062169,-0.12280949543957606,-0.04319836480832796,-0.11403333550838629,-0.009428085331283233
229.32351680643262,3.345726153949635,-2.4487602313059615,0.19312265620734503,0.1129124425600702,0.0052353751874337495,0.04740738551577698
229.42351680643262,3.175002363823352,-2.1627643190445305,0.03582458449048618,0.3435693944306928,-0.0517380566667121,0.1284131769775579
229.5235168064326,3.4322172210097537,-2.7149405660871886,0.2489112420497814,-0.1437803840568302,0.029181147069673903,-0.05575057732350008
229.6235168064326,3.323724050958777,-2.5739863648892927,0.14111835261618078,-0.021460860381380543,-0.010734893303905133,-0.009948771188894992
229.7235168064326,3.337782211753875,-2.5761821947833754,0.14004486328579033,-0.022455737500269985,-0.010734893303905133,-0.009948771188894992
229.8235168064326,3.462549256776116,-2.81475897384187,0.23108125862291906,-0.21810889329544944,0.0225558046381583,-0.07982245580400835
229.9235168064326,3.4857701616615975,-2.836968975450434,0.23333683908673478,-0.22609113887584983,0.0225558046381583,-0.07982245580400835
230.02351680643258,3.4888504500702204,-2.635698309838999,0.21549476627977282,-0.04613923049371285,0.01439592778862521,-0.011478426205913592
230.12351680643258,3.5104719063371395,-2.6403696250193995,0.21693435905863526,-0.04728707311430415,0.01439592778862521,-0.011478426205913592
230.22351680643257,3.7999909254410897,-2.705050133984319,0.4407677190453013,-0.09774757446381477,0.09471067959211087,-0.02916692844714399
230.32351680643256,3.81903510847876,-2.7390438706481,0.4288051372110498,-0.12071459248254697,0.08690106562732003,-0.03642285608281534
230.42351680643256,3.766062995435306,-2.92663797265131,0.3575414837561533,-0.26868088481894686,0.05803784391826425,-0.08817248582468963
230.52351680643255,3.8742424873395156,-2.8333314984803124,0.4253571026518588,-0.17475068032832866,0.08102848636499758,-0.05034223085389205
230.62351680643255,3.640568124441052,-2.716329020499388,0.20411596557478887,-0.06905273936062538,-0.0016598052302735922,-0.01068665627834691
230.72351680643254,3.660971421972379,-2.7232877277168415,0.2039499850517615,-0.07012140498846,-0.0016598052302735922,-0.01068665627834691
230.82351680643254,3.9284648494858128,-2.8254930163560448,0.41001255171518536,-0.15027401021988626,0.07310194924841609,-0.03926435227144419
230.92351680643253,3.969831614403571,-2.8407167391393897,0.41732274664002655,-0.15420044544703046,0.07310194924841609,-0.03926435227144419
231.02351680643253,3.894750731865427,-2.973774866452486,0.3204127478529013,-0.26690723085672374,0.03350838469397199,-0.08170023021855564
231.12351680643252,3.9269595485741853,-3.0008740906892495,0.3237635863222983,-0.27507725387857884,0.03350838469397199,-0.08170023021855564
231.2235168064325,3.936232434309523,-3.185289393307574,0.30778572637697765,-0.4120971243507159,0.026528064897455527,-0.12791880520830656
231.3235168064325,4.261059247861272,-3.3969173857453123,0.5574254737559189,-0.5662962834603563,0.11652079507995751,-0.17909208901755044
231.4235168064325,4.280627997293482,-3.5133544539958423,0.5385562107516405,-0.632696351799102,0.10550262313162682,-0.19647924503281322
231.5235168064325,4.186216135747232,-3.580083203453112,0.42119310351509687,-0.6544540932820145,0.058079247142157626,-0.19725605177491745
231.6235168064325,4.500024544895357,-3.4565899806976526,0.6520199594143484,-0.518082967924914,0.139208172055509,-0.14135444819255236
231.72351680643249,4.565922581697065,-3.509105049731104,0.6659407766198986,-0.5322184127441685,0.139208172055509,-0.14135444819255236
231.82351680643248,4.669713626165345,-3.480891201517306,0.7122869168312557,-0.479147361877396,0.15149189281348435,-0.1173560646065202
231.92351680643247,4.741699777312533,-3.5293927180280757,0.7274361061126032,-0.49088296833804734,0.15149189281348435,-0.1173560646065202
232.02351680643247,4.469404625278066,-3.552622094905794,0.4575680072990821,-0.4784844710101718,0.04917461537847828,-0.10803185618384681
232.12351680643246,4.515407299084863,-3.6010107012877275,0.46248546883692965,-0.48928765662855583,0.04917461537847828,-0.10803185618384681
232.22351680643246,4.786938518781012,-3.2757852832269885,0.6543164993737776,-0.1915950341814083,0.11667613348007135,0.0026259126940136462
232.32351680643245,4.753881633887421,-3.6866923500191078,0.5827307253959958,-0.5176267190614819,0.08634173767996985,-0.11545534709235845
232.42351680643245,4.583542204590274,-3.5629654511430777,0.40117390018267507,-0.38425040879393024,0.017682990806096033,-0.06349135309663767
232.52351680643244,4.511259472626297,-3.525993752678747,0.30624010438462634,-0.3261016508498271,-0.01816892850885865,-0.039744080790687995
232.62351680643243,4.36389921164108,-3.4159679323384298,0.1569302855122836,-0.21268213565775723,-0.07134642098661721,0.0022972133428085725
232.72351680643243,4.379235508087374,-3.43722465983749,0.14979564341362228,-0.2124524143234764,-0.07134642098661721,0.0022972133428085725
232.82351680643242,4.286245479320657,-3.793129930195989,0.05265606786441694,-0.4890276031858363,-0.10402724229624814,-0.09735746805970133
232.92351680643242,4.290990949895617,-3.8425194778548684,0.04225334363479272,-0.4987633499918059,-0.10402724229624814,-0.09735746805970133
233.0235168064324,3.8233486595048527,-3.329551393738868,-0.3662049675173637,-0.03100793599713595,-0.24965086334708322,0.07779824877716765
233.1235168064324,3.7854799084363835,-3.332263196094696,-0.3911700538520706,-0.02322811111941963,-0.24965086334708322,0.07779824877716765
233.2235168064324,3.8573121394577057,-3.2232702862003384,-0.3229448999751302,0.07588063764789874,-0.21599636346124512,0.11055802925850468
233.3235168064324,3.767455024018314,-3.0590693877306614,-0.3920087584795388,0.21691757495782868,-0.23329053667799568,0.15759635391947163
233.4235168064324,4.058312592642761,-2.641508740535922,-0.14029923364273,0.5578710495050606,-0.1340019044964419,0.2741996907595298
233.52351680643238,4.325610447373026,-2.694681014124106,0.08872329342560961,0.49130498632299824,-0.04412464051914301,0.23959527519814972
233.62351680643238,4.601103807984243,-2.920905756527441,0.30555147392429444,0.28796914471860385,0.035642050865450026,0.1581959045811358
233.72351680643237,4.631837165630998,-2.8913178625326763,0.30911567901083925,0.30378873517671656,0.035642050865450026,0.1581959045811358
233.82351680643237,4.824987761422211,-2.792222744851904,0.4493425576004223,0.37816757387710603,0.08556515338836826,0.17991797571357643
233.92351680643236,4.870349842949192,-2.7535063975856278,0.45789907293925863,0.39615937144846264,0.08556515338836826,0.17991797571357643
234.02351680643235,4.993206209380718,-2.913717267919313,0.5282311602873098,0.2454948776948481,0.10734422699442536,0.11845748954253772
234.12351680643235,5.046566046544418,-2.888575492702117,0.5389655829867517,0.2573406266491012,0.10734422699442536,0.11845748954253772
234.22351680643234,5.0535196773466655,-2.9131459548940777,0.510263830843049,0.22728167772625443,0.09310234137698009,0.10342623060369387
234.32351680643234,4.955739903368607,-2.82434141278867,0.39413617479461754,0.2922280580902319,0.04739750303393746,0.12318655409930435
234.42351680643233,4.9132367526947,-2.8176953958913007,0.3306580695807608,0.2854566232100312,0.022770930276424028,0.11634150366972254
234.52351680643233,5.027159890325692,-2.9216495554721544,0.4023472422009326,0.18372394516595264,0.04850518432911363,0.07460133497697256
234.62351680643232,5.257756706291638,-3.194045945548687,0.5648274806562877,-0.04810144306380942,0.10533742352101634,-0.011091967712954093
234.72351680643231,5.314766141474869,-3.1989115496936322,0.5753612230083888,-0.049210639835104764,0.10533742352101634,-0.011091967712954093
234.8235168064323,5.30207562716197,-3.0128301317801336,0.528439265917171,0.10438741350631414,0.08493797965237646,0.04371368287064763
234.9235168064323,5.355344243651945,-3.0021728220151496,0.5369330638824082,0.10875878179337865,0.08493797965237646,0.04371368287064763
235.0235168064323,4.78145772278827,-3.1403437015508446,0.017472876299475283,-0.008060075705137122,-0.10753893165962955,0.0007198753717194868
235.1235168064323,4.782667315759919,-3.1411461097444997,0.00671898313351294,-0.007988088167965177,-0.10753893165962955,0.0007198753717194868
235.2235168064323,4.7898535197425405,-2.870703288764825,0.0018224188637884983,0.21540137649322283,-0.10542362994753969,0.08082408788902033
235.32351680643228,5.007603733603416,-3.303149933600998,0.17455252941141428,-0.15497468038759002,-0.03864604971596115,-0.056134650494205726
235.42351680643227,5.028435839152193,-3.2924357722656246,0.1736524072499838,-0.13878214715589535,-0.03757587459744724,-0.0483157687794986
235.52351680643227,5.095158636692417,-3.023533984528609,0.21248713720825063,0.09748103331716536,-0.021784941325281,0.04045213611664042
235.62351680643226,5.134365835305138,-2.6840836775499173,0.22528848328417048,0.37233781753327955,-0.016384069829336025,0.1374355963954201
235.72351680643226,5.156812763284407,-2.6461627178146148,0.22365007630123696,0.38608137717282076,-0.016384069829336025,0.1374355963954201
235.82351680643225,5.064656754608023,-2.9656179823390034,0.12768660400170664,0.1059440861388124,-0.05025996144372066,0.03239697359653464
235.92351680643225,5.0771741152009735,-2.95486158885714,0.12266060785733486,0.10918378349846568,-0.05025996144372066,0.03239697359653464
236.02351680643224,5.175591900997912,-3.1861496649104133,0.1906399099591377,-0.08844418828504738,-0.023541457084217784,-0.04003330981884103
236.12351680643224,5.194538184708404,-3.1951942502880115,0.18828576425071605,-0.09244751926693126,-0.023541457084217784,-0.04003330981884103
236.22351680643223,5.222457997592678,-3.3816961427866437,0.19358048550112697,-0.24222656129061088,-0.020779163612195332,-0.09232320977444597
236.32351680643222,5.219153013395233,-3.361795177657101,0.17254538480487816,-0.21432420286692563,-0.02768644692337164,-0.07888469722315614
236.42351680643222,5.599815673778379,-3.3840131343654036,0.47165419053603397,-0.22253460036272826,0.08129098926746853,-0.07900012946107196
236.5235168064322,5.564517083192972,-3.3138342160949867,0.40854271911460827,-0.15135868453364415,0.05487882949699886,-0.04988541704585925
236.6235168064322,5.629724053746994,-3.3083731701223233,0.4339941254382455,-0.13921389858057995,0.06207653139826005,-0.04374960313428877
236.7235168064322,5.673433848947807,-3.322513307996052,0.44020177857807113,-0.14358885889400858,0.06207653139826005,-0.04374960313428877
236.8235168064322,5.784334152701941,-2.84350350819978,0.502679823228291,0.25974643297167016,0.0826677915611218,0.10288995246358319
236.9235168064322,5.8350154739825735,-2.8170144151402967,0.5109466023844027,0.2700354282180279,0.0826677915611218,0.10288995246358319
237.02351680643218,5.718345632918889,-2.898119478470129,0.3804605663348926,0.18896972259434117,0.03281897271978247,0.06957524622960906
237.12351680643218,5.7565557844159745,-2.878874629979548,0.3837424636068707,0.19592724721730168,0.03281897271978247,0.06957524622960906
237.22351680643217,5.942403025153277,-2.9329666415806472,0.509377825670614,0.1419317549094213,0.07700540959895308,0.047711335331639154
237.32351680643217,6.137952482605729,-3.2974722371984697,0.6382767598856264,-0.16891091177988632,0.12116553508370503,-0.06650481205540582
237.42351680643216,6.01228395093276,-3.2847381021038755,0.4925386532555707,-0.15090296062974098,0.06418017188903954,-0.057663145493128065
237.52351680643216,6.006648297498872,-3.1300931680745383,0.45149438333781944,-0.01183302157747609,0.04658371661072969,-0.00433635014311478
237.62351680643215,6.062247945354601,-3.4265022890317858,0.464623996257539,-0.25489096566874203,0.049637960502016264,-0.09122534454432171
237.72351680643214,6.108958534782862,-3.45244751232138,0.46958779230774034,-0.2640135001231737,0.049637960502016264,-0.09122534454432171
237.82351680643214,6.0093647709106754,-3.467994959719448,0.34935436417761484,-0.26409625452027413,0.0035289847067529467,-0.08805549208001598
237.92351680643213,6.044317852251969,-3.494844862631874,0.3497072626482901,-0.2729018037282752,0.0035289847067529467,-0.08805549208001598
238.02351680643213,5.993709148938966,-3.027779046077096,0.28154572026004754,0.1291633167071084,-0.020485150959151127,0.060323102081114785
238.12351680643212,6.021761295210173,-3.0145610988959803,0.27949720516413257,0.13519562691521952,-0.020485150959151127,0.060323102081114785
238.22351680643212,5.942101941612379,-2.953537085926545,0.18815462189984092,0.18009128514674436,-0.05273259661605554,0.07426342564778632
238.3235168064321,5.850349168904922,-2.968891897359656,0.09018880448159701,0.1594198080813722,-0.08650627027705542,0.06409522417538621
238.4235168064321,5.638408099816819,-2.5048254602699225,-0.10158074911140232,0.5344198965698446,-0.15261200658531557,0.19625913614641824
238.5235168064321,5.48146881947138,-2.701613655791532,-0.24236816724230403,0.3400488042172233,-0.19915035538094944,0.11746826535985361
238.6235168064321,5.388705209950254,-2.639500379945276,-0.3182737529515954,0.37441481489570355,-0.21933733750185222,0.12556868271619462
238.7235168064321,5.355781147967588,-2.601431055042127,-0.34020748670177936,0.3869716831673223,-0.21933733750185222,0.12556868271619462
238.82351680643208,5.5794858575554676,-2.71266518093553,-0.14736581621401326,0.27761077394328376,-0.14180880466765355,0.08237772518168314
238.92351680643208,5.564040231910728,-2.6844922149152946,-0.1615466966807778,0.28584854646145164,-0.14180880466765355,0.08237772518168314
239.02351680643207,5.8880197595758474,-3.2189489318098397,0.11551236640982816,-0.1772667563776455,-0.034316312117679576,-0.08881458746676996
239.12351680643206,5.899399414656242,-3.237119680384937,0.1120807351980604,-0.18614821512432198,-0.034316312117679576,-0.08881458746676996
239.22351680643206,5.795272121242755,-2.8935581914390336,0.01299508576018459,0.10352532244863717,-0.06886057488768331,0.018277401844979863
239.32351680643205,5.633107052842089,-3.063881467916095,-0.13096630021306965,-0.0452064558331411,-0.11880565703078481,-0.03620794746340273
239.42351680643205,5.778187478987132,-2.9033308283458577,-0.011008426987915227,0.08719308571633176,-0.07121212182089501,0.012564271381207477
239.52351680643204,5.977723937648836,-3.0994435752889062,0.15465667033795577,-0.0860922319677345,-0.007152280770065272,-0.0516996934391725
239.62351680643204,6.195777929406509,-3.3866738044515268,0.32193876451264203,-0.3200446016193802,0.05341792134948998,-0.13363160197323748
239.72351680643203,6.228238895464519,-3.419346422623329,0.3272805566475907,-0.3334077618167032,0.05341792134948998,-0.13363160197323748
239.82351680643202,6.530302758740345,-3.650105375247778,0.5542041490036725,-0.5056261200537301,0.13294359812048034,-0.18978000078569662
239.92351680643202,6.586387891631312,-3.7016168872570767,0.5674985088157198,-0.5246041201322986,0.13294359812048034,-0.18978000078569662
240.023516806432,6.547959914118359,-3.623974576770579,0.4975979553559439,-0.4285395220284771,0.10187949747138944,-0.146493309679892
240.123516806432,6.598229107141308,-3.6675609955218236,0.5077859051030823,-0.4431888529964655,0.10187949747138944,-0.146493309679892
240.223516806432,6.799717344402735,-3.371411426032978,0.6427288490886078,-0.17691839986383842,0.14693321693620304,-0.04572708942828271
240.323516806432,6.636007823889589,-3.2462634818735783,0.4652236971140345,-0.06233059257185845,0.07690333875704373,-0.002604592644559957
240.423516806432,6.6327356054272935,-3.303476533660471,0.4312469045391051,-0.10454231845232176,0.06186155074783724,-0.017646875379068408
240.52351680643199,6.563793497600694,-3.4501313384405092,0.3408276172835588,-0.2222556593995385,0.02604546498300387,-0.06033763793135903
240.62351680643198,6.426894083694027,-3.526679044324426,0.20156144124988024,-0.2726881057922639,-0.025104983270780035,-0.07623776310221884
240.72351680643197,6.44692470290266,-3.554329043719162,0.19905094292280237,-0.2803118821024853,-0.025104983270780035,-0.07623776310221884
240.82351680643197,6.707350436675253,-3.538339697427101,0.397912138705731,-0.25223989721710016,0.0480402394884014,-0.06366329626674307
240.92351680643196,6.747381851743266,-3.5638820036301433,0.4027161626545709,-0.2586062268437741,0.0480402394884014,-0.06366329626674307
241.02351680643196,7.032256757288638,-3.663002806489579,0.6048568664049199,-0.3227714453973126,0.11771801072187216,-0.08376065121443221
241.12351680643195,7.093331033982736,-3.695698754285381,0.6166286674771064,-0.33114751051875535,0.11771801072187216,-0.08376065121443221
241.22351680643195,7.005079261326886,-3.404753642602697,0.5033938216507545,-0.07237166866939194,0.07257341001881745,0.01206701711673984
241.32351680643194,6.961268005328977,-3.3869185523350747,0.4312283573354843,-0.050332741705902885,0.04363473389483642,0.01960590327471027
241.42351680643193,6.9793532246644485,-3.4259952208858286,0.4146202290765462,-0.07647419450001583,0.03606400816737765,0.009529476216583626
241.52351680643193,6.740436711021527,-3.4315310103218706,0.177040906369054,-0.07376302268297816,-0.053354645177842386,0.010176831139919084
241.62351680643192,6.695913142655194,-3.390380038109564,0.1203331539171681,-0.0329032464780541,-0.07187654672845667,0.0244451433988224
241.72351680643192,6.707587075313268,-3.393548137040375,0.11314549924432285,-0.030458732138172,-0.07187654672845667,0.0244451433988224
241.8235168064319,6.230447957289164,-3.3383286122430618,-0.29930901228851536,0.021778545785256828,-0.2182320030564337,0.04282938560060013
241.9235168064319,6.199425896045033,-3.3359366107365336,-0.3211322125941575,0.026061484345316598,-0.2182320030564337,0.04282938560060013
242.0235168064319,6.344061303680107,-3.3362017207179093,-0.1927470995801827,0.024644390823946226,-0.16327416187019503,0.03989246470571315
242.1235168064319,6.323970222912739,-3.333537819311986,-0.2090745157672013,0.028633637294517313,-0.16327416187019503,0.03989246470571315
242.2235168064319,6.341613481863839,-3.1312062176425415,-0.19270398351888535,0.19668616121709465,-0.15146570317983127,0.09874213385186788
242.32351680643188,6.540250302536717,-3.4973544105928442,-0.02409954650798939,-0.11519449688010396,-0.08451376327652685,-0.017696379919809213
242.42351680643188,6.674914155000781,-3.497447936182218,0.08162167744412353,-0.10748654732733547,-0.043297576892690856,-0.014298042682602118
242.52351680643187,6.760537949573273,-3.6688789188800732,0.14406882541578475,-0.24573429593154855,-0.018540303155626447,-0.06467260247951603
242.62351680643187,6.802461385522484,-3.8951226187275245,0.165105858967003,-0.4176858706702591,-0.010287098005931417,-0.12393610220870449
242.72351680643186,6.818920535929154,-3.9375108863055917,0.16407714916640992,-0.43007948089112885,-0.010287098005931417,-0.12393610220870449
242.82351680643185,6.976295255009723,-3.759420967064153,0.2787624318189139,-0.25729046150114604,0.03112884705309399,-0.056782633929020804
242.92351680643185,7.004327142426878,-3.7854339263839116,0.28187531652422315,-0.2629687248940478,0.03112884705309399,-0.056782633929020804
243.02351680643184,7.0240503729638215,-3.3899306588427667,0.2774293892917511,0.08722282765866114,0.028285766453111046,0.07323897803408567
243.12351680643184,7.051934740725261,-3.380842181186731,0.28025796593706204,0.0945467254620693,0.028285766453111046,0.07323897803408567
243.22351680643183,7.088875455408535,-3.426081532853163,0.2903737249080387,0.05653808195143229,0.030917442004008474,0.05697814807068073
243.32351680643183,7.296169765397671,-3.284379857238996,0.44313072870903086,0.17531176935593493,0.08544982042225005,0.09789869882418165
243.42351680643182,6.996809555013454,-3.06711096396654,0.16594561589753676,0.34910423524003525,-0.017698437707151987,0.15670439450988716
243.52351680643181,7.033321331236346,-2.9669658292922163,0.18137391348304582,0.4196780631344776,-0.011322294800999106,0.17691909688406451
243.6235168064318,7.109391290112821,-3.2133886942863032,0.2283209966755756,0.19961852245326395,0.006012348676161237,0.09177517821145126
243.7235168064318,7.132253451523758,-3.192967966149921,0.2289222315431917,0.20879604027440854,0.006012348676161237,0.09177517821145126
243.8235168064318,7.475563541686304,-3.3336166222619874,0.4979558940270754,0.08215176185490951,0.10360594421972738,0.042381230924493835
243.9235168064318,7.525877160810108,-3.3251895399218743,0.5083164884490475,0.08638988494735865,0.10360594421972738,0.042381230924493835
244.0235168064318,7.58921935738314,-3.1551682767938574,0.5217788731578413,0.22709692312051513,0.10278341875581297,0.0924023888837692
244.12351680643178,7.6419111617927005,-3.131996572537388,0.5320572150334221,0.23633716200889152,0.10278341875581297,0.0924023888837692
244.22351680643177,7.476162593786349,-3.003212676649574,0.3600472119526191,0.33176995091995637,0.03695224297396443,0.12331974668909923
244.32351680643177,7.2537323466902786,-3.0129417250527584,0.1464157760923998,0.30785227293580264,-0.04223339906290724,0.11020151273597807
244.42351680643176,7.34789070768672,-3.338151437161113,0.2083959804504353,0.025396979048759784,-0.018333990509691457,0.0049713021168315
244.52351680643176,7.459066942013159,-3.513884678805213,0.2843003392841478,-0.12599064694892917,0.0104869758499824,-0.05095065878562059
244.62351680643175,7.661231731091674,-3.650407572008977,0.42935049930917807,-0.2327276621178517,0.06240564674663884,-0.08735083153178191
244.72351680643175,7.704478809256322,-3.6741170923784194,0.4355910639838416,-0.2414627452710294,0.06240564674663884,-0.08735083153178191
244.82351680643174,7.5816896394258295,-3.283670428284006,0.30301041359437003,0.09259369856977855,0.01215280475998997,0.03593187385367156
244.92351680643173,7.612051444809065,-3.2742313990577605,0.304225694070369,0.0961868859551455,0.01215280475998997,0.03593187385367156
245.02351680643173,7.570182043151131,-3.3720335905434387,0.24571946331713382,0.013616875661720405,-0.009310903552439678,0.005707624726265233
245.12351680643172,7.59470743496508,-3.370643364853635,0.2447883729618899,0.014187638134346895,-0.009310903552439678,0.005707624726265233
245.22351680643172,7.933229643228395,-3.1443458427149293,0.5047375876412749,0.19988356107411712,0.08490278423361446,0.07211221332963441
245.3235168064317,7.960243863279318,-3.1520191254157,0.49315731150962533,0.18375532138122247,0.07758983078684469,0.06366599418907419
245.4235168064317,7.885889433379663,-3.1736561354906407,0.39790240108081143,0.15692529980737932,0.04040192559307628,0.051762826559499486
245.5235168064317,8.189956991053009,-3.217912512824178,0.6289580405361864,0.11081303433760901,0.12456700490786465,0.03287906063978882
245.6235168064317,7.922205912014962,-3.094304934215447,0.36675625076475266,0.2064496579467523,0.025540901122040993,0.06595112679947737
245.7235168064317,7.9590092415970455,-3.0733302127867757,0.36931034087695663,0.21304477062669966,0.025540901122040993,0.06595112679947737
245.82351680643168,8.050348683674565,-2.7438710626333873,0.41426786994169756,0.473330030431728,0.04013201324941705,0.15703932660247405
245.92351680643168,8.09197613073498,-2.695752862957205,0.41828107126663905,0.4890339630919745,0.04013201324941705,0.15703932660247405
246.02351680643167,8.192826794005697,-2.9945307686229223,0.4710494673827894,0.2099248315545443,0.05771213264655931,0.04904653809191846
246.12351680643167,8.240220301407206,-2.97329305277701,0.47682068064744504,0.21482948536373586,0.05771213264655931,0.04904653809191846
246.22351680643166,8.191965046453685,-3.2246609997482483,0.4026675287854535,-0.005113159221028456,0.028848439078195932,-0.031606422914318685
246.32351680643166,8.377858309559658,-3.1225329166916485,0.5278059048732363,0.07734533785835337,0.07339301740984303,-0.0006220735777641359
246.42351680643165,8.344903062215302,-3.3452957623766144,0.4636481883544529,-0.11243830318180109,0.04758267041535842,-0.06864966073905437
246.52351680643164,8.192942525307622,-3.442589004926401,0.297709203832072,-0.1923129199722163,-0.015702660662887988,-0.09553084970605226
246.62351680643164,8.209955930544371,-3.286229378906972,0.28562667143467413,-0.05715761391862703,-0.019492781171213825,-0.043707655957056814
246.72351680643163,8.238421133781982,-3.29216367857862,0.2836773933175529,-0.06152837951433247,-0.019492781171213825,-0.043707655957056814
246.82351680643163,8.170996029745945,-3.0775254565023213,0.20234516439618241,0.11742317342311769,-0.04814075868732787,0.022433236660777886
246.92351680643162,8.190989842392126,-3.0656709729767067,0.1975310885274499,0.11966649708919534,-0.04814075868732787,0.022433236660777886
247.02351680643162,8.500330321302862,-3.815249320309302,0.438765231831351,-0.5217159408963666,0.04223135386067798,-0.21312437892722347
247.1235168064316,8.544418001255298,-3.8684865362935716,0.4429883672174186,-0.5430283787890877,0.04223135386067798,-0.21312437892722347
247.2235168064316,8.716280842734072,-3.798383343328194,0.5529896480781586,-0.4610366712531715,0.08043181966822979,-0.176069073960025
247.3235168064316,8.502750050007357,-3.806657944884497,0.3347884001966491,-0.44640282696029937,-0.0020031214559481786,-0.16440160427343148
247.4235168064316,8.508247671312098,-3.9923557621456487,0.31136169411794984,-0.5782718232221954,-0.010387824782539506,-0.2057904185905714
247.5235168064316,8.570304222644674,-4.034943119966831,0.33694863200064623,-0.5849921454480762,-0.0005164442371495392,-0.20068782108950176
247.62351680643158,8.525425667019686,-3.872101398866692,0.27175325067584577,-0.42231907698444876,-0.024003540686288155,-0.13524402573495692
247.72351680643158,8.552480974383839,-3.915009526693809,0.2693528966072171,-0.43584347955794367,-0.024003540686288155,-0.13524402573495692
247.82351680643157,8.51837960568019,-3.7675007236311644,0.2153329867434093,-0.28794242650565544,-0.04292686531736077,-0.0763711860515463
247.92351680643156,8.539698270027943,-3.796676822211986,0.21104030021167347,-0.29557954511080964,-0.04292686531736077,-0.0763711860515463
248.02351680643156,8.52310603383529,-4.042140437406897,0.17733871884885527,-0.48084807690402914,-0.05306045627700516,-0.1401455874377503
248.12351680643155,8.54057460343879,-4.090925973034486,0.17203267322115506,-0.49486263564780336,-0.05306045627700516,-0.1401455874377503
248.22351680643155,8.58118277111046,-3.5849942865067477,0.18638688786146201,-0.05100991093190909,-0.04596039702785318,0.024091885828233073
248.32351680643154,8.723668915009382,-3.395856460848894,0.28605704601642484,0.11307886938018401,-0.007969725224761803,0.0826014315623392
248.42351680643154,8.506689018372072,-3.2097738434310337,0.08136672086128241,0.2648573579457681,-0.08157500708697732,0.13406217883839133
248.52351680643153,8.90195555042588,-3.113858852214402,0.40636059575078165,0.33683656864069517,0.04193954813133795,0.15562798106680134
248.62351680643152,8.96469444826168,-2.8071209744487478,0.428706336234321,0.5761794149890392,0.04848404129439163,0.23576843950952497
248.72351680643152,9.007807502091582,-2.7483241907522995,0.43355474036375985,0.5997562589399904,0.04848404129439163,0.23576843950952497
248.8235168064315,8.808948518566151,-2.878528872605184,0.2339690416134542,0.46605479307715036,-0.02618941654348189,0.1794127123085771
248.9235168064315,8.83221447564478,-2.831026329735929,0.23135009995910616,0.48399606430800707,-0.02618941654348189,0.1794127123085771
249.0235168064315,9.060355745803044,-3.110086843171393,0.39840036558957376,0.22625396772289338,0.03488731581338199,0.07900888803980594
249.1235168064315,9.100370218941066,-3.0870664019589062,0.40188909717091176,0.23415485652687354,0.03488731581338199,0.07900888803980594
249.2235168064315,9.35265548999818,-2.911124458501717,0.5813982989721049,0.3673095800209285,0.09845492634284685,0.12393756949294484
249.32351680643148,9.257718895134104,-2.877180542762502,0.46219496533332266,0.3768658993318113,0.05143439901717327,0.12291074114994484
249.42351680643148,9.345995441990425,-3.035367301013121,0.5020476895180099,0.2274264167921128,0.06396441345803902,0.06491972070524935
249.52351680643147,9.244540315055065,-3.1745653397399214,0.3777929773725411,0.09569109223705408,0.015526014897447725,0.01402625601223783
249.62351680643147,9.472760893813719,-3.4369211610445527,0.5371776718987784,-0.12645536451323847,0.07243121819498688,-0.06603148856718027
249.72351680643146,9.52684081709457,-3.4498968549387117,0.5444207937182767,-0.1330585133699561,0.07243121819498688,-0.06603148856718027
249.82351680643146,9.436416237257795,-3.8553655623034633,0.4294036129791848,-0.46327689337929034,0.027824876328800582,-0.18241302431936907
249.92351680643145,9.479495722937354,-3.9026053167629864,0.4321861006120647,-0.48151819581122624,0.027824876328800582,-0.18241302431936907
250.02351680643145,9.23449996994555,-3.505918196210777,0.18618905370039646,-0.12168751289067303,-0.06465424953294607,-0.043659770355795546
250.12351680643144,9.252795604067924,-3.5183052463516225,0.1797236287471022,-0.12605348992625234,-0.06465424953294607,-0.043659770355795546
250.22351680643143,9.220592431116804,-3.347957674833312,0.13185135519864224,0.02039026472124141,-0.07960781954365251,0.010435838066795863
250.32351680643143,9.211592610303764,-3.415923284418666,0.10558231050309254,-0.036915899756507324,-0.08627866028951045,-0.010680106310019491
250.42351680643142,9.230012065291927,-3.4814843111002496,0.10384036904432532,-0.0888651190753076,-0.08379284889680927,-0.02892435943260582
250.52351680643142,9.32150186661895,-3.4346391281131488,0.16554477678005955,-0.0441587572421938,-0.057809596967734994,-0.011399110851469958
250.6235168064314,9.208311766510999,-3.4871090272458845,0.052431156031535364,-0.08474677985216861,-0.09650760052398061,-0.025526329820005862
250.7235168064314,9.213072344111533,-3.495711336880201,0.04278039597913785,-0.08729941283416905,-0.09650760052398061,-0.025526329820005862
250.8235168064314,9.009387170072205,-3.277752346224779,-0.1385917381218935,0.09756778958602084,-0.15837275923782848,0.04190003703436601
250.9235168064314,8.994736132463828,-3.2677860670810057,-0.15442901404567544,0.10175779328945721,-0.15837275923782848,0.04190003703436601
251.0235168064314,9.553653229895287,-3.542662412681846,0.32147023182225715,-0.12515804832169447,0.02319921074706424,-0.039944226737571316
251.12351680643138,9.585916249131246,-3.5553779386477022,0.32379015289696345,-0.12915247099545138,0.02319921074706424,-0.039944226737571316
251.22351680643138,9.77938745591386,-3.3885027590593233,0.45981547348316903,0.015043777294354717,0.07148525810972557,0.013211921866769213
251.32351680643137,9.44911528837894,-3.4489475883804612,0.15048527725023825,-0.035287038772518035,-0.04382765737834035,-0.005480205611077184
251.42351680643137,9.402689266482408,-3.196949737381495,0.09523797384063369,0.17451317659462193,-0.06218970098486824,0.06994344408466635
251.52351680643136,9.436743289416059,-3.2282174222992905,0.11037401142331822,0.13970784255115434,-0.054272416325041706,0.05455335463485874
251.62351680643135,9.716319434004896,-3.2227530232783086,0.3278194735545143,0.1379477110792854,0.026082702036176006,0.05196934040918839
251.72351680643135,9.749231794870527,-3.208698405468335,0.3304277437581318,0.14314464512020394,0.026082702036176006,0.05196934040918839
251.82351680643134,9.919922127540127,-3.5897487235963084,0.44915005893280263,-0.1791265315432434,0.06853898046304616,-0.06599201810094646
251.92351680643134,9.965179828335721,-3.6079913368411365,0.45600395697910684,-0.18572573335333767,0.06853898046304616,-0.06599201810094646
252.02351680643133,9.63499305475491,-3.2442190630368457,0.14248781055891035,0.12090392040458241,-0.049423843040942925,0.04585459276498856
252.12351680643133,9.648994716595595,-3.231899398032563,0.13754542625481633,0.125489379681081,-0.049423843040942925,0.04585459276498856
252.22351680643132,9.894038927722857,-3.010908146101461,0.3249154432896242,0.30150216774455496,0.020027396425858893,0.10734575482394393
252.32351680643131,9.595639787071722,-3.088554992051062,0.048775714771577626,0.22200641456789685,-0.08131723337266644,0.0746926816387962
252.4235168064313,9.661911476062595,-3.0291983628435397,0.09196132245881163,0.2597516339729277,-0.0627917318508964,0.08554859745164389
252.5235168064313,9.707864671559888,-3.065653887536093,0.11755068962185569,0.21475991215147416,-0.05097659652543304,0.0658334534466652
252.6235168064313,9.844068860649317,-3.1280635394054817,0.2158461605536292,0.15212823774770096,-0.013698961779060208,0.041046063072290494
252.7235168064313,9.865584981895784,-3.112645485315351,0.21447626437572326,0.15623284405492976,-0.013698961779060208,0.041046063072290494
252.8235168064313,9.70894644864963,-3.1317195301665643,0.06446493374994691,0.13192528587077415,-0.06760389990483617,0.030939691458586695
252.92351680643128,9.7150549225251,-3.1183723031221944,0.057704543759463676,0.13501925501663264,-0.06760389990483617,0.030939691458586695
253.02351680643127,9.671009448963702,-3.429923562676769,0.006465221461364207,-0.13247988322196408,-0.08462660223975706,-0.066932975476421
253.12351680643127,9.67123283809864,-3.4435062158763468,-0.0019974387626110167,-0.1391731807696058,-0.08462660223975706,-0.066932975476421
253.22351680643126,9.850059293390869,-3.462721935085292,0.13858892398043723,-0.14995325426003386,-0.030799395495384567,-0.06839890627972249
253.32351680643126,9.646864109767057,-3.137693094345401,-0.04675928201827429,0.12669504581798208,-0.09721108051948865,0.034191439736038
253.42351680643125,9.904237340396133,-3.436302766747416,0.16152046901453954,-0.12624257867670322,-0.018513003941930492,-0.0577292888441691
253.52351680643125,10.028899087089155,-3.5425257860520842,0.25303038392153726,-0.21150265984659028,0.016100297479573804,-0.08699540832378744
253.62351680643124,10.013529106353921,-3.6769766753529867,0.22085132932885218,-0.3129649570538601,0.00391789099525036,-0.12021575071225216
253.72351680643123,10.035633828741782,-3.708874249811932,0.22124311842837718,-0.32498653212508466,0.00391789099525036,-0.12021575071225216
253.82351680643123,9.69579094564396,-4.03375507600556,-0.08045343697314851,-0.5773522846496838,-0.10559055183475877,-0.20647866773727133
253.92351680643122,9.68721764918747,-4.092522697809212,-0.09101249215662378,-0.5980001514234098,-0.10559055183475877,-0.20647866773727133
254.02351680643122,10.086863592320356,-3.73180373546091,0.2374258898781884,-0.2625750579357767,0.016578270541608403,-0.07620299647290865
254.1235168064312,10.11068907266088,-3.758442256236851,0.23908371693234917,-0.2701953575830671,0.016578270541608403,-0.07620299647290865
254.2235168064312,10.374673727754844,-3.7303899534861253,0.44007792584320765,-0.2321598495920466,0.08856613348955794,-0.05982621054101883
254.3235168064312,10.122342583734861,-4.110600830688586,0.1995390642219718,-0.5352314520103638,-0.002304175713586598,-0.16733848934079174
254.4235168064312,10.28504389843617,-3.766435808315614,0.31785110309501313,-0.2239367209043196,0.04048952406411078,-0.04971871182300293
254.5235168064312,10.287087850119008,-3.5538141352405437,0.2961586819253125,-0.02849665897378338,0.030946011592480078,0.02407031459169462
254.62351680643118,10.526030527508174,-3.60994328023305,0.4726796010346342,-0.06997822999221281,0.0934735982843187,0.00835286010635419
254.72351680643118,10.573765855603057,-3.616899338931739,0.4820269608630655,-0.06914294398157744,0.0934735982843187,0.00835286010635419
254.82351680643117,10.339627800798747,-3.5976677629019855,0.2550761151003344,-0.04290954303042485,0.007737113587085578,0.01852061877711017
254.92351680643117,10.365174097876713,-3.601866114111142,0.2558498264590429,-0.04105748115271394,0.007737113587085578,0.01852061877711017
255.02351680643116,10.450999484670112,-3.6385593508711405,0.31401649423909267,-0.07067192374458595,0.030558920548140994,0.005945033819621456
255.12351680643116,10.48255392869676,-3.6455968180765006,0.3170723862939066,-0.07007742036262384,0.030558920548140994,0.005945033819621456
255.22351680643115,10.578962086369723,-3.5355288635293824,0.3737413777422968,0.026884141146636727,0.049920626702385465,0.040511998319281074
255.32351680643114,10.56941303361315,-3.710222260127531,0.3390925912130281,-0.11697322856172503,0.03547699566110434,-0.013014010259934893
255.42351680643114,10.705590230451453,-3.5353232357981725,0.42741302599659625,0.03536767930436388,0.06607986225457436,0.042076842454777004
255.52351680643113,10.87022786070831,-3.7264160689706207,0.5385265934759649,-0.12640102159601782,0.1048248932880893,-0.01903347007760406
255.62351680643113,10.654579091670776,-3.9588002707257495,0.32512864151301185,-0.30883087124112535,0.024106442553824492,-0.08368390158880337
255.72351680643112,10.687212488034843,-3.9901017773578045,0.32753928576839414,-0.3171992614000052,0.024106442553824492,-0.08368390158880337
255.82351680643112,10.579881935110066,-4.099860834303507,0.21206011053787224,-0.38829434180573597,-0.018867611934623406,-0.10587049280411742
255.9235168064311,10.60099360810418,-4.139219620948099,0.21017334934441,-0.3988813910861471,-0.018867611934623406,-0.10587049280411742
256.0235168064311,10.76473538032576,-4.215075703184435,0.33098422733804433,-0.4491072622907937,0.02660099423601062,-0.12304391691777364
256.1235168064311,10.797966808030752,-4.260601648998114,0.333644326761646,-0.46141165398257383,0.02660099423601062,-0.12304391691777364
256.2235168064311,10.745498735542798,-4.0034898859120975,0.26490223628074666,-0.22353332572116602,0.0008149785917412784,-0.03330311371066148
256.3235168064311,11.082151753036738,-3.759300729040196,0.5256203013572484,-0.004723888766146534,0.09578111803559675,0.04708610316597309
256.42351680643105,11.27031297073883,-3.4448611551964055,0.6473979808896219,0.2589971606380877,0.13628504178233203,0.13995906397964095
256.5235168064311,10.874712340180952,-3.194805564195278,0.26470362171706974,0.46334635757738385,-0.010650092739427186,0.21004463106995547
256.6235168064311,10.814378187474162,-3.506986563780407,0.19171241451592078,0.1888284785587372,-0.0365825557558107,0.10421171091415897
256.72351680643106,10.833366516146969,-3.4875826573699693,0.18805415894034094,0.19924964965014952,-0.0365825557558107,0.10421171091415897
256.82351680643103,10.717109905087831,-3.236049571992307,0.07234890302045774,0.4005158631471791,-0.07706172911432266,0.17284246448210264
256.92351680643105,10.723959486744308,-3.195133773355169,0.06464273010902372,0.41780010959539327,-0.07706172911432266,0.17284246448210264
257.0235168064311,10.68601675952262,-3.6727766036339875,0.02270254837727397,0.002440646566984159,-0.0887660790638653,0.01643130306303793
257.12351680643104,10.687843183965027,-3.672450382461974,0.013825940470890466,0.004083776873287392,-0.0887660790638653,0.01643130306303793
257.223516806431,10.767277399381655,-3.650736187206478,0.07014695827198726,0.02320091122809637,-0.06522076485556265,0.022699246583880266
257.32351680643103,10.635222423940785,-3.496974296127539,-0.05296589877194314,0.1515109420392723,-0.10770204997447777,0.06831136915546639
257.42351680643105,10.682912431150594,-3.514171476255226,-0.01929056370684675,0.1314348518816695,-0.09165725762797847,0.05866336207761452
257.523516806431,11.141260115805208,-3.8381842016080103,0.36762000006781204,-0.15015855806257802,0.055186460627445866,-0.04717551923306859
257.623516806431,11.155859119498343,-3.821655938667274,0.35453434299040393,-0.12875655850427267,0.04847881561031532,-0.0378215448886066
257.723516806431,11.191554947875444,-3.834720702242147,0.35938222455143654,-0.1325387129931342,0.04847881561031532,-0.0378215448886066
257.82351680643103,11.444772434000342,-3.3142434418566658,0.5431305885139408,0.3038549397206187,0.11273195509751567,0.1202658986329095
257.923516806431,11.499649152627205,-3.28325661839145,0.5544037840236885,0.3158815295839056,0.11273195509751567,0.1202658986329095
258.02351680643096,11.930046693456289,-3.3021181784902307,0.8828358307721605,0.2819578143457744,0.2290339340733339,0.10267562308982467
258.123516806431,12.019475446203893,-3.2734090189401974,0.9057392241794991,0.2922253766547592,0.2290339340733339,0.10267562308982467
258.223516806431,11.98606556649049,-3.248199045585588,0.8247116039386825,0.298766610311778,0.19150053702429923,0.10133898510657911
258.323516806431,11.740112877237484,-3.2195195691646106,0.567071679717877,0.307481361496583,0.09064870368119732,0.10082541586461642
258.42351680643094,11.99820915872834,-3.141295885179973,0.7429872806022415,0.35622640572377956,0.1508816386444727,0.11468846084176067
258.52351680643096,11.882514817644608,-3.3391102347329946,0.5940971302870951,0.16835113053703277,0.09008732703468432,0.041292588641902495
258.623516806431,11.798289738943607,-3.4601637368951894,0.4836435966631578,0.05898190235338267,0.047016083278350704,0.0006463341789106278
258.72351680643095,11.846889179026299,-3.454262314988959,0.48834520499099127,0.059046535771273716,0.047016083278350704,0.0006463341789106278
258.8235168064309,11.295726008321914,-4.0766445520540415,-0.0051743497669537765,-0.4586988684994975,-0.13286636443213173,-0.18527824383301575
258.92351680643094,11.294544241523058,-4.123440830123167,-0.01846098621016997,-0.4772266928828033,-0.13286636443213173,-0.18527824383301575
259.02351680643096,11.182654859277902,-3.9902983021985943,-0.135141525227395,-0.34102841181455157,-0.17376241968778766,-0.12834646327351074
259.1235168064309,11.168271894656728,-4.025042875696405,-0.15251776719616783,-0.3538630581418983,-0.17376241968778766,-0.12834646327351074
259.2235168064309,11.187184351079633,-4.162040118261392,-0.14079587265309246,-0.44982833318915727,-0.16325398844335093,-0.15816550670638116
259.3235168064309,11.11108678595518,-4.000841294453466,-0.2085510785076239,-0.29325919462999667,-0.18199307128289854,-0.09578157648970913
259.42351680643094,11.14251409170547,-3.7407688850679572,-0.1825811325955264,-0.06423738552687511,-0.16604801825540055,-0.01022782686916375
259.5235168064309,11.156933984672765,-3.6676698471445324,-0.17038017604845218,0.002525665600368042,-0.15536839723708318,0.014730021718822619
259.62351680643087,11.441878066435105,-3.715838741188181,0.06510295133623716,-0.035858811353253445,-0.06486498956355613,0.00045619938931633526
259.7235168064309,11.448064036620913,-3.7194223413265606,0.05861645237988007,-0.0358131914143218,-0.06486498956355613,0.00045619938931633526
259.8235168064309,11.833945892776473,-3.586199044427683,0.36724589589702283,0.08048607196667418,0.048748171393942316,0.04314467492783387
259.9235168064309,11.870914223223133,-3.5779347138563793,0.3721207130364154,0.08480053945945609,0.048748171393942316,0.04314467492783387
260.02351680643085,11.39450331551641,-3.8448599271803623,-0.05642314321187874,-0.13735302948891848,-0.10966086410157622,-0.037967473450051505
260.12351680643087,11.388312696874712,-3.8587850674965076,-0.06738922962203886,-0.1411497768339245,-0.10966086410157622,-0.037967473450051505
260.2235168064309,11.617897305331843,-3.7368431373572246,0.11838832885404521,-0.03277095884569608,-0.03860933596591205,0.0022700191117880214
260.32351680643086,11.692366835940037,-3.3853663732855783,0.16732025284682966,0.2629181773766428,-0.019373608880494733,0.10919356509109211
260.4235168064308,11.524917561038073,-3.4440750943547798,0.012525057369572094,0.20342361015577848,-0.07455512340519566,0.08394555151172149
260.52351680643085,11.72442592231008,-3.3045369987385107,0.17582298585460343,0.31299869160393895,-0.011248960380351683,0.12119888474202747
260.62351680643087,11.737017862724985,-3.22145700771285,0.17060717520980823,0.36717790701460123,-0.01272390963111504,0.13626123622941652
260.72351680643084,11.754014960697804,-3.1840579108302554,0.16933478424669715,0.38080403063753826,-0.01272390963111504,0.13626123622941652
260.8235168064308,12.015725529791268,-3.511320195057484,0.3716176234191178,0.09232041899329063,0.06085792680200261,0.027664892032035912
260.9235168064308,12.0531915817672,-3.5019498286979927,0.37770341609931946,0.09508690819649485,0.06085792680200261,0.027664892032035912
261.02351680643085,12.135043678342724,-3.5111157537491895,0.4195189976470176,0.07886437739798381,0.07358363703799027,0.019864754864305903
261.1235168064308,12.1773634962926,-3.5031299922350723,0.4268773613508141,0.08085085288441372,0.07358363703799027,0.019864754864305903
261.2235168064308,12.288905310995311,-3.2971378226478922,0.4911197221571941,0.24569771327910006,0.09412658734746682,0.07828294519744666
261.3235168064308,12.365821168544903,-3.576668524317161,0.523501411391111,-8.279443481819856e-05,0.10249563615962198,-0.013494474909559462
261.4235168064308,12.605375571915634,-3.636335219625365,0.688773871367766,-0.05048196137193532,0.1584587356643205,-0.03108201892131138
261.5235168064308,12.676717508136083,-3.296102031873258,0.706057318977527,0.2406736156470913,0.15899171055670103,0.07726201737288546
261.62351680643076,12.558672463756348,-2.9964965634241616,0.5648854489159862,0.47454337775831135,0.1023608989456151,0.1582489004513543
261.7235168064308,12.615672813142687,-2.9482509811460624,0.5751215388105501,0.4903682678034504,0.1023608989456151,0.1582489004513543
261.8235168064308,12.422613715450579,-3.1903902233785835,0.37597539953681763,0.26755876503786064,0.026500302467248722,0.0731027793386034
261.92351680643077,12.460343756916584,-3.163268832978114,0.3786254297835416,0.2748690429717185,0.026500302467248722,0.0731027793386034
262.02351680643073,12.518942419215476,-3.0877128594152077,0.39802391550239724,0.3152567976884975,0.032446044121013394,0.08321874382838056
262.12351680643076,12.558907040986329,-3.0557710859272085,0.4012685199144993,0.32357867207133745,0.032446044121013394,0.08321874382838056
262.2235168064308,12.590227864360324,-2.894662979405198,0.39706416811543427,0.43756145830708815,0.02975594593702833,0.12111942337591877
262.32351680643075,12.78918130593578,-2.96843483102139,0.5337352479540778,0.35128089618454933,0.07846954061923503,0.08551257480566432
262.4235168064307,12.944368889900355,-2.9520798531354515,0.6257995527969697,0.3440279450476947,0.10887191402614088,0.07984572863878951
262.52351680643073,12.645437653020071,-3.0188340358707344,0.3254414274024181,0.26550085084093034,-0.006521056508558762,0.04799327560615333
262.62351680643076,12.674720306289691,-2.855540177712958,0.32211222690155755,0.38249082083977837,-0.00748626341772088,0.08817116272626188
262.7235168064307,12.706894097662747,-2.8168502398153623,0.32136360055978574,0.3913079371124015,-0.00748626341772088,0.08817116272626188
262.8235168064307,12.959415499869994,-3.1499152270513706,0.5042648766779463,0.09188206438765562,0.05900711296239201,-0.022811827730968223
262.9235168064307,13.010137023102613,-3.1408410797512576,0.5101655879741869,0.08960088161455827,0.05900711296239201,-0.022811827730968223
263.02351680643073,12.889471921564756,-3.522685124304141,0.3734622472667083,-0.23493932571417178,0.007570219261358273,-0.13858423027051012
263.1235168064307,12.92685599738772,-3.546871978026902,0.3742192691928439,-0.24879774874121807,0.007570219261358273,-0.13858423027051012
263.22351680643067,13.092388360320351,-3.436319496504631,0.4813522437006162,-0.15058069630483645,0.04598657569402956,-0.0983826400496084
263.3235168064307,13.385351199951419,-3.3521426580063967,0.6914943742912479,-0.07735730669094935,0.12087886854883412,-0.06832380844826491
263.4235168064307,13.338053977616365,-3.55154387377026,0.6063868032849974,-0.2416696904288202,0.08579141238989335,-0.12479072636595964
263.5235168064307,13.344452576947965,-3.6734093052745824,0.5679690624479949,-0.3368426517930868,0.06836750418647584,-0.15523752384396275
263.62351680643064,13.32008921816431,-3.7514319022074503,0.5072317388863399,-0.3881695444321434,0.04400416753222512,-0.1680594000400048
263.72351680643067,13.371032412890616,-3.791089153650874,0.5116321556395634,-0.4049754844361477,0.04400416753222512,-0.1680594000400048
263.8235168064307,13.15402011703647,-3.4971319387638427,0.293501377771884,-0.14441490157989467,-0.03627295136511507,-0.06819018885924655
263.92351680643065,13.183188890056824,-3.5119143798661234,0.28987408263537373,-0.151233920465817,-0.03627295136511507,-0.06819018885924655
264.0235168064306,13.006707745093605,-3.2716995381663008,0.11086954283257991,0.05864476968698258,-0.10099274542598782,0.011294131246559744
264.12351680643064,13.017289735649737,-3.2657785905413683,0.10077026828997883,0.059774182811638814,-0.10099274542598782,0.011294131246559744
264.22351680643067,12.923781443890087,-3.177108656551467,0.005053365681629923,0.12894004743277723,-0.13191249032011199,0.03569887752879497
264.32351680643063,13.241933855370274,-2.7662223144697835,0.2593456475324321,0.4638458304606259,-0.03445157543791544,0.15560462760274602
264.4235168064306,13.110481176679441,-2.6271299071902305,0.12535418588748487,0.5550743509555291,-0.08157865135956499,0.18273659310058193
264.5235168064306,12.978776424033393,-2.696269409312449,-0.006450790060610956,0.4663879434138621,-0.12742032879095425,0.14335530938331886
264.62351680643064,12.964214694066253,-2.508613718562213,-0.03020300819765166,0.5960342555127986,-0.13138997031564786,0.18465058542876195
264.7235168064306,12.96053744339491,-2.44808704008381,-0.043342005229211965,0.6144993140556686,-0.13138997031564786,0.18465058542876195
264.8235168064306,12.98615893444407,-2.7880082720669037,-0.03228636412617527,0.3007502706587613,-0.12298381147708504,0.06518781437237037
264.9235168064306,12.982315378974066,-2.7576073059291586,-0.04458474527388657,0.3072690520959998,-0.12298381147708504,0.06518781437237037
265.0235168064306,12.842167178166484,-2.837181741038216,-0.16897235955388454,0.22847186581540932,-0.16343804918544128,0.03621030547390747
265.1235168064306,12.824452751965174,-2.8141535029293134,-0.1853161644724231,0.23209289636279884,-0.16343804918544128,0.03621030547390747
265.22351680643055,12.932137476660108,-2.766120309020474,-0.09614704545044236,0.2560030423254828,-0.12533336484673463,0.043488032385148145
265.3235168064306,12.979910316582938,-3.0101480849804023,-0.05992913311944116,0.03559971926949984,-0.1075702476352032,-0.03784656693948327
265.4235168064306,13.224605790736792,-3.042623214887763,0.13792408902055012,0.0023100788522267173,-0.032262171994562994,-0.048426040291407624
265.52351680643056,13.040993779559832,-3.109046954560193,-0.03486448876577948,-0.05910677578070741,-0.09512674673046981,-0.06925593204164465
265.62351680643053,13.081028129851672,-3.284342738228227,-0.007899353433946791,-0.20496310647298424,-0.08197493993223352,-0.11901002353269384
265.72351680643055,13.079828319808616,-3.305434098993194,-0.016096847427172007,-0.21686410882625634,-0.08197493993223352,-0.11901002353269384
265.8235168064306,13.355358988930364,-3.49060369558809,0.20591606475499694,-0.3652598622237353,0.0010965358612932121,-0.16862681408578556
265.92351680643054,13.375956078085164,-3.5279728158808794,0.2060257183411262,-0.38212254363230813,0.0010965358612932121,-0.16862681408578556
266.0235168064305,13.313729832968317,-3.9083278626959737,0.13542734537297288,-0.6872516557270605,-0.0249811518422674,-0.2740887217424008
266.12351680643053,13.327147661746405,-3.9784234718774076,0.13292923018874558,-0.7146605279013067,-0.0249811518422674,-0.2740887217424008
266.22351680643055,13.395900771904959,-3.9703319361624363,0.17659959993271676,-0.6754392010126578,-0.008307975904340851,-0.2501883996782947
266.3235168064305,13.734689071084947,-3.9322396526575276,0.44565840934947143,-0.6114326118511761,0.09002962241173053,-0.21797136250353855
266.4235168064305,13.437393741386458,-3.781039745218966,0.17041698258990165,-0.45755154257155545,-0.01258229749648361,-0.15497919442282787
266.5235168064305,13.396700793130204,-3.714973111074982,0.11958056697019895,-0.37713285320554013,-0.030963213875044693,-0.1196639660777126
266.62351680643053,13.24722808682573,-3.3040131610199492,-0.017230989096476836,-0.01984900230797794,-0.07917326081169423,0.012572506063988381
266.7235168064305,13.245109121612025,-3.3059351987204266,-0.025148315177643557,-0.01859175170157953,-0.07917326081169423,0.012572506063988381
266.82351680643046,13.219115244356894,-3.208330942664559,-0.05205760965827922,0.06621330106777217,-0.08598473750355273,0.043009999600518344
266.9235168064305,13.213479559703547,-3.2014945625597777,-0.06065608340863645,0.07051430102782498,-0.08598473750355273,0.043009999600518344
267.0235168064305,13.457356589179634,-2.7552319758378445,0.14693599202102195,0.4331235620423225,-0.005571037262768627,0.17066344029672847
267.1235168064305,13.472022333195417,-2.711066302432144,0.14637888829474527,0.4501899060719895,-0.005571037262768627,0.17066344029672847
267.22351680643044,13.332476074130883,-3.0170391022933774,0.01778093574936636,0.17757282458134188,-0.051811402371620734,0.06675369270564238
267.32351680643046,13.343514167256648,-2.762377782428191,0.02059897165615632,0.38128563547142635,-0.04889680414301004,0.1380587416513214
267.4235168064305,13.125477332208607,-2.632832487241279,-0.16684899572062495,0.46976907079355684,-0.11480015015532444,0.1648355491105515
267.52351680643045,13.391995398231826,-2.472932102977046,0.06562319871916525,0.5817455321952107,-0.02435583308982313,0.19999477585922099
267.6235168064304,13.088723589354327,-2.9630627610641933,-0.19359748054147313,0.15027846747379034,-0.1169378156751655,0.038314876527877295
267.72351680643044,13.068779152221799,-2.9478433399341717,-0.20529126210899235,0.15410995512657893,-0.1169378156751655,0.038314876527877295
267.82351680643046,13.481697813433627,-2.3835031906569086,0.14363563994858392,0.6107539497587448,0.013359851613766412,0.20105431799104728
267.9235168064304,13.496128176686549,-2.3214225240911004,0.1449716251099601,0.6308593815578426,0.013359851613766412,0.20105431799104728
268.0235168064304,13.507716906893654,-2.574151844203897,0.1383972687247197,0.37875083898851597,0.008962261470571178,0.10019281341804145
268.1235168064304,13.521601445073482,-2.5357757962379464,0.139293494871777,0.3887701203303224,0.008962261470571178,0.10019281341804145
268.22351680643044,13.834876593676332,-2.2971769670758904,0.3887864656489062,0.5628132232118094,0.09873989370735195,0.15902832968722608
268.3235168064304,13.808358808530954,-2.104315609155204,0.34329081182271265,0.691810183494929,0.07856528308791214,0.19995548656330103
268.42351680643037,14.06674543678612,-2.3229583422117823,0.5368713824953377,0.4740730796830896,0.14561146340853376,0.1147127260434493
268.5235168064304,14.096036154122835,-2.6461153039529606,0.5298339753858923,0.16938688661644322,0.137603885117782,-0.0016922765093330405
268.6235168064304,13.993369721735032,-2.5482098420423336,0.41397334716826717,0.2357701150091298,0.09086997842798117,0.02214159241568943
268.7235168064304,14.035221406343984,-2.52452212257935,0.4230603450110622,0.23798427425069799,0.09086997842798117,0.02214159241568943
268.82351680643035,14.32983171448398,-2.853253225699959,0.6412653355251263,-0.052387405389748724,0.16639109314046707,-0.0834416817336208
268.92351680643037,14.39479020350221,-2.8589091746476036,0.6579044448391768,-0.060731573563112706,0.16639109314046707,-0.0834416817336208
269.0235168064304,14.519119275548688,-2.776724735079445,0.731482645187163,0.012029599127760407,0.18950740834270224,-0.052060402388973484
269.12351680643036,14.593215077109091,-2.775782077178614,0.7504333860214267,0.006823558888864834,0.18950740834270224,-0.052060402388973484
269.2235168064303,14.72900384084574,-2.6567500340579904,0.819051722089788,0.099272274211542,0.2074442445858623,-0.01703153947337302
269.32351680643035,14.746574595657334,-2.782439224774833,0.7848622096924257,-0.01531375777432017,0.18742838893152583,-0.057882248239727
269.42351680643037,14.664777023116217,-2.9218531352159505,0.6697323316082631,-0.13435583807229354,0.13910048152528148,-0.09849118933339054
269.52351680643034,14.813982140504146,-3.294268565853178,0.7537360901558883,-0.4495860170737971,0.1650874475028674,-0.21092846169500462
269.6235168064303,14.869639647824727,-3.406003534866061,0.7532136734014307,-0.5246946649125331,0.15894698716191066,-0.23027268448403287
269.7235168064303,14.945755750100696,-3.4596243647797467,0.7691083721176254,-0.5477219333609417,0.15894698716191066,-0.23027268448403287
269.82351680643035,14.67421579820807,-3.1433981344926187,0.49305040643576764,-0.2616238276634034,0.052978756873092225,-0.11862642285873563
269.9235168064303,14.723785732635996,-3.170153649373243,0.4983482821230751,-0.27348646994927295,0.052978756873092225,-0.11862642285873563
270.0235168064303,14.628203432021678,-3.3601128848626325,0.37478502084663234,-0.42531589901825306,0.004211907846333282,-0.17069307026403685
270.1235168064303,14.665702993645583,-3.4034979401157877,0.3752062116312658,-0.44238520604466064,0.004211907846333282,-0.17069307026403685
270.2235168064303,14.652825049539274,-3.6254410103460164,0.333749309447711,-0.6050607096127193,-0.010911846227239074,-0.2229221651912531
270.3235168064303,14.546123912364815,-3.287813999324289,0.21499344806192397,-0.2948227890402841,-0.05378441863870388,-0.10258423598176639
270.42351680643026,14.31042151171398,-3.4585217891704594,-0.003733806394365994,-0.4209027225214264,-0.13080311141645606,-0.14411384972014066
270.5235168064303,14.37435580442443,-3.1286991816099343,0.03903096299628106,-0.11788258665028269,-0.11009876862124633,-0.027239756882694977
270.6235168064303,14.529651173649864,-2.9491873814535237,0.15399810318345247,0.036732322537111256,-0.06467867928394397,0.029106688941604876
270.72351680643027,14.544727590571785,-2.945368615755106,0.1475302352550603,0.03964299143127075,-0.06467867928394397,0.029106688941604876
270.82351680643023,14.742803275181316,-3.2141271051708316,0.2935833744292563,-0.18197108070559592,-0.009587697986625586,-0.05141340511337501
270.92351680643026,14.772113674134316,-3.2325812802669622,0.29262460463059353,-0.18711242121693458,-0.009587697986625586,-0.05141340511337501
271.0235168064303,14.622050338035699,-3.2141001274162786,0.13590756849413654,-0.1586508903887165,-0.06778369261809986,-0.038576939866700896
271.12351680643025,14.635302176422018,-3.2301581011544784,0.12912919923232888,-0.16250858437538526,-0.06778369261809986,-0.038576939866700896
271.2235168064302,14.553329444699107,-3.3137603474976074,0.04382115234790933,-0.221659658424799,-0.09614371208564176,-0.05841073310308813
271.32351680643023,14.498717464005354,-3.3045723947727503,-0.014963933338802084,-0.20114306035834786,-0.1140596667712839,-0.04887226654482126
271.42351680643026,14.555900419681315,-3.0493971994125157,0.022829115282310082,0.020763548983350748,-0.09629887495725946,0.03244821025333678
271.5235168064302,14.998949798780588,-3.2785539150725582,0.3925232321988674,-0.17310803450429318,0.04433399982679308,-0.04012744606346703
271.6235168064302,14.915514598827327,-3.1498666070029975,0.2950515935078179,-0.056961994216551834,0.007592885702215453,0.002904004608749129
271.7235168064302,14.945057722606627,-3.15554828640161,0.2958108820780396,-0.056671593755676854,0.007592885702215453,0.002904004608749129
271.82351680643023,15.008467787925682,-3.035750174040038,0.32535823947859666,0.04878613444030921,0.018187303367589523,0.04114469591622162
271.9235168064302,15.041094548390367,-3.030665837116428,0.327176969815355,0.05290060403192997,0.018187303367589523,0.04114469591622162
272.02351680643017,15.245341065093116,-3.319627229813509,0.47453113722001844,-0.19182601231613464,0.07163998769908572,-0.0499316091220111
272.1235168064302,15.293152378753625,-3.339059489090737,0.48169513598992864,-0.1968191732283369,0.07163998769908572,-0.0499316091220111
272.2235168064302,15.329318146848141,-3.4721365065778964,0.47859141256846266,-0.29496798286342196,0.06793192712822588,-0.08334663771086852
272.3235168064302,15.05928487188217,-3.27639511583265,0.21796373088223822,-0.11535650800231993,-0.029506158093368776,-0.015331602070082814
272.42351680643014,14.842226548257475,-3.2780916938476645,0.01679830647002314,-0.1087279613266968,-0.1010614916444917,-0.012405094423757042
272.52351680643017,14.870523452592657,-3.1471595166035726,0.030008231515365708,0.010882347415670427,-0.09241714932325588,0.03209058044334041
272.6235168064302,14.968152128484745,-3.1736784060231433,0.09960637883350112,-0.008730392591660491,-0.06399201535333915,0.02391760267914981
272.72351680643015,14.977792806291326,-3.1744318572689134,0.0932071772981694,-0.006338632323746327,-0.06399201535333915,0.02391760267914981
272.8235168064301,14.927917412891134,-2.9464610087122587,0.03514586861377639,0.1830626908728281,-0.08340116984348064,0.0907147814744193
272.92351680643014,14.931014993903295,-2.9277011657175995,0.026805751629426427,0.19213416902027208,-0.08340116984348064,0.0907147814744193
273.02351680643017,14.95500725043144,-3.008131710904709,0.03750965605618135,0.1202253792774634,-0.0762408149307964,0.06206902919580996
273.12351680643013,14.958377011962403,-2.995798827830988,0.029885574563104308,0.12643228219704228,-0.0762408149307964,0.06206902919580996
273.2235168064301,15.117129475559324,-3.1883991740783557,0.15195423606319453,-0.03659881838152409,-0.029403888721052,0.0013631804068167039
273.3235168064301,15.186679985556703,-2.98807175061606,0.19481375833951245,0.13343118051287126,-0.01271612769398087,0.06284528821975666
273.42351680643014,15.13691850443138,-3.0762796645787613,0.13609788342479626,0.055869707645709435,-0.0334534447863762,0.032780993019533494
273.5235168064301,15.43522449596323,-3.118394507809619,0.37763877441216415,0.01837291675954722,0.057337158729448084,0.017768217071434653
273.6235168064301,15.184404253251293,-3.482167901488516,0.14386729224462544,-0.2804137828289063,-0.029014683428323043,-0.08987005799850635
273.7235168064301,15.198645909058616,-3.5106586300614055,0.14096582390179246,-0.28940078862875895,-0.029014683428323043,-0.08987005799850635
273.8235168064301,15.318203737141934,-3.275678640841835,0.22504933405613892,-0.08050469857997902,0.002208779070104191,-0.011636794513432878
273.9235168064301,15.34071971444289,-3.283787294672397,0.22527021196314925,-0.08166837803132192,0.002208779070104191,-0.011636794513432878
274.02351680643005,15.402964308558428,-2.96054228530625,0.2638467606062277,0.190399530314101,0.01758437837883082,0.08647163277297856
274.1235168064301,15.42943690651095,-2.9410699741109703,0.2656051984441112,0.19904669359140084,0.01758437837883082,0.08647163277297856
274.2235168064301,15.220222212453445,-3.0316384351731456,0.07145780862015959,0.11638242140458288,-0.05316458245346258,0.053718125408118815
274.32351680643006,15.121819481175734,-3.264046910474049,-0.02233115427872318,-0.08173398739903924,-0.08540062785407751,-0.01992136901271547
274.42351680643003,14.75582253926701,-3.5453270410719444,-0.3325745137319486,-0.30844018493437875,-0.19431519472578074,-0.10049610982851867
274.52351680643005,14.625670683660445,-3.3977072484332154,-0.43446722162471335,-0.16603557504366606,-0.22488735428000745,-0.04436447955906334
274.6235168064301,14.808895542198323,-3.334833961030741,-0.26808837627178983,-0.10496876046919235,-0.15679253355065392,-0.0209063494445656
274.72351680643004,14.781302741903401,-3.3454353688248792,-0.28376762962684987,-0.10705939541364819,-0.15679253355065392,-0.0209063494445656
274.82351680643,15.428004159607362,-3.0523015848143413,0.26395663554465687,0.1408387459526098,0.04727603276042487,0.06871705643773869
274.92351680643003,15.454636203325634,-3.0378741249368884,0.2686842388207004,0.14771045159638524,0.04727603276042487,0.06871705643773869
275.02351680643005,15.517002871317676,-3.231259229152905,0.3071650946346863,-0.01944794319002525,0.060731417942161796,0.005618547318675275
275.12351680643,15.548023037870845,-3.233175930735314,0.31323823642890036,-0.018886088458157917,0.060731417942161796,0.005618547318675275
275.22351680643,15.412268000782417,-3.19738546048558,0.1802849441875946,0.012674823713825542,0.010523744930967423,0.01673794163120454
275.32351680643,15.665424283105418,-3.382270421244023,0.37887871082959723,-0.14076593356433187,0.08250038118366615,-0.03939580935439263
275.42351680643003,15.796925701433134,-3.50373207818734,0.46451992106479867,-0.232932771306549,0.11043851140595125,-0.07103107209690382
275.52351680643,15.885553928301551,-3.4606033308487403,0.5113463700430623,-0.1831510717325987,0.12370476806943541,-0.05008683766356073
275.62351680642996,15.835938129733423,-3.468826874749573,0.4396709959038001,-0.1796598069092246,0.09340265306608767,-0.047042822872817754
275.72351680643,15.880372242589143,-3.4870280695548637,0.449011261210411,-0.18436408919650743,0.09340265306608767,-0.047042822872817754
275.82351680643,15.54915026828448,-3.127414208426777,0.14386866328820302,0.12357567056536725,-0.02065481746988221,0.0654517227536067
275.92351680643,15.563433860525945,-3.114729382756477,0.14180318154121552,0.1301208428407257,-0.02065481746988221,0.0654517227536067
276.02351680642994,15.640948869232338,-2.9756024202238915,0.19840448890233697,0.2426307226628025,0.0022265056629608704,0.1041424659679197
276.12351680642996,15.66080045065089,-2.950818635627766,0.1986271394686331,0.25304496925959685,0.0022265056629608704,0.1041424659679197
276.22351680643,15.866546264878291,-2.9246585220156778,0.3532333971174065,0.26373495151118637,0.05798023132282621,0.10424137263556965
276.32351680642995,15.921762530005667,-3.055984885260127,0.37550448593320146,0.14237805792869201,0.06398239544534792,0.056551691033144794
276.4235168064299,15.9093057905779,-2.947041615042345,0.340112708595948,0.2257532120819031,0.04889624412214118,0.08441940716062644
276.52351680642994,16.00360970334312,-2.776069608514399,0.3966234411673633,0.3602487819701502,0.06803456586166716,0.1308306883063561
276.62351680642996,16.028545361456413,-2.808657536503938,0.39093483924744177,0.3164022684797,0.06353064580828599,0.11044297786471563
276.7235168064299,16.067956498610183,-2.7764650947666554,0.3972879038282682,0.3274465662661678,0.06353064580828599,0.11044297786471563
276.8235168064299,16.037413728541555,-2.7043438720740407,0.34553485219447294,0.3702027755116345,0.042683217250719635,0.12175239223639359
276.9235168064299,16.072180629847264,-2.6667148325616865,0.34980317391954585,0.3823780147352766,0.042683217250719635,0.12175239223639359
277.02351680642994,16.272348840260936,-2.543780733051726,0.48285063766649067,0.46963525397394945,0.08685847396889922,0.1503386105101476
277.1235168064299,16.321068196397412,-2.496065514601797,0.4915364850633776,0.4846691150249591,0.08685847396889922,0.1503386105101476
277.22351680642987,16.464932017250135,-2.443534976608417,0.5785270418129907,0.5024297788724339,0.11513724893491753,0.1513167175240456
277.3235168064299,16.6062020230487,-2.594676075511574,0.6596552993075971,0.3492001483105289,0.1405021602399624,0.09038915571949976
277.4235168064299,16.471204160915796,-2.770591701912267,0.5062485888349707,0.18432678362084332,0.08005038917718812,0.028030187761609447
277.5235168064299,16.34997665229952,-2.796559174379951,0.3661746358622796,0.14918770201704448,0.025150688439976185,0.014060407600909354
277.62351680642985,16.262003155444553,-2.3850691290410686,0.2652860355134013,0.47647255873266336,-0.012130745924421399,0.130764635313205
277.72351680642987,16.288471105266275,-2.336768049991225,0.2640729609209589,0.48954902226398683,-0.012130745924421399,0.130764635313205
277.8235168064299,16.41876183046702,-2.4687706505759084,0.3485404627034973,0.3546997113284777,0.018642175289551796,0.07812295789029436
277.92351680642986,16.453709087613802,-2.4329100646536217,0.35040468023245186,0.3625120071175045,0.018642175289551796,0.07812295789029436
278.0235168064298,16.271919698270445,-2.0448236129037127,0.16579840625028383,0.6652202979740494,-0.05048881273973736,0.18547660897679374
278.12351680642985,16.288247094831778,-1.977374200061408,0.16074952497630896,0.6837679588717329,-0.05048881273973736,0.18547660897679374
278.22351680642987,16.236460514149456,-2.1708822372579757,0.09954513421075019,0.48593533942123346,-0.07076867878025056,0.10786077619558371
278.32351680642984,16.1497595653603,-2.2437999962344595,0.01154285037507585,0.3950664734634495,-0.10025484957523993,0.07107329728915857
278.4235168064298,16.03342649256397,-2.5657517235543668,-0.09562414299752581,0.10436240005121286,-0.13532283004196374,-0.03571163887541326
278.5235168064298,15.661187300419757,-2.6851320344556573,-0.42035412782201803,-0.009642181151150734,-0.2506981475122965,-0.07637176435169862
278.62351680642985,15.865752813018569,-2.829093769515953,-0.23992577593390563,-0.13449324849486727,-0.1766072910526616,-0.11834858501592307
278.7235168064298,15.840877198969924,-2.8431348372905143,-0.25758650503916575,-0.14632810699645554,-0.1766072910526616,-0.11834858501592307
278.8235168064298,16.254683151301982,-2.6520093973705414,0.09143811334749727,0.013430960698370149,-0.04391952483650655,-0.0563234934201525
278.9235168064298,16.26360736501255,-2.650947918767805,0.08704616086384562,0.007798611356353618,-0.04391952483650655,-0.0563234934201525
279.0235168064298,16.25939312422332,-2.8368792541420857,0.07281897196506307,-0.15698421218249173,-0.04726986644530651,-0.11501348017716927
279.1235168064298,16.266438672087595,-2.853152742761215,0.06809198532053402,-0.16848556020020472,-0.04726986644530651,-0.11501348017716927
279.22351680642976,16.291328812680703,-2.978143407220204,0.0785791783690195,-0.2685497111153853,-0.04177545407358928,-0.14678105016674714
279.3235168064298,16.45378192007161,-3.0228811328152583,0.20448857909692245,-0.2975109523630706,0.005623324994167039,-0.15194991411300504
279.4235168064298,16.149732923896295,-3.180884020020472,-0.06442509228639877,-0.4176455293053628,-0.09165722370836409,-0.1895776436890684
279.52351680642977,16.068595524839935,-2.696754420956631,-0.13740918487419915,0.012192353872141116,-0.11531763212768432,-0.024337014664371853
279.62351680642973,16.052784176354105,-2.3467464019860818,-0.15017950483216447,0.29652347295983955,-0.11576418467618876,0.0783596482644446
279.72351680642976,16.037187404947506,-2.3167022564487687,-0.16175592329978597,0.30435943778628577,-0.11576418467618876,0.0783596482644446
279.8235168064298,16.14483863194156,-2.5205619394326253,-0.06975739824581248,0.1168615055474449,-0.07828384632860762,0.0077064621463158595
279.92351680642975,16.137471472885338,-2.5088372565671535,-0.07758578287867057,0.11763215176207623,-0.07828384632860762,0.0077064621463158595
280.0235168064297,16.335121273658167,-2.2358786792928096,0.08330777351754355,0.3372142110781971,-0.017973428336113543,0.08727248727254541
280.12351680642973,16.34336218386824,-2.2017208957486196,0.0815104306839318,0.34594145980545365,-0.017973428336113543,0.08727248727254541
280.22351680642976,16.477140347952396,-2.4783223643896855,0.184132502665827,0.09809382189097873,0.019736348739361465,-0.004761192808646869
280.3235168064297,16.472275674736213,-2.7574102137070096,0.16646200772261877,-0.14298261024807168,0.012578768391422584,-0.0918310255454709
280.4235168064297,16.614889591005117,-2.8513404450629523,0.2722672282915991,-0.21733340685217561,0.05032024747264306,-0.11519792142546728
280.5235168064297,16.70202392936406,-2.6625122115027122,0.32858324793572685,-0.04899355899272275,0.06933358580310894,-0.04897597784698378
280.62351680642973,16.854811567964944,-2.7676453623266557,0.4346635770429423,-0.13607070096804055,0.105080298690377,-0.07840624385060085
280.7235168064297,16.898803327162675,-2.781644463642708,0.4451716069119764,-0.14391132535309797,0.105080298690377,-0.07840624385060085
280.82351680642967,17.001387062094537,-2.439617628232547,0.5037912136279991,0.14168713977493205,0.12254571747847612,0.02678618478348709
280.9235168064297,17.05237891204474,-2.425314983331133,0.5160457853758494,0.14436575825328138,0.12254571747847612,0.02678618478348709
281.0235168064297,16.96863286659795,-2.625424911507813,0.41745701435264276,-0.03308827928797018,0.08310339019835239,-0.03878775670640472
281.1235168064297,17.01079408498419,-2.6289276782201405,0.4257673533724752,-0.03696705495860933,0.08310339019835239,-0.03878775670640472
281.22351680642964,16.901651164343612,-2.272949595542119,0.3077155677271233,0.25544365383475415,0.03746927550496079,0.06749159113428659
281.32351680642967,17.246912906498718,-2.3606787332054453,0.575581502785185,0.16756717298149765,0.13370428490728503,0.03324791727268715
281.4235168064297,17.261007501759387,-2.5127790340915337,0.5523060641463081,0.03176774737034131,0.12047516613350444,-0.01663724666238585
281.52351680642965,17.494767697246125,-2.57875524792214,0.7173108040022477,-0.028733777430482017,0.17718345185595744,-0.03830054744932898
281.6235168064296,17.55138438549774,-2.482171311500398,0.7217631590131636,0.049336189934456945,0.1724004964169839,-0.008970384327410909
281.72351680642964,17.62442270388116,-2.477282544428588,0.7390032086548659,0.04843915150171565,0.1724004964169839,-0.008970384327410909
281.82351680642967,17.537449264811748,-2.3394682142405285,0.6216281016089217,0.15622225200704984,0.12369834771060131,0.029797088442417085
281.92351680642963,17.600230566711172,-2.323697003597617,0.6339979363799776,0.15920196085129054,0.12369834771060131,0.029797088442417085
282.0235168064296,17.525433641562742,-2.0580558449807174,0.5296075526549557,0.363031426564407,0.08111402513125857,0.10054134314917304
282.1235168064296,17.57879996695391,-2.0212499956085224,0.5377189551680834,0.3730855608793266,0.08111402513125857,0.10054134314917304
282.22351680642964,17.703522726530416,-2.1878292462173428,0.6044246528400666,0.21485955493218004,0.10227462837960183,0.040179080904373825
282.3235168064296,17.738359696116756,-2.3078885524239325,0.5927052522677351,0.10081824839698943,0.09427801872029828,-0.0025448704836420755
282.4235168064296,17.70187262534701,-2.252414821169031,0.5222275767059567,0.13793662826886552,0.06543222697224559,0.01085575543689633
282.5235168064296,17.714244942399265,-1.9626009386735666,0.4942316511258556,0.3741065435001904,0.0526269743166426,0.09741070394456035
282.6235168064296,17.62534042048498,-2.084359183533505,0.3845875405240819,0.25262853407969377,0.011198167629610345,0.05041832327685385
282.7235168064296,17.663855165375526,-2.05884423850916,0.38570735728704253,0.25767036640737745,0.011198167629610345,0.05041832327685385
282.82351680642955,17.713066465450677,-2.1746868614541506,0.3971457597669145,0.14452034593183713,0.015339050685152733,0.007636195549610106
282.9235168064296,17.752857736680802,-2.160196645883216,0.39867966483543016,0.1452839654867983,0.015339050685152733,0.007636195549610106
283.0235168064296,17.619002700305536,-1.835972936635278,0.2638366296915254,0.41499579358848854,-0.031656116664243686,0.10806930766368894
283.12351680642956,17.645228082691357,-1.7939330107381253,0.2606710180251021,0.4258027243548537,-0.031656116664243686,0.10806930766368894
283.22351680642953,17.74559485373383,-1.79484022102498,0.31934951878025536,0.4003603734901155,-0.009321882202491815,0.09506665244486884
283.32351680642955,17.802246724596266,-1.6572878821375576,0.33922693750752964,0.49069166731881636,-0.001739645925171487,0.12431593648878292
283.4235168064296,18.276070504937802,-1.8620367477223827,0.7043400118012448,0.2936922492466924,0.13012858376789424,0.04922117187726362
283.52351680642954,18.30686261131556,-1.8694682602811414,0.6827149158429227,0.2670556433665506,0.11728669915704941,0.037601666921142765
283.6235168064295,18.250681696720605,-1.9692678874643779,0.5907728393812972,0.1666883734082698,0.07990897207305543,0.0003113875812146491
283.72351680642953,18.310158525519114,-1.952597493185641,0.5987637365886046,0.16671951216639128,0.07990897207305543,0.0003113875812146491
283.82351680642955,18.176442392727466,-1.9001059421141508,0.4443873127966464,0.19604171953722568,0.02092193164514715,0.01076691321335689
283.9235168064295,18.22098573366534,-1.8804479355943682,0.4464795059611604,0.197118410858561,0.02092193164514715,0.01076691321335689
284.0235168064295,17.60738208496186,-2.1157988735263706,-0.11007798723182341,-0.013996333510450132,-0.18419520169260573,-0.0659593152116931
284.1235168064295,17.595453310230212,-2.117528303453475,-0.12849750740108817,-0.02059226503162094,-0.18419520169260573,-0.0659593152116931
284.22351680642953,17.39103052804478,-2.336827838668282,-0.3052709330676785,-0.20577638441465176,-0.2413827514015003,-0.13001908490735417
284.3235168064295,17.467637079851933,-2.3324734991571234,-0.23836707517331382,-0.19747119327671972,-0.208210430290408,-0.122308348463432
284.42351680642946,17.43217628140993,-2.22289907606837,-0.2679759356805822,-0.10275320416601895,-0.2113828229853526,-0.0839601750265773
284.5235168064295,17.14710447377458,-2.223220342301906,-0.5102340975856289,-0.10231214975141495,-0.2933621440387517,-0.08070648188064657
284.6235168064295,17.26635763949438,-2.1776635548724843,-0.39717643598385033,-0.06419973137908093,-0.24202307663780842,-0.06416733035429123
284.7235168064295,17.22542988051282,-2.1844043646621616,-0.4213787436476229,-0.07061646441450786,-0.24202307663780842,-0.06416733035429123
284.82351680642944,17.393057468209353,-2.380028066041958,-0.27044680107294455,-0.22891661851078865,-0.17878698103091045,-0.1178234625290226
284.92351680642946,17.365118853196897,-2.4035088452056876,-0.28832549917603967,-0.2406989647636936,-0.17878698103091045,-0.1178234625290226
285.0235168064295,17.75914244752475,-2.2236751644184474,0.05965926590514537,-0.08463823566211207,-0.04271066267543497,-0.057759829633753576
285.12351680642945,17.764894820801885,-2.232427787132824,0.05538819963760333,-0.09041421862548546,-0.04271066267543497,-0.057759829633753576
285.2235168064294,17.79785288031286,-2.1224202839984896,0.07406868592084448,0.0020637174526580487,-0.03442199402358134,-0.0225160461514746
285.32351680642944,18.045491104163688,-2.046627654586038,0.2726454209915826,0.06286105562985086,0.03918608985470899,0.0003004699118231355
285.42351680642946,18.116256615961525,-1.8923331502323093,0.31252315182910606,0.18471660699048126,0.052167294319027,0.043982909771736856
285.5235168064294,17.896872189867295,-1.823250015822456,0.10205282523623822,0.23204145032826265,-0.027797828872895516,0.05978789930919917
285.6235168064294,17.821729045131928,-1.8116204522174155,0.02862518548546704,0.2282615531371828,-0.05326939539660258,0.05629310312025549
285.7235168064294,17.824325216703492,-1.7885128313880907,0.023298245945805568,0.23389086344920962,-0.05326939539660258,0.05629310312025549
285.82351680642944,17.775889008923333,-1.9488513752725651,-0.023923324541202516,0.08816264742961197,-0.0683893403472354,0.0020263624833575323
285.9235168064294,17.77315472976748,-1.9400249787171902,-0.030762258575923723,0.08836528367794765,-0.0683893403472354,0.0020263624833575323
286.02351680642937,17.833707959460718,-2.0685616800752715,0.017107919393245238,-0.025573905137273128,-0.048183901547571184,-0.03921097790030319
286.1235168064294,17.835177831892302,-2.071315125478501,0.012289529238487024,-0.029495002927304337,-0.048183901547571184,-0.03921097790030319
286.2235168064294,17.74001865063354,-2.0050454589119933,-0.07238788426416669,0.02373529568150948,-0.07702399774266544,-0.018710712261640092
286.3235168064294,17.641552045937157,-1.8809310516741642,-0.15642838794193367,0.1233391254990881,-0.10483872496065855,0.018011611811451268
286.42351680642935,17.74333499747546,-2.0383085508810694,-0.06897035993211377,-0.014624482397357655,-0.06948180380663814,-0.03210323196749981
286.52351680642937,17.859448579635774,-2.0806908329802747,0.030127639792316196,-0.05255603697718159,-0.03016560184056785,-0.044887130709874934
286.6235168064294,17.866232837039743,-1.9112672081749367,0.030363109070823284,0.08670621867238669,-0.02899310647453241,0.006593189476752678
286.72351680642936,17.869124182414453,-1.9025636203603173,0.02746379842337103,0.08736553762006173,-0.02899310647453241,0.006593189476752678
286.8235168064293,18.204036311775482,-1.857056535181299,0.30075605295616337,0.11677791322191522,0.07082274775929716,0.016505796987716037
286.92351680642935,18.2344660308099,-1.8452962148741663,0.3078383277320947,0.1184284929206872,0.07082274775929716,0.016505796987716037
287.02351680642937,18.124782072845946,-1.740194944478175,0.19614351458926146,0.19965538338054695,0.0274108196878749,0.04586052081702159
287.12351680642934,18.144533478403304,-1.7200001035360422,0.19888459655804802,0.20424143546224754,0.0274108196878749,0.04586052081702159
287.2235168064293,18.32245044943827,-1.6577918516627501,0.33276892189643476,0.24304066318931408,0.0747715761253721,0.058132822690059344
287.3235168064293,18.318376263813875,-1.9291938643813267,0.308544575935181,0.0023206796398202254,0.0632207433273776,-0.031084061377481917
287.42351680642935,18.37226100857362,-1.7100605411202603,0.333727782934942,0.1795193445415284,0.0700295920135776,0.033567858823997876
287.5235168064293,18.509720217334092,-1.8002959748058915,0.42990885847220467,0.0905726660578544,0.1030920260337527,-0.0004170574656237949
287.6235168064293,18.598589749026633,-1.9350712254754008,0.47782905725378855,-0.0276813368950955,0.11665239479380564,-0.0427514289439261
287.7235168064293,18.646955916725993,-1.9380531163096308,0.48949429673317174,-0.03195647978948908,0.11665239479380564,-0.0427514289439261
287.8235168064293,18.681346717900265,-2.074061663860414,0.48980252937412894,-0.1459613339602036,0.1128802218018593,-0.0822715940278031
287.9235168064293,18.730891371946672,-2.089069155226568,0.501090551554311,-0.15418849336298113,0.1128802218018593,-0.0822715940278031
288.02351680642926,18.655453886028738,-2.0554964644545675,0.4078211837180699,-0.12132616768267512,0.07517077483603472,-0.06741434778557481
288.1235168064293,18.696611858274736,-2.067966152961766,0.4153382612016751,-0.12806760246123414,0.07517077483603472,-0.06741434778557481
288.2235168064293,18.52476863105489,-2.2034774379343123,0.24531407068677902,-0.235557412535914,0.011053947043512757,-0.10355289533427524
288.32351680642927,18.505333878680037,-2.0324813680580873,0.20942681136175964,-0.08344084841259618,-0.0024247815111973128,-0.04475664127173485
288.42351680642923,18.647124195750227,-2.143617896914724,0.30954241870096894,-0.1723414895915967,0.033804379833665875,-0.07502853714304192
288.52351680642926,18.83820773241519,-1.9526460512861084,0.45043458817002713,-0.0021624207872774437,0.08478631055891897,-0.009608400375193976
288.6235168064293,18.723043500881058,-1.6374348235603677,0.3257321998093478,0.2561618184698945,0.036768871016206114,0.08324717493334022
288.72351680642925,18.755800565217065,-1.6114024058387206,0.32940908691096715,0.2644865359632257,0.036768871016206114,0.08324717493334022
288.8235168064292,18.40385443232722,-1.3254326805573404,0.014381109210088644,0.48517305108736947,-0.07804951964595941,0.15917882775128325
288.92351680642923,18.404902295649997,-1.2761194813098358,0.006576157245490929,0.5010909338625014,-0.07804951964595941,0.15917882775128325
289.02351680642926,18.68200544964797,-1.5612445861755837,0.22996043406654668,0.2312968103113309,0.005803805692902777,0.05412953111646622
289.1235168064292,18.70503051208308,-1.5378442574888764,0.23054081463583675,0.23670976342297567,0.005803805692902777,0.05412953111646622
289.2235168064292,18.473249711718417,-1.749549649541668,0.019433500685016883,0.04810826717845657,-0.0706445806927177,-0.01546365470499185
289.3235168064292,18.670390961976693,-1.8133844405531723,0.17669707958771855,-0.010548073950947687,-0.010769638967392754,-0.0361309429938344
289.42351680642923,18.688253235273894,-2.058943356041,0.17582472962095422,-0.21526549955331936,-0.010695773557881814,-0.10824004611784886
289.5235168064292,18.85063426917165,-2.0328220679305167,0.29927891333424733,-0.18503919117538545,0.03547091849000785,-0.09312586313241501
289.62351680642917,18.925799352917792,-1.7515403704658863,0.3401854930880616,0.05242068245666777,0.04894060778713745,-0.004751326499399036
289.7235168064292,18.96006260526554,-1.7463220588527153,0.34507955386677647,0.051945549806727755,0.04894060778713745,-0.004751326499399036
289.8235168064292,18.83004970870321,-1.3821720076633315,0.21529461475489103,0.3469941322487274,0.0008795549409307823,0.10126971611352664
289.9235168064292,18.851583567953398,-1.3469662458579035,0.21538257024898408,0.3571211038600766,0.0008795549409307823,0.10126971611352664
290.02351680642914,18.904455172326962,-1.3989132672753843,0.24052185862986258,0.2926536350067844,0.009652549962336188,0.07394402626661822
290.12351680642917,18.928555620939765,-1.3692781836433658,0.24148711362609643,0.3000480376334479,0.009652549962336188,0.07394402626661822
290.2235168064292,18.99040528544494,-1.0029953656030135,0.27372635915189447,0.5840046637716895,0.020946763909180613,0.1731471849793196
290.32351680642915,19.334894704227647,-1.1819419349367926,0.5422166813079379,0.40291391359488377,0.11801129446636009,0.10134706649083745
290.4235168064291,19.38624944016913,-1.1585349262835118,0.5511472377524667,0.3987338702049403,0.11697502068794662,0.09621428899136464
290.52351680642914,19.35937861068618,-1.0832605298436004,0.4918620991444098,0.4381021966166588,0.09065848732323051,0.10716670371148465
290.62351680642917,19.219479220404125,-0.96936940286705,0.34377966884693295,0.5059770276025174,0.033999828149337906,0.12763627296666066
290.72351680642913,19.25402718642955,-0.9181335187419827,0.3471796516618656,0.5187406548991791,0.033999828149337906,0.12763627296666066
290.8235168064291,18.99353312446646,-1.1315481732544268,0.1059109779333747,0.3105741064011217,-0.05419885602227791,0.04783297777928815
290.9235168064291,19.00385322797969,-1.100251597725411,0.10049109233114567,0.3153574041790516,-0.05419885602227791,0.04783297777928815
291.02351680642914,19.233720628256613,-1.5758114079574872,0.2772064518538025,-0.10372606278757909,0.011393547108750844,-0.10596240752337246
291.1235168064291,19.261498241177527,-1.586713826273858,0.27834580656467717,-0.11432230353991273,0.011393547108750844,-0.10596240752337246
291.2235168064291,19.257920528452047,-1.8139667103366728,0.2533470722334426,-0.30217321442686385,0.001954100309526627,-0.16954384301612174
291.3235168064291,19.09509768397183,-1.6198078553347843,0.09541929590204085,-0.13154045859218094,-0.05566002776822615,-0.10165872382728071
291.4235168064291,18.93222900281591,-1.7264912036347826,-0.053079881375697247,-0.21827256936743433,-0.10725875063372278,-0.1291127460469529
291.5235168064291,18.952103216966023,-1.7356223080537012,-0.041696548585364535,-0.219818569893944,-0.09906184924204053,-0.1249282022618596
291.62351680642905,18.844002810750524,-1.7962976710069885,-0.13736192252126583,-0.26359967811235435,-0.1299816957159692,-0.1361332125533917
291.7235168064291,18.829616710019817,-1.823338304880997,-0.15036009209286572,-0.2772129993676966,-0.1299816957159692,-0.1361332125533917
291.8235168064291,19.13542479710961,-1.706065528768676,0.10466719418681716,-0.16732806312959111,-0.032894113746024946,-0.09086174752232998
291.92351680642906,19.145727045959557,-1.7232526438192408,0.1013777828122158,-0.176414237881821,-0.032894113746024946,-0.09086174752232998
292.02351680642903,19.405892735233092,-1.6468800369899967,0.31167899835839874,-0.10463735048244022,0.04588654616012389,-0.060982561363871736
292.12351680642905,19.43729006779974,-1.6576486848450627,0.3162676529744122,-0.11073560661882878,0.04588654616012389,-0.060982561363871736
292.2235168064291,19.32539594449414,-1.8905360211826603,0.20145856625710581,-0.29920799495208233,0.0027675321630524774,-0.12640035325062285
292.32351680642904,19.091534849202013,-1.6774904664651127,-0.01172670028512178,-0.10895695246247972,-0.07500998060424748,-0.05297695658391409
292.423516806429,19.129709938750214,-1.6878904266351011,0.0137568542872685,-0.11362857663227295,-0.0631025924413122,-0.052752468860344445
292.52351680642903,19.18260336287351,-1.753022307142643,0.052005659958617625,-0.16448281342494178,-0.04658249531098313,-0.06953405086467015
292.62351680642905,19.36779316329803,-1.810053328033518,0.19677109775500967,-0.20450488071154063,0.007291118991782759,-0.08137665153274411
292.723516806429,19.38750672866848,-1.8309106993623285,0.1975002096541877,-0.21264254586481227,0.007291118991782759,-0.08137665153274411
292.823516806429,19.295431041762352,-1.7052183733418407,0.10324365392928045,-0.09956090672642227,-0.027581874691018818,-0.03791417162453737
292.923516806429,19.305617497781828,-1.715364034872608,0.10048546646017795,-0.10335232388887687,-0.027581874691018818,-0.03791417162453737
293.02351680642903,19.026444549173327,-1.790930866354466,-0.15271073974168076,-0.1536928136825616,-0.12095798969951918,-0.05263593699954065
293.123516806429,19.010568685250668,-1.8065633274077144,-0.16480653871162854,-0.15895640738251388,-0.12095798969951918,-0.05263593699954065
293.22351680642896,18.839465897581146,-2.0512719141264424,-0.3048277768124174,-0.35239109614428366,-0.1671566760303228,-0.1201331055265371
293.323516806429,19.210518454329215,-1.9663215798961942,0.016582232788293644,-0.2637993127856585,-0.0439564261431732,-0.08372555228909306
293.423516806429,19.20886703650017,-1.9235067749785335,0.009620869939304711,-0.21487262467579643,-0.04488264839914307,-0.06318001246867574
293.523516806429,19.47804921047555,-2.0989019674032385,0.23590407957426907,-0.35202952876872473,0.04067496328919649,-0.11135316816969126
293.62351680642894,19.634715413485914,-2.0288357297786916,0.35013720935505116,-0.2761879156663678,0.08039437426182275,-0.08020485493778882
293.72351680642896,19.670131106292736,-2.056855545620024,0.3581766467812353,-0.2842084011601485,0.08039437426182275,-0.08020485493778882
293.823516806429,19.708616625902746,-2.184906043106419,0.3679220911997061,-0.370250308110612,0.08096296707680864,-0.10720475898632945
293.92351680642895,19.74581364985809,-2.222467097712399,0.3760183879073842,-0.3809707840092413,0.08096296707680864,-0.10720475898632945
294.0235168064289,20.008265547378798,-2.0192673059269968,0.579712117082297,-0.18668920680532752,0.15420582387782028,-0.03199952375463469
294.12351680642894,20.06700778820643,-2.038096224226307,0.5951326994700825,-0.18988915918079172,0.15420582387782028,-0.03199952375463469
294.22351680642896,20.322857829018403,-1.9540057317343489,0.7729884516017195,-0.10808936554532536,0.21286727157011015,-0.0015100259953380359
294.3235168064289,20.285324213824655,-1.81561697384611,0.6968832906747985,0.016031459410396222,0.17738133909627746,0.04346218169051118
294.4235168064289,20.186431150573213,-1.585293858871547,0.5739003602476922,0.20845980243446144,0.12658118563013654,0.11090196903413783
294.5235168064289,20.25133940347085,-1.5449270676743614,0.5924775174112565,0.2357066321383719,0.1287756457873389,0.11685062780895251
294.62351680642894,20.12245464552341,-1.5013875488384318,0.4488390019888031,0.26332363893335153,0.0723449213354336,0.1225562003441531
294.7235168064289,20.16770027032895,-1.4744424039433854,0.456073494122344,0.27557925896776264,0.0723449213354336,0.1225562003441531
294.82351680642887,20.204468807665325,-1.4667593539936559,0.45621388443844846,0.268662664375245,0.0699306734062933,0.11505494657337434
294.9235168064289,20.250439849476212,-1.4393178128232582,0.4632069517790794,0.2801681590325851,0.0699306734062933,0.11505494657337434
295.0235168064289,20.387508185706377,-1.4861510770273874,0.5395068405506219,0.22842280881598445,0.09332596569982787,0.09203978470757854
295.1235168064289,20.441925499589917,-1.4628485972222591,0.5488394371206016,0.23762678728673917,0.09332596569982787,0.09203978470757854
295.22351680642885,20.593161558873447,-1.4627460422838678,0.6378136673101249,0.2269718632004259,0.12208755428971765,0.0849163755983563
295.32351680642887,20.216369722976527,-0.9368691435004213,0.2792813069418489,0.6542041359808317,-0.012996531862487809,0.23645265847205105
295.4235168064289,20.002756824966358,-0.8478111958610373,0.07746765550982262,0.6963324911334664,-0.0853818704115255,0.24308005920549097
295.52351680642886,20.12616503783531,-0.9753676666394395,0.1687261907550682,0.5516271162022136,-0.04838263022129846,0.1808515649715695
295.6235168064288,20.19669667220248,-0.900919495953974,0.20857763771920426,0.5848195347301393,-0.032270083126767574,0.1862618011140444
295.72351680642885,20.217393085558772,-0.8415062334753762,0.20535062940652676,0.603445714841548,-0.032270083126767574,0.1862618011140444
295.82351680642887,20.307187690137688,-0.6039754118676081,0.2589538185891172,0.7697449689725873,-0.011966282696170328,0.23993598849869582
295.92351680642884,20.33302324058311,-0.5258012350278829,0.25775719031950056,0.7937385678224487,-0.011966282696170328,0.23993598849869582
296.0235168064288,19.971154187117975,-0.43349949978052893,-0.07230963315258535,0.8279394285356521,-0.13271180525955487,0.24375327327882113
296.1235168064288,19.96325966477642,-0.3494867905605502,-0.08558081367854385,0.8523147558635397,-0.13271180525955487,0.24375327327882113
296.22351680642885,19.87430823195701,-0.14113728471592957,-0.16507485231167057,0.977052985965543,-0.15662736943825878,0.2797535514308821
296.3235168064288,19.80427440567631,-0.47199191431668225,-0.22505943754297542,0.6469192607439338,-0.1727765800798049,0.1501589662929989
296.4235168064288,19.692386072147197,-0.42518459832861916,-0.3158400372416014,0.6465962261624152,-0.19931106328384848,0.14465895261688147
296.5235168064288,19.837057123302845,-0.37711271017094805,-0.18339471043767727,0.6463155484928738,-0.14281810319831237,0.13922945925963048
296.6235168064288,19.755956497429448,-0.49638713708792487,-0.24912026003594212,0.5085164878583082,-0.16136576600698227,0.08489453862143351
296.7235168064288,19.730237642595828,-0.4451110156090045,-0.26525683663663485,0.5170059417204487,-0.16136576600698227,0.08489453862143351
296.82351680642876,19.396086291898623,-0.8442620438308858,-0.5361416633592514,0.15364574201779682,-0.2533626051482447,-0.04860190073244059
296.9235168064288,19.341205312536946,-0.8291404791327649,-0.5614779238740817,0.14878555194455165,-0.2533626051482447,-0.04860190073244059
297.0235168064288,19.407175626513812,-1.2440288438987679,-0.48288366691983453,-0.21439034515218372,-0.2154157987796434,-0.17846203626487783
297.12351680642877,19.357810180827947,-1.2663601885953029,-0.5044252467977915,-0.23223654877866542,-0.2154157987796434,-0.17846203626487783
297.22351680642873,19.62632216564362,-1.1591903627862583,-0.26015142907253325,-0.14199167257531967,-0.1194198634972981,-0.13968965292330945
297.32351680642876,19.782006137277765,-0.9959963773459531,-0.11890391440069567,-0.007629600394923677,-0.06360338436437998,-0.08601075920529876
297.4235168064288,19.796190807291904,-1.0213731643968957,-0.10334828329121509,-0.03613650800551506,-0.05569174283765035,-0.09314830647147583
297.52351680642874,19.94659289783941,-0.8907913044227994,0.02950130708153372,0.06926119245846736,-0.0043735331507257225,-0.05091266782066873
297.6235168064287,20.27396684919768,-0.7333346520857089,0.29806458392303725,0.18809816803205778,0.09261267067983549,-0.006531293187717398
297.72351680642873,20.304236370943393,-0.7145574917484375,0.3073258509910229,0.18744503871328588,0.09261267067983549,-0.006531293187717398
297.82351680642876,20.057563619709487,-0.632451942558193,0.08577362167433035,0.23985339475487286,0.00923159361650676,0.01274092076859467
297.9235168064287,20.066187139845,-0.608402898478871,0.0866967810359807,0.24112748683173188,0.00923159361650676,0.01274092076859467
298.0235168064287,20.203455201531508,-0.6475825843729913,0.1953239443608804,0.1920821442332171,0.04839442891838331,-0.004789841068838861
298.1235168064287,20.223229568112192,-0.6283983191550094,0.20016338725271984,0.1916031601263331,0.04839442891838331,-0.004789841068838861
298.22351680642873,20.198010860279126,-0.8667019265275601,0.16723002194961817,-0.020832994794203162,0.03475324754360597,-0.08081909983579103
298.3235168064287,20.38777412177294,-0.9185545359568805,0.315970743361547,-0.07003078803654818,0.08768248177442177,-0.09569835346452253
298.42351680642867,20.44647994436758,-0.7447538132899806,0.3468851868380777,0.06961409118767825,0.0956772345513977,-0.0421950839382757
298.5235168064287,20.254088662234963,-0.906924148032041,0.16082983626256844,-0.07850225889705635,0.023150753350543646,-0.09517600023208528
298.6235168064287,20.29533436370948,-0.5494952560941053,0.18391155872555046,0.2125892535635911,0.030638015629647436,0.012478602025059377
298.7235168064287,20.313878709660177,-0.5281739377276282,0.18697536028851416,0.2138371137660966,0.030638015629647436,0.012478602025059377
298.82351680642864,20.329517822137642,-0.0202278927104467,0.18845900481228353,0.6169964815485318,0.030361671002248226,0.1570475250397932
298.92351680642867,20.348515530973884,0.04225699306961984,0.19149517191250903,0.6327012340525147,0.030361671002248226,0.1570475250397932
299.0235168064287,20.474824172885537,-0.499771238751743,0.28564342109699653,0.1397546180829494,0.06390108603299997,-0.028145995725075784
299.12351680642865,20.503708020425393,-0.4859365069220781,0.29203352970029434,0.13694001851044277,0.06390108603299997,-0.028145995725075784
299.2235168064286,20.776643023775172,-0.611159009395475,0.5005996059843216,0.01986763670531008,0.1369144301963664,-0.06913038166566796
299.32351680642864,20.69165083975182,-0.9066283928458944,0.4002270239067396,-0.23450630226037913,0.09535379951215572,-0.158682963645025
299.42351680642867,20.620958343041004,-1.094064629333778,0.3174321439356013,-0.38469922477284324,0.062022674596832424,-0.20684715909642262
299.52351680642863,20.598407563256185,-1.0277118763505826,0.2766933475942965,-0.3152086748376885,0.04461946079815273,-0.17364581738972085
299.6235168064286,20.625682246302603,-1.0250816816653787,0.28064311280429366,-0.30379137218206126,0.0444347977428683,-0.16333840424742108
299.7235168064286,20.65396873157175,-1.0562775109048292,0.2850865925785815,-0.3201252126068071,0.0444347977428683,-0.16333840424742108
299.82351680642864,20.733497798943016,-0.9996920356156918,0.3310848553053031,-0.2597335129014366,0.059272805199510586,-0.1349705854018043
299.9235168064286,20.76690264849953,-1.0263402398328352,0.3370121358252522,-0.2732305714416124,0.059272805199510586,-0.1349705854018043
300.0235168064286,20.827505725792687,-1.0366572358904549,0.3629925515138211,-0.2666279886921692,0.06593612680279498,-0.12619530196943174
300.1235168064286,20.864134661578092,-1.0639510112695252,0.36958616419410206,-0.27924751888911525,0.06593612680279498,-0.12619530196943174
300.2235168064286,20.86330587942033,-0.8844871224469097,0.34452006911295646,-0.12059897123431522,0.05450261585975832,-0.06476126338737523
300.3235168064286,20.778841113148424,-0.8294181277631179,0.24981165541342584,-0.0708942971365331,0.018008570433843255,-0.04443023040192061
300.42351680642855,20.928401234557345,-0.6280688826515999,0.3549841308629671,0.09641285483575088,0.0553256139328257,0.01715348090505238
300.5235168064286,21.02543965194242,-0.7906516364488393,0.4131824747622608,-0.04865562480083891,0.0748512445557862,-0.0368903855114126
300.6235168064286,21.097706777438194,-0.7606689126713698,0.4460172735279527,-0.023551727107168352,0.08399088366461609,-0.026579014463346977
300.72351680642856,21.142728459209298,-0.7631569804544025,0.4544163618944114,-0.026209628553502142,0.08399088366461609,-0.026579014463346977
300.82351680642853,21.339217662639417,-0.5577944118963358,0.5880664983924998,0.1429457014732135,0.12927315437169323,0.03519109360318785
300.92351680642855,21.39867067825054,-0.5433238862809953,0.6009938138296721,0.14646481083353308,0.12927315437169323,0.03519109360318785
301.0235168064286,21.258932563412714,-0.269822515805153,0.44007363502697966,0.3638850034000381,0.06440912156918685,0.1121852350832435
301.12351680642854,21.30326197252324,-0.23287308928974576,0.44651454718389616,0.37510352690835863,0.06440912156918685,0.1121852350832435
301.2235168064285,21.384274565967413,-0.25289747363633164,0.48288921029217546,0.33849034731632,0.07521932460856992,0.09502795317425469
301.32351680642853,21.458821244784883,-0.15205932967763525,0.5121603534227388,0.4033920836466255,0.08314391706045193,0.11507604234957355
301.42351680642855,21.69674830748973,-0.14487814044184025,0.6751684202516774,0.387133492605661,0.13898816805105582,0.10512003878892875
301.5235168064285,21.324656049367245,0.04547789592987857,0.3105546854065658,0.5263760944660376,-0.0013438638300443395,0.15251694448863662
301.6235168064285,21.284676099507692,0.17507074827642938,0.2515298113392139,0.6042495097074961,-0.022576397147573174,0.17494313240051462
301.7235168064285,21.30971619865588,0.2363704149091957,0.24927217162445608,0.6217438229475516,-0.022576397147573174,0.17494313240051462
301.82351680642853,21.238505506365474,-0.016449308299544264,0.1664701338794912,0.37669200978170697,-0.05188428523948438,0.08007418201940483
301.9235168064285,21.25489309832722,0.021620263588710335,0.16128170535554454,0.3846994279836447,-0.05188428523948438,0.08007418201940483
302.02351680642846,21.201337552061002,-0.1690103807004148,0.09959126683780224,0.19864613272801315,-0.07196224419222602,0.009016486144326673
302.1235168064285,21.210936867523824,-0.1491006849968873,0.092395042418578,0.19954778134244602,-0.07196224419222602,0.009016486144326673
302.2235168064285,21.258952453486476,-0.19756950989518615,0.11770474340495439,0.14407734203090744,-0.060223132238346855,-0.011204240730375313
302.3235168064285,21.04963747606837,-0.2110687869419119,-0.07384990515484502,0.11976005619760696,-0.12782412091383372,-0.019598855223984666
302.42351680642844,21.021818343880174,-0.3070125521302812,-0.10306947068128491,0.029051317588840365,-0.13375791569419196,-0.05142114446997316
302.52351680642846,21.213987524883265,-0.15966491589198248,0.05819065742388796,0.14717300956477336,-0.069012338987377,-0.0060370392081065954
302.6235168064285,21.048218470947578,-0.4744785198241698,-0.09068962617810979,-0.12424290334180721,-0.12020184380814902,-0.10302072810512776
302.72351680642845,21.038548499110732,-0.4874179137988715,-0.10270981055892059,-0.13454497615231648,-0.12020184380814902,-0.10302072810512776
302.8235168064284,20.7403489249496,-0.5445157335884334,-0.3531872164317256,-0.18237325167078153,-0.2062863658676193,-0.1170297285468344
302.92351680642844,20.70399877147708,-0.5633382073982501,-0.37381585301849224,-0.19407622452546763,-0.2062863658676193,-0.1170297285468344
303.02351680642846,20.727825128197868,-0.2161787373698962,-0.3477451787254154,0.10046368042684321,-0.19083508714627556,-0.006053267007377669
303.1235168064284,20.692096434889606,-0.20616263566225218,-0.36682868744003644,0.09985835372610566,-0.19083508714627556,-0.006053267007377669
303.2235168064284,20.846920404182477,-0.1519990542469383,-0.22605578616453142,0.13565065820418817,-0.13310492656773532,0.007002601349309681
303.3235168064284,21.18253985163118,-0.49062382146344946,0.062221248527720735,-0.15701427437625073,-0.023217801048230846,-0.09916209127767417
303.42351680642844,21.172752544805558,-0.44273739121874095,0.04670214414547815,-0.11418277119758165,-0.027982020973622904,-0.0802485740917547
303.5235168064284,21.319741377665878,-0.49571924555835317,0.16637009299476585,-0.15727217374330127,0.01742182025720433,-0.09315887642313311
303.62351680642837,21.2895628245871,-0.5849372720829147,0.12922487833626992,-0.22660633867199306,0.0034012546583043236,-0.1146527151029974
303.7235168064284,21.302502318694025,-0.6081711695256343,0.12956500380210043,-0.23807161018229542,0.0034012546583043236,-0.1146527151029974
303.8235168064284,21.67343713983439,-0.6963189773237829,0.4276710156756989,-0.30184170778035335,0.11108322290324699,-0.133365906136543
303.9235168064284,21.716759657516462,-0.7271699776324902,0.43877933796601976,-0.31517829839400313,0.11108322290324699,-0.133365906136543
304.02351680642835,22.26208573812834,-0.34238567597073116,0.8816705209916542,0.02255039533230812,0.27149038366521655,-0.005235306238654883
304.12351680642837,22.351610242145853,-0.34015681296869316,0.908819559358182,0.022026864708442513,0.27149038366521655,-0.005235306238654883
304.2235168064284,22.14540662457151,-0.537940517042425,0.6880844690339523,-0.14312922297110245,0.18197010383988524,-0.06428917657389055
304.32351680642836,21.78615519930708,-0.6893323028469477,0.3458041201752342,-0.26346227495440133,0.05062574364623568,-0.10550946347202274
304.4235168064283,21.705857953812032,-0.7640570700803854,0.2552657658083341,-0.3133997054884614,0.016113910794781534,-0.11963210335512242
304.52351680642835,21.785142437706813,-0.5603687765047328,0.30302151212864414,-0.12464219546672195,0.03322174804498114,-0.04572938555590143
304.62351680642837,21.74405975383752,-0.3000874987161831,0.2470202017716307,0.09513864302809351,0.011833100663503002,0.034616537538993214
304.72351680642834,21.76882093951799,-0.2904005517256822,0.2482035118379806,0.09860029678199166,0.011833100663503002,0.034616537538993214
304.8235168064283,21.554312352380574,0.06823558950584326,0.05087649009321636,0.390487225590831,-0.05978665172140886,0.13848102854187616
304.9235168064283,21.55910106813129,0.10797671720764493,0.044897824921074116,0.40433532844502174,-0.05978665172140886,0.13848102854187616
305.02351680642835,21.73572679288014,0.055760777071966985,0.18834473822102432,0.3367763724499173,-0.004061653885868918,0.10799123973336079
305.1235168064283,21.754540958432806,0.08997837051561366,0.18793857283243756,0.3475754964232497,-0.004061653885868918,0.10799123973336079
305.2235168064283,22.08869713985926,0.08091058389409451,0.4494864233822697,0.3218474963451158,0.09053979128141036,0.09488892214787302
305.3235168064283,22.261080135158775,0.29424454341076217,0.5652472605637624,0.48181892245270463,0.12941974765019817,0.14934641183363684
305.4235168064283,22.188948578693743,0.08079468538418516,0.4708198362197545,0.2807880126092827,0.0906595096004382,0.07190858595823296
305.5235168064283,22.321352180252877,0.40618252939710026,0.5528438377866074,0.540938264892727,0.11770841838589993,0.1650448932267875
305.62351680642826,22.27532060356698,0.07632280302691291,0.48012480538528485,0.2411982532759231,0.0872462140413155,0.051790921371618615
305.7235168064283,22.323769315175724,0.10070158296136891,0.4888494267894184,0.24637734541308612,0.0872462140413155,0.051790921371618615
305.8235168064283,22.3671109245356,-0.07755839957596104,0.49157926613090835,0.08464874440439955,0.08480230892619837,-0.007997055766133538
305.92351680642827,22.416692862693303,-0.06913351041435462,0.5000594970235253,0.08384903882778648,0.08480230892619837,-0.007997055766133538
306.02351680642823,21.957197824132408,-0.34313699470138087,0.07558658343629289,-0.14778045020943625,-0.07423406388897252,-0.09034155480757781
306.12351680642826,21.964385312156594,-0.35836674749636593,0.06816317704739396,-0.1568146056901961,-0.07423406388897252,-0.09034155480757781
306.2235168064283,21.812499051799257,-0.23468758672822523,-0.07076889166093026,-0.05073755585914327,-0.12172678684977657,-0.04905104511624299
306.32351680642824,21.63150438179759,-0.5286144519612372,-0.228578943576514,-0.29602178121519734,-0.1747915553207978,-0.1360408316079049
306.4235168064282,21.65732574335116,-0.6654466443005114,-0.2049106927086112,-0.39732775302521256,-0.15993738569306412,-0.1674877153811458
306.52351680642823,21.717057939915332,-0.6004552823506646,-0.1512520962143054,-0.3241528431478908,-0.13411405787440267,-0.13437900373800116
306.62351680642826,21.82583974897688,-0.3750202895349633,-0.061375182434591835,-0.125114847939925,-0.09687421197133839,-0.058286806002917704
306.7235168064282,21.819217859673568,-0.38782320835896594,-0.07106260363172237,-0.1309435285402148,-0.09687421197133839,-0.058286806002917704
306.8235168064282,22.01865762151009,-0.5308700092369658,0.09228312289307315,-0.2430015087283733,-0.034078715904721335,-0.09625891867002181
306.9235168064282,22.027715540219877,-0.555651454703159,0.08887525130260024,-0.2526274005953777,-0.034078715904721335,-0.09625891867002181
307.02351680642823,22.324007464973416,-0.12576955447753912,0.3312143144372781,0.12216091757110763,0.05662935240554666,0.04426464770695696
307.1235168064282,22.35741204317916,-0.1133321394818979,0.33687724967783084,0.1265873823418018,0.05662935240554666,0.04426464770695696
307.22351680642817,22.250774439756224,-0.17603434360235173,0.2257520331439174,0.06878495966075214,0.014452759324118956,0.021943080719215254
307.3235168064282,21.799971877026664,-0.19234380565428144,-0.17065831444246715,0.05157482613828034,-0.13051083126117036,0.014920889168815562
307.4235168064282,21.558372216603335,0.008309951026141441,-0.3696132595968579,0.213919848524668,-0.19762192628805636,0.07259722409509699
307.5235168064282,21.378826468117705,-0.1586119180306896,-0.5111003893343972,0.060453322580818356,-0.24275096541925126,0.013419942577548409
307.62351680642814,21.40757228587102,0.06753177288490005,-0.46815999382593415,0.24263604864731647,-0.2185169128492759,0.07818290632772626
307.72351680642817,21.359663701924166,0.09218629228127602,-0.49001168511086673,0.25045433928009087,-0.2185169128492759,0.07818290632772626
307.8235168064282,21.516776173771323,0.2717252144160714,-0.33958485341253825,0.3877152739252129,-0.15623789895201634,0.1253184678759693
307.92351680642815,21.482036498935322,0.31112333414795884,-0.35520864330773455,0.40024712071280555,-0.15623789895201634,0.1253184678759693
308.0235168064281,21.853558333241633,0.2517625133459805,-0.02329099576921495,0.32858761867258945,-0.028221768967832475,0.09459431100180926
308.12351680642814,21.85108812481987,0.2850942467682562,-0.02611317266599884,0.33804704977277256,-0.028221768967832475,0.09459431100180926
308.22351680642817,21.898433188882496,0.5405063093682023,0.012675181236395373,0.529572296369745,-0.01319464165436768,0.15990150936592729
308.32351680642813,21.719314973618044,0.5572050004961394,-0.14017290495333626,0.5146971039185966,-0.06840595909360875,0.1487317803900537
308.4235168064281,21.607064968427256,0.4990174304332002,-0.22829879992983723,0.43869850203788113,-0.09774986497305999,0.11614828252682893
308.5235168064281,21.80517934549603,0.7957538991666124,-0.04771629600088322,0.6652255714281233,-0.027175578073336565,0.19527613081334141
308.62351680642814,21.767521881717574,0.9174305013856048,-0.07758711611478107,0.729281078085922,-0.036965487603276136,0.2112225292199455
308.7235168064281,21.75957834266808,0.9914147218402711,-0.08128366487510742,0.7504033310079093,-0.036965487603276136,0.2112225292199455
308.8235168064281,21.760925143078367,0.6708145799633606,-0.07672178087906828,0.4422460332950079,-0.0339187026821541,0.09236030093663403
308.9235168064281,21.753083371477047,0.7155009847975548,-0.08011365114728446,0.4514820633886734,-0.0339187026821541,0.09236030093663403
309.0235168064281,22.092826083256416,0.31941182973201443,0.21600522209188838,0.0944833803294603,0.07723787386451142,-0.039746248592158785
309.1235168064281,22.11481279483492,0.3286614365219966,0.2237290094783369,0.09050875547024577,0.07723787386451142,-0.039746248592158785
309.22351680642805,22.019067818195747,0.3057477744455718,0.13302437039509235,0.06038049821390965,0.041691667954219136,-0.04912758387599867
309.3235168064281,22.127119883618107,0.1669356940608083,0.2166395901738749,-0.06497215878880569,0.07063881465140112,-0.09271307095491749
309.4235168064281,22.01868262630905,0.07646094885968488,0.115378294684731,-0.14298438963090532,0.03153354182345929,-0.11736120422569175
309.52351680642806,21.977668505425058,0.33738387094852157,0.07321920525598183,0.08022942843328908,0.014734132520594447,-0.030855740464757142
309.62351680642803,22.192701267643038,0.5305399593447583,0.24684633132477105,0.22942909584747762,0.07680289076743183,0.023680886730685163
309.72351680642805,22.217769915229358,0.5536012733631648,0.25452662040151597,0.23179718452054668,0.07680289076743183,0.023680886730685163
309.8235168064281,22.357356595506676,0.20470039583553934,0.35547482516057916,-0.07469849200176146,0.11016563394894623,-0.08778988838111085
309.92351680642804,22.393454906192463,0.19679159719346048,0.36649138855547003,-0.08347748083986956,0.11016563394894623,-0.08778988838111085
310.023516806428,22.39439515525022,0.48487409141089105,0.3511673827831108,0.1520134585890711,0.10172185071009844,-0.00020474779973142846
310.12351680642803,22.43002050278209,0.500074413530803,0.36133956785412297,0.15199298380909795,0.10172185071009844,-0.00020474779973142846
310.22351680642805,22.341358732953733,0.40337767928085755,0.2674350834400488,0.059846375205299195,0.06413585186134682,-0.0332504883179904
310.323516806428,22.49118614592368,0.5124429320604909,0.3770106424249293,0.1425147978179384,0.10172418604515773,-0.0021306735256304103
310.423516806428,22.282640550173415,0.596506760958227,0.18228535470822252,0.19977352873078313,0.02775633357728223,0.018476738562381093
310.523516806428,22.32375948069274,0.6825932440211562,0.2046196803176381,0.2578582266504407,0.03500764139429031,0.039182467955092386
310.62351680642803,22.292246319478,0.6847075418774113,0.16488230503046458,0.24216014792452492,0.019418447416406612,0.032157438992040925
310.723516806428,22.30883164221812,0.7090843438648157,0.16682414977210458,0.2453758918237279,0.019418447416406612,0.032157438992040925
310.82351680642796,22.757294929947857,0.3305833401680764,0.5289430756190802,-0.08295398488508737,0.14996400772199836,-0.08668359321724739
310.923516806428,22.81093905754839,0.32185452371347933,0.5439394763912834,-0.09162234420681409,0.14996400772199836,-0.08668359321724739
311.023516806428,22.77116239976931,0.3715832362791701,0.47243036341554345,-0.05369318280447833,0.11654956693804934,-0.07060163202216031
311.123516806428,22.81898818394554,0.3658609098386135,0.4840853201093444,-0.06075334600669195,0.11654956693804934,-0.07060163202216031
311.22351680642794,22.734588295433156,0.16079621080670384,0.38494675600970735,-0.2313560990110824,0.07653786051437106,-0.12926452996403984
311.32351680642796,23.02197172378704,0.24380097079351462,0.60142835617183,-0.1553407894156072,0.1526268434469808,-0.09707777051970383
311.423516806428,23.019705256768,0.439252089883677,0.5642346660649578,0.009014342261420609,0.1336901484683127,-0.03466479236907151
311.52351680642795,22.755389772095192,0.30006138008473254,0.3013020244801263,-0.11364337962745967,0.031252401846351266,-0.07854943344733514
311.6235168064279,22.46328895396244,0.3978547791004255,0.03713327588851471,-0.0314602537545181,-0.0651184849543778,-0.046304860255452815
311.72351680642794,22.46667668912652,0.3944772294236956,0.030621427393075447,-0.03609073978006443,-0.0651184849543778,-0.046304860255452815
311.82351680642796,22.527364656301554,0.7352013299612808,0.07066657646904802,0.2415834508645425,-0.04872785536543059,0.05460832712052408
311.9235168064279,22.534187674671628,0.7596327166833293,0.06579379093250662,0.24704428357659305,-0.04872785536543059,0.05460832712052408
312.0235168064279,22.88551563988465,0.5961957361056408,0.35283822612105437,0.10013863854192427,0.05822499263482441,0.0007288102135595553
312.1235168064279,22.92109058745994,0.6062132440109033,0.35866072538453814,0.10021151956328024,0.05822499263482441,0.0007288102135595553
312.22351680642794,22.504156381517603,0.6286541052417202,-0.011850474552164807,0.11050687697268988,-0.07768325707057333,0.004395623181307266
312.3235168064279,22.47237133662371,0.08130147552500136,-0.04500658502985933,-0.3541614208741251,-0.08693360875546031,-0.16392029922167053
312.42351680642787,22.387868895206903,-0.026833412892340876,-0.11976993749581291,-0.4297341362490167,-0.11078480493650492,-0.18514045953653402
312.5235168064279,22.281376311074126,0.27102786344191265,-0.2116236704965285,-0.15711618277679593,-0.1407319104171782,-0.0779495030792093
312.6235168064279,22.417335609614444,0.5998966084584046,-0.09484256620681077,0.11861516036185908,-0.09355335417462957,0.023587373491960953
312.7235168064279,22.407383586222895,0.6118760613620463,-0.10419790162427053,0.12097389771105438,-0.09355335417462957,0.023587373491960953
312.82351680642785,22.19390193814011,0.7590044223429504,-0.28058405928654173,0.2354523269162126,-0.15355307473276628,0.064096033926129
312.92351680642787,22.165075766837788,0.7828701352042078,-0.29593936675982185,0.24186193030882697,-0.15355307473276628,0.064096033926129
313.0235168064279,22.075199556364154,0.6923870037625067,-0.36257190469248707,0.15281602219348378,-0.17259548802542096,0.029632416919718237
313.12351680642786,22.038079388454793,0.7078167680664483,-0.3798314534950233,0.1557792638854546,-0.17259548802542096,0.029632416919718237
313.2235168064278,21.966619302921828,0.7984828449603376,-0.42417987035263544,0.22044258916809734,-0.18237829687748602,0.05176430140964451
313.32351680642785,22.225532766820457,0.4261304521466352,-0.18843268393901821,-0.1030862956708671,-0.08983573190559202,-0.06718947905321075
313.42351680642787,22.364378640151504,0.44434815434478675,-0.06610324527802565,-0.08604850115047093,-0.04243187530740508,-0.05867112751712839
313.52351680642784,22.194637581706754,0.48131819877764676,-0.21040130312557948,-0.05284228741608486,-0.09435666469872307,-0.044284844847158736
313.6235168064278,22.288220015263278,0.7827357805731326,-0.12441128499787578,0.19498530593823007,-0.05995163415412142,0.04605349354294945
313.7235168064278,22.275479128592714,0.8024645786346749,-0.13040644841328927,0.19959065529252606,-0.05995163415412142,0.04605349354294945
313.82351680642785,22.062044733621537,0.4742570251103522,-0.3036952217429923,-0.08499936996763938,-0.1206797505593758,-0.05834120716261443
313.9235168064278,22.03107181269445,0.4654653820777783,-0.3157631967989258,-0.09083349068389883,-0.1206797505593758,-0.05834120716261443
314.0235168064278,22.197674346732963,0.47187992458418787,-0.15988996975755024,-0.08657377506274584,-0.05922150091884051,-0.0555407559941721
314.1235168064278,22.18138924225261,0.46294484329794033,-0.16581211984943564,-0.09212785066216432,-0.05922150091884051,-0.0555407559941721
314.2235168064278,22.41177637180336,0.6375060669830842,0.03364138733384175,0.053852738841796734,0.01494737147203342,-0.0011851131957448663
314.3235168064278,22.514500995702512,0.6785521511023691,0.11856920254649718,0.08344075998109164,0.04534723980361953,0.009565258579171116
314.42351680642776,22.462195343897367,0.8043793416789761,0.06963710091529447,0.18105908721569142,0.026045773038725413,0.04422485918780451
314.5235168064278,22.479533331264953,1.1447476592899752,0.0810480950181735,0.4598156539864255,0.02931071724627902,0.1452310439196544
314.6235168064278,22.41313746998611,1.0756050572129598,0.022088529519747494,0.37912293660387375,0.0069965020214797224,0.11113220594022709
314.72351680642777,22.415381305448193,1.114073011903035,0.022788179721895226,0.3902361571978927,0.0069965020214797224,0.11113220594022709
314.82351680642773,22.671596490939844,1.1804071780347216,0.23431097825560354,0.423568708988831,0.08313389817188134,0.1191559020277366
314.92351680642776,22.69544325825627,1.2233598284437535,0.24262436807279356,0.43548429919160736,0.08313389817188134,0.1191559020277366
315.0235168064278,22.63225790265918,1.245066955560374,0.17456751851817756,0.4265298087239966,0.05459055765323063,0.110992333943684
315.12351680642774,22.649987607299256,1.2882748981024772,0.18002657428349877,0.43762904211836123,0.05459055765323063,0.110992333943684
315.2235168064277,22.52878620048698,1.0920348859101847,0.0696372573520194,0.2506705829732238,0.012753354134374867,0.03994883256521141
315.32351680642773,22.590007641807784,1.1324601434057597,0.1164535494403848,0.26729081941730437,0.029346761913555834,0.04451776839586754
315.42351680642776,22.39199464843969,1.0048839477092066,-0.05482721543391737,0.14454963615999658,-0.03354482566805194,-0.0010892566585161412
315.5235168064277,22.316805403503146,0.9724655467128411,-0.1179615453293372,0.10451580672759998,-0.05570796769490215,-0.01578907883416967
315.6235168064277,22.36579576805347,1.0225715142920002,-0.07290279169312555,0.13559319015889018,-0.03745385471144721,-0.004094157068056343
315.7235168064277,22.3583182196106,1.0361103625225518,-0.07664817716427112,0.13518377445208446,-0.03745385471144721,-0.004094157068056343
315.82351680642773,22.964230023311853,1.0634296607694849,0.43265367531929655,0.14403569986962472,0.14875555951750702,-0.0013435675875223888
315.9235168064277,23.008239168641357,1.0778265129185047,0.44752923127104216,0.14390134311087252,0.14875555951750702,-0.0013435675875223888
316.02351680642766,22.854305160738942,1.1344999376473912,0.2941279625158814,0.17976217389671562,0.08723358574946533,0.01190131547645538
316.1235168064277,22.884154124919284,1.152535661614449,0.3028513210908299,0.18095230544436142,0.08723358574946533,0.01190131547645538
316.2235168064277,22.957100325455627,1.4818579341371714,0.3466463073377618,0.43833493647768523,0.09989926926744218,0.1037978328850637
316.3235168064277,22.796859281046505,1.4288243979427018,0.1924308452230445,0.36760270125135847,0.040069015824301085,0.0744445465109087
316.42351680642764,23.10285353498758,1.8098282440268194,0.43438040169839176,0.6580900549318146,0.12596605932436036,0.1759340045568919
316.52351680642766,23.109154135610787,1.8235448626960529,0.41450992955185634,0.6305586803319287,0.11392901850179692,0.15931965846072862
316.6235168064277,22.86061365035408,1.6018470057742045,0.1849961771214898,0.4118006767983212,0.02707189157759314,0.07527212211507876
316.72351680642765,22.87924862752411,1.6434034340645978,0.1877033662792482,0.41932788900982654,0.02707189157759314,0.07527212211507876
316.8235168064276,22.742993603327232,1.8151356961012641,0.06313829943497802,0.5314504364271706,-0.018468251203530045,0.11226946549125778
316.92351680642764,22.749215092014712,1.86884208707145,0.061291474314624596,0.542677382976299,-0.018468251203530045,0.11226946549125778
317.02351680642766,23.101731549300144,1.3645452957941346,0.35073669019071474,0.08656236499316439,0.08773178884259095,-0.05735741330098365
317.12351680642763,23.137243877263415,1.3729147452269435,0.35950986907497084,0.08082662366306798,0.08773178884259095,-0.05735741330098365
317.2235168064276,23.13445559169838,1.3518205100610652,0.33574220576932096,0.05130488678853305,0.07598006712495202,-0.06588947477046027
317.3235168064276,23.181993084564528,1.0317112503567494,0.3547547664525999,-0.2258991923053879,0.08013910027848567,-0.16382124371142903
317.42351680642764,23.249236020766276,0.8332225004782705,0.3888146358032543,-0.38639065378412946,0.08954166369007115,-0.21549390030366583
317.5235168064276,23.571980398045213,0.7131156685843643,0.6414100195553121,-0.4764213202712898,0.1798706816745433,-0.24070780168619885
317.6235168064276,23.697005974897003,1.0136037518749543,0.7091313358926039,-0.2133793870878859,0.19780200000474402,-0.1378865508481919
317.7235168064276,23.7689081184863,0.9915763804119196,0.7289115358930828,-0.22716804217270822,0.19780200000474402,-0.1378865508481919
317.8235168064276,23.491546069585937,1.2911474553265323,0.45533339379644666,0.024923873388506344,0.0913944439465894,-0.042501567700858646
317.9235168064276,23.5375363811853,1.2934273348268779,0.46447283819110247,0.02067371661842193,0.0913944439465894,-0.042501567700858646
318.02351680642755,23.49428569824048,1.3755879361092829,0.40627302498459106,0.07578449551051183,0.06920990002954633,-0.023114638151270565
318.1235168064276,23.535259050239095,1.3830508124695793,0.41319401498754726,0.07347303169538426,0.06920990002954633,-0.023114638151270565
318.2235168064276,23.334345082955828,1.42136434751622,0.21863069269044963,0.09675204382307037,-0.0035536613682152357,-0.013935307676355878
318.32351680642756,23.49122787957299,1.4256337320152563,0.3317517731605263,0.09091408291851145,0.03779287786506115,-0.015543683758812798
318.42351680642753,23.565338133583293,1.223804770393615,0.36936533157160373,-0.08418633620618729,0.05000701331269543,-0.0777713343973524
318.52351680642755,23.58831203473671,1.5851931285049181,0.36214794635869424,0.2233915567610246,0.04547720603690124,0.038338220618417254
318.6235168064276,23.268055847366107,1.4459422416115402,0.07095407065453284,0.0942591482473865,-0.06115025696943252,-0.009279852393290454
318.72351680642754,23.274845503146707,1.4553217571743093,0.06483904495759167,0.09333116300805777,-0.06115025696943252,-0.009279852393290454
318.8235168064275,22.995217620434936,1.6808699862219298,-0.18023584371947377,0.2721227265890395,-0.1478946755050503,0.05565120712724856
318.92351680642753,22.976454562685458,1.7083605149164764,-0.19502531126998215,0.27768784730176566,-0.1478946755050503,0.05565120712724856
319.02351680642755,22.94500367227469,1.8935865066869493,-0.222443738009969,0.4197138830713315,-0.15339596075135395,0.1065950875465074
319.1235168064275,22.921992318669943,1.9360908704318003,-0.23778333408509916,0.4303733918259786,-0.15339596075135395,0.1065950875465074
319.2235168064275,23.001464848768872,2.2132578131473424,-0.16672663250684797,0.633359211055288,-0.12219500898951464,0.17558273618630565
319.3235168064275,22.973113407270166,2.4404259131323687,-0.18824677226271547,0.7866407590276477,-0.12558381116732736,0.22469905966942502
319.42351680642753,22.862330178469797,2.4085083744866704,-0.27664319441291646,0.7171654132869838,-0.15296126273246485,0.19173065170827303
319.5235168064275,23.01731173831856,2.104713188395455,-0.1342681658812903,0.4156384291402619,-0.09450530552219452,0.07365312986232496
319.62351680642746,23.02638735202616,1.9294947165402003,-0.12466996783002231,0.24453060124660891,-0.08763742616452887,0.009738051452825705
319.7235168064275,23.013482168112333,1.9539964669221308,-0.1334337104464772,0.2455044063918917,-0.08763742616452887,0.009738051452825705
319.8235168064275,23.02834112476549,1.7628235711381985,-0.11830517258186846,0.0673332953253821,-0.07897880138263844,-0.05494046973709076
319.9235168064275,23.016115713500394,1.769282198322049,-0.1262030527201296,0.0618392483516749,-0.07897880138263844,-0.05494046973709076
320.02351680642744,22.93718894801113,1.7459018079277324,-0.1857390311834831,0.038993354571619655,-0.09674878806635265,-0.05925562942342705
320.12351680642746,22.918131300952446,1.749504865237778,-0.19541390999012057,0.0330677916292756,-0.09674878806635265,-0.05925562942342705
320.2235168064275,22.54171603398918,1.5573979414191887,-0.5011032700329159,-0.13350313136689435,-0.2036507479965047,-0.11687928802559885
320.32351680642745,22.51806618642628,1.211231023596829,-0.4983770620488955,-0.42190454842281866,-0.19523715506061665,-0.21701796553623362
320.4235168064274,22.59440002674619,1.2242756522222715,-0.41232136051151036,-0.3972488191930403,-0.15712309861885213,-0.20039574966632903
320.52351680642744,22.689561599625538,1.4196049254292422,-0.31010584939596936,-0.2162016217052911,-0.11340182527948547,-0.12635825632031317
320.62351680642746,22.606957875801445,1.5355051877377595,-0.36375222230861753,-0.1152919996632213,-0.12865501186703485,-0.08569518424485517
320.7235168064274,22.56993937851126,1.523547511850217,-0.37661772349531664,-0.1238615180877039,-0.12865501186703485,-0.08569518424485517
320.8235168064274,22.7119402579971,1.7745277076109653,-0.24124296914272772,0.08628447955171473,-0.07551828972384125,-0.006810557605382066
320.9235168064274,22.687438369634204,1.783122102778112,-0.24879479811511357,0.08560342379117636,-0.07551828972384125,-0.006810557605382066
321.02351680642744,22.61695328891782,1.9119823320885503,-0.2931975466089202,0.18086362238004294,-0.08862521784091716,0.026722152004330382
321.1235168064274,22.587190408167732,1.93020230508657,-0.3020600683930089,0.18353583758047506,-0.08862521784091716,0.026722152004330382
321.22351680642737,22.665603609707883,2.1346884917550235,-0.2203363829305545,0.33934596493308616,-0.05591113217573274,0.08165288119532721
321.3235168064274,22.952901826519682,2.044231578374124,0.0342491499918289,0.2435665420425948,0.03888742936606613,0.044036768007383965
321.4235168064274,23.053331099408734,1.8846621088360178,0.11852575994873794,0.09639811417498687,0.06790736323806505,-0.01031178060638891
321.5235168064274,23.145140727102525,1.684865979171895,0.1937606301185833,-0.08299923858972941,0.09328275523256102,-0.07598384999028271
321.62351680642735,23.222528101647303,1.7750757977566665,0.2507998610230745,-0.00932154093218129,0.11048459019058501,-0.04687713303443397
321.72351680642737,23.24816051070057,1.7739092579982758,0.26184832004213554,-0.014009254235625754,0.11048459019058501,-0.04687713303443397
321.8235168064274,23.04763617676036,1.8290599734747517,0.08065945047392883,0.029247410421248503,0.040102041802358324,-0.02935356208398744
321.92351680642736,23.055902632016764,1.8318379467064556,0.0846696546541633,0.02631205421285076,0.040102041802358324,-0.02935356208398744
322.0235168064273,23.17200009833452,1.901588938810857,0.1806715508712252,0.07478682684000769,0.0741088523205117,-0.012032602597992506
322.12351680642735,23.190437797683252,1.9090074584818697,0.18808243610327804,0.07358356658020816,0.0741088523205117,-0.012032602597992506
322.22351680642737,23.50249582179983,1.6213990164368564,0.43875621610029564,-0.17042416238811753,0.1619602308073343,-0.09912681936998322
322.32351680642734,23.351014897220335,1.8681855656712436,0.2901072090474656,0.03981695221512888,0.10189691626383834,-0.01945629021131766
322.4235168064273,23.138695920274152,1.8944288810159498,0.09948136556702195,0.05627509036247717,0.029402723230969208,-0.012857331670620059
322.5235168064273,23.11162726949841,1.8058276152777817,0.07047333894986213,-0.025225601358203925,0.017558017722824608,-0.04239141980419878
322.62351680642735,23.437543938696724,1.670591453579181,0.3365335825232416,-0.13836606247677358,0.11285104529281931,-0.0813913293552809
322.7235168064273,23.4717615521755,1.6563478906847322,0.34781868705251967,-0.1465051954122989,0.11285104529281931,-0.0813913293552809
322.8235168064273,23.695915706099324,1.9855063695834074,0.516992326723392,0.12839402343158085,0.17017338505943835,0.020060877972753945
322.9235168064273,23.748465805696974,1.9984460763164322,0.5340096652293397,0.1304001112288567,0.17017338505943835,0.020060877972753945
323.0235168064273,23.552298172390287,2.487906996092182,0.3472594257017091,0.5311619576085385,0.09777627190513556,0.16496776518838432
323.1235168064273,23.587512996319973,2.541848030678959,0.3570370528922193,0.5476587341273713,0.09777627190513556,0.16496776518838432
323.22351680642726,23.592027878766388,2.3320675854984576,0.3405034600639512,0.345668385943285,0.08827430100014755,0.086596205134401
323.3235168064273,23.327484722060447,2.3364523392827605,0.0980420553618679,0.3288289685842639,-0.0032858771487407623,0.07736846583459431
323.4235168064273,23.404770445580397,2.4010782025113055,0.1537616079164747,0.36237525863430164,0.016947441442212215,0.0866228454317303
323.52351680642727,23.57485705116768,2.402013395484475,0.2883821616870079,0.340595946066205,0.06622915977092876,0.07541465149605564
323.62351680642723,23.416944987946938,2.4829895293175,0.13989430541897607,0.3863875722346671,0.010305108721186229,0.08911285856880467
323.72351680642726,23.430985944032443,2.5220738508338196,0.14092481629109493,0.3952988580915496,0.010305108721186229,0.08911285856880467
323.8235168064273,22.70551858055394,2.4740323449927857,-0.4752723484142131,0.3325833146223565,-0.21344303450372168,0.06364098494435227
323.92351680642724,22.656924130540016,2.5076088813797317,-0.496616651864578,0.33894741311678955,-0.21344303450372168,0.06364098494435227
324.0235168064272,22.922617523209745,2.209529669566847,-0.25210728896122725,0.06350842898247885,-0.1165645557066764,-0.03977131694080373
324.12351680642723,22.896823971535085,2.2156816558803922,-0.26376374453189755,0.05953129728839758,-0.1165645557066764,-0.03977131694080373
324.22351680642726,22.64124989140486,2.0527089046618023,-0.4653056932270738,-0.08336327656938809,-0.18513934736060342,-0.08960114867977698
324.3235168064272,22.809313540161693,2.2863407204931896,-0.30271115888376404,0.10958303604930834,-0.1191502487751506,-0.016534082968470212
324.4235168064272,22.7699761913308,2.3012314824416333,-0.32165980129925714,0.11123450811856193,-0.12168937717100219,-0.01534906642711704
324.5235168064272,22.56237776677199,2.6232118954090606,-0.4841182463560476,0.374571581965018,-0.17740861777068556,0.08217329794154286
324.62351680642723,22.999606614801053,2.8334314060392027,-0.09847491521695104,0.5244422795394372,-0.03197140621678318,0.1329024220215596
324.7235168064272,22.989599266248277,2.886540146103236,-0.10167205583862826,0.5377325217415887,-0.03197140621678318,0.1329024220215596
324.82351680642716,23.27335554299171,2.742438116244888,0.1423756143515718,0.38910664787922455,0.05814754311706892,0.07522695800080773
324.9235168064272,23.287883842142453,2.7817249158228234,0.14819036866328003,0.396629343679307,0.05814754311706892,0.07522695800080773
325.0235168064272,23.364783958053298,3.0469723539634117,0.20705941518468093,0.588631639270997,0.07779970839947258,0.14114028494514747
325.1235168064272,23.385878898113756,3.1065412193152167,0.21483938602462554,0.602745667765507,0.07779970839947258,0.14114028494514747
325.22351680642714,23.594700861574353,2.953097509668155,0.3778975592331841,0.44031873814283645,0.1338765060558504,0.07781485869917669
325.32351680642716,23.29324671711464,2.984978262557062,0.10564490443757768,0.4376555980063841,0.02979994702514749,0.07403509703315449
325.4235168064272,23.255734754746854,3.1078581900829483,0.06858002319596007,0.5098739992214233,0.015343789710788692,0.09727549004563699
325.52351680642715,22.988714769999895,3.42949395259748,-0.165393985577429,0.7497417303106998,-0.07197001384249839,0.1820100650342275
325.6235168064271,22.97957578440571,3.0996038266122405,-0.16615688806262283,0.43444225767251937,-0.06965024668460462,0.06257635546394892
325.72351680642714,22.962611844366023,3.143360934156822,-0.17312191273108488,0.4406998932189157,-0.06965024668460462,0.06257635546394892
325.82351680642716,23.092577083412312,3.1359396846937093,-0.05811263542685881,0.4060530478462477,-0.025763752966699,0.04837239964922933
325.92351680642713,23.086637001104798,3.1767868514765665,-0.06068901072352783,0.410890287811169,-0.025763752966699,0.04837239964922933
326.0235168064271,23.364851208326513,2.8322868035378215,0.1835917276147634,0.09135375633616602,0.06640382921520377,-0.06988528032435186
326.1235168064271,23.38354240023407,2.841072752769818,0.19023211053628528,0.08436522830372925,0.06640382921520377,-0.06988528032435186
326.22351680642714,23.242989402973333,2.7786417898953495,0.06405413867258457,0.019317308411854656,0.018438127057839072,-0.09071124488403413
326.3235168064271,23.249110951886102,2.8942448038846624,0.06558193950442494,0.1052998289806429,0.01832298424419928,-0.056312682064870744
326.4235168064271,23.225679349477723,2.4944534767065023,0.04243559450879885,-0.23783800243522174,0.009305720730055015,-0.17733093867739588
326.5235168064271,23.05982782466841,2.689290489419636,-0.10289807365212467,-0.06858147025564226,-0.04492116800612494,-0.10848382842107708
326.6235168064271,23.355083683204317,2.693561993889458,0.14612649583312887,-0.06983673525652799,0.046482413451182876,-0.1050483261601169
326.7235168064271,23.36992874485488,2.6860530787330075,0.15077473717824558,-0.0803415678725361,0.046482413451182876,-0.1050483261601169
326.82351680642705,23.512827311054963,2.9829855807625516,0.2581803305649646,0.15928847766621715,0.0827301073369174,-0.015677279298375438
326.9235168064271,23.53905899464815,2.998836042132685,0.2664533412986582,0.15772074973637926,0.0827301073369174,-0.015677279298375438
327.0235168064271,23.126616603891307,3.3698785325610974,-0.09548162035962145,0.4570060090007839,-0.052440220324146844,0.0945876935586485
327.12351680642706,23.11680624075373,3.416052071928953,-0.10072564239203434,0.46646477835664557,-0.052440220324146844,0.0945876935586485
327.223516806427,22.949221235870137,3.6193955356600647,-0.2365803180308755,0.6045469567667691,-0.09960863857172744,0.14072504485910386
327.32351680642705,22.847245732352086,3.5078388788053285,-0.31193540578741213,0.474766569262526,-0.12343582848587437,0.08866672832779479
327.4235168064271,22.908596196883096,3.3853235226951277,-0.24692091589262866,0.343346724569981,-0.09550964710191859,0.03836480348307628
327.52351680642704,23.119174001526247,3.4491715739185933,-0.05380881498474198,0.3721610638328402,-0.020373116856192697,0.04756132118840517
327.623516806427,23.214798065779725,3.2214089357611186,0.027982375116080083,0.1589392803262694,0.009850634502095976,-0.030501268510266674
327.723516806427,23.217645556463843,3.2371503574511977,0.028967438566289905,0.15588915347524201,0.009850634502095976,-0.030501268510266674
327.82351680642705,23.29502027573779,3.113233807296872,0.0926224069282894,0.03867103028231247,0.032718887969565846,-0.07131062226187
327.923516806427,23.304446110870465,3.116744357213793,0.09589429572524487,0.031539968056127896,0.032718887969565846,-0.07131062226187
328.023516806427,23.226382060651677,3.2132088041967486,0.020841675362469385,0.11084090138093136,0.002905272997689598,-0.03767504161695949
328.123516806427,23.228480754552912,3.2241045191267594,0.02113220266223841,0.10707339721923456,0.002905272997689598,-0.03767504161695949
328.223516806427,23.284059372998595,3.062997048068842,0.06581854979554742,-0.0379987113907099,0.018938272914088346,-0.08836115096312351
328.323516806427,23.189021894984727,3.1590786184932624,-0.01776126116628051,0.03672358545912809,-0.012205098623544939,-0.0581225495852395
328.42351680642696,23.293123906965718,2.75782303199301,0.0689867277534318,-0.30214846792296846,0.019551435193060625,-0.1775463491394329
328.523516806427,23.366526817550024,2.847595207288757,0.12802898401903176,-0.21693473797941631,0.04071625652062557,-0.13963475736768757
328.623516806427,23.155729814436768,2.9650281671324463,-0.05345672726374019,-0.11597824982772595,-0.026185080073842827,-0.09847944141069129
328.72351680642697,23.150253216310027,2.9529379449426245,-0.05607523527112358,-0.12582619396879172,-0.026185080073842827,-0.09847944141069129
328.82351680642694,23.122672753428276,3.2057705593809795,-0.07675982909759486,0.08102420303159547,-0.0326905407922818,-0.021333485110865233
328.92351680642696,23.114833317814554,3.213766312258586,-0.08002888317682379,0.07889085452050845,-0.0326905407922818,-0.021333485110865233
329.023516806427,23.18635331124125,3.3823288312510402,-0.024787730384303843,0.21648918142924575,-0.01373272214498901,0.030870075383017462
329.12351680642695,23.183805874592093,3.404132099770872,-0.026161002598802274,0.21957618896754644,-0.01373272214498901,0.030870075383017462
329.2235168064269,23.12579565743174,3.3106306872814795,-0.07348710538613024,0.12747562750151917,-0.030328017186165044,-0.0032738051351585487
329.32351680642694,23.100611059999665,3.053788623474939,-0.0913805610209469,-0.09737711382866579,-0.03574267924645088,-0.0845263412572742
329.42351680642696,23.02941458169211,3.202555892465093,-0.14633776330637596,0.02498467330138074,-0.05429186350236416,-0.03762078466716435
329.5235168064269,23.03152194326975,3.1302161302870313,-0.13714187019632063,-0.04236885932831692,-0.048869673120199845,-0.061034318073615326
329.6235168064269,23.153994557495327,3.1035799076566946,-0.028912631807394697,-0.06663118822077685,-0.008086454968357498,-0.06753741050143108
329.7235168064269,23.151062862039748,3.096579101782108,-0.02972127730423063,-0.0733849292709215,-0.008086454968357498,-0.06753741050143108
329.82351680642694,23.40850664393033,3.267310800877356,0.1849888046494097,0.06781544254479437,0.06954431470499267,-0.014165351315669122
329.9235168064269,23.427353245968792,3.274021518375255,0.1919432361199066,0.06639890741322793,0.06954431470499267,-0.014165351315669122
330.02351680642687,23.63368723401299,3.17423372324689,0.358263958733013,-0.019091333473086617,0.12829760780519428,-0.043339183257527426
330.1235168064269,23.670155117925326,3.172107893983293,0.3710937195135353,-0.023425251798840346,0.12829760780519428,-0.043339183257527426
330.2235168064269,23.679893508551107,3.1033367590535015,0.36065657180806865,-0.08227319800644486,0.11989505226709576,-0.06289342205185783
330.3235168064269,24.035435228479,3.1133190680515184,0.6406085557413299,-0.07313397227486304,0.21753047768070632,-0.057310042655272925
330.42351680642685,23.853843468379953,2.9911414988298928,0.4574763633888166,-0.17317461277054957,0.14356712549787778,-0.09112623766436385
330.52351680642687,23.91285286578198,3.351325317823345,0.48261660909380477,0.13967912885504802,0.14756507777694883,0.027417525032737602
330.6235168064269,23.905171034389145,3.104613507863811,0.45037816293585115,-0.07194094659155394,0.1306213918875849,-0.049350065731207274
330.72351680642686,23.95086195764215,3.097172662876002,0.4634403021246052,-0.07687595316467298,0.1306213918875849,-0.049350065731207274
330.8235168064268,24.03349036325648,3.133845420115427,0.5057671731719413,-0.04797981753792482,0.14110316714311633,-0.03799404025928596
330.92351680642685,24.0847725964094,3.1288574681603367,0.5198774898862561,-0.051779221563854276,0.14110316714311633,-0.03799404025928596
331.02351680642687,24.268800087425298,3.4781542085293977,0.6423574414669303,0.2409227736584637,0.1800404501533273,0.06964027302168509
331.12351680642684,24.333936033822734,3.5025946872603444,0.6603614864822569,0.24788680096062984,0.1800404501533273,0.06964027302168509
331.2235168064268,24.116194724129922,3.099387240976321,0.4419147926932564,-0.09781643769801043,0.09464919733500475,-0.056861843983641455
331.3235168064268,23.727770401168684,3.1782587679897585,0.0874407485285666,-0.029427322599956528,-0.03795644109731351,-0.03005504618495484
331.42351680642685,23.530214217019715,3.1748812464914637,-0.08750245435438114,-0.032667012673873036,-0.09974052645809867,-0.030139017042497544
331.5235168064268,23.62445292411993,3.1052541179076907,-0.008512126082718924,-0.09208233526435824,-0.0667573339991662,-0.05090527517376656
331.6235168064268,23.692492920560124,2.9446494657953224,0.042207162678178596,-0.22139435078914013,-0.04606397980549054,-0.09539166739501184
331.7235168064268,23.696483316928916,2.9220330723794277,0.03760076469762849,-0.2309335175286435,-0.04606397980549054,-0.09539166739501184
331.8235168064268,23.434971849810875,2.855583950546204,-0.18761659689010948,-0.2771122774196092,-0.12588191607700114,-0.10889850882145272
331.9235168064268,23.415580780541486,2.8273282302601457,-0.2002047884978053,-0.28800212830175076,-0.12588191607700114,-0.10889850882145272
332.02351680642676,23.439506938238686,3.344808603421196,-0.17604282487909947,0.16384093265843527,-0.11268654075411447,0.06063307532354309
332.1235168064268,23.421339223047003,3.3614958620636615,-0.18731147895451347,0.16990424019079095,-0.11268654075411447,0.06063307532354309
332.2235168064268,23.46926290784875,3.6840167015176575,-0.14274923824821062,0.4272692524554882,-0.09252390529149476,0.1507752595409514
332.32351680642677,23.136410191876376,3.549937987694852,-0.4193242655436078,0.2944589106769653,-0.1899261964232475,0.09725674265154233
332.42351680642673,23.01750332805,3.4161277196078785,-0.5014454568382171,0.16940704302519227,-0.21271554315788613,0.04893014716785388
332.52351680642676,23.320084224333577,3.275125089420373,-0.21857811593565796,0.03954604449935548,-0.09995725032448431,-0.0006845004642537719
332.6235168064268,23.306464050684,3.3839574863932906,-0.2213295695870689,0.12567805419284167,-0.09734538142158636,0.030185742061038762
332.72351680642674,23.28384436681819,3.3966762205228758,-0.2310641077292242,0.12869662839894452,-0.09734538142158636,0.030185742061038762
332.8235168064267,23.288638058773696,3.5977981486961967,-0.2174439163672534,0.28628148444307344,-0.08896943991157853,0.08556038224060528
332.92351680642673,23.26644881993741,3.626854099051714,-0.22634086035841328,0.2948375226671359,-0.08896943991157853,0.08556038224060528
333.02351680642676,23.43060425116057,3.5969134946720698,-0.0834705421953282,0.25206182657200765,-0.03521716137328133,0.06656611770185074
333.1235168064267,23.422081111134172,3.622452507917771,-0.08699225833265514,0.25871843834219044,-0.03521716137328133,0.06656611770185074
333.2235168064267,23.265207309383833,3.5381236908745826,-0.21344020709301392,0.17436988976022014,-0.07961044625366501,0.03392247153981518
333.3235168064267,23.255193394673828,3.577400046619021,-0.21154569482439067,0.19581069808245818,-0.07601945286280776,0.04045398923982888
333.42351680642673,23.263537395010033,3.6725336115111564,-0.1943373489982051,0.2618773906250798,-0.06706296435133614,0.06269269403777272
333.5235168064267,23.444181902276682,3.8522535997538436,-0.028755772102052036,0.39866761109289395,-0.0031879165420576894,0.11074878409269726
333.62351680642666,23.28958073327404,4.039514901943314,-0.15485830357763217,0.5304289653471524,-0.0485383211927619,0.15396921226789562
333.7235168064267,23.273852211310306,4.093327644539381,-0.15971213569690945,0.5458258865739455,-0.0485383211927619,0.15396921226789562
333.8235168064267,23.31273367490413,3.718294756604151,-0.11742435447372898,0.20602201571813158,-0.031135836965579596,0.026297289114610073
333.9235168064267,23.30083556027193,3.73902844462153,-0.12053793817028588,0.20865174462959168,-0.031135836965579596,0.026297289114610073
334.02351680642664,23.675242506825295,3.4396312671424263,0.20149424211644534,-0.06293698018328607,0.08743746021292996,-0.0750185840695709
334.12351680642666,23.695829118338008,3.4329624762037483,0.21023798813774033,-0.07043883859024487,0.08743746021292996,-0.0750185840695709
334.2235168064267,23.662895295666203,3.704222874689262,0.1738018886524117,0.15150343705189748,0.07112131914499426,0.007283266692195492
334.32351680642665,23.802323712466947,3.6511038135403404,0.28317633060861896,0.0953404040644392,0.1083818497718796,-0.013304907573407423
334.4235168064266,23.48263576943837,3.43886488257604,0.004591812968210459,-0.08847820283377952,0.003900564195550252,-0.07873887560613008
334.52351680642664,23.466132202822546,3.562793761109416,-0.009617122353328789,0.017090437509817997,-0.0015119542678740504,-0.03697083535986765
334.62351680642666,23.571100647796584,3.554879071624827,0.07806552822693273,0.005635666249681854,0.03015589456619623,-0.03974903053658174
334.72351680642663,23.579057980092106,3.555243893097112,0.08108111768355132,0.0016607631960250356,0.03015589456619623,-0.03974903053658174
334.8235168064266,23.221037867967542,3.557438572493058,-0.2197970687642275,-0.001989408691372536,-0.07952822556926538,-0.04004022975576826
334.9235168064266,23.198660519963266,3.557039430475142,-0.22774989132115583,-0.0059934316669502715,-0.07952822556926538,-0.04004022975576826
335.02351680642664,23.23299470591502,3.453657849597574,-0.18239187937167217,-0.10043899213199489,-0.05870299601941312,-0.07417383274264187
335.1235168064266,23.21446200299776,3.443243081220665,-0.18826217897361147,-0.10785637540625655,-0.05870299601941312,-0.07417383274264187
335.2235168064266,23.063172901653726,3.4163990841283356,-0.30391118322087735,-0.12818968632696134,-0.09834821417284559,-0.07880678949271461
335.3235168064266,23.011056476275606,3.501264333210563,-0.33158926813400985,-0.0543817918455563,-0.10484962672356327,-0.049244856091076636
335.4235168064266,22.93623540038337,3.4197221615446556,-0.3762338302079251,-0.12174533329352394,-0.11718120551115657,-0.07163335606659947
335.5235168064266,22.905364367696702,3.4463800255558557,-0.3816435322991703,-0.09552379590245685,-0.11484238431072243,-0.05934148682896436
335.62351680642655,22.742730548351158,3.4451456637503877,-0.4958503608335341,-0.0943776178154453,-0.1518782606057715,-0.056805869209234486
335.7235168064266,22.692386120964766,3.4354238726227946,-0.5110381868941147,-0.10005820473637005,-0.1518782606057715,-0.056805869209234486
335.8235168064266,23.05969435235396,3.9628533254800518,-0.17697382529906283,0.33707589218917205,-0.025423196206227995,0.10209625972908748
335.92351680642656,23.041869853843032,3.9970713959976027,-0.17951614491968476,0.3472855181620773,-0.025423196206227995,0.10209625972908748
336.0235168064265,23.06011047940742,4.021724078812087,-0.14689533402042862,0.3494159390489282,-0.011308050320460346,0.0993777872230386
336.12351680642655,23.045364405753773,4.0571625616531035,-0.14802613905247491,0.3593537177712343,-0.011308050320460346,0.0993777872230386
336.2235168064266,22.795629689945464,3.8238124706208296,-0.3442425014272537,0.14717251829808675,-0.08176078069675971,0.019703477524247504
336.32351680642654,22.915385704478023,3.992863084803364,-0.2225123034547674,0.277603806625508,-0.034427830999853436,0.06619166565759228
336.4235168064265,22.62009290038712,4.056699467328007,-0.45253715225020064,0.31364496677351184,-0.1162237139706552,0.07674138159653902
336.5235168064265,22.656549804007792,4.120763312540145,-0.39341646292260685,0.3488475066224864,-0.0899960039258865,0.08687697545994154
336.62351680642655,22.834460643114188,4.392635143211519,-0.22191713084916978,0.5519546821289604,-0.024918437954487116,0.1565027808720016
336.7235168064265,22.812144337839506,4.448613125328755,-0.22440897464461765,0.5676049602161551,-0.024918437954487116,0.1565027808720016
336.8235168064265,22.867943135310373,4.16472590546026,-0.16275138224360672,0.2987050782923334,-0.0020002644522552904,0.053480074763776655
336.9235168064265,22.851657995763745,4.19486381366332,-0.1629514086888323,0.30405308576871226,-0.0020002644522552904,0.053480074763776655
337.0235168064265,22.800212198631716,4.190844730885914,-0.19062255445178225,0.27885460080788943,-0.011435862844748741,0.04196193118159766
337.1235168064265,22.781092763872323,4.2189400006226006,-0.19176614073625672,0.28305079392604776,-0.011435862844748741,0.04196193118159766
337.22351680642646,22.910115625015873,4.172652593554216,-0.06976906532027063,0.2256602691856923,0.03303486043847429,0.0198707110983066
337.3235168064265,23.09730973347781,4.055517637251622,0.09656390609665373,0.1112087835018607,0.0924366589148784,-0.022266747260398633
337.4235168064265,23.3258343900186,3.9408169406009,0.28716500924936456,0.0055091361324578515,0.1579064994716426,-0.0593685998488158
337.52351680642647,22.82735537866413,4.200425689121349,-0.15093289945356214,0.22050614575369712,-0.010370888967145137,0.021976332496691328
337.62351680642644,22.822606608709215,4.482078208560303,-0.14335026746894078,0.43597678211819807,-0.007263111837129346,0.09835399161960202
337.72351680642646,22.80823526640313,4.526167656730231,-0.14407657865265389,0.44581218128016054,-0.007263111837129346,0.09835399161960202
337.8235168064265,22.613484683712954,4.343420246836394,-0.2962001937734855,0.2673365883169673,-0.0623949859490999,0.030590416787828083
337.92351680642645,22.58355268940587,4.370306857752021,-0.30243969236839335,0.27039562999574906,-0.0623949859490999,0.030590416787828083
338.0235168064264,22.829190553990177,4.064332829668148,-0.0689066727787011,-0.006765312799273527,0.027140573918746316,-0.07160373649113666
338.12351680642644,22.822435589581897,4.063298279705764,-0.06619261538682586,-0.01392568644838882,0.027140573918746316,-0.07160373649113666
338.22351680642646,23.082933390823793,4.142931142310965,0.1582737904918151,0.04591909655588312,0.10722368530357763,-0.047568916747276146
338.3235168064264,23.03085851262735,4.033738712874932,0.11148514221044277,-0.053409741469726164,0.08626883886579625,-0.08179315965269
338.4235168064264,22.878589136566035,4.055393677493614,-0.015943146465895664,-0.03903189016118734,0.03715306733122504,-0.07370493454786402
338.5235168064264,22.793939374517098,4.014724187649629,-0.08378712809550835,-0.07740819232519788,0.010622744117012993,-0.08512086374091174
338.62351680642644,22.82536135685172,3.940255497798419,-0.04976980192874393,-0.14041321945592436,0.022504446271039424,-0.10463596032101731
338.7235168064264,22.8204968988902,3.9256909960512267,-0.04751935730164076,-0.1508768154880225,0.022504446271039424,-0.10463596032101731
338.82351680642637,22.963734397020172,4.182532070401773,0.0798443743473829,0.06225342167614319,0.06831832369363906,-0.024608744755075032
338.9235168064264,22.97206042607338,4.188634368845614,0.08667620671674836,0.05979254720063513,0.06831832369363906,-0.024608744755075032
339.0235168064264,22.72893478863804,3.904961261869491,-0.1226447534081545,-0.19217897202032483,-0.011656448657398469,-0.11725982613674954
339.1235168064264,22.71661203105394,3.8851570655367818,-0.12381039827389395,-0.20390495463399577,-0.011656448657398469,-0.11725982613674954
339.22351680642635,22.52605037841066,4.136375084763554,-0.2729228703472831,0.008474285072527567,-0.06508561106832181,-0.036873048593836666
339.32351680642637,22.491105806946226,4.295309113944798,-0.2855884297169235,0.13660957290941114,-0.06732898912468922,0.010831673651381851
339.4235168064264,22.6245732537005,4.133363059341091,-0.15750033196670257,-0.006895188936855142,-0.018658753767883278,-0.0410125896245545
339.52351680642636,22.749284938004447,4.210492879813087,-0.03853643743378701,0.05546941755584241,0.026138405663801177,-0.016540735950085688
339.6235168064263,22.834106040428868,4.290314262114013,0.03749001799519213,0.11492848052780821,0.0526067854020213,0.00534519543585342
339.72351680642635,22.838118076155396,4.301833836143975,0.042750696535395455,0.11546300007139368,0.0526067854020213,0.00534519543585342
339.82351680642637,22.5718704363066,4.730812424443745,-0.17627599581825495,0.4608497811853584,-0.028242670846455094,0.129395529913237
339.92351680642633,22.55410162337055,4.777544380211831,-0.1791002629028995,0.4737893341766777,-0.028242670846455094,0.129395529913237
340.0235168064263,22.954769893214795,4.64284221658566,0.16877978979330976,0.33551011755104354,0.09924835884448294,0.07492991844997801
340.1235168064263,22.972144113988353,4.676767877933022,0.17870462567776033,0.34300310939604306,0.09924835884448294,0.07492991844997801
340.22351680642635,23.214880229604493,4.935266251887275,0.3749887036111286,0.5347758644054647,0.16654968864071523,0.14103126215714884
340.3235168064263,23.296980575835256,4.802150270725523,0.42842397291526013,0.3928794157662546,0.17995104355294347,0.08457723377998592
340.4235168064263,23.041447774331544,4.6945313203870604,0.19791071138134303,0.28006897559702815,0.09023978970259731,0.0410946371882654
340.5235168064263,22.95873281408929,4.405477845395179,0.11842629539061995,0.013912363691260839,0.05742565223405101,-0.0584137617555645
340.6235168064263,22.655681466102898,4.322810195781907,-0.13715042678423994,-0.06077583266629774,-0.03679109981495017,-0.08306929192937719
340.7235168064263,22.641782467925402,4.316317266055632,-0.1408295367657337,-0.06908276185923262,-0.03679109981495017,-0.08306929192937719
340.82351680642626,22.453091026844298,4.618700770210055,-0.2921357632893684,0.1808209059851512,-0.09086312218268755,0.010443389641133533
340.9235168064263,22.423423134904443,4.63683507775678,-0.30122207550763924,0.1818652449492648,-0.09086312218268755,0.010443389641133533
341.0235168064263,22.42184614638212,4.762202623944937,-0.28551050561004426,0.2769859070937979,-0.08170543525370279,0.04585022106111153
341.12351680642627,22.392886568644855,4.790130465759613,-0.29368104913541176,0.2815709291999075,-0.08170543525370279,0.04585022106111153
341.22351680642623,22.47913050937111,4.791671292182864,-0.20548593438665871,0.264053323390171,-0.04690417250315208,0.037921985319927444
341.32351680642626,22.256608313793926,4.744132690166686,-0.3797043332832587,0.2061002993769354,-0.10867377803690043,0.015577267079737063
341.4235168064263,22.17432343641061,4.686977292502476,-0.42691781428256476,0.14358465376077123,-0.1217946823516722,-0.007397242631187215
341.52351680642624,22.17982609307772,4.59389399553036,-0.3971428553510691,0.05135109951455282,-0.10624024436793358,-0.041084062235966834
341.6235168064262,22.513440191191403,5.057029198067072,-0.09779677526152568,0.42383564044089833,0.005517202897152823,0.09378198890706438
341.72351680642623,22.503688099679735,5.099881672055707,-0.09724505497181027,0.4332138393316069,0.005517202897152823,0.09378198890706438
341.82351680642626,22.547936620789653,4.776728437341474,-0.05374313573427572,0.13964649760193026,0.020529281802198908,-0.015135500951465049
341.9235168064262,22.542664953625238,4.790617409596905,-0.05169020755405653,0.1381329475067843,0.020529281802198908,-0.015135500951465049
342.0235168064262,22.879411550734954,4.817627590104666,0.23524955195101585,0.1462042994148932,0.12369959266496625,-0.012076202132857927
342.1235168064262,22.903555003893388,4.832187639035495,0.2476195112175153,0.14499667920160714,0.12369959266496625,-0.012076202132857927
342.22351680642623,22.996252937130457,4.970093356949962,0.31590277547992524,0.24544225208575524,0.14389198955472976,0.02438690450717959
342.3235168064262,23.09764667089574,4.508725894596105,0.388345527458223,-0.1569324850533878,0.16504451573494944,-0.12210931992079815
342.42351680642616,23.186675557091913,4.366316050339776,0.44584451233166533,-0.2729421819093417,0.17984349833736354,-0.15932799040505521
342.5235168064262,23.13688319932607,4.591277215171873,0.3819237044993152,-0.07331009082008232,0.14947748498661975,-0.07995984538077178
342.6235168064262,23.041418260910948,4.404205075351935,0.2854353966714934,-0.22870430318087165,0.10930003236625394,-0.1327463276619043
342.7235168064262,23.07050830073992,4.380670913395546,0.2963653999081151,-0.24197893594705755,0.10930003236625394,-0.1327463276619043
342.82351680642614,23.099960830030565,3.8991160064698507,0.3061696149875323,-0.6308628919670918,0.10875281896535452,-0.26740245160256393
342.92351680642616,23.131121555624155,3.8346927050151134,0.3170448968840702,-0.6576031371273543,0.10875281896535452,-0.26740245160256393
343.0235168064262,23.009663571400395,4.357794367627632,0.20403972360035733,-0.18539029165059884,0.06508337863477609,-0.08473371318639972
343.12351680642615,23.030392960653597,4.3388316698966465,0.2105480614638327,-0.1938636629692359,0.06508337863477609,-0.08473371318639972
343.2235168064261,23.26735060514706,4.530922789096902,0.3961130926637793,-0.027873184023340682,0.1297474835000365,-0.022153347698716824
343.32351680642614,23.110025491785905,4.894522753711688,0.24305053592726908,0.27516470852495667,0.06924974891082727,0.08831345564525413
343.42351680642616,23.02484394532228,5.196729384899322,0.15877382016405553,0.5097319756929642,0.03632603629216822,0.169254600692961
343.52351680642613,23.20485942331297,4.975724257836052,0.3033535295423499,0.2942490806632621,0.08858161844212203,0.0836849143620927
343.6235168064261,22.814652459774766,4.9032431756307995,-0.03683067464963544,0.21851851203431266,-0.03726304607861,0.053567228352129403
343.7235168064261,22.810783077079407,4.925362862975997,-0.040556979257497294,0.22387523486952682,-0.03726304607861,0.053567228352129403
343.82351680642614,22.59532189895476,4.827997581117821,-0.21969584910064593,0.12913282884082294,-0.10062025475916969,0.017306350377554833
343.9235168064261,22.572849212770908,4.840997395753787,-0.22975787457655947,0.13086346387857783,-0.10062025475916969,0.017306350377554833
344.0235168064261,22.569136387596416,4.717322689991448,-0.21905169046703712,0.020454158281409028,-0.09188707875131835,-0.022772175804966016
344.1235168064261,22.54677178315595,4.719254244940565,-0.22824039834217105,0.018176940700911907,-0.09188707875131835,-0.022772175804966016
344.2235168064261,22.570256620799668,4.743250476057258,-0.19858376054402338,0.034253646632202435,-0.0778585637634749,-0.016188604252698417
344.3235168064261,22.585049425224884,4.976210562148602,-0.17692395534284572,0.2238797946393688,-0.0671296747466817,0.05302024547062413
344.42351680642605,22.505292323070574,5.102181673643587,-0.23489476176117233,0.31422360788538706,-0.08563369969103879,0.0835133088045589
344.5235168064261,22.434709948166084,5.170587773569034,-0.2835740163625979,0.35372419766043645,-0.10050650529979105,0.09498205446094442
344.6235168064261,22.297781486567402,5.035862884072709,-0.38322518564592656,0.22303139045279782,-0.13281131503234167,0.04477663127009287
344.72351680642606,22.25879491142766,5.058389906274331,-0.3965063171491562,0.22750905357980558,-0.13281131503234167,0.04477663127009287
344.823516806426,22.253934046578003,5.165400577530499,-0.3793641372761524,0.3036907218674122,-0.12155738881567466,0.07118257429954991
344.92351680642605,22.215389845906298,5.196125562588746,-0.39151987615772266,0.3108089792973688,-0.12155738881567466,0.07118257429954991
345.0235168064261,22.591231942970435,4.934266282244484,-0.054693318739536534,0.07971543144734938,0.005557399888142536,-0.013349451967013024
345.12351680642604,22.585790398095924,4.942171078129381,-0.05413757875072247,0.07838048625064853,0.005557399888142536,-0.013349451967013024
345.223516806426,22.78683192735678,4.973364837645044,0.11787501112000683,0.09632987317404586,0.06747691551215615,-0.006432141874224147
345.323516806426,22.711984938973718,4.89231600414146,0.0515373779127704,0.020185298685198295,0.040847378389162234,-0.03375501080470347
345.42351680642605,22.657767736988937,5.161842044836829,0.006152791296673125,0.23713600752690978,0.02298900525910876,0.045246397515454076
345.523516806426,22.475911304257504,5.26728294698921,-0.14851107699678429,0.3110881462833335,-0.03520432064803654,0.07080868554100297
345.623516806426,22.4183763185854,5.012481186214186,-0.1872751278296075,0.08289197552621486,-0.047911148849798184,-0.013449093200393392
345.723516806426,22.399409250058184,5.020703138300807,-0.19206624271458841,0.08154706620617522,-0.047911148849798184,-0.013449093200393392
345.823516806426,22.593195362492242,5.223930464931469,-0.019757113239722072,0.24041915599511285,0.016059917658950693,0.04391396867247966
345.923516806426,22.591299950756564,5.248191950374334,-0.01815112147382755,0.2448105528623593,0.016059917658950693,0.04391396867247966
346.02351680642596,22.440557334548217,5.467589689078559,-0.13909970499684424,0.4102013315122548,-0.02786046171802812,0.10186736351949485
346.123516806426,22.42650806173994,5.509119159047391,-0.14188575116864768,0.42038806786420657,-0.02786046171802812,0.10186736351949485
346.223516806426,22.619786551877397,5.5047215784417665,0.027764209365194154,0.3919231421462384,0.034412664253353265,0.08800297192562297
346.32351680642597,22.53745956630597,5.340344415956732,-0.04045430471728912,0.23080560282223975,0.008302541714179094,0.026512122521615583
346.42351680642594,22.479153508685595,5.343246092359083,-0.08471481360257821,0.21673832404952348,-0.007975175441990983,0.02051744609877993
346.52351680642596,22.351902215656093,5.132670089604184,-0.18758851463725806,0.020858339779674256,-0.04581951686065659,-0.052358401879885365
346.623516806426,22.297248180178908,5.197368672558423,-0.22174151648729576,0.0672982390231473,-0.05648114206584708,-0.033852205813915626
346.72351680642595,22.274791622819855,5.203929235431667,-0.22738963069387855,0.0639130184417569,-0.05648114206584708,-0.033852205813915626
346.8235168064259,22.63699701746416,4.902352822711689,0.08618197433320166,-0.1949472276680093,0.05862758570554517,-0.1260688968171902
346.92351680642594,22.64590835282601,4.882227755460797,0.0920447329037575,-0.20755411734973117,0.05862758570554517,-0.1260688968171902
347.02351680642596,22.747628756223353,5.145578604658738,0.17640653510072155,0.017798905694159428,0.08751718169974654,-0.03970860173796062
347.1235168064259,22.76570699564192,5.1471599522194635,0.1851582532706932,0.01382804552036472,0.08751718169974654,-0.03970860173796062
347.2235168064259,22.66190491837286,5.59712164428714,0.09195035195777598,0.3793475677245263,0.050695729212210834,0.09282798471440712
347.3235168064259,23.15102772948925,5.673422773345521,0.5001060049296754,0.42019882545212695,0.19756510097662197,0.10425216132724799
347.42351680642594,23.088840170111375,5.66720520918724,0.4258764868277778,0.39049041080369845,0.16363624548707673,0.08986162034788614
347.5235168064259,23.203387794477823,5.622722165278726,0.5033979923903095,0.3279361853652384,0.1863102880539737,0.06352139469865144
347.62351680642587,23.04110246309252,5.695522767342209,0.34496739233636264,0.36690848951260063,0.12247201668209975,0.07520337873734523
347.7235168064259,23.07621156240958,5.732589633187164,0.3572145940045754,0.37442882738633687,0.12247201668209975,0.07520337873734523
347.8235168064259,23.245540175234826,5.74544847518853,0.48248197284152305,0.36235321286293165,0.1639900654887032,0.06843043159159082
347.9235168064259,23.294608322846404,5.782025948632769,0.4988809793903878,0.3691962560220884,0.1639900654887032,0.06843043159159082
348.02351680642585,22.9915134290824,5.662392193567575,0.2166502892331389,0.2400478242076059,0.05478440964867248,0.017721614545158804
348.12351680642587,23.013452380053963,5.686485584061067,0.22212873019800738,0.24181998566212218,0.05478440964867248,0.017721614545158804
348.2235168064259,23.062808244709814,6.110979494428233,0.24992438194020658,0.5731066268406634,0.06284399363358244,0.13591880292170738
348.32351680642586,22.993523676553338,5.680776701611154,0.17672066438628128,0.18008651010210444,0.033881520424610026,-0.011228298217634047
348.4235168064258,22.943625262593095,5.815345825255955,0.12385977638405571,0.27495162527038464,0.013575677230028626,0.023189680644935907
348.52351680642585,22.949193792333,5.627642916695814,0.11929829231933273,0.09385319793460345,0.011381212183729441,-0.044342181474835644
348.62351680642587,22.818392426547643,5.438595793041971,0.0020496062778247856,-0.0734877549051892,-0.03130228269538968,-0.10268259432333257
348.72351680642583,22.81844087576195,5.430733604579838,-0.0010806219917131143,-0.08375601433751896,-0.03130228269538968,-0.10268259432333257
348.8235168064258,22.34807964926845,5.3400040292496795,-0.3953864227808231,-0.16286561318355275,-0.17279975778139464,-0.12777637110627132
348.9235168064258,22.30767700820145,5.3230785860757885,-0.4126663985589665,-0.1756432502941828,-0.17279975778139464,-0.12777637110627132
349.02351680642585,21.9780988989808,5.386637639494583,-0.6734803234932057,-0.11693883390433787,-0.26211169842164694,-0.1009574582418897
349.1235168064258,21.909440308139395,5.374438968812944,-0.6996914933353615,-0.1270345797285234,-0.26211169842164694,-0.1009574582418897
349.2235168064258,22.179663006763736,5.3674197001794495,-0.4422537946968344,-0.1320347766542645,-0.15967542623000763,-0.0991296795247426
349.3235168064258,21.932300914667795,5.655822535108433,-0.6282528919853977,0.10967050720516766,-0.22162851478796086,-0.008072611316609565
349.4235168064258,22.23185631038951,5.976103834398017,-0.3485862274009598,0.36349517537249665,-0.11266838284957438,0.08322964920430391
349.5235168064258,22.00408701233051,5.724391461626001,-0.5252067149662168,0.12607524539356826,-0.17397259450997676,-0.007249638537409717
349.62351680642576,21.853245762215025,5.536568951393875,-0.6234011767291938,-0.03935067590001928,-0.2031034330801931,-0.06623260122297553
349.7235168064258,21.789890127376687,5.532302720797756,-0.6437115200372178,-0.04597393602231834,-0.2031034330801931,-0.06623260122297553
349.8235168064258,22.04879719495618,5.896494384901519,-0.39567046026817504,0.2509555953033208,-0.10643954892616433,0.04258264870091605
349.92351680642577,22.008697951184747,5.921802857675347,-0.40631441516078787,0.25521386017341097,-0.10643954892616433,0.04258264870091605
350.02351680642573,21.80428952885341,5.689020247053507,-0.5523052986987855,0.03767655222422938,-0.15525411628157548,-0.03951013221295611
350.12351680642576,21.74828272840211,5.692590351614865,-0.5678307103269467,0.03372553900293287,-0.15525411628157548,-0.03951013221295611
350.2235168064258,21.553524416053385,5.6504500151759345,-0.6973123696141946,-0.007534797384881155,-0.19640800230153355,-0.052893025438795316
350.32351680642574,21.744484121485396,5.729928091713283,-0.49706076090752843,0.0542203777592863,-0.11628749813464571,-0.028630582099102
350.4235168064257,21.917030204955996,5.818432600224822,-0.3236556068607264,0.11986090837502465,-0.04949045707433539,-0.0040675489759740314
350.52351680642573,21.94179832102008,5.8509429231642125,-0.2792762895599288,0.1369552502468399,-0.03120216153395918,0.0023761236724002934
350.62351680642576,21.86235812132224,6.039563875156128,-0.3249766585170033,0.2809519533757602,-0.04655412326190986,0.05385935253707728
350.7235168064257,21.82962768485424,6.067928367256379,-0.3296320708431927,0.2863378886294661,-0.04655412326190986,0.05385935253707728
350.8235168064257,21.786112041721125,6.094140746758415,-0.34432703718955116,0.2882623891475658,-0.05057823558978821,0.05228077944851587
350.9235168064257,21.751426446824212,6.123228389570421,-0.34938486074853115,0.29349046709241855,-0.05057823558978821,0.05228077944851587
351.02351680642573,21.745905984791573,6.0839041072577436,-0.3349742202068726,0.2431780993732587,-0.04501285630349821,0.032699756519484265
351.1235168064257,21.71218349848938,6.108385415977658,-0.3394755058372209,0.24644807502520602,-0.04501285630349821,0.032699756519484265
351.22351680642566,21.59103089474365,6.159207658625156,-0.4162215984160488,0.2711360156636399,-0.07110317264654112,0.04038240295210992
351.3235168064257,21.739473002534158,6.109252040074997,-0.263315912052063,0.21081576216239573,-0.012799373313560937,0.017091978997580675
351.4235168064257,21.67851391193745,6.169293948449384,-0.2932962782589571,0.24452313740821457,-0.023160197389864273,0.028565425914813376
351.5235168064257,21.481700757245285,6.165491772951822,-0.43949193363433287,0.22318914276995813,-0.0765030034002901,0.019658789653640946
351.62351680642564,21.520692674421277,6.00625241076294,-0.37805792005425853,0.07585393020329746,-0.051595160814728695,-0.03380914913453671
351.72351680642566,21.482628906611765,6.013668758037599,-0.38321743613573256,0.07247301528984303,-0.051595160814728695,-0.03380914913453671
351.8235168064257,21.520661956593074,5.838568516755987,-0.32343269265630215,-0.08048583199929318,-0.02778070353485266,-0.08736379768573219
351.92351680642565,21.48817978380978,5.830083114567632,-0.32621076300978646,-0.08922221176786342,-0.02778070353485266,-0.08736379768573219
352.0235168064256,21.83014199577098,6.00632953268244,-0.010183500709056199,0.051292391405543605,0.08950496559687215,-0.034828569887261455
352.12351680642564,21.829571170528055,6.011284628973559,-0.0012330041493669487,0.047809534416816665,0.08950496559687215,-0.034828569887261455
352.22351680642566,21.923712729378114,5.925610183237412,0.08564133790694985,-0.030004279642032897,0.11764619630322957,-0.06149116189956204
352.32351680642563,21.804833028910767,5.998855701496107,-0.010183595606274642,0.02760730643685642,0.07844461911996142,-0.03841707020039173
352.4235168064256,21.702911502360255,5.8741979844812615,-0.08645159123447765,-0.08095530298648701,0.04808011206054491,-0.07596638752102383
352.5235168064256,21.95053980201897,5.885860132378328,0.13845825223518016,-0.07139760284675918,0.1296819960870525,-0.06965038654264885
352.62351680642564,22.004813553514385,5.927928545322968,0.18440798106465486,-0.037632882306252266,0.14157324449710473,-0.05506418191991674
352.7235168064256,22.02396221784333,5.923889936182745,0.1985653055143605,-0.043139300498242064,0.14157324449710473,-0.05506418191991674
352.8235168064256,22.165866102373155,5.741144737868173,0.3139867813636765,-0.19655943606568585,0.17828274868347493,-0.10846687263393094
352.9235168064256,22.198156194252945,5.72094645989843,0.33181505623202806,-0.2074061233290814,0.17828274868347493,-0.10846687263393094
353.0235168064256,22.02424701098013,5.849962456974911,0.17382797650149437,-0.09603568717097069,0.11391463690219902,-0.06505502112189426
353.1235168064256,22.042199381814783,5.840033613152207,0.18521944019171038,-0.10254118928315789,0.11391463690219902,-0.06505502112189426
353.22351680642555,21.684976524710542,6.110419477668974,-0.11595247619811454,0.1222794710980312,0.0010362473266698896,0.017921915210483738
353.3235168064256,21.66634701168808,6.087515396441314,-0.12176432988002102,0.09473584854938633,-0.0011191300019771934,0.007305701150296077
353.4235168064256,21.85771933196803,6.522115995493546,0.047148788920686906,0.445361349693527,0.059898725395767974,0.1327660007903231
353.52351680642556,22.087504442206583,6.309124490700055,0.24636547191548105,0.23869497062387454,0.13153680135097018,0.051785901221971326
353.6235168064255,22.137876036248574,6.246629258485413,0.2803110030461795,0.1726787408761611,0.13903315069968014,0.02628950175309487
353.72351680642555,22.166602302306696,6.264028580081799,0.2942143181161507,0.1753076910514712,0.13903315069968014,0.02628950175309487
353.8235168064256,21.963302458247274,6.344884318451114,0.11386288914482158,0.23031826661027932,0.06875988194107147,0.045178642723929525
353.92351680642554,21.97503254657146,6.368142038325754,0.12073887733892638,0.23483613088267075,0.06875988194107147,0.045178642723929525
354.0235168064255,21.759732578335377,6.236313011940069,-0.07172788641271304,0.1054665858479899,-0.0061266465272850346,-0.0044967567434073055
354.1235168064255,21.752529156461467,6.246837186741154,-0.07234055106544168,0.10501691017364907,-0.0061266465272850346,-0.0044967567434073055
354.22351680642555,21.863481535222583,6.598885879998597,0.025236831217916603,0.38579046770009373,0.02933347156989214,0.09637831101791988
354.3235168064255,21.492115665360334,6.29014909300533,-0.2861447530509825,0.10575041871992934,-0.08519104018922657,-0.00845199558770042
354.4235168064255,21.57367982326687,6.200346913328897,-0.2028213384838903,0.022318815465477388,-0.052035989373752,-0.03806464222815978
354.5235168064255,21.697218456435213,6.352957083735293,-0.08416405538826563,0.14677572545517886,-0.006115057107393296,0.009160237851696375
354.6235168064255,21.629973814443577,6.202199492568845,-0.13352519308780436,0.011685170280931821,-0.023691379296616265,-0.03954664944545418
354.7235168064255,21.61650283823832,6.20317027634971,-0.13589433101746518,0.007730505336387752,-0.023691379296616265,-0.03954664944545418
354.82351680642546,21.700905615701434,6.364904543092493,-0.05652104522581005,0.13793170797212162,0.005904588613953477,0.008983724500642706
354.9235168064255,21.69528303412192,6.378742632512211,-0.055930586364414565,0.1388300804221861,0.005904588613953477,0.008983724500642706
355.0235168064255,21.482488783160807,6.400964016613263,-0.23026000841761315,0.14473776656141987,-0.058063238074147185,0.01026716991791975
355.12351680642547,21.459172466128685,6.41548912911899,-0.2360663322250259,0.1457644835532115,-0.058063238074147185,0.01026716991791975
355.22351680642544,21.24725617588914,6.512938393716007,-0.3980398521362067,0.2149803258836864,-0.11446108479632489,0.03472668046701606
355.32351680642546,21.26059356193438,6.87482018386494,-0.36434859240115147,0.5018112230802987,-0.09801472943729561,0.13726999524344108
355.4235168064255,21.331171693563135,6.761419789102105,-0.2848829531701037,0.3803282003966867,-0.06578939757715377,0.08878832718768237
355.52351680642545,21.338502605293808,6.775297375407211,-0.26038670681149856,0.36825198018332733,-0.05426839519617794,0.08107295350550414
355.6235168064254,21.217678457848457,6.881086056408697,-0.34417600492548767,0.4327062706337045,-0.08252140478014482,0.10125202690664842
355.72351680642544,21.182848250332,6.924862943606611,-0.35242814540350403,0.4428314733243716,-0.08252140478014482,0.10125202690664842
355.82351680642546,21.54181855623687,6.662595114369421,-0.03146897497016911,0.19966607702115718,0.036788201897626015,0.010244365161558862
355.9235168064254,21.538855599749343,6.682612943897338,-0.027790154780407764,0.2006905135373127,0.036788201897626015,0.010244365161558862
356.0235168064254,21.735086499888087,6.378235008733502,0.14681756854627762,-0.06265698681894837,0.10016148557434575,-0.08380502514203027
356.1235168064254,21.750269064170592,6.371550284925895,0.15683371710371447,-0.07103748933315329,0.10016148557434575,-0.08380502514203027
356.22351680642544,21.765296266466585,6.238648974982349,0.16588889096239393,-0.1826454716959854,0.09981444147599108,-0.12083283008561074
356.3235168064254,21.72269962039827,6.38906024742378,0.12571539755837532,-0.05373684111039123,0.08153987300623855,-0.06980986096277993
356.42351680642537,21.562329426624483,6.456648785636192,-0.01007444912658789,-0.0003748103821415655,0.029576303149462642,-0.048172928556466
356.5235168064254,21.387778851811564,6.484381803138041,-0.15643234129099953,0.018669655921087856,-0.025781836414439395,-0.039387344037963234
356.6235168064254,21.38859290894251,6.374559207280528,-0.14525876760750958,-0.07690336692009997,-0.020823741192990356,-0.07220355773602657
356.7235168064254,21.373962913475797,6.366507852799841,-0.1473411417268079,-0.08412372269370016,-0.020823741192990356,-0.07220355773602657
356.82351680642535,21.415946722456738,6.080690682513118,-0.10168117416860714,-0.32084538373405774,-0.0034299416571738593,-0.15492490957380398
356.92351680642537,21.40576145533159,6.047831519591836,-0.10202416833432461,-0.33633787469144166,-0.0034299416571738593,-0.15492490957380398
357.0235168064254,21.65802267968595,5.934730523931307,0.12429215220120753,-0.42198637833014147,0.08088140202650412,-0.18160731006892475
357.12351680642536,21.6708563019162,5.891623849547964,0.13238029240385518,-0.4401471093370277,0.08088140202650412,-0.18160731006892475
357.2235168064253,21.739071289068306,5.775370419694702,0.18579590913663657,-0.5170362863646983,0.0972508582082689,-0.2026732650557761
357.32351680642535,21.69661390800226,5.748299022099493,0.1438210055053268,-0.5159436046304949,0.07841333107235474,-0.19494338173765066
357.42351680642537,21.533640047381347,5.755186988033262,0.004066051843533485,-0.4864984375299043,0.02513122967375408,-0.1773953567408394
357.52351680642533,21.488813802492462,6.073524444978228,-0.032413798977131994,-0.19086060014600936,0.010674738820511788,-0.06201394756409831
357.6235168064253,21.33603961679878,6.127444083716424,-0.15536947594809186,-0.1368047510427312,-0.03404089839324497,-0.04043452980382485
357.7235168064253,21.320332464712,6.1135614359631285,-0.15877356578741714,-0.14084820402311463,-0.03404089839324497,-0.04043452980382485
357.82351680642535,21.035970745386983,6.846703308535697,-0.3839500238205088,0.46963602187088727,-0.11385672899817038,0.17982029411064224
357.9235168064253,20.997006459359955,6.894566012193322,-0.395335696720322,0.48761805128194535,-0.11385672899817038,0.17982029411064224
358.0235168064253,20.90470317221398,7.063994655511659,-0.45531975261659824,0.6063123733285535,-0.1328935653679091,0.21654322666935208
358.1235168064253,20.85850672912547,7.125708608977876,-0.46860910915339216,0.6279666959954936,-0.1328935653679091,0.21654322666935208
358.2235168064253,20.948854898437663,7.088118696080057,-0.36738192009512,0.5660786491032144,-0.09153733469490244,0.1865764913668961
358.3235168064253,20.997390348548493,7.160789360441835,-0.304492799783634,0.5973378823267758,-0.06528763469633381,0.19113682549793265
358.42351680642525,20.938045962877712,6.9778983363366525,-0.3347440725564012,0.41595876656766184,-0.07385143514001957,0.11924699709280942
358.5235168064253,21.043212353327032,7.141372261440662,-0.22262758610592487,0.5311985889393444,-0.029546678341527598,0.15728626050781816
358.6235168064253,20.98499286018928,7.316572711037964,-0.255271795880764,0.6466172529211486,-0.040251024887566746,0.19298741172642253
358.72351680642527,20.959264425476775,7.382199373388689,-0.2592968983695193,0.6659159940937842,-0.040251024887566746,0.19298741172642253
358.82351680642523,20.372325052859956,7.282560434280925,-0.7322060765346042,0.5478421096787803,-0.210459087045816,0.14377658184060116
358.92351680642525,20.298052149771248,7.3380635281580195,-0.7532519852391906,0.5622197678628437,-0.210459087045816,0.14377658184060116
359.0235168064253,20.454533724124463,6.910694214015186,-0.5856693351386724,0.1698714099893954,-0.14368651975417063,-0.0043825857533773965
359.12351680642524,20.395248358011845,6.9276594420853534,-0.6000379871140845,0.16943315141405782,-0.14368651975417063,-0.0043825857533773965
359.2235168064252,20.454763840159842,6.8445959773169855,-0.5145382612187337,0.08667469529744073,-0.10762029324776806,-0.03391092667524768
359.32351680642523,20.615236331931154,6.743561971673227,-0.3467594547379031,-0.007944637906537,-0.04256674343088382,-0.06692512998211703
359.42351680642525,20.7054737254677,6.787707289554767,-0.24711535055761635,0.022628528193156507,-0.005058673696450008,-0.05356293793160104
359.5235168064252,20.743842688630515,6.7550114835260135,-0.19337158137165134,-0.012279507260083408,0.015054164552846947,-0.0644434988447739
359.6235168064252,20.725060734263092,6.990179432580141,-0.1914682485013306,0.17583157904969476,0.015197630397197752,0.005230996141165178
359.7235168064252,20.705989897564944,7.00778874546582,-0.18994848546161047,0.1763546786638114,0.015197630397197752,0.005230996141165178
359.82351680642523,20.925672155412713,7.196791218366503,0.00932547248649368,0.31613946722787917,0.0865164969404625,0.05470788241641176
359.9235168064252,20.927037285146064,7.228678704501362,0.01797712218053698,0.3216102554695185,0.0865164969404625,0.05470788241641176
360.02351680642516,20.74288959652265,7.658470827591755,-0.12524656077631124,0.6652924312292774,0.032493103424667734,0.1791570428552216
360.1235168064252,20.730527405962142,7.725895855928974,-0.12199725043384373,0.6832081355148036,0.032493103424667734,0.1791570428552216
360.2235168064252,20.898254573879047,8.022263906424927,0.030562798205913632,0.8881436653282273,0.08641482541595653,0.24624124979686873
360.3235168064252,20.72206126379684,7.415361369624812,-0.11178812810644702,0.33228541157457564,0.031398883841409465,0.03617292934186364
360.42351680642514,20.527422547404896,7.145332117980722,-0.2611178488891189,0.08614023817945148,-0.02364248172183539,-0.0533833090761924
360.52351680642516,20.62102574783605,7.245920925289715,-0.1604660780781616,0.1593789196188319,0.014550299989625065,-0.024452291099286597
360.6235168064252,20.464968453000626,7.11698371987294,-0.275155397027329,0.037963281916365214,-0.027324692995740654,-0.06705815860472883
360.72351680642515,20.437316289832925,7.120444757271552,-0.27788786632690216,0.03125746605589462,-0.027324692995740654,-0.06705815860472883
360.8235168064251,20.678509483071256,7.264813984111911,-0.05533702036954691,0.14030797500575637,0.05452918094618383,-0.025744918964820705
360.92351680642514,20.67324842693903,7.278716057017665,-0.04988410227492728,0.13773348310927372,0.05452918094618383,-0.025744918964820705
361.02351680642516,20.369531565094416,7.347182279543056,-0.29615570113025114,0.17850371733357745,-0.03734277384462265,-0.010701529315812142
361.12351680642513,20.339729281112177,7.364979143629829,-0.2998899785147121,0.1774335644019966,-0.03734277384462265,-0.010701529315812142
361.2235168064251,20.61769435992294,7.4083059611588284,-0.04768524956651297,0.19747100899372505,0.05508642517734392,-0.0031302120167083884
361.3235168064251,20.73649428212586,7.3448804301802735,0.06143056642278864,0.12789721877671623,0.09283697333853715,-0.028194699679921883
361.42351680642514,20.51383279338601,7.206355004918154,-0.11966316923491756,0.000645236578768478,0.024110923986522398,-0.07281192298012197
361.5235168064251,20.453289847699775,7.307205357723354,-0.15911518374536818,0.079529586058811,0.00859034262718491,-0.04108690870798216
361.6235168064251,20.619078515747137,7.318305824582437,-0.007642618870199253,0.07817663376800082,0.0628929461978025,-0.04010001932760967
361.7235168064251,20.618628718591104,7.3259229878626,-0.0013533242504175733,0.07416663183523894,0.0628929461978025,-0.04010001932760967
361.8235168064251,20.897333696072007,7.32280990588862,0.23686653736428726,0.061045896025628384,0.14683216053031567,-0.04353265901805056
361.9235168064251,20.921754510611077,7.328696832196091,0.25154975341731384,0.05669263012382481,0.14683216053031567,-0.04353265901805056
362.02351680642505,20.777490549528153,7.639596240781882,0.1292074254103305,0.30356632117016197,0.09856112161737862,0.046518273442552244
362.1235168064251,20.790904097677274,7.670185464266117,0.1390635375720706,0.30821814851441826,0.09856112161737862,0.046518273442552244
362.2235168064251,21.05927971576117,7.969684725639134,0.3598702426891189,0.53388775757405,0.17474331291152348,0.1257975828127076
362.32351680642506,21.24216702462301,7.827047057901521,0.5000554993399967,0.3826748158741781,0.21945454807487397,0.0665233332430469
362.423516806425,20.95386490901349,7.678994506734218,0.24016993067986284,0.23569205715611855,0.11771385053839996,0.011435068242551506
362.52351680642505,21.031459923436937,7.270353987047865,0.29749432197229586,-0.13139530756129647,0.1346024474842407,-0.12414267448427316
362.6235168064251,20.89175412063847,7.212991816567527,0.16989981592167114,-0.1796454117338317,0.08374619185271659,-0.13697625999075946
362.72351680642504,20.909162833189896,7.194342394094196,0.17827443510693994,-0.19334303773290296,0.08374619185271659,-0.13697625999075946
362.823516806425,21.124201595137475,7.149954678183337,0.3481539186888126,-0.22768681308433103,0.14155826322546528,-0.14454130788129319
362.923516806425,21.15972477832249,7.126463290335492,0.36230974501136237,-0.24214094387246363,0.14155826322546528,-0.14454130788129319
363.02351680642505,21.314569196104653,7.182222044865801,0.4728105240735589,-0.18901134892689342,0.17590587145426237,-0.11997355510727842
363.123516806425,21.362729777869262,7.162721042197582,0.4904011112189791,-0.20100870443761717,0.17590587145426237,-0.11997355510727842
363.223516806425,20.9977950492186,6.695217997838188,0.1634173405692796,-0.5808702699426931,0.051467114146918,-0.25192683182556685
363.323516806425,20.98966628807999,6.9127495924654285,0.14778444292763865,-0.37545331902850443,0.04389580797025432,-0.1684724837002029
363.423516806425,20.971191354022345,6.7440169916495085,0.12437923174437435,-0.49958836518051936,0.0338619178428925,-0.20694220150337383
363.523516806425,20.87044085240027,6.578457333933527,0.030316112830922094,-0.6178768691680623,-0.00226702878258727,-0.24287512763282584
363.62351680642496,20.703683485088185,6.588036865068438,-0.1106746523223936,-0.5825105464640684,-0.05301847879926044,-0.22151180342323318
363.723516806425,20.69235092746195,6.5286782514049015,-0.11597650020232085,-0.6046617268063967,-0.05301847879926044,-0.22151180342323318
363.823516806425,20.807787407096427,6.32668369442825,-0.014686501171614505,-0.7416168211449714,-0.01428221885834861,-0.26248358887567386
363.92351680642497,20.806247345884973,6.251209594369401,-0.01611472305744888,-0.7678651800325298,-0.01428221885834861,-0.26248358887567386
364.02351680642494,21.014517993497563,6.92366977604594,0.15848123831764396,-0.16329561814927665,0.0497566659648568,-0.03255691557518445
364.12351680642496,21.030614900659153,6.9071774296531325,0.16345690491413079,-0.16655130970679582,0.0497566659648568,-0.03255691557518445
364.223516806425,21.038771689177796,6.933883214396047,0.16142430496995766,-0.1339727824079475,0.047225717391727894,-0.019703143807578743
364.32351680642495,20.75782729112594,6.997785595763136,-0.08370337789479522,-0.07147878975393102,-0.04381029636557191,0.003625572453613498
364.4235168064249,20.629803770519192,7.113533195224045,-0.18725869663106198,0.030024968133009554,-0.07961210848171896,0.039891331723478266
364.52351680642494,20.591638622206826,7.163670184748179,-0.2115889147588266,0.07399617997396281,-0.08568085320738232,0.05461220494282899
364.62351680642496,20.508478423299074,7.163196783333777,-0.27120760838995034,0.0727622465406626,-0.10408677552953381,0.052214526019625604
364.7235168064249,20.48083722858244,7.170734080617938,-0.28161628594290017,0.07798369914262337,-0.10408677552953381,0.052214526019625604
364.8235168064249,20.469381833591985,7.430483950976564,-0.2781850676986727,0.28956295728746273,-0.09921427433750078,0.1260191724950391
364.9235168064249,20.441067255450424,7.460070342567792,-0.28810649513242503,0.3021648745369695,-0.09921427433750078,0.1260191724950391
365.02351680642494,20.770781363112395,7.567468835957838,0.006872837826217194,0.37834247001633486,0.012804987733863647,0.14898069675248268
365.1235168064249,20.771532671833686,7.60604798644322,0.008153336599603121,0.3932405396915781,0.012804987733863647,0.14898069675248268
365.22351680642487,20.790677004903653,7.71035428036088,0.02460456109490307,0.46102691523724676,0.018283707242667334,0.1679517873616756
365.3235168064249,20.476203365750823,7.69260229474136,-0.23997402881900115,0.4239386274279656,-0.07878494602784472,0.14845212685139886
365.4235168064249,20.550127238535605,7.40220358690847,-0.16621472024083353,0.16424900414236443,-0.04931378654092472,0.050013367875328354
365.5235168064249,20.35704397504534,7.255425440785844,-0.32263158917392964,0.03001117574918245,-0.10547643308647858,-0.001252653453449562
365.62351680642485,20.234581755181573,7.319243664624442,-0.4075267703541,0.07987581960958069,-0.1322818924570429,0.016649810473726
365.72351680642487,20.193167668683866,7.327314495637771,-0.4207549595998073,0.08154080065695367,-0.1322818924570429,0.016649810473726
365.8235168064249,19.99831319264036,7.548976605971923,-0.5637642654331827,0.26104485926615345,-0.1800921255463646,0.08102912966999974
365.92351680642486,19.94103630546933,7.57548623754688,-0.581773477987813,0.2691477722331507,-0.1800921255463646,0.08102912966999974
366.0235168064248,19.643497632223855,7.695753332518277,-0.805399895923243,0.35531078726373544,-0.2564945541129284,0.10946501570983423
366.12351680642485,19.561675169860948,7.731831736323207,-0.8310493513345417,0.36625728883472136,-0.2564945541129284,0.10946501570983423
366.22351680642487,19.61349228633778,7.559633034912199,-0.7435685374039125,0.20482246128766435,-0.21563895992177334,0.047631652734594916
366.32351680642483,20.053435557481677,7.542842510440521,-0.33204308963731327,0.17834308078737568,-0.057837529944980925,0.036325419577695944
366.4235168064248,19.811442738842764,7.2859700719040354,-0.5109580222070431,-0.04428690675988089,-0.12033770029021745,-0.04480454896893908
366.5235168064248,19.83598070479964,7.272357380292908,-0.4574550845349212,-0.05640000845979092,-0.09604022504292006,-0.047614788697757926
366.62351680642485,20.052474923760254,7.367999647819924,-0.2492358198852388,0.022276716342375522,-0.01750563679793568,-0.01773376960573521
366.7235168064248,20.02746381358775,7.370138650606132,-0.2509863835650318,0.020503339381802606,-0.01750563679793568,-0.01773376960573521
366.8235168064248,20.336275635868684,7.422552998616865,0.026002663636528135,0.060448251634569586,0.08354113018713909,-0.0027173597564360873
366.9235168064248,20.339293607883274,7.428584236981542,0.03435677665524394,0.060176515658925914,0.08354113018713909,-0.0027173597564360873
367.0235168064248,19.946666001973355,7.46416310239429,-0.2899850504531783,0.08093695642184941,-0.03757687154525718,0.0038908793120687943
367.1235168064248,19.91747961257032,7.472276252433032,-0.29374273760770275,0.08132604435305615,-0.03757687154525718,0.0038908793120687943
367.22351680642475,19.65377126136106,7.915679947362838,-0.49198017505066527,0.44006936873650154,-0.10781082221470151,0.13243291857835976
367.3235168064248,19.664752354021783,7.7735684478399225,-0.4517377878777752,0.2977446260836042,-0.08921979348393592,0.0761350585167467
367.4235168064248,19.891316311295117,7.726582958384876,-0.23464700151536816,0.24186314581633658,-0.00762942719763203,0.05336793822525124
367.52351680642477,19.64760134666017,8.01075323934724,-0.4247178830280799,0.4684425648567606,-0.07781459697933285,0.13482655030853657
367.62351680642473,19.663951623091588,7.932965638649328,-0.3834068938744471,0.37893791240861135,-0.06011467468511884,0.09794457579820956
367.72351680642475,19.625310360330708,7.971349152769189,-0.3894183613429604,0.3887323699884345,-0.06011467468511884,0.09794457579820956
367.8235168064248,19.08999330673471,8.189515660300888,-0.8096956638095155,0.5461537139443299,-0.21036272775313436,0.15102281440582935
367.92351680642474,19.007971926715022,8.24488614576733,-0.8307319365848218,0.5612559953849077,-0.21036272775313436,0.15102281440582935
368.0235168064247,19.705226327452422,8.05507496207539,-0.19035234208949756,0.36453538523204804,0.0320359942352411,0.0725744284940166
368.12351680642473,19.686351273214644,8.091891372741074,-0.18714874266597273,0.37179282808145137,0.0320359942352411,0.0725744284940166
368.22351680642475,19.70403610447171,8.210924636033749,-0.15384491488943802,0.44614406561331943,0.04290631852426807,0.0966410427915912
368.3235168064247,19.7121244398248,8.489658187456879,-0.13000957298267224,0.6504016326479375,0.050027674058646526,0.167061650531261
368.4235168064247,19.78905577548423,8.414346047990254,-0.050537607980716416,0.5508952945510853,0.07691097460940918,0.12539184004205234
368.5235168064247,19.61840503478215,8.447129575749837,-0.18553449065831315,0.5438988070450405,0.024009970162972454,0.11819906384997403
368.62351680642473,19.5531163179438,8.404151207153939,-0.2219816288485888,0.47520732805029997,0.010003560001798115,0.08936620147057596
368.7235168064247,19.53096817285896,8.452118770966305,-0.22098127284840932,0.4841439481973545,0.010003560001798115,0.08936620147057596
368.82351680642466,19.416789828567964,8.834872671169066,-0.2960561792695348,0.7659652063598609,-0.017355759679292475,0.1867284570558985
368.9235168064247,19.387097431842605,8.912402834090349,-0.29779175523746443,0.784638052065455,-0.017355759679292475,0.1867284570558985
369.0235168064247,19.804385230640914,8.253141712495724,0.08053025261827214,0.18520487188866164,0.12236150522747789,-0.037815333794407824
369.1235168064247,19.813050063428875,8.271473123015612,0.09276640314101575,0.18142333850922215,0.12236150522747789,-0.037815333794407824
369.22351680642464,19.825950410929064,8.005698583341573,0.10750421079527198,-0.05595882854992099,0.1232649476851422,-0.1216081253192549
369.32351680642466,19.78848353909776,8.17182543503646,0.07879421137432449,0.07541325172337995,0.10831279622343562,-0.06966561194366833
369.4235168064247,19.942650265359525,8.329527205713415,0.21064810074458362,0.19233150733435714,0.15200182868672485,-0.025244773403540095
369.52351680642465,20.15817071259037,8.278501031906908,0.3923610102244325,0.1300634485624553,0.21373576368457137,-0.04724157089907597
369.6235168064246,19.9075267905909,8.171643681504849,0.17250658771056449,0.02701906883533954,0.12676277832146765,-0.08245216173712538
369.72351680642464,19.92541126325357,8.173933327579698,0.18518286554271413,0.018773852661625127,0.12676277832146765,-0.08245216173712538
369.82351680642466,19.978577774658174,7.821473560212061,0.22421542427686952,-0.28326865183663724,0.13577002121950565,-0.18851162902806742
369.92351680642463,20.00167816719195,7.792204136883266,0.23779242639881545,-0.30211981473943755,0.13577002121950565,-0.18851162902806742
370.0235168064246,19.784545075327785,8.016510200750234,0.04293628641330892,-0.1056196333291977,0.05828940083872276,-0.10983962054620289
370.1235168064246,19.78913015097331,8.00539903931458,0.04876522649718252,-0.11660359538382048,0.05828940083872276,-0.10983962054620289
370.22351680642464,19.84852099475034,7.97643939656267,0.09963120468185505,-0.14137834755287423,0.07455396878257407,-0.11478639137819416
370.3235168064246,20.01020441344184,8.207689647480906,0.23426890481563284,0.05200276557672172,0.12089440548619335,-0.0406505594145125
370.4235168064246,19.61789795237979,8.100314650817202,-0.09935528955991807,-0.04455648080048562,-0.003907846346462185,-0.07381579794170495
370.5235168064246,19.180266364285217,8.116449333683548,-0.46740322870972645,-0.03408357815683139,-0.14021528266231553,-0.0672420133582939
370.6235168064246,19.30916781189306,7.849794886963865,-0.33521742969134494,-0.25688987217710507,-0.08750130337790027,-0.14462566800089396
370.7235168064246,19.275208562407048,7.823382771406159,-0.343967560029132,-0.2713524389771895,-0.08750130337790027,-0.14462566800089396
370.82351680642455,19.58615966477386,7.3168082687412666,-0.06531747454292182,-0.6796696049810919,0.016367947769195635,-0.2858585646535399
370.9235168064246,19.579709757058414,7.247412015419873,-0.06368067976600188,-0.7082554614464524,0.016367947769195635,-0.2858585646535399
371.0235168064246,19.493609513905934,7.399849259133833,-0.12160138847791638,-0.5451460141478071,-0.0032347266182472106,-0.2151993997285718
371.12351680642456,19.481433201425055,7.344258660720429,-0.12192486113974099,-0.5666659541206569,-0.0032347266182472106,-0.2151993997285718
371.2235168064245,19.751764787256537,7.286343808951017,0.11242708705933194,-0.5883277198004033,0.08151539213515303,-0.21525027275791103
371.32351680642455,19.620705100898974,7.296783212543745,0.0006547455599358542,-0.5512601178016905,0.03781965097324009,-0.19404643320364262
371.4235168064246,19.57252650604,7.412214529587782,-0.03578064529279936,-0.4294792344108114,0.02330122856151217,-0.14342215455537383
371.52351680642454,19.613043494053443,7.386029724350685,0.004356152647189814,-0.42893074243584184,0.03731790386081495,-0.13793959277943935
371.6235168064245,19.29386163035493,7.433232163635233,-0.25706428135028986,-0.3681095576546948,-0.058280785500103585,-0.11121830149960842
371.7235168064245,19.267863798292392,7.395865116362257,-0.2628923599003015,-0.37923138780465815,-0.058280785500103585,-0.11121830149960842
371.82351680642455,19.594136640939585,7.64606183508483,0.026152308124095917,-0.1513904454048941,0.04872149977599665,-0.025133530773899973
371.9235168064245,19.596995479250875,7.630797122890476,0.031024458101693922,-0.15390379848228325,0.04872149977599665,-0.025133530773899973
372.0235168064245,19.447648492341543,7.896274877528003,-0.09581660013708569,0.07241299563197613,-0.0002338515816606504,0.05624394019977
372.1235168064245,19.43806566306992,7.903797396792202,-0.09583998529525176,0.0780373896519544,-0.0002338515816606504,0.05624394019977
372.2235168064245,19.49264145226227,8.34156325018007,-0.042571848917300655,0.437429480736869,0.019011720716310975,0.18314078299272804
372.3235168064245,19.389044941415243,8.211165539461456,-0.12422865883855966,0.3099405466745676,-0.01143365789775861,0.1303767456227788
372.42351680642446,18.931448008397467,8.372230023206932,-0.4949828847365863,0.4295035247271192,-0.14486278241995063,0.1685730591727699
372.5235168064245,18.896570699309038,8.483599904888846,-0.496277400966182,0.5039266859201774,-0.13997198881423173,0.18976804666459787
372.6235168064245,18.758681383886604,8.165505263606212,-0.5828727494411142,0.21926888856375068,-0.16614671907456507,0.08102995139449719
372.72351680642447,18.69956337534714,8.18783730221955,-0.599487421348565,0.22737188370319764,-0.16614671907456507,0.08102995139449719
372.82351680642444,18.68672460493242,8.401520462914558,-0.5772987073346199,0.3918982521174994,-0.15240493777463718,0.13702998818744735
372.92351680642446,18.62823270951007,8.441395438067254,-0.592539201112087,0.40560125093624727,-0.15240493777463718,0.13702998818744735
373.0235168064245,19.149681214789872,8.260001736590892,-0.11240031781568888,0.23283878748126718,0.030029440901165563,0.06924628568737824
373.12351680642445,19.13859133021281,8.283631846767447,-0.10939737372557334,0.23976341605000265,0.030029440901165563,0.06924628568737824
373.2235168064244,18.81356497506182,8.074902048572662,-0.3673966982550794,0.05480983528309282,-0.06422829252176585,0.00041937139454703565
373.32351680642444,18.736567400459776,8.29154402432199,-0.40737970253768113,0.23072428887890317,-0.07645635512914979,0.06406513481429088
373.42351680642446,18.756197750271056,8.377983086667081,-0.36457997806375314,0.28902465615369993,-0.05824563421775622,0.08267248767660595
373.5235168064244,18.97434308952729,8.139118678787012,-0.1512814281202757,0.0688398956687242,0.022993393647090146,-0.001440524375350416
373.6235168064244,18.859279064213986,8.24995406955559,-0.23193508373836252,0.15413802123570924,-0.006914700155837332,0.029158161117155964
373.7235168064244,18.836050982339366,8.265513662484752,-0.23262655375394642,0.1570538373474255,-0.006914700155837332,0.029158161117155964
373.82351680642444,18.758207467565327,8.228718092329867,-0.27898901551521227,0.1153551931838299,-0.02351122481713451,0.012808231474140327
373.9235168064244,18.73019100988973,8.240317652805617,-0.2813401379969249,0.1166360163312435,-0.02351122481713451,0.012808231474140327
374.02351680642437,18.566967827950545,7.703984796848924,-0.39660172365401647,-0.3417386585035068,-0.06451895345571151,-0.15446330597983604
374.1235168064244,18.526985060817854,7.669038614468666,-0.4030536189995891,-0.35718498910149393,-0.06451895345571151,-0.15446330597983604
374.2235168064244,18.273946527065522,7.962404994698525,-0.5859318548499663,-0.10105112633752339,-0.1282331390067986,-0.05704720669022488
374.3235168064244,18.339751763078404,7.952191181103212,-0.4936802932796174,-0.10660881238940384,-0.08994781556739437,-0.056993996952594654
374.42351680642435,18.45841145791291,8.014550440032046,-0.3627767688884911,-0.05197026681357188,-0.039444676998103376,-0.035358883031073075
374.52351680642437,18.55083459602899,8.236487083986853,-0.2559125206285054,0.13813053210713977,0.0016372163050497879,0.03593558734562228
374.6235168064244,18.243233401891004,8.12851229478607,-0.4895723846454501,0.04148062660619097,-0.08266616218455398,3.62422392806358e-05
374.72351680642436,18.193862832615554,8.132660538657884,-0.4978390008639027,0.041484250830119036,-0.08266616218455398,3.62422392806358e-05
374.8235168064243,18.129675016184994,8.17973354653885,-0.5190364574114744,0.07490276582630313,-0.0876919690447787,0.01150475652393295
374.92351680642435,18.07733291059861,8.1872813469041,-0.5278056543159543,0.07605324147869669,-0.0876919690447787,0.01150475652393295
375.02351680642437,18.249349285211498,8.170578197471187,-0.3416702993584803,0.06079772653313864,-0.015081507614537443,0.0066514121287720995
375.12351680642433,18.215106847737587,8.176691227185142,-0.34317845011993353,0.06146286774601562,-0.015081507614537443,0.0066514121287720995
375.2235168064243,18.277473528441213,8.301545417704613,-0.2643186589186875,0.15983599870945747,0.013942378228807874,0.041699370203696365
375.3235168064243,18.36895262111061,8.243345556784428,-0.1638985477928735,0.10204548281078527,0.050023673317449634,0.019276763151022752
375.42351680642435,18.430163210331834,8.381547890908523,-0.09466693986965036,0.20924969141072025,0.07321036035996878,0.05702531025536734
375.5235168064243,18.36908442290551,8.57109054501955,-0.13202952822460257,0.35834799155205754,0.05664408329659143,0.10982173824606808
375.6235168064243,18.33176533833693,8.242549417621115,-0.1465948265716967,0.06940318797505796,0.049350410958184605,0.0024114232638752925
375.7235168064243,18.31735260773455,8.249501793534941,-0.14165978547587713,0.06964433030144554,0.049350410958184605,0.0024114232638752925
375.8235168064243,18.50571066704792,8.005350036764998,0.031604833572493676,-0.13515143430998774,0.11024222031869912,-0.07068748864032304
375.9235168064243,18.509422361506765,7.991481455890802,0.042629055604359825,-0.14222018317401763,0.11024222031869912,-0.07068748864032304
376.02351680642425,18.3167207468113,7.8459915446787525,-0.1139348336502626,-0.2595201408270821,0.04871354532291147,-0.1109215951258058
376.1235168064243,18.305570831172883,7.8194849226204095,-0.10906347911797035,-0.27061230033966516,0.04871354532291147,-0.1109215951258058
376.2235168064243,18.437155470360544,8.072726130167828,0.013957319715073385,-0.050467391991600156,0.09138175232305165,-0.02797661713129565
376.32351680642427,18.50110370526024,8.307212264636103,0.07527646395750671,0.1463564246304837,0.11039453027761979,0.044263557966080266
376.42351680642423,18.371958082459223,8.633880428062737,-0.027631542209696085,0.40743674729057183,0.06925961958408619,0.13629085167909022
376.52351680642425,18.019175420749974,8.75184946614573,-0.32190166917689045,0.48627052499683243,-0.042407639452275284,0.1602983581451746
376.6235168064243,17.68805236129959,8.759299340518808,-0.5738143885560738,0.4677986567142354,-0.13170394607760977,0.14794255428718503
376.72351680642424,17.630012402713614,8.806818918961651,-0.5869847831638303,0.4825929121429488,-0.13170394607760977,0.14794255428718503
376.8235168064242,17.70342540412645,8.654137509183247,-0.4890109184021912,0.3300921007708711,-0.09132094802362453,0.08758256609812534
376.92351680642423,17.6540677075461,8.687584632090832,-0.49814301320455573,0.33885035738068564,-0.09132094802362453,0.08758256609812534
377.02351680642425,17.49813029000904,8.767152381867806,-0.5905880721160701,0.3864225072308788,-0.12014993095080256,0.10194758057544509
377.1235168064242,17.438470733142697,8.80630437049376,-0.6026030652111463,0.39661726528841984,-0.12014993095080256,0.10194758057544509
377.2235168064242,17.90367645699818,8.747203383063898,-0.17767165885782263,0.3250783761010432,0.03764784397713605,0.0726296358580932
377.3235168064242,18.00307688519737,8.822000422286695,-0.07560527717340552,0.3672612065942034,0.07346524018970187,0.08526663925473142
377.42351680642423,17.893738819197548,8.770263385793799,-0.15307658711080852,0.30262231367556436,0.04284609299972464,0.05903198458854925
377.5235168064242,18.149017874935986,8.83731040930665,0.08363691059906414,0.3396095693508717,0.1290181843511944,0.07047672384833939
377.62351680642416,18.137650002800996,8.769596380588997,0.07964427490743355,0.2628023194296786,0.12292701285248234,0.04044646883184065
377.7235168064242,18.146229065356003,8.79607884487613,0.09193697619268458,0.2668469663128636,0.12292701285248234,0.04044646883184065
377.8235168064242,17.662111408445888,9.068575516224456,-0.3055649857289873,0.4723422866372761,-0.02497845224091625,0.11251731601067241
377.9235168064242,17.631430017611795,9.11637233146822,-0.3080628309530781,0.48359401823833953,-0.02497845224091625,0.11251731601067241
378.02351680642414,17.856343394187682,8.413693021014932,-0.09306608098389378,-0.13436264364879147,0.05498825163873326,-0.11613525943502614
378.12351680642416,17.847311727347485,8.399676080352874,-0.0875672558200192,-0.14597616959229673,0.05498825163873326,-0.11613525943502614
378.2235168064242,18.21171949128609,8.538294617207383,0.22765031930084376,-0.030964678988398588,0.16683933831291697,-0.07071473361600503
378.32351680642415,18.083471793522495,8.53185042395787,0.11673228931586092,-0.040529956791254484,0.12034599312159594,-0.07161720599020799
378.4235168064241,18.09229867264498,8.609074464712322,0.12590371328113903,0.019502758866001148,0.11931238988879177,-0.04752358999507428
378.52351680642414,17.942831171980373,8.837357458339294,-0.001992846472569181,0.207756600510917,0.06747178638570175,0.023538743551556038
378.62351680642416,17.5831018340999,8.909710357453621,-0.29361474509909197,0.25240438293837886,-0.040102995604857056,0.03868510359969414
378.72351680642413,17.55353984461198,8.93514422126545,-0.2976250446595763,0.25627289329834696,-0.040102995604857056,0.03868510359969414
378.8235168064241,17.396805170277567,8.888937491963372,-0.4069410070833925,0.20179156271452992,-0.07814502427560492,0.018007207517629013
378.9235168064241,17.355720344447843,8.909206684272418,-0.41475550951095475,0.20359228346629324,-0.07814502427560492,0.018007207517629013
379.02351680642414,17.541505833645367,9.098123535946423,-0.23206183131867264,0.3494819715327676,-0.008936127005815041,0.0712170822898941
379.1235168064241,17.51825496987848,9.133427818511135,-0.23295544401925383,0.3566036797617546,-0.008936127005815041,0.0712170822898941
379.2235168064241,17.646992169596274,9.285354882054861,-0.10753489717527154,0.45915767302843324,0.036680665679026475,0.10544874270511803
379.3235168064241,17.327775661205795,9.57874002975624,-0.36323256496750317,0.67537863270862,-0.05782243018060798,0.17987999402762445
379.4235168064241,17.250547234152,9.496435601352898,-0.4027410860052806,0.5692900988167221,-0.06999758041359956,0.1353904125419262
379.5235168064241,17.17976873790687,9.42359608670997,-0.4356634287325433,0.47170785956147204,-0.07960827618770096,0.09447702492367904
379.62351680642405,17.41745034151554,9.211115456608196,-0.21010921532976823,0.26736330911468287,0.004583858800506907,0.017913411247137828
379.7235168064241,17.396462339276564,9.237941354575906,-0.20965082944971744,0.26915465023939705,0.004583858800506907,0.017913411247137828
379.8235168064241,17.209622141014172,8.74678233139088,-0.3473183975920218,-0.1548952129977587,-0.045401012930568384,-0.13466296469969422
379.92351680642406,17.17466329619033,8.730619495267613,-0.3518584988850771,-0.16836150946772355,-0.045401012930568384,-0.13466296469969422
380.023516806424,16.750998635326628,9.074227747215076,-0.6865877114356431,0.12264653436379429,-0.16683957813167996,-0.023417477073144927
380.12351680642405,16.68150566629239,9.086375313266092,-0.7032716692488149,0.12030478665647926,-0.16683957813167996,-0.023417477073144927
380.2235168064241,16.58611951671669,9.286460997998047,-0.7400765183255001,0.2728902878066204,-0.17410598855400572,0.032155089064810516
380.32351680642404,16.878276349033214,9.274612360374515,-0.44905552951325833,0.24337444599745908,-0.061725145466143355,0.020310078564982723
380.423516806424,17.0355032409399,9.23050458974756,-0.2871274430390037,0.18898413501472208,-0.0010410085895834961,7.9332303983385e-05
380.523516806424,16.943029619120377,9.048722404016896,-0.3420398582066705,0.018039959969512694,-0.021360974406832507,-0.06286297575772574
380.62351680642405,16.823751284904066,8.989073513142449,-0.41462325568514136,-0.03849530747507898,-0.046760231638357005,-0.08085821489192982
380.723516806424,16.782055158177375,8.984819691320482,-0.41929927884897544,-0.046581128964269206,-0.046760231638357005,-0.08085821489192982
380.823516806424,16.777590026317245,9.061291984108774,-0.3929127066539549,0.011710896991508665,-0.035607150930391886,-0.05724582402678534
380.923516806424,16.73812071989719,9.06217684468779,-0.3964734217469949,0.00598631458882883,-0.035607150930391886,-0.05724582402678534
381.023516806424,17.050204441272175,9.256594252718417,-0.0968306269496673,0.15800516322222383,0.07699148639489288,-0.0012421017351728798
381.123516806424,17.040906336009186,9.272388558531958,-0.08913147831018065,0.15788095304870658,0.07699148639489288,-0.0012421017351728798
381.22351680642396,17.186262905251304,9.263928704098777,0.04638298619317637,0.13779787487483383,0.12315040307321626,-0.00840136855342661
381.323516806424,17.210244830599756,9.040938623090268,0.07443567525289789,-0.06021096127928107,0.12888460899028628,-0.0797539177873739
381.423516806424,17.026627797091272,8.651804904520965,-0.07186159465446598,-0.3832007832914903,0.07141873071034269,-0.1927072683597984
381.52351680642397,16.95933789169861,8.661365312849146,-0.1166955940131674,-0.3608632418847352,0.052148881520215545,-0.17738765362052947
381.62351680642394,16.965223193789043,8.81250316082841,-0.09714200893533557,-0.2239960160989572,0.05731859350901052,-0.12201991594254065
381.72351680642396,16.95579558586305,8.789493459638795,-0.09141014958443322,-0.23619800769321403,0.05731859350901052,-0.12201991594254065
381.823516806424,16.776715735333628,8.739486799030535,-0.22765635690551342,-0.271166201504678,0.005872420330307708,-0.1306051382288746
381.92351680642395,16.753979461744738,8.711717153188934,-0.22706911487248285,-0.284226715327561,0.005872420330307708,-0.1306051382288746
382.0235168064239,17.429633075447033,8.81221490998899,0.3590499837184318,-0.18833537079209822,0.2189083043527069,-0.09087946250544104
382.12351680642394,17.466632615340647,8.792926975597249,0.38094081415370745,-0.1974233170426444,0.2189083043527069,-0.09087946250544104
382.22351680642396,17.61151031393085,8.7200893454025,0.4906160529960071,-0.2498519158796067,0.2506105551035586,-0.1064257998998196
382.3235168064239,17.271546236106914,8.929688065485871,0.18771305732689123,-0.06466826908073615,0.13111281865972474,-0.035559072381995974
382.4235168064239,17.437825502022207,8.934492645010552,0.3227658798722938,-0.05880025880695312,0.17513358420482308,-0.03217997937439129
382.5235168064239,17.27874023925808,9.015953050566745,0.17501999253955364,0.012520625235025791,0.11386437227876853,-0.004735747656813904
382.62351680642394,17.174338302011318,9.156921013026615,0.08486282828570578,0.12689713036903225,0.07725357168220208,0.03639454133762682
382.7235168064239,17.183210852698295,9.169792698770202,0.09258818545392335,0.13053658450279368,0.07725357168220208,0.03639454133762682
382.82351680642387,16.961357971773282,8.922437217999395,-0.09192969451702131,-0.08135557875752286,0.007820114044872303,-0.041200179655277815
382.9235168064239,16.952204102891802,8.914095659225366,-0.09114768311253389,-0.08547559672305158,0.007820114044872303,-0.041200179655277815
383.0235168064239,16.794662044582275,9.249035247154115,-0.21976813099497358,0.19562997131985024,-0.04064051939355084,0.06175591824433184
383.1235168064239,16.77248202888582,9.268907023877315,-0.22383218293432727,0.20180556314428133,-0.04064051939355084,0.06175591824433184
383.22351680642385,16.46749621750431,9.448105780737825,-0.4624546627489173,0.33865083808343344,-0.1253483875806722,0.10862727018965902
383.32351680642387,16.484260608619778,9.505893587012116,-0.42151357520290544,0.36898623110903167,-0.10586377600634327,0.11567415118494782
383.4235168064239,16.40128864589892,9.466273403994668,-0.46555655045342464,0.3170944244935916,-0.11794157191474405,0.09291985477301995
383.52351680642386,16.24191767516005,9.241425606626022,-0.5738267724262239,0.10743979238028933,-0.15370969146495522,0.01230660236878467
383.6235168064238,16.010784439660704,9.282238952095138,-0.7326185707519833,0.13333348706692308,-0.2054190192990829,0.021138966571616156
383.72351680642385,15.936495487488992,9.29567799563469,-0.7531604726818963,0.13544738372408519,-0.2054190192990829,0.021138966571616156
383.82351680642387,16.12502667162741,9.36319741248697,-0.5527267525893443,0.18232959700349463,-0.12533307535450527,0.037313796091512134
383.92351680642383,16.069127330991723,9.38161694116777,-0.5652600601247906,0.18606097661264456,-0.12533307535450527,0.037313796091512134
384.0235168064238,16.29730369754009,9.04670876103591,-0.3408353904700112,-0.11333463761293137,-0.03976040773308362,-0.07479207612600153
384.1235168064238,16.263021356454416,9.035001336893984,-0.3448114312433205,-0.12081384522553323,-0.03976040773308362,-0.07479207612600153
384.22351680642385,16.288359931086372,8.819670179119944,-0.2989366220483547,-0.2953260998997495,-0.02175739131461267,-0.13470700473612018
384.3235168064238,16.41240547043949,9.03777566021879,-0.1716607725020724,-0.10198007842330224,0.02540988744785251,-0.05986297326546319
384.4235168064238,16.381950585867155,8.985844095194452,-0.18025988283866412,-0.14207118836101953,0.021388323614247882,-0.0720917872033578
384.5235168064238,16.36314736768525,9.086596328994386,-0.17888113892863355,-0.0510440352034888,0.021106523826291735,-0.035922467466504585
384.6235168064238,16.140150536431364,9.224992114540674,-0.346915335283067,0.0634522140058859,-0.04023795321362064,0.00636756811581797
384.7235168064238,16.105257813137,9.23136917378184,-0.3509391306044277,0.06408897081746748,-0.04023795321362064,0.00636756811581797
384.82351680642375,15.769809135874462,8.741127457910618,-0.6047452608334831,-0.3455798523654135,-0.13059537173688152,-0.14121588713768274
384.9235168064238,15.708681632932414,8.70586339323838,-0.6178047980071742,-0.359701441079185,-0.13059537173688152,-0.14121588713768274
385.0235168064238,15.785004590333113,8.672039557532399,-0.5138037316978215,-0.37254749547498606,-0.08780364400030537,-0.1410612420241784
385.12351680642377,15.733185198943346,8.634079501774792,-0.522584096097849,-0.3866536196773991,-0.08780364400030537,-0.1410612420241784
385.22351680642373,15.850674113502004,8.898196040548505,-0.3900091946559598,-0.15089066286910424,-0.03675494225481917,-0.05143294143339336
385.32351680642375,15.834436045745507,8.733137068919081,-0.374401884389429,-0.2807284738867148,-0.02972901523386086,-0.09655811437472933
385.4235168064238,16.006820080815366,8.82583724446772,-0.2030200203251778,-0.1905777831022136,0.033212868351006036,-0.06077093209697776
385.52351680642374,16.25161803872087,8.797306001424243,0.028054808394319737,-0.20446610012523853,0.11765159346453373,-0.06364692152206829
385.6235168064237,16.27878149640034,8.84350439000763,0.05952764019779056,-0.15579461171422823,0.12475705019462964,-0.0439372790586712
385.72351680642373,16.285358045671096,8.827705242440908,0.07200334521725636,-0.16018833962009635,0.12475705019462964,-0.0439372790586712
385.82351680642375,16.47832866235799,9.432867197898146,0.237507171010017,0.34919085932198723,0.1798310634925204,0.1409806433087431
385.9235168064237,16.502978534776446,9.468491187046876,0.2554902773592629,0.36328892365285675,0.1798310634925204,0.1409806433087431
386.0235168064237,16.331921166149726,9.30267796798055,0.10533712134468091,0.21588848932855906,0.11794675670336184,0.08460181478680456
386.1235168064237,16.343044612067715,9.324689825987345,0.11713179701501977,0.22434867080724144,0.11794675670336184,0.08460181478680456
386.22351680642373,16.206125801910755,9.527435083547243,0.0049842331450141875,0.38091491292894336,0.07318655352112946,0.1377276135808568
386.3235168064237,16.028719856002922,9.725944476160889,-0.13750350643990067,0.5277248709041891,0.018602750706743477,0.18587188371771762
386.42351680642366,16.2388279274334,9.527553572150318,0.05016441881596671,0.3388127655371931,0.08567911336146072,0.11146976679933722
386.5235168064237,16.171788853180555,9.797364097493237,-0.0035793177494970476,0.5504636431819413,0.06257731628290707,0.18529265456248228
386.6235168064237,16.1499537305468,9.91353743517396,-0.01538792133132414,0.6184708980480718,0.05606363165643182,0.20301178897727562
386.7235168064237,16.14869525657195,9.976399583923632,-0.00978155816568287,0.6387720769457924,0.05606363165643182,0.20301178897727562
386.82351680642364,16.13166385224082,9.791394353616608,-0.021146786759973668,0.4531037817037503,0.04901097640008026,0.12905257440666795
386.92351680642366,16.129794228446823,9.837349994659027,-0.01624568911996453,0.46600903914442005,0.04901097640008026,0.12905257440666795
387.0235168064237,15.895925024929234,9.832352036640238,-0.21843551955964127,0.43411181683439853,-0.02974592358087036,0.11247548895199976
387.12351680642365,15.873932743355372,9.876325595768423,-0.2214101119177273,0.44535936572959467,-0.02974592358087036,0.11247548895199976
387.2235168064236,15.431879382349173,9.766871673698363,-0.5730366424450012,0.32935995226579456,-0.1556572484867978,0.06683187052012124
387.32351680642364,15.55012121409318,9.700144925787805,-0.44043169689693107,0.2527565373094083,-0.10166944203025907,0.03669163329449446
387.42351680642366,15.435437229615856,9.883819055515813,-0.5088344028293568,0.38665358061974303,-0.12269248962459345,0.08338687633743783
387.52351680642363,15.408308212685856,10.282020162975533,-0.5001555119287274,0.7009112132689748,-0.11492604959953946,0.1960221908317042
387.6235168064236,15.02602756702175,10.098124920873582,-0.7866554512636347,0.5109599169317862,-0.21407792657140207,0.12097656041882929
387.7235168064236,14.946291632262511,10.149825795368866,-0.8080632439207798,0.523057572973672,-0.21407792657140207,0.12097656041882929
387.82351680642364,15.250350996228997,9.799081968313292,-0.5047442451716198,0.20329614754063907,-0.09564817595876388,0.002039603271275581
387.9235168064236,15.199398330832059,9.819421781083706,-0.5143090627674929,0.20350010786776657,-0.09564817595876388,0.002039603271275581
388.0235168064236,15.681131187457318,9.6133146796363,-0.07039064831188294,0.012085111936855752,0.07103842296940452,-0.06815794487854816
388.1235168064236,15.674447314740975,9.614182401105595,-0.06328680601494087,0.005269317448999385,0.07103842296940452,-0.06815794487854816
388.2235168064236,15.569829115324936,9.488021968851008,-0.13811638529361908,-0.10557096861490263,0.04144918357255902,-0.10547163876203533
388.3235168064236,15.721963010548622,9.248757584328494,0.00530386454888698,-0.3061673290028696,0.09219586387212361,-0.17424774115155092
388.42351680642355,15.789600479687998,9.044684414457999,0.06986424714403418,-0.46564817841504746,0.11217383201468828,-0.22518416861005963
388.5235168064236,15.61572923521508,9.175467809556396,-0.07487695162122233,-0.33613162401732205,0.0543528044125393,-0.16920690051053816
388.6235168064236,15.413939596174728,9.020141224432415,-0.23076435760213143,-0.45239159450674293,-0.00381090672358593,-0.2047824379111114
388.72351680642356,15.390844105880905,8.973878152792201,-0.2311454482744899,-0.47286983829784707,-0.00381090672358593,-0.2047824379111114
388.8235168064235,15.374287913135914,8.989112120318534,-0.22674464453841636,-0.44014399624392747,-0.002268029828116778,-0.18545415859006575
388.92351680642355,15.351602108532928,8.94417044990118,-0.22697144752122808,-0.4586894121029383,-0.002268029828116778,-0.18545415859006575
389.0235168064236,15.432667096331796,9.034960949991607,-0.13564130070650376,-0.3609625511058609,0.03231886060034414,-0.1428983059215047
389.12351680642354,15.419264560564152,8.998150203351427,-0.13240941464647046,-0.3752523816980065,0.03231886060034414,-0.1428983059215047
389.2235168064235,15.304193932509397,9.09532485750439,-0.21389058147819306,-0.2780519521612492,0.0017257918153618795,-0.10290663305282063
389.3235168064235,15.426774933402587,9.409679485939547,-0.0927424802393027,-0.002931947095145775,0.04580471143773365,0.0003794302994948595
389.42351680642355,15.53215646729253,9.453147139025523,0.006854317369341051,0.033124292116127996,0.08010550349728845,0.013294353697054579
389.5235168064235,15.279608475039211,9.515625800273789,-0.20317454421809475,0.08479844782887025,-0.0007317463480894376,0.03183061469480675
389.6235168064235,15.065696954618106,9.5029571421864,-0.3637551425073351,0.07046903351428796,-0.05860152047402884,0.025559019667307906
389.7235168064235,15.029028432764996,9.510131840636166,-0.3696152945547393,0.07302493548101933,-0.05860152047402884,0.025559019667307906
389.8235168064235,14.930884359022546,9.476459151010896,-0.42559853357425576,0.045437589443927014,-0.07658514879314862,0.015743067029105787
389.9235168064235,14.88794157992117,9.481081625290434,-0.433257048453568,0.047011896146837054,-0.07658514879314862,0.015743067029105787
390.02351680642346,15.146297742324338,9.578593176935993,-0.1908983513208688,0.12366729348049801,0.013465825951425382,0.042319278968873074
390.1235168064235,15.127275236322005,9.59117150267889,-0.18955176872572596,0.1278992213773863,0.013465825951425382,0.042319278968873074
390.2235168064235,15.42372950158827,9.490103144893078,0.07371517475136907,0.03821438931267499,0.1080551170124816,0.008631238982882039
390.32351680642347,15.140662812993467,9.276672471349414,-0.1599980968467458,-0.14190593837016308,0.01896169040918111,-0.05686409919909906
390.42351680642344,15.247571247716413,9.263467572118488,-0.056121572051521025,-0.14654699003928445,0.05577648958142011,-0.05648926964958481
390.52351680642346,15.359006570836804,9.167125197410007,0.049837576554514984,-0.22154177370159076,0.09299253366628113,-0.08202149805598485
390.6235168064235,15.19175445315583,8.978572542346754,-0.08405087737467117,-0.36616753205835806,0.041367256217058,-0.13087773263828323
390.72351680642345,15.183556201699451,8.94130140047774,-0.07991415175296677,-0.37925530532218193,0.041367256217058,-0.13087773263828323
390.8235168064234,14.334414867586542,9.324137152425005,-0.7759076243933841,-0.04500753287855367,-0.2118925537572058,-0.0061575170124200385
390.92351680642344,14.255764642378399,9.319605611552085,-0.7970968797691095,-0.045623284579795816,-0.2118925537572058,-0.0061575170124200385
391.02351680642346,13.991466086748021,9.68416280855286,-0.9729968804655807,0.2666068444368486,-0.26841328860033786,0.10858750239122984
391.1235168064234,13.892824332258495,9.711366430508493,-0.9998382093256054,0.2774655946759679,-0.26841328860033786,0.10858750239122984
391.2235168064234,13.854863162608124,9.819151499988324,-0.974049365908962,0.3537751619185224,-0.24940655438804352,0.13206477887765392
391.3235168064234,13.91282057726182,10.042176704579395,-0.8673860078303922,0.5227218859575329,-0.2014550131575446,0.18842495988375269
391.42351680642344,13.963145986987213,9.84266375208316,-0.772881522255389,0.333542814197837,-0.16006649071845747,0.11383557345131538
391.5235168064234,14.048621048623065,9.829377723963153,-0.6482788434321675,0.30471049874989686,-0.1079361383722494,0.09902862032365077
391.62351680642337,14.043105529353634,9.696695161786682,-0.6094486262031579,0.1801126503673588,-0.09004463011871583,0.050861017008482605
391.7235168064234,13.98171044358271,9.714960731908464,-0.6184530892150315,0.1851987520682082,-0.09004463011871583,0.050861017008482605
391.8235168064234,13.777136570275582,9.542126394258169,-0.7461380623857395,0.031156224679975867,-0.13305209139256796,-0.0066030059960544354
391.9235168064234,13.70185750358007,9.545209001696184,-0.7594432715249918,0.03049592408037065,-0.13305209139256796,-0.0066030059960544354
392.02351680642334,14.460232913438153,9.410341535592648,-0.07311774044700552,-0.08662190024647315,0.12136159699126979,-0.04920849804278567
392.12351680642337,14.453527947378408,9.401433303077784,-0.060981580747875776,-0.09154275005075284,0.12136159699126979,-0.04920849804278567
392.2235168064234,14.170469087462699,9.113119668794658,-0.27939053171909833,-0.3261003441760518,0.038103088555834455,-0.13157943831055796
392.32351680642336,14.150788151629671,9.350641477409065,-0.26880075178869245,-0.11371972870749736,0.04057327223851113,-0.04996024006146471
392.4235168064233,14.412152567300275,9.243831851417426,-0.025562856829637368,-0.19706553470985924,0.1269172009485474,-0.07805377973371042
392.52351680642334,14.233772390945354,9.152384691654932,-0.16456574330145618,-0.26565140935740816,0.07067702536615522,-0.1004323557243788
392.62351680642337,14.479920088144663,9.057186146063382,0.05993635963601232,-0.33169079693149234,0.14907140334519187,-0.12048578465029959
392.72351680642333,14.486659081124987,9.023414637446992,0.07484349997052642,-0.34373937539651817,0.14907140334519187,-0.12048578465029959
392.8235168064233,14.56225699009689,9.5581330581072,0.1450552478201525,0.11201044961741438,0.16887268712335035,0.04701746860058327
392.9235168064233,14.577606878314525,9.569569190411947,0.16194251653249137,0.11671219647747377,0.16887268712335035,0.04701746860058327
393.02351680642334,14.112695453228255,9.461657456496955,-0.22375491381049453,0.020804507490203433,0.022824799302592746,0.01037216894376329
393.1235168064233,14.090434085843727,9.463789768090693,-0.22147243388023605,0.02184172438457941,0.022824799302592746,0.01037216894376329
393.2235168064233,14.040089500756892,9.298608224730424,-0.2427052061351674,-0.11496039778624277,0.014332557516465488,-0.03907094608671676
393.3235168064233,13.700252799603422,9.309739203613994,-0.5065128059090341,-0.09985892430617427,-0.08231121101165284,-0.032192015530077854
393.4235168064233,13.665710927453373,9.319528740117997,-0.5010254456112428,-0.08666834560480208,-0.07735885392371004,-0.026308032182025452
393.5235168064233,13.350055673882594,9.534124799517198,-0.7367143308761207,0.10100162838761194,-0.1618715272976854,0.0437582001938032
393.62351680642325,13.495244351935328,9.736692442877198,-0.5707716922253817,0.26338406014458665,-0.09620596710847602,0.1003437733991289
393.7235168064233,13.437686152877234,9.763532567758658,-0.5803922889362315,0.27341843748450184,-0.09620596710847602,0.1003437733991289
393.8235168064233,13.82118756697726,9.394494113035364,-0.22279394188417115,-0.04477499780258463,0.03646501679510976,-0.017815715033247588
393.92351680642327,13.799090497872827,9.38992753467994,-0.21914744020466143,-0.046556569305908777,0.03646501679510976,-0.017815715033247588
394.02351680642323,13.578537834655208,9.106277434039997,-0.3815225328192852,-0.282004491534133,-0.023747270317279436,-0.10277904576736127
394.12351680642325,13.540266845021684,9.07756308965774,-0.3838972598510137,-0.2922823961108714,-0.023747270317279436,-0.10277904576736127
394.2235168064233,13.8511521297481,9.264055992378585,-0.09606864091213539,-0.12452824898975333,0.08105607015795849,-0.03891876269500898
394.32351680642324,13.589910167727334,9.683052528004628,-0.2997608489406073,0.23109259302735186,0.003884930850082527,0.09118377905230489
394.4235168064232,13.855234838111173,9.539541580812568,-0.054180167311168315,0.10268945177900977,0.09239904823179645,0.041873287616413124
394.52351680642323,13.964135116529121,9.739108413991652,0.05293764592959886,0.26795372391535244,0.12868689576725245,0.1011796904083961
394.62351680642325,13.695162393295947,9.771475879916931,-0.16212377729740537,0.28223553054207284,0.0465083656772593,0.10267085039176503
394.7235168064232,13.679182557394597,9.800212787223089,-0.15747294072968104,0.29250261558124585,0.0465083656772593,0.10267085039176503
394.8235168064232,13.831911429432346,10.167144571332939,-0.012719199210332094,0.5813716306367115,0.09721514394394278,0.20290043016750323
394.9235168064232,13.831125585231034,10.22629623654746,-0.002997684815935606,0.6016616736534665,0.09721514394394278,0.20290043016750323
395.02351680642323,13.454689454037277,9.883423665148339,-0.3097930145727371,0.282977556034133,-0.018148735200797142,0.07951876228352389
395.1235168064232,13.42361940890401,9.91211901456316,-0.3116078880928162,0.2909294322624827,-0.018148735200797142,0.07951876228352389
395.22351680642316,13.624472687356713,10.113707268689755,-0.12063856522625453,0.4405739315341773,0.05147288719842036,0.13034405430548524
395.3235168064232,13.81897388060925,9.904982944782406,0.0578758533154429,0.2425257003512001,0.11464133359666595,0.05395624896433422
395.4235168064232,13.874888311145043,9.823657565508473,0.11048774585577148,0.1607973231154054,0.12949563057787417,0.022716575439462497
395.5235168064232,13.707180773845275,9.95304951037819,-0.03078927095363924,0.25949836258316766,0.07231673590576286,0.05822060007229025
395.62351680642314,13.614387360172774,9.69267363722413,-0.09824041958489736,0.02975392011188558,0.04539039222230473,-0.026140841668246227
395.72351680642316,13.604790270175394,9.695518325026978,-0.09370138036266586,0.027139835945060364,0.04539039222230473,-0.026140841668246227
395.8235168064232,13.505786109915558,9.669887927240831,-0.16384335676833142,0.0018248158752032359,0.018401868224256473,-0.03414295925434266
395.92351680642315,13.489493783579853,9.66989969403208,-0.1620031699459064,-0.0015894800502298653,0.018401868224256473,-0.03414295925434266
396.0235168064231,13.310069626184346,9.817064752914593,-0.29650558402078103,0.11752243678744709,-0.031037606335656557,0.010118916112179055
396.12351680642314,13.280263879750581,9.828867591173902,-0.2996093446543474,0.11853432839866522,-0.031037606335656557,0.010118916112179055
396.22351680642316,13.021585011850155,9.49695579328226,-0.49255529347192173,-0.16352648401154227,-0.09959675894731798,-0.09141955876617812
396.32351680642313,13.112889415254832,9.754520642320239,-0.38397936517851794,0.05585591582108707,-0.056406853414845075,-0.008719843243905512
396.4235168064231,12.946604770926447,9.632319705285868,-0.4955788969819274,-0.050162160868321065,-0.09465788347024526,-0.04642161907502518
396.5235168064231,13.2063663211454,9.651688510904718,-0.23872771898836223,-0.03383397518288803,0.004078078780217612,-0.03870061410076528
396.62351680642314,13.131365133851274,9.644781832372898,-0.2807278132171716,-0.04044073629130368,-0.01121177922262013,-0.039680685247272064
396.7235168064231,13.103236293633453,9.640539355317532,-0.28184899113943324,-0.04440880481602953,-0.01121177922262013,-0.039680685247272064
396.8235168064231,13.530753973217452,9.89594904335914,0.09470474411190513,0.16784231280011574,0.12497789636795771,0.03846707502662582
396.9235168064231,13.540849337110485,9.91292561001429,0.10720253374870374,0.1716890203027792,0.12497789636795771,0.03846707502662582
397.0235168064231,13.261941615643298,9.943259959085944,-0.12008562534488845,0.18892763214910374,0.03874122287236546,0.044036566156119505
397.1235168064231,13.250126759223175,9.962372905131629,-0.11621150305765322,0.1933312887647142,0.03874122287236546,0.044036566156119505
397.22351680642305,13.379674074750623,9.915286949356247,0.0047550037147197355,0.1428690658845411,0.08102768582547454,0.02435611781999118
397.3235168064231,13.350915672741285,9.987490701901883,-0.012048888002100012,0.19344171478982106,0.07195263776015356,0.041776227216319295
397.4235168064231,13.101109015886253,9.707524666510245,-0.21158333036793536,-0.048916903989325265,-0.0026765646804127463,-0.046623197833560545
397.52351680642306,12.936396051391002,9.803194518344604,-0.335247910848206,0.032283711326500375,-0.04842548634510786,-0.015009599343250454
397.623516806423,12.903656419615357,9.491566233127568,-0.33923872746529804,-0.22793201798950868,-0.04811840061448219,-0.10766093438016366
397.72351680642305,12.869491954865747,9.46823472665671,-0.34405056752674734,-0.2386981114275275,-0.04811840061448219,-0.10766093438016366
397.8235168064231,12.843414018392243,9.501078666121048,-0.34199906468065056,-0.2032210808472279,-0.04570766433436668,-0.091311033300228
397.92351680642304,12.808985573602518,9.48030000286983,-0.3465698311140857,-0.21235218417724758,-0.04570766433436668,-0.091311033300228
398.023516806423,12.457764272863733,10.079709147403463,-0.6178613738371354,0.29697144669648473,-0.14316527056400213,0.0966762482571561
398.123516806423,12.395262309127185,10.109889673314404,-0.6321779008935389,0.30663907152220254,-0.14316527056400213,0.0966762482571561
398.22351680642305,12.175121294120844,10.085384634378558,-0.7762389070934047,0.2704866565987061,-0.190020880643126,0.08024055209533551
398.323516806423,12.4233016923121,10.22086335457338,-0.5206585372592937,0.3684870586664955,-0.08997338437622217,0.11280171287759794
398.423516806423,12.52554930935764,10.239787895321902,-0.40114534170775373,0.3645494857956686,-0.04358121928388755,0.10734515271433002
398.523516806423,12.51407286971098,10.291446611801215,-0.38069706303889844,0.38777826722410036,-0.03438434434724843,0.1119453764693427
398.623516806423,12.750217210944305,10.084996576975117,-0.1566397985167024,0.19696329233792867,0.047637561017117365,0.03960141608749068
398.723516806423,12.734791418897725,10.10489091328934,-0.15187604241499228,0.2009234339466764,0.047637561017117365,0.03960141608749068
398.82351680642296,12.465224178831875,9.6874817140146,-0.3601578028240437,-0.1559682233083949,-0.029743269831147556,-0.08999778594954272
398.923516806423,12.429059682200307,9.671434902754008,-0.36313212980715914,-0.16496800190335123,-0.029743269831147556,-0.08999778594954272
399.023516806423,12.786615998962695,9.366727322340605,-0.03541012638826755,-0.41764776906711926,0.09066553920564022,-0.1793220826889941
399.12351680642297,12.783528314019897,9.324065935020462,-0.02634357246770662,-0.43557997733601256,0.09066553920564022,-0.1793220826889941
399.22351680642294,12.761932584539753,9.307278462143787,-0.03340269603246923,-0.43073309803266313,0.08484195070690656,-0.17115120016182828
399.32351680642296,12.777081034388788,9.310053656545017,-0.00973829963790171,-0.40894862181168634,0.09037304379604745,-0.15707398929841415
399.423516806423,12.80337468505204,9.107575092561827,0.021565835547374505,-0.5570102444375161,0.09841134586167297,-0.20453166613499285
399.52351680642295,12.84986351219537,9.288058176712948,0.06909470280967792,-0.37539646035345564,0.11238392373362925,-0.13013328410746086
399.6235168064229,12.711726788021876,9.196446764356946,-0.04039180840561631,-0.4323158721376643,0.06885744537525748,-0.14585699887842704
399.72351680642294,12.70803189440819,9.152485892148777,-0.033506063868089,-0.44690157202551034,0.06885744537525748,-0.14585699887842704
399.82351680642296,12.265870904266155,9.348437762664021,-0.38981097971534845,-0.2628474546731818,-0.06191243025922731,-0.0746112737834198
399.9235168064229,12.226580244143337,9.321779960827795,-0.39600222274126906,-0.27030858205152125,-0.06191243025922731,-0.0746112737834198
400.0235168064229,12.073215652789921,9.264192135541652,-0.5003654104415559,-0.30416339774672385,-0.09848448823814762,-0.08451505950300352
400.1235168064229,12.022686689304564,9.233353220469457,-0.5102138592653729,-0.3126149036970261,-0.09848448823814762,-0.08451505950300352
400.22351680642294,11.924664826618503,9.215049024212664,-0.5586914853174908,-0.3100504076642113,-0.11243493667214495,-0.08056360807468745
400.3235168064229,11.683639783935572,9.50485333763547,-0.7250551494944528,-0.050571778060421506,-0.1689548789830188,0.016253501552860372
400.42351680642287,11.763024555346192,9.646010497590812,-0.615124319809832,0.07133671711597038,-0.12317071420897688,0.05938290434707139
400.5235168064229,11.740136243921269,10.112515701444437,-0.5937082855788727,0.46834230013893824,-0.11066429866963187,0.20336871564385642
400.6235168064229,11.829342858259347,10.065990504705663,-0.4811291530566296,0.4111125846923608,-0.06608479820649436,0.17559044903001336
400.7235168064229,11.780899518962668,10.107979715420035,-0.4877376328772768,0.42867162959535615,-0.06608479820649436,0.17559044903001336
400.82351680642284,11.977273586956168,10.302585123714323,-0.28860891424915125,0.5723300905208097,0.008732683904443629,0.22134447336594784
400.92351680642287,11.948456358950768,10.360924855133247,-0.2877356458587067,0.5944645378574096,0.008732683904443629,0.22134447336594784
401.0235168064229,11.731679105136077,10.094158371937477,-0.4471230464053057,0.34555323540435856,-0.05030161148687401,0.12367253451537116
401.12351680642286,11.686715292438127,10.129332058150476,-0.4521532075539914,0.35792048885589145,-0.05030161148687401,0.12367253451537116
401.2235168064228,11.811930825092407,9.685474216746238,-0.315416113815373,-0.025129870882231408,0.0008958749945578715,-0.01816417673561488
401.32351680642284,11.918659273420065,9.917604695574578,-0.1991374140378454,0.1685619785574796,0.04323080733461459,0.052587485695908445
401.42351680642287,11.819018102189968,9.61298882125777,-0.26119693272593814,-0.09100159372778582,0.019266760061392513,-0.04236869908827501
401.52351680642283,11.97663856632784,9.686583904876041,-0.10139868208307166,-0.02461323496089141,0.07779702213196535,-0.016365422819396656
401.6235168064228,11.992464774254584,9.8303222907015,-0.07241280006559316,0.09397704973657017,0.08544275469316101,0.026690395190206915
401.7235168064228,11.98565070802149,9.839853447651112,-0.06386852459627511,0.09664608925559147,0.08544275469316101,0.026690395190206915
401.82351680642284,12.112282045595675,10.229123880734516,0.05486273750744626,0.4131321139513725,0.12526100596061115,0.13965866170385866
401.9235168064228,12.11839462437622,10.271135385438157,0.0673888381035031,0.4270979801217536,0.12526100596061115,0.13965866170385866
402.0235168064228,12.166380131391893,10.150201896871964,0.11816297237205692,0.29973658845926715,0.14035226376024917,0.08726011706185831
402.1235168064228,12.178898189947903,10.180611856303209,0.13219819874808503,0.30846260016545496,0.14035226376024917,0.08726011706185831
402.2235168064228,12.236746849553109,9.859077987704158,0.1827188666665393,0.026705471526228125,0.1535285286291877,-0.016936489073364133
402.3235168064228,12.266632759289896,9.960693453807032,0.2071862895489489,0.10749276745952573,0.15684953433719764,0.012912192276855583
402.42351680642275,12.151263385880636,9.610146572659174,0.10921689691745587,-0.1886545306556254,0.11582043716946157,-0.09373903985331183
402.5235168064228,12.059146654711865,9.826921886444678,0.0317229172663979,0.003103765952349745,0.08279585371337754,-0.01968482046650266
402.6235168064228,11.960754026391829,10.210045980359798,-0.044549054576494974,0.315845621907476,0.05231141002484288,0.09301973457483577
402.72351680642277,11.956560677984305,10.24209564122341,-0.03931791357401247,0.3251475953649564,0.05231141002484288,0.09301973457483577
402.82351680642273,11.824904521772181,10.128533783191434,-0.14298062726885633,0.21431476685492998,0.012274693177159582,0.050056570391589165
402.92351680642275,11.810667832511179,10.15021554272889,-0.14175315795114007,0.21932042389409004,0.012274693177159582,0.050056570391589165
403.0235168064228,11.429347853859328,10.344097306850658,-0.4581521567445158,0.35467826280170384,-0.10601955256472229,0.09370882785189766
403.12351680642274,11.38300254042207,10.380033677270076,-0.46875411200098444,0.3640491455868904,-0.10601955256472229,0.09370882785189766
403.2235168064227,11.269589160644676,10.413134286537902,-0.5341816190361591,0.3703137411932422,-0.12581912086601157,0.09259459939329906
403.32351680642273,11.263476220408894,10.58438652905468,-0.5064827486022917,0.49097905793747043,-0.11114232224715676,0.1329107951733386
403.42351680642275,11.340085431396513,10.851406963668953,-0.4114649827637509,0.6830966854078404,-0.07282878464917442,0.1970318506679516
403.5235168064227,11.128473595553022,10.665696291342057,-0.564977354604692,0.48557089135053116,-0.12704279112526556,0.11705101005776808
403.6235168064227,11.141433065525161,10.530672241895717,-0.5195674233464309,0.3459121108843798,-0.10609013889837476,0.06284434173240955
403.7235168064227,11.088945872496014,10.565577674692824,-0.5301764372362708,0.35219654505762216,-0.10609013889837476,0.06284434173240955
403.82351680642273,11.171214192481308,10.291634154601317,-0.4267923310993224,0.10206365486808483,-0.06459179943055084,-0.02959155560238065
403.9235168064227,11.128212000374239,10.30169256231011,-0.4332515110423753,0.09910449930784777,-0.06459179943055084,-0.02959155560238065
404.02351680642266,11.266752407997528,10.163795892400735,-0.27989118810449853,-0.027643680045804156,-0.004463445418751377,-0.07462476390766887
404.1235168064227,11.238740971959977,10.160658400576615,-0.2803375326463738,-0.035106156436572736,-0.004463445418751377,-0.07462476390766887
404.2235168064227,11.157284198064092,10.064643718014823,-0.32513802758542826,-0.11842248616087225,-0.020481396934848906,-0.10183362040183527
404.3235168064227,11.12381607852715,9.931563136813782,-0.3279020550829183,-0.22916018161286733,-0.02074223946261628,-0.13822280413624036
404.42351680642264,11.1925077049173,10.106536128465011,-0.2456228876938017,-0.07952978295880593,0.00970924443877138,-0.07961428976736137
404.52351680642266,10.965695688537428,10.104267033849341,-0.41856005560187887,-0.0823102377873981,-0.054766493166153236,-0.07770672352450013
404.6235168064227,10.779352085216187,10.028412310325674,-0.5436055422889147,-0.1453405887150421,-0.09787616033037541,-0.09749640544308241
404.72351680642265,10.724502150185662,10.01339076942696,-0.5533931583219489,-0.155090229259347,-0.09787616033037541,-0.09749640544308241
404.8235168064226,10.610685121685796,10.134425417672771,-0.6135976449251214,-0.05005177525456173,-0.1166979890947035,-0.05578058847195938
404.92351680642264,10.548741867247797,10.129141337204953,-0.6252674438345943,-0.05562983410175894,-0.1166979890947035,-0.05578058847195938
405.02351680642266,10.747576513491037,10.348872008973641,-0.4172136646932657,0.1282736390861534,-0.03673006135957704,0.013254701809955829
405.12351680642263,10.705671496714926,10.361765646391303,-0.42088667082922215,0.12959910926714854,-0.03673006135957704,0.013254701809955829
405.2235168064226,10.804388903228537,10.242947915051392,-0.30745486336118244,0.022373980552567004,0.005560890215719469,-0.025682511501000368
405.3235168064226,10.76957837562653,10.32705550086869,-0.31033812713728615,0.08810169277756985,0.0043077197152449585,-0.0009671732828378556
405.42351680642264,10.890132238241668,9.903856928147663,-0.1840516747688739,-0.26758043995892655,0.04974148550501081,-0.12846788509244142
405.5235168064226,11.03640570841126,9.895892632073037,-0.037723401201992815,-0.263870403574226,0.10214796843902763,-0.12237188087517481
405.6235168064226,11.063428427130024,9.707813356287717,-0.002399622524176288,-0.4084973858206215,0.11120082764129088,-0.16978351958215676
405.7235168064226,11.063744469015814,9.666114700107734,0.00872046023995533,-0.42547573777884107,0.11120082764129088,-0.16978351958215676
405.8235168064226,10.60297225135356,9.754970148502977,-0.36320345307035024,-0.33337804582440583,-0.026933375576600752,-0.1305972506037836
405.9235168064226,10.566517239168654,9.72097935766753,-0.3658967906280094,-0.3464377708847797,-0.026933375576600752,-0.1305972506037836
406.02351680642255,10.83855122156206,9.617206597535148,-0.10779334505697731,-0.41299658827207714,0.06848939440709712,-0.14897624753715338
406.1235168064226,10.828114334028395,9.575162057470244,-0.10094440561626604,-0.4278942130257959,0.06848939440709712,-0.14897624753715338
406.2235168064226,10.9659144017347,9.695546381596285,0.028459966635921218,-0.3078332771960734,0.11274876953275613,-0.10056647075985367
406.32351680642256,10.996953344077353,10.077801063510055,0.0629525701266458,0.026544859838921474,0.12120843380577952,0.024079580964281116
406.4235168064225,11.276614030596184,9.81183115128305,0.3015640994778,-0.1922528901823157,0.20297132879391594,-0.05523718518871945
406.52351680642255,11.404295098636087,10.100702495624475,0.40482701918835784,0.064913853627085,0.23373056621391167,0.0414819730102048
406.6235168064226,11.058770097086319,10.274335408492245,0.10718892486099302,0.20626295657552668,0.11799235065751307,0.09061657443589774
406.72351680642254,11.070078951325701,10.29541478702197,0.1189881599267403,0.21532461401911338,0.11799235065751307,0.09061657443589774
406.8235168064225,11.241578936396026,9.986077833299891,0.2623789510556288,-0.051297003695257616,0.16539632836786597,-0.00907758929742905
406.9235168064225,11.268643813143434,9.980902744983878,0.2789185838924192,-0.05220476262500073,0.16539632836786597,-0.00907758929742905
407.02351680642255,10.75936945213754,10.003349820244075,-0.15964135211407393,-0.033898437330795284,-0.0013081975653191497,-0.0032020762416872794
407.1235168064225,10.743398775938312,9.999943966129788,-0.1597721718706058,-0.0342186449549639,-0.0013081975653191497,-0.0032020762416872794
407.2235168064225,10.68141554652099,9.825345323402832,-0.19810974426552624,-0.1754600604199643,-0.015106092595864264,-0.05375066082402329
407.3235168064225,10.67173658176212,9.795476727757451,-0.1910426220068398,-0.1908746681435148,-0.011980690599606412,-0.05738382821714534
407.4235168064225,10.396866098090767,9.753003894978137,-0.4045710527831798,-0.2156255429648642,-0.0886317237024173,-0.0642010545661082
407.5235168064225,10.034328408666362,9.94917580112617,-0.6899336240003157,-0.03629292470477486,-0.19114278254316316,0.004190644591151468
407.62351680642246,9.917493235623935,10.067751567965676,-0.747921556675424,0.06454761289509317,-0.2051583934698305,0.04015373852313969
407.7235168064225,9.841675287989027,10.074407097947804,-0.7684373960224118,0.06856298674740806,-0.2051583934698305,0.04015373852313969
407.8235168064225,9.85336972956246,10.171039235608475,-0.7156490214211482,0.14672774841974145,-0.17897323032322465,0.06686560405137194
407.92351680642247,9.780909961268753,10.186046338470701,-0.7335463444534646,0.15341430882487636,-0.17897323032322465,0.06686560405137194
408.02351680642244,9.705376658710211,9.991036019776095,-0.7518782923209263,-0.015593564628136958,-0.1789512812352544,0.0032083698544230314
408.12351680642246,9.629294073071923,9.989492705162554,-0.7697734204444558,-0.015272727642694581,-0.1789512812352544,0.0032083698544230314
408.2235168064225,9.376028857630933,10.13465878211109,-0.9333485151921108,0.10581143406126417,-0.2315617950509028,0.04652630068618886
408.32351680642245,9.317312227437515,10.031854831343576,-0.9264409203908103,0.015832789920748602,-0.2206076890577215,0.01228058787225781
408.4235168064224,9.55417698809982,10.115256772830898,-0.6739721314072129,0.08435581685326662,-0.12150281277259259,0.03641025114846411
408.52351680642244,9.681073692228981,9.949018662079252,-0.5185731030548859,-0.06095576759652706,-0.05938456871928096,-0.018432132092014573
408.62351680642246,9.635409126663324,9.994097850680573,-0.519130922327595,-0.020663383964651144,-0.05744461930491044,-0.0033424667078775314
408.7235168064224,9.583208811334059,9.992014799950569,-0.524875384258084,-0.020997630635438785,-0.05744461930491044,-0.0033424667078775314
408.8235168064224,9.654313559589111,9.727968482558127,-0.4293914683130438,-0.23624743515268193,-0.02132901361230765,-0.08025193494938783
408.9235168064224,9.611267767689736,9.703942479368106,-0.43152436967427504,-0.24427262864762253,-0.02132901361230765,-0.08025193494938783
409.02351680642244,9.900139339733531,10.089782214005098,-0.14346385270364903,0.09459417319759503,0.08753881023740295,0.04666793707767869
409.1235168064224,9.886230648514358,10.099474971010244,-0.13470997167991172,0.0992609669053613,0.08753881023740295,0.04666793707767869
409.22351680642237,9.909024742746627,10.276695650298363,-0.09619817233188001,0.2414737206498095,0.09828551350350612,0.09600581674392551
409.3235168064224,10.033119659770124,10.49076227125702,0.02558230300092388,0.4088566787005192,0.13907657416497476,0.1531050156466228
409.4235168064224,10.157876995217597,10.558469698366757,0.14038277175220862,0.44561424756422896,0.17549877096690264,0.16079519704429784
409.5235168064224,10.27114400107048,10.49720371929209,0.24248144555611031,0.37085876265463125,0.2068449030392091,0.12735094823755852
409.62351680642234,10.009993679085765,10.321714560486292,0.025682199239698666,0.20835795561163614,0.12122188396691624,0.06459519489128288
409.72351680642237,10.01316800842957,10.342873332021918,0.037804387636393044,0.2148174751007659,0.12122188396691624,0.06459519489128288
409.8235168064224,10.179583148071787,10.448639473030415,0.1858342115639397,0.29082228030527485,0.17067503847910864,0.08965996841806602
409.92351680642236,10.19901994442057,10.478170000903022,0.20290171541184474,0.2997882771470784,0.17067503847910864,0.08965996841806602
410.0235168064223,9.511948631288798,10.711820579836335,-0.3845879353155755,0.4760165249792316,-0.0522957938429813,0.1496462984606785
410.12351680642234,9.473228358788017,10.760170463826572,-0.3898175146998748,0.49098115482530286,-0.0522957938429813,0.1496462984606785
410.22351680642237,9.259145290069801,10.532564905889389,-0.5402675123201727,0.2775122595766989,-0.10474034745571059,0.06770695418730265
410.32351680642233,9.214436202056307,10.288586800467748,-0.542471524583985,0.05767985506773238,-0.10172706303214078,-0.014297486181119784
410.4235168064223,9.398393570233955,10.046749071884824,-0.3544244483549641,-0.14749703464048708,-0.03016993389765371,-0.08735421008623542
410.5235168064223,9.422656551549833,9.85835315456201,-0.3059852896674712,-0.30378264738247335,-0.011092768973214328,-0.14168024160658782
410.62351680642234,9.882214249281407,9.820455472224358,0.09934404062128813,-0.32354855429164625,0.13544568923896597,-0.1436849640709037
410.7235168064223,9.892825881789728,9.787382191974851,0.1128886095451801,-0.33791705069873174,0.13544568923896597,-0.1436849640709037
410.8235168064223,9.761603332197344,9.570330256067232,0.008537467018927915,-0.5037164150659929,0.0931389730106086,-0.19832420952189353
410.9235168064223,9.76292277376429,9.51896699351301,0.017851364319990893,-0.5235488360181867,0.0931389730106086,-0.19832420952189353
411.0235168064223,10.139522587539108,9.653595396545148,0.34487546012256076,-0.381989983996722,0.209806722414643,-0.13855692787994073
411.1235168064223,10.175059167163425,9.614703613506089,0.3658561323640179,-0.3958456767847114,0.209806722414643,-0.13855692787994073
411.22351680642225,10.027850537030483,9.57314124816571,0.23330761894861035,-0.4107593549364007,0.15436156045941812,-0.13893642833599892
411.3235168064223,9.987746682422438,9.553573071229264,0.1947890060307962,-0.40616076655020117,0.13470247667161894,-0.13224435275174046
411.4235168064223,9.908832714960333,9.625647814087483,0.12599769458731883,-0.32608434941940573,0.10500614196230552,-0.09878987295945446
411.52351680642226,9.82496743403673,9.77039068866794,0.05311964390304291,-0.18446407880992413,0.0740938316380377,-0.04300984744004781
411.62351680642223,9.79494245700347,9.760557314251795,0.030923714702734823,-0.18150938113876983,0.06341985344791826,-0.04041143118428072
411.72351680642225,9.798351927740985,9.742204318981994,0.03726570004752809,-0.1855505242571988,0.06341985344791826,-0.04041143118428072
411.8235168064223,9.79477333138498,10.17869501588189,0.03880001685573457,0.18749759344772557,0.06209569135182637,0.09549702805799168
411.92351680642224,9.79896381152731,10.197922260366946,0.04500958599091509,0.1970472962535215,0.06209569135182637,0.09549702805799168
412.0235168064222,9.44548204109193,10.284474675464017,-0.24616810918263668,0.2658584308788849,-0.04525293975115331,0.11805964454431828
412.12351680642223,9.420638965474904,10.311650816774634,-0.250693403157753,0.2776643953333194,-0.04525293975115331,0.11805964454431828
412.22351680642225,9.44818072052563,10.691331330613782,-0.21133245471413847,0.5787245591621731,-0.029403967400377335,0.22181542826843728
412.3235168064222,9.327156739089986,10.51103234645335,-0.2980907749325166,0.40161131675349143,-0.05994405889232464,0.14969347875936587
412.4235168064222,9.33148648820473,10.433707239682445,-0.2754885111052048,0.31926085711146984,-0.04962069176124511,0.1147979397579425
412.5235168064222,9.084785602208958,10.085568169922343,-0.46863392164888973,0.00648939815058155,-0.11938892149422117,-0.0045870883509033095
412.62351680642223,9.05326392290382,10.200364967540253,-0.4673579397625272,0.09986612842822182,-0.11462439560412543,0.02901740484579419
412.7235168064222,9.005955006949563,10.210496667407302,-0.47882037932293586,0.10276786891280025,-0.11462439560412543,0.02901740484579419
412.82351680642216,8.757544343952409,10.074476871357055,-0.6590700932976827,-0.013179083115047967,-0.1763276802593771,-0.013159110661548505
412.9235168064222,8.690755696221329,10.073093167492242,-0.6767028613236244,-0.014494994181203117,-0.1763276802593771,-0.013159110661548505
413.0235168064222,8.543017433354883,9.972080534894628,-0.760550602620396,-0.09549896228329595,-0.20036819728169833,-0.04111597943082211
413.1235168064222,8.465960532106461,9.962325058769148,-0.7805874223485589,-0.09961056022637675,-0.20036819728169833,-0.04111597943082211
413.22351680642214,8.557631272800243,10.078386367048733,-0.6588163194145952,0.0002046621133679901,-0.14915602413757276,-0.0038373203423059596
413.32351680642216,8.461603916604673,10.070430513480499,-0.6984376613307646,-0.006806501047347869,-0.15815786423892964,-0.006235693448327582
413.4235168064222,8.766231202359691,10.170304299374449,-0.40264799701709314,0.0753626474426548,-0.04566863035626524,0.023450930353372534
413.52351680642215,8.658688646762283,10.309249445516883,-0.46485467695626514,0.18954982244147475,-0.06703836456477198,0.06462970754554523
413.6235168064221,8.912116688020735,10.293284604898757,-0.22261980773238596,0.16704706909992645,0.022714659569169363,0.05425645744378478
413.72351680642214,8.889968280545336,10.310260594095972,-0.2203483417754685,0.17247271484430615,0.022714659569169363,0.05425645744378478
413.82351680642216,8.764568308723295,10.459903796496997,-0.3038024169836378,0.28572936349085026,-0.008191349235967493,0.09268796807718346
413.9235168064221,8.734147110278762,10.488940172686458,-0.3046215519072343,0.29499816029856546,-0.008191349235967493,0.09268796807718346
414.0235168064221,8.914596060626986,10.525122486943463,-0.12505180681719047,0.3118213564285283,0.058425297740734,0.09608522716664597
414.1235168064221,8.902383006433968,10.556785048722157,-0.11920927704311574,0.3214298791451951,0.058425297740734,0.09608522716664597
414.22351680642214,8.797523386143045,10.415076042335375,-0.19080343831080732,0.18750588817674463,0.03045999682600425,0.04459996444789901
414.3235168064221,8.62139934479577,10.482740894753784,-0.3198544027394871,0.23252043987913118,-0.017671157017356786,0.05927608145314313
414.42351680642207,8.634380471335124,10.49133581483315,-0.28420934933025843,0.22613971476989017,-0.00416540404923715,0.05486273607072892
414.5235168064221,8.34303495747787,10.247541213645706,-0.5106341946978814,0.004449511308520437,-0.08795708947478378,-0.028780641880324795
414.6235168064221,8.460367238132804,10.10467864930795,-0.37944699233722307,-0.11609279992145977,-0.03748727770870505,-0.07091874478263602
414.7235168064221,8.422235102510552,10.092714775591896,-0.3831957201080923,-0.12318467439972094,-0.03748727770870505,-0.07091874478263602
414.82351680642205,8.414315087970854,9.687210671338493,-0.36162008861188305,-0.4550556266408324,-0.028361348393927475,-0.1878102187887133
414.92351680642207,8.378011272367687,9.640766057580455,-0.36445622345127643,-0.47383664851970797,-0.028361348393927475,-0.1878102187887133
415.0235168064221,8.19465125549654,9.556730114555839,-0.49254877642033373,-0.527205537398573,-0.07454869464234674,-0.2016817498776804
415.12351680642206,8.14502363438131,9.503001152066613,-0.5000036458845659,-0.5473737123863341,-0.07454869464234674,-0.2016817498776804
415.223516806422,8.435545755320332,9.6291823703016,-0.22431396306921955,-0.41775655601313727,0.027705450005884397,-0.14795359492143215
415.32351680642205,8.696647542156033,9.873565366423872,0.016602427144096953,-0.19359656885630147,0.11447681822170035,-0.06147905206987034
415.42351680642207,8.368726884410497,9.761675918132498,-0.2460986366495803,-0.2756533688158771,0.015509414759320522,-0.08869737344710175
415.52351680642204,8.526500659590925,9.757041718343679,-0.08782611745831935,-0.26461119956315277,0.0736133200184031,-0.08136607246582413
415.623516806422,8.310678567261188,9.717301785629108,-0.2524281152252,-0.2833271159837204,0.011613202982752535,-0.08515475109859492
415.723516806422,8.285493821753576,9.688543300275235,-0.25126679492692444,-0.29184259109358185,0.011613202982752535,-0.08515475109859492
415.82351680642205,8.695484314714543,9.834816155568776,0.11479272666962678,-0.1549126281997603,0.14438342587624903,-0.0327988846180835
415.923516806422,8.707685504510883,9.819160898325714,0.12923106925724676,-0.15819251666156753,0.14438342587624903,-0.0327988846180835
416.023516806422,8.516932240541069,10.00645508505938,-0.0344495813069752,0.001739597332655951,0.07768768405095755,0.0245783759644572
416.123516806422,8.513875720830626,10.006751936672469,-0.026680812901877682,0.00419743492910223,0.07768768405095755,0.0245783759644572
416.223516806422,8.364499534142292,10.232268844210877,-0.1410891285335081,0.19188256827151665,0.03356494489454633,0.09101960059935632
416.323516806422,8.408110995007739,10.316343176356957,-0.08936933523296521,0.2546485622276934,0.05118670774965737,0.11043985155346193
416.42351680642196,8.33066260220441,10.3030678790448,-0.1413529116950051,0.23335073891365363,0.030572857672691578,0.0988431903227892
416.523516806422,8.340650583226035,10.311184076706699,-0.11768918261859539,0.22984970362313778,0.038212615051447414,0.09391487967602616
416.623516806422,8.12127802743866,10.066026253293824,-0.28615224301376063,0.018472299631838298,-0.023903233342470152,0.014852781197824128
416.72351680642197,8.09254328697058,10.067947747162995,-0.28854256634800685,0.019957577751620204,-0.023903233342470152,0.014852781197824128
416.82351680642194,7.81450531762585,10.069171392670116,-0.4981990973871138,0.020859027352260785,-0.09888054195686129,0.014673844033738417
416.92351680642196,7.764191005177342,10.071330664625512,-0.5080871515828022,0.02232641175563496,-0.09888054195686129,0.014673844033738417
417.023516806422,7.995602856501318,9.997948509719551,-0.27796319490176996,-0.036592949657457435,-0.010724821170990294,-0.006444116707027558
417.12351680642195,7.967752912905295,9.994256994170271,-0.2790356770188686,-0.03723736132815997,-0.010724821170990294,-0.006444116707027558
417.2235168064219,8.035643396325604,10.024551568620403,-0.2004979305943708,-0.0098470659811772,0.018025425864430455,0.003611962009849314
417.32351680642194,7.939868753925398,9.878318846842472,-0.2624052049569639,-0.13047679521664385,-0.005188029656950477,-0.04017293384215378
417.42351680642196,7.849217394752401,10.014799071301093,-0.31638717183555193,-0.011251299257895093,-0.02448817455258671,0.004017695710505545
417.5235168064219,7.641090937619184,10.206584004923625,-0.47045049463713895,0.15346571977959245,-0.08069865292428625,0.06451640002883595
417.6235168064219,7.620719491740855,10.165699645073284,-0.45607051276627025,0.11343678753935202,-0.07260452522026466,0.04787070530526456
417.7235168064219,7.574749417838117,10.177282677353748,-0.46333096528829837,0.11822385806987956,-0.07260452522026466,0.04787070530526456
417.82351680642194,7.734454955046066,10.023175269325158,-0.2990798833112634,-0.014404811337759945,-0.010629300863684854,-0.0015955326469942396
417.9235168064219,7.704493820210631,10.021726810528147,-0.3001428133976315,-0.014564364602459315,-0.010629300863684854,-0.0015955326469942396
418.0235168064219,7.649637667153402,10.078818473459851,-0.3272317142840568,0.04219968012634907,-0.02156902424025329,0.02128483573887381
418.1235168064219,7.616806650603806,10.083144865651178,-0.3293886167080814,0.04432816370023573,-0.02156902424025329,0.02128483573887381
418.22351680642186,7.5991419945425625,10.188396712858596,-0.31876932428752147,0.12937601222791886,-0.01695505987055478,0.051028098638065775
418.3235168064219,7.438070644830067,10.249346744161366,-0.4289599065795394,0.17425547788589554,-0.05648657555688587,0.06542270488647778
418.4235168064219,7.490564352689027,10.297550043648537,-0.3551654810596761,0.20586188013562248,-0.027807707676705602,0.07440984131545438
418.52351680642187,7.439121543319194,10.202634165610062,-0.3715179236746195,0.11459434326427541,-0.03283935135154002,0.038066667780161434
418.62351680642183,7.188906235275628,10.104191576293486,-0.5513184623950275,0.02791758282967972,-0.09648111785920885,0.005662602291348129
418.72351680642186,7.133291983446816,10.107011647587912,-0.5609665741809505,0.028483843058814663,-0.09648111785920885,0.005662602291348129
418.8235168064219,6.993919093380536,9.934660084887893,-0.6382393214993407,-0.11359946977755181,-0.1205994033541887,-0.04508040854440221
418.92351680642184,6.929492164213854,9.92307473586742,-0.6502992618347555,-0.11810751063199049,-0.1205994033541887,-0.04508040854440221
419.0235168064218,6.92097251258358,9.976629884667284,-0.6161678860423524,-0.0713609218184201,-0.10426951453170272,-0.027469704173246533
419.12351680642183,6.858834376406672,9.969356443964575,-0.626594837495525,-0.07410789223574538,-0.10426951453170272,-0.027469704173246533
419.22351680642186,7.053228764416063,9.780368019542507,-0.42308209736144475,-0.2262394714670186,-0.027007847325188225,-0.0810541195329396
419.3235168064218,6.800305940526193,9.692963958163164,-0.6026557878683514,-0.2879621640329234,-0.09145366631750658,-0.10045745113836699
419.4235168064218,7.185878422677197,9.523403596571564,-0.24121176339405045,-0.41345841853089615,0.04232870684668148,-0.14185403684581196
419.5235168064218,7.2425462759116215,9.788389501156376,-0.16770959432451246,-0.1660878692715862,0.06801002533129119,-0.04555259001579859
419.62351680642183,7.116828332692789,9.916235495177094,-0.2515193844428245,-0.05173049175037274,0.03534096875603987,-0.00296741193365075
419.7235168064218,7.091853099092296,9.911047608942392,-0.24798528756722174,-0.05202723294373771,0.03534096875603987,-0.00296741193365075
419.82351680642176,7.40750161643347,9.895899785424282,0.04000400861656164,-0.061602480718504625,0.13858933355840333,-0.0065943202562703945
419.9235168064218,7.41219496396292,9.889706565751148,0.053862941972405126,-0.062261912744131814,0.13858933355840333,-0.0065943202562703945
420.0235168064218,7.366581258288568,9.965394018954237,0.024853744942343544,0.007545606513773669,0.12312576764991932,0.019530978377829283
420.1235168064218,7.369682261621051,9.966246234497502,0.03716632170733128,0.009498704351555932,0.12312576764991932,0.019530978377829283
420.22351680642174,7.492801926636236,9.848361857759247,0.14814266218174862,-0.08646799275174474,0.15875696268672956,-0.015592954440404021
420.32351680642176,7.239582568450835,10.038347242510003,-0.06188615052028871,0.07747676908931142,0.0764458759154986,0.04430061100817585
420.4235168064218,7.2204788988592785,9.993731279555032,-0.06528320290962551,0.038623633849281865,0.07245985571168463,0.028780744040293613
420.52351680642175,7.327005222783711,9.75162100139842,0.03884008348740632,-0.1681551260009113,0.10837673193894434,-0.048412132853673365
420.6235168064217,7.595061308608298,9.84738972786992,0.268255752379717,-0.08026592130189167,0.18718342481322103,-0.015203371539729754
420.72351680642174,7.622822800970343,9.83928711888203,0.28697409486104336,-0.08178625845586499,0.18718342481322103,-0.015203371539729754
420.82351680642176,7.49958700922713,9.730973770499181,0.1769801981249565,-0.1664604042198152,0.1402177737978071,-0.045246669029767914
420.92351680642173,7.517986117908609,9.714101496732056,0.1910019755047324,-0.17098507112279046,0.1402177737978071,-0.045246669029767914
421.0235168064217,7.4986394803683565,10.143330279626356,0.17745228456809545,0.19926905539576503,0.13166026131418074,0.0912088409985427
421.1235168064217,7.517043010131741,10.16371322937093,0.1906183106995165,0.20838993949562137,0.13166026131418074,0.0912088409985427
421.22351680642174,7.352776758201319,10.03151678129977,0.05096687862581453,0.09113720478147262,0.07647213090419173,0.045878491809281455
421.3235168064217,7.298180645212813,9.989077276998975,0.008130958687540853,0.05259573569876956,0.058077980375098474,0.030270604676184594
421.4235168064217,7.095981853423282,9.864931910404716,-0.15487696306935894,-0.05101588852582021,-0.002864313612628011,-0.007966363477000415
421.5235168064217,6.756876509078672,9.807282776712006,-0.433352803163041,-0.0965417440106173,-0.10600193693614385,-0.02443507110914258
421.6235168064217,6.703340567814422,9.30298364813686,-0.4519710145943939,-0.5054268705843902,-0.10889277441179761,-0.1699905751409217
421.7235168064217,6.6575990024829395,9.251591008202736,-0.46286029203557,-0.5224259280984765,-0.10889277441179761,-0.1699905751409217
421.82351680642165,6.716742514579966,9.447280352964304,-0.3872862128427639,-0.33507496703405026,-0.07808168344403368,-0.0968017723055356
421.9235168064217,6.677623484878461,9.413288847399363,-0.395094381187169,-0.344755144264606,-0.07808168344403368,-0.0968017723055356
422.0235168064217,6.712298748518285,9.838669548627331,-0.333030617732309,0.026742062261506137,-0.05059972645878391,0.040550848382472506
422.12351680642166,6.678742688112772,9.841546509095393,-0.3380905903781857,0.030797147099752002,-0.05059972645878391,0.040550848382472506
422.2235168064216,6.801951503428891,9.68989336877198,-0.2125227714622676,-0.09271037175247608,-0.003425119051004087,-0.005205990925035965
422.32351680642165,6.9468537258492455,9.477303995578561,-0.07322580428155147,-0.26255146942979085,0.047454242906364706,-0.06648067222367476
422.4235168064217,6.98611218828908,9.635882051653907,-0.02999799177786894,-0.11678844006451633,0.06134634382377519,-0.011831289935864207
422.52351680642164,6.765658920455888,9.52120997423267,-0.21106347690147553,-0.20565698935536722,-0.00805736029170618,-0.044115903401864394
422.6235168064216,6.559454292520536,9.671475141432413,-0.3653023410158037,-0.06948369754214223,-0.0633765490467822,0.006230572946034955
422.7235168064216,6.522607175673714,9.664557924542928,-0.37163999592048336,-0.06886064024753859,-0.0633765490467822,0.006230572946034955
422.82351680642165,6.618034167520509,10.15897767861772,-0.2679063761758222,0.34813078661304353,-0.023702704714076588,0.15660576960449107
422.9235168064216,6.591125016379366,10.194573786127034,-0.27027664664722906,0.3637913635734873,-0.023702704714076588,0.15660576960449107
423.0235168064216,6.543159392873236,9.99521324026889,-0.293995396500303,0.19059454033196102,-0.03256199625320981,0.09051608535490188
423.1235168064216,6.513597043241933,10.014725274728866,-0.2972515961256247,0.19964614886745327,-0.03256199625320981,0.09051608535490188
423.2235168064216,6.778952588639463,10.13902860184091,-0.05528115203769802,0.29422996992359257,0.05599856582004119,0.12119657940799702
423.3235168064216,6.417311004716306,10.040802078635155,-0.3491704367080221,0.1995266685954419,-0.053123986912445534,0.08253886909359168
423.42351680642156,6.259757782146635,10.237897980778287,-0.45609544024130133,0.3532486911460986,-0.08980602839936312,0.13469874415088684
423.5235168064216,5.922002768343417,10.046258088995845,-0.7158363209723164,0.17280264752497917,-0.18277440991854488,0.06330146467751616
423.6235168064216,5.663332352619291,9.95236778118706,-0.8884712779863446,0.08750306278849511,-0.23842687996305723,0.030486883022822896
423.72351680642157,5.573293090420872,9.961270521881021,-0.9123139659826422,0.09055175109077636,-0.23842687996305723,0.030486883022822896
423.82351680642154,5.85132912817432,9.646594653787833,-0.6244312879483797,-0.17300003298215913,-0.12473334056824328,-0.06514932166669644
423.92351680642156,5.788262332676626,9.62896890388128,-0.6369046220052068,-0.17951496514883025,-0.12473334056824328,-0.06514932166669644
424.0235168064216,5.973632723810372,9.905846680078668,-0.43976067655812834,0.0565325518380081,-0.0483936865706666,0.021739672643686394
424.12351680642155,5.929414687721721,9.911608633625685,-0.44460004521519336,0.058706519102375995,-0.0483936865706666,0.021739672643686394
424.2235168064215,6.10600631532542,10.087772674795643,-0.2656349128939306,0.20099806411766252,0.017985030161553464,0.07199999427261188
424.32351680642154,6.180004499070245,10.051972747181296,-0.17940669570186082,0.16133979135962478,0.04874803512001312,0.055042651727810005
424.42351680642156,6.431354257129599,10.070089869578918,0.04887588634523846,0.1682498655794778,0.12939800382679173,0.05554672654753847
424.5235168064215,6.164913833294534,9.901551557194518,-0.17199082557766188,0.015664372744791502,0.042715163863054656,-0.0026783934207270724
424.6235168064215,5.904038347955316,9.744957653897396,-0.36993052757201533,-0.11458231622174815,-0.03019060751498477,-0.04922662092647482
424.7235168064215,5.866894342160531,9.733253289170587,-0.3729495883235145,-0.11950497831439676,-0.03019060751498477,-0.04922662092647482
424.82351680642154,6.223865751910827,9.67067158047164,-0.047254611921657655,-0.16680602457243654,0.08885158773844622,-0.06467323724729677
424.9235168064215,6.219584548657354,9.653667611828164,-0.03836945314781606,-0.173273348297164,0.08885158773844622,-0.06467323724729677
425.02351680642147,6.169594487709978,9.467300387661941,-0.07224954120052751,-0.3248149049654718,0.07225553423923381,-0.11845687505693928
425.1235168064215,6.16273081126112,9.434226612790102,-0.06502398777660248,-0.3366605924711684,0.07225553423923381,-0.11845687505693928
425.2235168064215,5.992192678842632,9.212835945044299,-0.19434513317421623,-0.5025772944549833,0.022943386856817898,-0.17372230902790514
425.3235168064215,5.769580310376936,9.228179851298957,-0.3628842255269542,-0.4645870002206438,-0.03930187522183682,-0.1536873982402654
425.42351680642145,5.7170864285577325,9.089569918197803,-0.3801077338684418,-0.555173554158927,-0.04410074979601716,-0.18065792184659818
425.52351680642147,5.404530644346162,9.382757604840053,-0.6203441004278613,-0.27542200144162904,-0.1315324149394514,-0.07100550949531902
425.6235168064215,5.796272519623462,8.859316355913744,-0.2567223604181518,-0.6898035172578632,0.0043110406435167,-0.21686160120677356
425.72351680642146,5.770621838784873,8.789251696181948,-0.25629125635380023,-0.7114896773785331,0.0043110406435167,-0.21686160120677356
425.8235168064214,5.498383742738331,8.8922799871302,-0.4611244976881673,-0.589019511796731,-0.06994842783982044,-0.16517832228137588
425.92351680642145,5.4519215508303045,8.832552144339106,-0.468119340472151,-0.6055373440248722,-0.06994842783982044,-0.16517832228137588
426.02351680642147,5.551544851138772,9.143511402880469,-0.3531141578252357,-0.3139740081441722,-0.025862465300908972,-0.05422907042869056
426.12351680642143,5.516104123029756,9.11184285671392,-0.35570040435532574,-0.3193969151870394,-0.025862465300908972,-0.05422907042869056
426.2235168064214,5.409927567663532,9.237753193993507,-0.41682438999014537,-0.19463445833860799,-0.047002644031547164,-0.007531444295107638
426.3235168064214,5.605169617291878,9.144534734542274,-0.22223172898566745,-0.2567861858281508,0.02561218491039681,-0.029750718633632725
426.42351680642145,5.463317331141908,9.054326801057082,-0.3191130440544247,-0.312753344828675,-0.010286463168505428,-0.04875186023701025
426.5235168064214,5.343054863720868,9.261838203547008,-0.39604959324294087,-0.11400801811631173,-0.038429018017482997,0.026218522811243886
426.6235168064214,5.622919130414456,9.180173196134993,-0.1348585822459034,-0.16924311446192386,0.057127014969579504,0.005498702507811946
426.7235168064214,5.60971890726471,9.163276378201335,-0.12914588074894418,-0.16869324421114254,0.057127014969579504,0.005498702507811946
426.8235168064214,5.292041769844961,9.526199459558217,-0.37914819957844315,0.14423310363712394,-0.035879085108552006,0.1174958862868605
426.9235168064214,5.253947554461588,9.541210249353359,-0.38273610808929714,0.15598269226580597,-0.035879085108552006,0.1174958862868605
427.02351680642136,5.409175117522927,9.885940402088213,-0.2224394337631489,0.4420709918558364,0.02416524200970672,0.21699416048071285
427.1235168064214,5.387052000356656,9.93123247207621,-0.22002290956217768,0.46377040790391266,0.02416524200970672,0.21699416048071285
427.2235168064214,5.181578721250178,10.139302503332795,-0.3700961172698803,0.6177026738288736,-0.03090453411145561,0.26442622197792465
427.32351680642137,5.10613695451709,9.838490706451656,-0.4053525234107429,0.34105246880199774,-0.04262459467279111,0.1547412367143487
427.42351680642133,5.15730419578767,9.696709611308624,-0.3332911897539848,0.21111647988884902,-0.015071787123301018,0.10260216673147837
427.52351680642136,5.145464511822148,9.852372291481181,-0.3162599395120031,0.33555832216568293,-0.008198737889644016,0.1446423329875995
427.6235168064214,4.895168931134638,9.884064201652967,-0.49834660591987284,0.3478962250712092,-0.07355315020631023,0.14388084824463748
427.72351680642134,4.844966504791636,9.919573228401298,-0.5057019209405014,0.36228430989566807,-0.07355315020631023,0.14388084824463748
427.8235168064213,4.839679478540976,9.867937249835792,-0.4727710781051918,0.3021683147582276,-0.058359228703748864,0.11672540802230255
427.92351680642133,4.7921105745869275,9.898737708351733,-0.478607000975568,0.3138408555604605,-0.058359228703748864,0.11672540802230255
428.02351680642136,4.883142848460592,9.994215024344326,-0.3678675583530576,0.3791716119260078,-0.01598097101407875,0.13636091069352627
428.1235168064213,4.846276187770228,10.032813990090382,-0.36946565545446497,0.3928077029953558,-0.01598097101407875,0.13636091069352627
428.2235168064213,4.75370608638581,9.722407655806196,-0.41719779958560316,0.11797576201713857,-0.032641710131989465,0.03288712601143298
428.3235168064213,4.84480975558847,9.633275908533289,-0.30870891053112437,0.0370643097086004,0.008076892015855583,0.002416283359443147
428.42351680642133,5.006928546113083,9.589227014505166,-0.14768228592135957,-0.0020117459213376855,0.06591575605018951,-0.011681687128470042
428.5235168064213,4.949090088232985,9.761569684024662,-0.17839986618107423,0.1438530360182475,0.052083534034157185,0.042453903058441725
428.62351680642126,4.807372967030456,10.274211213440376,-0.2761149942270048,0.5574340541901147,0.01497522783794579,0.18904581387445113
428.7235168064213,4.779836343746938,10.330899847928773,-0.27461747144320986,0.5763386355775642,0.01497522783794579,0.18904581387445113
428.8235168064213,5.125885062563526,10.101461114038955,0.03793669433721652,0.3568663185554649,0.12757677172700183,0.10318314109198584
428.9235168064213,5.130316615855881,10.13766366159995,0.05069437150991235,0.36718463266465995,0.12757677172700183,0.10318314109198584
429.02351680642124,4.943196161001346,9.978051709706548,-0.09968814283827389,0.2154349559080319,0.06781151307299277,0.04504429600845038
429.12351680642126,4.933566404282882,9.999820426777399,-0.09290699153097307,0.21993938550887798,0.06781151307299277,0.04504429600845038
429.2235168064213,4.783895759585887,10.320093512351264,-0.20300579553843273,0.46983953117697913,0.02560176628105501,0.13306799591730004
429.32351680642125,4.252773531848697,10.067492662842099,-0.6298134118481513,0.23307044333988824,-0.13084367087427604,0.042569087452286714
429.4235168064212,4.230494487401681,9.83718137188902,-0.6085566493267096,0.02839714437116281,-0.1184465598763006,-0.03234610605048731
429.52351680642124,4.2730761802158295,9.94358187482612,-0.5309710432695809,0.11351959630179585,-0.08529064383145436,0.00018579721559215667
429.62351680642126,4.584622927801964,9.722526270142913,-0.2368172683703493,-0.07747523820046492,0.023839433409055685,-0.06822022336105898
429.72351680642123,4.561060398131982,9.714437645206065,-0.23443332502944456,-0.0842972605365685,0.023839433409055685,-0.06822022336105898
429.8235168064212,4.642973183549058,9.617292264259994,-0.1454445800678172,-0.16368855976861904,0.05490570122844319,-0.09420531003069794
429.9235168064212,4.628703254048415,9.600452381732975,-0.13995400994497162,-0.17310909077169098,0.05490570122844319,-0.09420531003069794
430.02351680642124,5.074056750314069,9.711284069770691,0.25453708998165014,-0.07498271778194793,0.19758148630484496,-0.05515719447003361
430.1235168064212,5.100498366743749,9.703510012020148,0.2742952386121279,-0.08049843722894941,0.19758148630484496,-0.05515719447003361
430.2235168064212,5.271886887916632,9.369505837400833,0.41280390584542215,-0.35415395585426285,0.24046676383714544,-0.1513392207692342
430.3235168064212,5.467581898563342,9.123476768555445,0.5655999028167175,-0.5440760373634216,0.2873781625821656,-0.21459257079774746
430.4235168064212,5.686334030194,8.9207858045617,0.7278237461655659,-0.6867051949234346,0.3355664753537424,-0.2580399336301079
430.5235168064212,5.414120245305721,8.912734120123075,0.46335801588237124,-0.6597713594756317,0.22507585716130077,-0.23862256170646182
430.62351680642115,5.466941962933011,8.947661934049078,0.49031006739520505,-0.5997205913773478,0.22667827669997653,-0.20857149912473597
430.7235168064212,5.517106361056043,8.886647017415704,0.5129778950652079,-0.6205777412898261,0.22667827669997653,-0.20857149912473597
430.8235168064212,5.481775660469349,9.120868528289954,0.46391530916609575,-0.3963887966105965,0.20108246330007964,-0.12058381926445397
430.92351680642116,5.529172603702443,9.080626729532586,0.4840235554960969,-0.40844717853703777,0.20108246330007964,-0.12058381926445397
431.0235168064211,5.247513154325186,8.952534811772198,0.22898137190187892,-0.48851458282039084,0.10165838593509585,-0.1440413699740157
431.12351680642115,5.270919583445055,8.902963146640278,0.2391472104953908,-0.5029187198177957,0.10165838593509585,-0.1440413699740157
431.2235168064212,5.313021553288116,9.098579038793174,0.2639970337860722,-0.3142674955018804,0.10696132495740368,-0.07120519958125766
431.32351680642114,5.283809782402828,9.493420121034905,0.22751160078730168,0.03394350548100534,0.08977014117308507,0.057384226288635945
431.4235168064211,4.851174637335629,9.598472135043064,-0.14202234358657204,0.12312089014124523,-0.04687190933052157,0.08730257105383918
431.5235168064211,4.728088283724123,9.583249332759284,-0.24011157936675176,0.10802342758574554,-0.08150034814487281,0.07852951942883549
431.62351680642115,4.746457165843053,9.251003018908474,-0.21278610588938723,-0.16639340833769928,-0.06870991387639831,-0.022557375412626493
431.7235168064211,4.72483500568474,9.234250891197647,-0.21965709727702473,-0.16864914587896115,-0.06870991387639831,-0.022557375412626493
431.8235168064211,4.637560544031667,9.149344964989178,-0.28238302775827145,-0.22637175332780837,-0.08939948673042361,-0.042333827353574084
431.9235168064211,4.608875243822181,9.126496120519624,-0.2913229764313158,-0.23060513606316674,-0.08939948673042361,-0.042333827353574084
432.0235168064211,4.343865824283975,8.765057006999365,-0.4996923709036713,-0.5154327996047093,-0.16252744228184796,-0.14360553552011768
432.1235168064211,4.293083949982217,8.712795699361312,-0.5159451151318506,-0.5297933531567162,-0.16252744228184796,-0.14360553552011768
432.22351680642106,4.127173179600991,8.818743086636013,-0.626472960335507,-0.41271414211906243,-0.19657372618265162,-0.09645795454457959
432.3235168064211,4.129272915476342,8.811787155736827,-0.590895336829694,-0.3933771570514215,-0.17644817588047285,-0.08596949830635886
432.4235168064211,3.8592932773862536,8.860514912416456,-0.7829239786886439,-0.3291329944910939,-0.2394005496189242,-0.05985117827291607
432.52351680642107,3.9201905070121175,9.136801287940308,-0.6861790144720881,-0.0714683606079004,-0.1946570559484205,0.037221177604782565
432.62351680642104,3.7938532008020998,9.23929629472407,-0.7526934017097057,0.022213954930340556,-0.211620112968483,0.06943786335573768
432.72351680642106,3.7175257600662692,9.241864879533884,-0.7738554130065588,0.0291577412659159,-0.211620112968483,0.06943786335573768
432.8235168064211,3.551587387826106,9.26429678820174,-0.8658880814820888,0.05192095638591043,-0.2367326327696657,0.07512369971837943
432.92351680642105,3.463814916514079,9.26986450233892,-0.8895613447590474,0.059433326357745814,-0.2367326327696657,0.07512369971837943
433.023516806421,3.649143279196646,9.274510049029994,-0.6794825383893098,0.066881929061152,-0.15090602533516254,0.0754718221842324
433.12351680642104,3.5804404952310236,9.281575601047031,-0.6945731409228295,0.07442911127957696,-0.15090602533516254,0.0754718221842324
433.22351680642106,3.42336191367795,9.403063396371262,-0.7818144846754748,0.17556178699923602,-0.1769623710063143,0.10904103654458908
433.323516806421,3.2716841600529367,9.444955120935838,-0.8605285465131861,0.2062806707787687,-0.199194966050172,0.11621172377569741
433.423516806421,3.4496711219808858,9.472618284889078,-0.660370784589463,0.22321420686860666,-0.11974731149757466,0.11811655486650306
433.523516806421,3.254369003772176,9.517952620935446,-0.7829550178087722,0.2541265500453304,-0.16075534703866415,0.12514917576195317
433.62351680642104,3.11357824481362,9.576880120339615,-0.8501794742336143,0.29367257526315366,-0.17919671553980832,0.13482959801426764
433.723516806421,3.0276643138125894,9.60692152585599,-0.868099145787589,0.3071555350645758,-0.17919671553980832,0.13482959801426764
433.82351680642097,3.085714301400158,9.861827243862473,-0.7649032177328766,0.507172828277478,-0.13543239042640295,0.20243318239914138
433.923516806421,3.0085468176747208,9.91355669260223,-0.77844645677552,0.5274161465173968,-0.13543239042640295,0.20243318239914138
434.023516806421,3.1890021384911535,10.034803044144196,-0.5787244580295255,0.6030034674864142,-0.058928120671341386,0.22222351749619876
434.123516806421,3.1308350520848642,10.096214508480298,-0.5846172700966576,0.6252258192360265,-0.058928120671341386,0.22222351749619876
434.22351680642095,3.072059634454334,9.872386095828851,-0.5905259049393085,0.41077297629448567,-0.05893383487055023,0.13732787772204913
434.32351680642097,3.252356014440184,9.822051516862386,-0.39503886036018065,0.3477976635616339,0.014441601344124984,0.10956830666740604
434.423516806421,3.1771570038353203,9.877070779517146,-0.42329475113682513,0.37496283202437164,0.0037199147839111404,0.11538005967158528
434.52351680642096,3.0710182321661033,9.818298912133267,-0.47779316188393534,0.30400241530287075,-0.01662306988301597,0.08500523020701463
434.6235168064209,3.331049679982675,9.83200441949147,-0.22417808177580587,0.29843243761343735,0.07541531933535255,0.07996628063893156
434.72351680642095,3.3090089484017664,9.862247494656016,-0.2166365498422689,0.3064290656773323,0.07541531933535255,0.07996628063893156
434.82351680642097,3.453340500358301,9.50056657982779,-0.07058738110212112,-0.008443327523726401,0.12570437540258952,-0.035747744865310925
434.92351680642093,3.446910284125104,9.499543508351092,-0.05801694356186646,-0.012018102010256274,0.12570437540258952,-0.035747744865310925
435.0235168064209,4.199222375027051,9.389215643592786,0.5881228354480877,-0.1035429741872322,0.35577972107829764,-0.06680446062110493
435.1235168064209,4.2598135571772655,9.378527323870955,0.6237008075559256,-0.11022342024934421,0.35577972107829764,-0.06680446062110493
435.22351680642095,4.129517957689488,9.417191278625106,0.49777483787275983,-0.0757208085921871,0.2974545748157026,-0.05203205476127032
435.3235168064209,3.856099036941623,9.497760578058983,0.254677928091275,-0.007295094143622949,0.19804110197716351,-0.025386795383595263
435.4235168064209,3.7124001658731287,9.53030806596357,0.13318920710009582,0.01766123415824628,0.14703454128980314,-0.01552803031918065
435.5235168064209,3.739951038531718,9.510526453847165,0.15949532637508648,-0.002181083801872572,0.15133618351561898,-0.02226198811896065
435.6235168064209,3.7756645828720794,9.410001487412437,0.190388081441926,-0.08675665575227212,0.15701802465025103,-0.05175307352925939
435.7235168064209,3.795488481139516,9.401067056469568,0.20608988390694577,-0.0919319631051963,0.15701802465025103,-0.05175307352925939
435.82351680642086,3.7046714714052915,9.201746399650023,0.12754607432274165,-0.25510804946191395,0.12269123642919641,-0.10889472901900885
435.9235168064209,3.718039535019715,9.17569112105873,0.13981519796566408,-0.2659975223638173,0.12269123642919641,-0.10889472901900885
436.0235168064209,3.543406075740277,9.305790722000031,-0.009723888180599164,-0.13850577435564201,0.06293754425414168,-0.056734865974038276
436.12351680642087,3.5427483746434882,9.291656470234603,-0.003430133755187143,-0.1441792609530439,0.06293754425414168,-0.056734865974038276
436.22351680642083,3.4964818649073552,9.525022467549348,-0.03554140473442077,0.054387896720868655,0.04906804547222712,0.016526466654947183
436.32351680642086,3.5831713036915716,9.581465246734403,0.044993878529290474,0.09845252519343216,0.07662421202407785,0.031874759922408985
436.4235168064209,3.546715970247437,9.370324790664082,0.018330675365718023,-0.08038605198349695,0.06423269840217036,-0.033393528205586706
436.52351680642084,3.449510014969955,9.327267188807744,-0.06066220852026892,-0.11341445339388136,0.032564997144596555,-0.04432464371654288
436.6235168064208,3.445804082455902,9.574466257006792,-0.05558377358586175,0.09482620150007666,0.033221882522544065,0.03183818407072214
436.72351680642083,3.4404118145099276,9.584108068077155,-0.052261585333606586,0.0980100199071496,0.033221882522544065,0.03183818407072214
436.82351680642086,3.3806143814706795,9.288149634122625,-0.0954184662911889,-0.1544447525901444,0.01615762069770446,-0.060899520840777044
436.9235168064208,3.371153322945052,9.272400661259413,-0.09380270422141901,-0.16053470467422,0.01615762069770446,-0.060899520840777044
437.0235168064208,3.4726356504279754,9.243534296876522,0.002140938773762237,-0.17593018440953775,0.05088135614011434,-0.06395735864408846
437.1235168064208,3.4731041510860523,9.225621491642345,0.007229074387774827,-0.18232592027394806,0.05088135614011434,-0.06395735864408846
437.22351680642083,3.6231323360967593,9.298565708335651,0.13611754068052417,-0.11339007802557063,0.09559031069640167,-0.03693584281761064
437.3235168064208,3.454565781288302,9.274517256990999,-0.007815488241282031,-0.12751543605096763,0.03966359048076841,-0.040710953432471636
437.42351680642076,3.343135554024903,9.016374610147206,-0.09589293562513122,-0.33340210537084325,0.0064358749685110295,-0.11307508374068723
437.5235168064208,3.0858654984816356,9.060298348779707,-0.3081986939922623,-0.27840992719608765,-0.07251425300649603,-0.08866441494432295
437.6235168064208,2.879349747476277,8.921632447455737,-0.4608204313910314,-0.37799750977766483,-0.12492645260578406,-0.12115361089510392
437.7235168064208,2.832643072074161,8.883226928423507,-0.47331307665160555,-0.3901128708671711,-0.12492645260578406,-0.12115361089510392
437.82351680642074,2.7893839277247996,8.404346501279544,-0.4810355985387771,-0.7653771690903316,-0.12296803756461466,-0.25184975646369784
437.92351680642076,2.7406655276830874,8.326549535588175,-0.49333240229524133,-0.7905621447367072,-0.12296803756461466,-0.25184975646369784
438.0235168064208,2.907801916047783,8.500180123161138,-0.3177284985492765,-0.6066845297580353,-0.05295336771161546,-0.1768572475596883
438.12351680642075,2.875764299354308,8.438627383947559,-0.3230238353204362,-0.6243702545139981,-0.05295336771161546,-0.1768572475596883
438.2235168064207,2.5284153628442922,8.572474186839486,-0.5897741304479989,-0.47972223186120744,-0.1473745844206964,-0.11862796264799141
438.32351680642074,2.5452275899937464,8.701437713784156,-0.5402038443071985,-0.34372266805641416,-0.12394326661060688,-0.06511867661908322
438.42351680642076,2.45166418921657,8.615896618639242,-0.5849188364688869,-0.3920839555174654,-0.13561099223010173,-0.080124440584648
438.52351680642073,2.3707590054123133,8.756371594649227,-0.6171648950702882,-0.24669005303218966,-0.14253836703910638,-0.023642250220419117
438.6235168064207,2.494541502909664,8.696038427491144,-0.4770290734910039,-0.2782690166821789,-0.08687430833815843,-0.034104677793090066
438.7235168064207,2.446404224018862,8.668041002433956,-0.4857165043248217,-0.28167948446148866,-0.08687430833815843,-0.034104677793090066
438.82351680642074,1.9878221886079,9.052554632230066,-0.837158872758528,0.056823906609682645,-0.21138116170448806,0.0891103877085798
438.9235168064207,1.9030493955235541,9.058682574829575,-0.8582969889289696,0.06573494538053759,-0.21138116170448806,0.0891103877085798
439.0235168064207,2.604858195798945,8.81054832541822,-0.21339753286506133,-0.13587292727596734,0.03227469196803988,0.013464903209339229
439.1235168064207,2.5836798159722743,8.797028357206667,-0.2101700636682566,-0.1345264369550331,0.03227469196803988,0.013464903209339229
439.2235168064207,2.5988783815322587,8.748454729474156,-0.17699629715112006,-0.16215141600443006,0.043089425973058156,0.0030728068572005076
439.3235168064207,2.8518597192552684,8.626018571774113,0.054593713015646486,-0.2503275472118377,0.12590207880328855,-0.02894808198546822
439.42351680642065,2.4767113983960654,8.536225517347775,-0.2493832791083604,-0.30640787102192724,0.01162165875095296,-0.0480185803934316
439.5235168064207,2.625999074987081,8.560450362014773,-0.09849563112863019,-0.26426736778458293,0.06713178922503947,-0.03073502306016025
439.6235168064207,2.662838852307618,8.546406975751827,-0.053350227709857805,-0.25703685737593013,0.08098824583072871,-0.027044934022978872
439.72351680642066,2.6579087707657876,8.520568065344127,-0.045251403126787694,-0.2597413507782271,0.08098824583072871,-0.027044934022978872
439.8235168064206,2.693890087499338,8.349858758841279,-0.0024224375443271384,-0.38311880794721037,0.09391882202187968,-0.07077849391575017
439.92351680642065,2.6941174378550152,8.31119298557697,0.0069694446578629655,-0.390196657338787,0.09391882202187968,-0.07077849391575017
440.0235168064207,2.5154710053673446,8.4253279922519,-0.1395169425408659,-0.26514800189622595,0.035771386565343746,-0.021760080199312352
440.12351680642064,2.5016981680460892,8.39870439166129,-0.13593980388433274,-0.26732400991615646,0.035771386565343746,-0.021760080199312352
440.2235168064206,2.2439305391338653,8.351962564473569,-0.335319688002141,-0.28588473190449065,-0.03752402596182686,-0.027637294229618362
440.3235168064206,2.254166174646413,8.276273921844682,-0.3021350705849085,-0.32776271274467045,-0.02406556834516021,-0.04179218575106767
440.42351680642065,2.362647609628519,8.23909802498791,-0.18927385971467167,-0.3353912965003123,0.017545972305968535,-0.043029009582283534
440.5235168064206,2.3092314942728187,8.408542596796217,-0.21724332267401117,-0.1665972330211258,0.00652589451981128,0.020703006185636808
440.6235168064206,2.272904633127572,8.404348148197103,-0.22872486525245828,-0.1543669684216698,0.0021510222314880248,0.024341508266547227
440.7235168064206,2.250042901713478,8.389033158896265,-0.22850976302930942,-0.15193281759501454,0.0021510222314880248,0.024341508266547227
440.8235168064206,2.369657440621816,8.315470314035737,-0.1083761133965165,-0.19822662602276236,0.04590126374251476,0.006704407191603125
440.9235168064206,2.3590493356008806,8.295681173469426,-0.10378598702226659,-0.19755618530360228,0.04590126374251476,0.006704407191603125
441.02351680642056,2.1169928315343407,8.32175647138618,-0.2940782132687185,-0.1584404458215927,-0.025125230958644548,0.020704667584963476
441.1235168064206,2.0874593840526687,8.306015950141942,-0.29659073636458355,-0.15636997906309588,-0.025125230958644548,0.020704667584963476
441.2235168064206,2.2356520756365628,8.245948906112536,-0.1512768174636955,-0.1909651832801239,0.028260455826004564,0.007552653072931494
441.32351680642057,2.3024028979497375,8.432205100700973,-0.07976431432591363,-0.019204776091134405,0.053287211571585946,0.06943698283106231
441.42351680642054,2.07048668143138,8.198126514286763,-0.2606092802469337,-0.203637799819703,-0.013921290009423909,0.0008158661514516968
441.52351680642056,2.074742916043227,8.318617261182123,-0.23587906552009488,-0.08357135438688928,-0.004236534360383569,0.044992706218709974
441.6235168064206,1.920607998805102,8.384635870004512,-0.3445227731967918,-0.018128554578456524,-0.043254481021179576,0.06681789754619297
441.72351680642055,1.8859394490803287,8.3831571040344,-0.3488482212989083,-0.011446764823839505,-0.043254481021179576,0.06681789754619297
441.8235168064205,2.1299907869800307,8.593681857750157,-0.11901049570441422,0.16889987032257953,0.041954847838961556,0.129036585110177
441.92351680642054,2.1182995116487815,8.61121702770797,-0.1148150109205171,0.18180352883360015,0.041954847838961556,0.129036585110177
442.02351680642056,2.422666371549466,8.490319039917612,0.15182591663108408,0.0822025670772717,0.1368213858296819,0.08939281663090248
442.1235168064205,2.438533070141717,8.498986260708492,0.1655080552140476,0.0911418487403589,0.1368213858296819,0.08939281663090248
442.2235168064205,2.2233826753001704,8.579197646171458,-0.01382698037261887,0.1582493472658197,0.06711562639251245,0.1102578168329625
442.3235168064205,2.3073574219029407,8.37391099575213,0.06433125156732915,-0.015346065571976838,0.0931480992418704,0.043446031196786944
442.42351680642054,2.0294750043423684,8.43410971287454,-0.16282722295294474,0.0396328613568212,0.007781496899303131,0.061601759885079405
442.5235168064205,2.112402431861755,8.258849387609574,-0.07679534744972621,-0.10714276426716317,0.039388978650410175,0.0052928179488309635
442.62351680642047,1.9450641077122544,8.213657769281768,-0.20539417410684677,-0.1349716964620596,-0.00839652563744716,-0.004862869690098042
442.7235168064205,1.9244827076733777,8.200136285287108,-0.20623382667059167,-0.1354579834310695,-0.00839652563744716,-0.004862869690098042
442.8235168064205,1.9301441505036483,7.990519712802318,-0.18611162618749857,-0.29654987389368503,-0.0010695908595014063,-0.06226868729996416
442.9235168064205,1.9115276399306074,7.96055338197646,-0.18621858527344867,-0.3027767426236793,-0.0010695908595014063,-0.06226868729996416
443.02351680642045,2.049583909750426,8.264324485484753,-0.051338530782086514,-0.03181255640190592,0.049056658409095004,0.03770622817421354
443.12351680642047,2.0446953399642616,8.261331760985433,-0.0464328649411759,-0.028041933584483706,0.049056658409095004,0.03770622817421354
443.2235168064205,1.7701135112218858,8.158312770511065,-0.2659394871223308,-0.10693603859521741,-0.03198705716133119,0.008054303878191196
443.32351680642046,1.9988746421282,8.11775090087708,-0.05442052641907581,-0.13104118423755162,0.046247965913228294,-0.000960479446754231
443.4235168064204,1.7797205968268086,7.984196080380796,-0.22744735882692094,-0.2302770887028282,-0.01788408183123246,-0.03650862548243233
443.52351680642045,1.6158717968319949,7.833237217208216,-0.35046066535189585,-0.3427518800561503,-0.06282773356689325,-0.07657615855023729
443.62351680642047,1.9160814255947183,7.9983838666106415,-0.07851968647677662,-0.1861926858464982,0.037483799267926055,-0.017766579474514384
443.72351680642043,1.9084168759433828,7.979675765128626,-0.0747713065499853,-0.18796934379394903,0.037483799267926055,-0.017766579474514384
443.8235168064204,2.0152873364836963,8.267444828505408,0.02421005941749279,0.06434870415209382,0.07199624554243664,0.07383633688176952
443.9235168064204,2.0180683236531585,8.274248880605027,0.03140968397173809,0.07173233784027244,0.07199624554243664,0.07383633688176952
444.02351680642045,1.7339699235434938,7.970989598950508,-0.20713784687810213,-0.1812514737729595,-0.018706187793417733,-0.020829778526237984
444.1235168064204,1.7131626079167235,7.952760302680588,-0.20900846565744327,-0.1833344516255826,-0.018706187793417733,-0.020829778526237984
444.2235168064204,1.5690602971197727,8.08073903657493,-0.3131314414331187,-0.06486897645690277,-0.05563335880466873,0.02241107760312723
444.3235168064204,1.3169796397567288,7.993180602901244,-0.503979223132112,-0.13024501782360112,-0.12314402588530127,-0.002058607389010564
444.4235168064204,1.3362507193325215,7.746340894910122,-0.4579314367648956,-0.3228973263714565,-0.1020753381976758,-0.07106329098302626
444.5235168064204,1.2251165870427805,7.769159976271806,-0.5238713692444276,-0.28275598265184854,-0.12273790463426824,-0.053667321973312754
444.62351680642035,1.1150319788970484,7.98478039293203,-0.5834737999135089,-0.08744731888411043,-0.13980189866042128,0.0181988625111624
444.7235168064204,1.055985589412382,7.976126655356173,-0.5974539897795542,-0.08562743263299379,-0.13980189866042128,0.0181988625111624
444.8235168064204,1.3421580389108876,8.297488445095565,-0.32280474477484744,0.18912827228391463,-0.035342776540232344,0.1164962015684885
444.92351680642037,1.3097008505507126,8.316983753331792,-0.3263390224288695,0.2007778924407595,-0.035342776540232344,0.1164962015684885
445.02351680642033,1.523210753518192,8.061129130509473,-0.11805720372472443,-0.023049009762522065,0.043205245313392274,0.029816718741516632
445.12351680642035,1.511621059372284,8.058973313126929,-0.11373667919338422,-0.020067337888369723,0.043205245313392274,0.029816718741516632
445.2235168064204,1.222494021615802,7.977146542998939,-0.3402950684757306,-0.08292636720093541,-0.040173811988881425,0.006199590390908158
445.32351680642034,1.1866832540391559,7.780658073111574,-0.3456405047454847,-0.2390789959163683,-0.04065770519080667,-0.05053418036523112
445.4235168064203,0.7957273172807198,7.901594513643651,-0.6454739136537304,-0.12470205647771529,-0.14742950578335962,-0.007710557882595254
445.52351680642033,0.7291505636020627,7.757811249335861,-0.6613277318820914,-0.23730060964071256,-0.14784135557222225,-0.04888396522187596
445.62351680642035,0.9539565228991252,7.975602327720943,-0.4342792517182008,-0.04348514536934239,-0.060650380043187374,0.02227617002486435
445.7235168064203,0.9102253458271042,7.971365194034135,-0.4403442897225175,-0.04125752836685672,-0.060650380043187374,0.02227617002486435
445.8235168064203,1.0460312097605242,7.875257937052086,-0.2958191203173253,-0.1145627058131834,-0.005991928295349815,-0.004745743570061044
445.9235168064203,1.016419338087308,7.863777937752915,-0.29641831314686046,-0.1150372801701896,-0.005991928295349815,-0.004745743570061044
446.02351680642033,0.9530742044608551,8.286628634999948,-0.32660756182286976,0.2468966928399136,-0.017138202412954794,0.12660979246623216
446.1235168064203,0.9203277572665146,8.311951353246261,-0.32832138206416467,0.2595576720865325,-0.017138202412954794,0.12660979246623216
446.22351680642026,0.8266026251424882,8.209213249786952,-0.3805412085262228,0.1657403622394889,-0.0353778203894516,0.08841591884774144
446.3235168064203,0.8174346629478761,7.882145710897653,-0.35965635615993896,-0.1120025069314474,-0.026479133112817334,-0.015294923389967768
446.4235168064203,0.8135826902462324,8.018314140402858,-0.3355281720509898,0.007831131665969496,-0.01681299063025815,0.0282217252444635
446.5235168064203,0.881401383848354,8.207393354426436,-0.24999199117858542,0.17093501129102695,0.015522545196930033,0.08723533254512855
446.62351680642024,0.8708774725031643,8.35019339169308,-0.23650250401923437,0.28261656782874656,0.01982642685435375,0.12410681975383622
446.72351680642026,0.8473263542355073,8.379075582574732,-0.23451986133379854,0.295027249804133,0.01982642685435375,0.12410681975383622
446.8235168064203,0.8828764527475811,8.112816318350704,-0.18156115191680908,0.06274245573133858,0.03879596469934124,0.036130658436262404
446.92351680642025,0.8649143173794029,8.119271217216017,-0.17768155544687628,0.06635552157496358,0.03879596469934124,0.036130658436262404
447.0235168064202,1.022829755033248,8.207464604783242,-0.02598164265876071,0.13871695938876225,0.09276784778796507,0.06128658704097077
447.12351680642024,1.0206954300063114,8.221642733657326,-0.016704857879962093,0.14484561809286073,0.09276784778796507,0.06128658704097077
447.22351680642026,1.2822797186153492,8.216981990393279,0.21084374577015333,0.13495914407000134,0.1715940090537364,0.05554194218835929
447.32351680642023,1.0618054524795812,7.903282312971472,0.024292499836407813,-0.1322364955028538,0.09736952896431518,-0.043162345122015354
447.4235168064202,0.8543498907647592,7.971377929382656,-0.14065645596730744,-0.06944064130896431,0.03430810307051958,-0.019098256128827287
447.5235168064202,1.072334081594447,7.852957213575806,0.06211126085787378,-0.16623161950435544,0.10821147298180252,-0.054032243169681235
447.62351680642024,1.008469828494858,7.76394146569628,0.014383730779211215,-0.23091129448369893,0.08710217686308079,-0.07526041774684164
447.7235168064202,1.0103437124570935,7.740474034159184,0.023093948465516323,-0.23843733625838054,0.08710217686308079,-0.07526041774684164
447.8235168064202,0.9969252890703927,8.04121746684007,0.01807670732189804,0.02115429130234027,0.08206157689860298,0.020460851955127125
447.9235168064202,0.9991432676870762,8.043435200230082,0.026282865011760206,0.023200376497853448,0.08206157689860298,0.020460851955127125
448.0235168064202,0.833943448112422,7.841239476297285,-0.10170569891040035,-0.1447235598656031,0.03387548319757916,-0.040937173059871934
448.1235168064202,0.8239422556373732,7.826562434445431,-0.09831815059064358,-0.14881727717158888,0.03387548319757916,-0.040937173059871934
448.22351680642015,0.4880697236905965,7.805906875070109,-0.36587781197970615,-0.1574962201787123,-0.06397374240314108,-0.04258189831261772
448.3235168064202,0.4080460431961807,8.102419474687046,-0.4085070040481083,0.09850357034453623,-0.07717525092865449,0.05160176482885825
448.4235168064202,0.2549791691133584,8.150568510508267,-0.5090848373525934,0.13497528646645465,-0.11069772270864153,0.06282900705770901
448.52351680642016,0.22256468607909133,7.668616305576604,-0.5037802112263334,-0.28106321839301673,-0.10462697924745981,-0.09266415578369104
448.6235168064201,0.18878698841427713,7.604805956054112,-0.5000457068038209,-0.3192934969089455,-0.09950828209096091,-0.10303673936447266
448.72351680642015,0.13828487632342865,7.572361422666388,-0.5099965350129192,-0.3295971708453951,-0.09950828209096091,-0.10303673936447266
448.8235168064202,0.056980334709009435,7.901895610519808,-0.5468516284523368,-0.04060019979929799,-0.10980809176467222,0.004463438864349415
448.92351680642014,0.0017461314049714155,7.897857907734201,-0.5578324376288003,-0.040153855912863204,-0.10980809176467222,0.004463438864349415
449.0235168064201,-0.25179719568382974,8.064317259147815,-0.7281907393449999,0.09694457152546251,-0.16611739996253205,0.052444301867711075
449.1235168064201,-0.3254468566181593,8.074273937809702,-0.7448024793412569,0.10218900171223481,-0.16611739996253205,0.052444301867711075
449.22351680642015,-0.09386883842585511,8.188497540239062,-0.5065150611039677,0.19284737269372554,-0.07406372918942376,0.08308237172908187
449.3235168064201,0.36450471445941507,8.259136834381568,-0.08585975313503443,0.24358240701579736,0.08190580997364642,0.09843602645823127
449.4235168064201,0.11491124624416865,8.241076521457039,-0.27813415866176594,0.21810588668964503,0.009538164603404994,0.08577144398382537
449.5235168064201,0.21395141655048952,8.32676175074243,-0.16817016163271878,0.28072995458743916,0.049953258021805856,0.10567080727923459
449.6235168064201,0.15705577149960379,8.456357504495443,-0.19661144512056958,0.3743029775721664,0.03789793383119545,0.13539702424194525
449.7235168064201,0.1375841166567094,8.494464787373857,-0.19282165173745133,0.3878426799963563,0.03789793383119545,0.13539702424194525
449.82351680642006,0.5161708927132996,8.238115682959775,0.144975584159266,0.1548400749146664,0.15955194459144728,0.04613202305244235
449.9235168064201,0.5314662108521871,8.253830350566506,0.16093077861841437,0.15945327721991168,0.15955194459144728,0.04613202305244235
450.0235168064201,0.4080995946535746,8.061966828867094,0.06226477847733304,-0.011051478727854743,0.11868534459331338,-0.01777087125218915
450.12351680642007,0.4149194992242719,8.060772826638049,0.07413331293666033,-0.012828565853073052,0.11868534459331338,-0.01777087125218915
450.22351680642004,0.1418158170008194,8.052049126380517,-0.14748598983862898,-0.02065874112139842,0.03436410694282087,-0.019942120297485794
450.32351680642006,0.1540328085953657,7.942016691162378,-0.12153389340072972,-0.11249437047710394,0.04256797401657629,-0.05245445200026395
450.4235168064201,0.3634963314407074,8.21152927663266,0.06656977616543022,0.113573233070942,0.10893649790655584,0.03048645920780025
450.52351680642005,0.23453183963236188,8.239031419812799,-0.039593409348201596,0.13024515388370103,0.06553813906149972,0.035502369065309625
450.62351680642,0.24207478832963905,7.869553271106811,-0.023774642126265406,-0.18072429790231562,0.06887855001237926,-0.07713391034941072
450.72351680642004,0.240041716867074,7.851095171764828,-0.016886787125025914,-0.18843768893725843,0.06887855001237926,-0.07713391034941072
450.82351680642006,0.4842953908294577,7.447200277876379,0.19421802322057544,-0.5134018540788471,0.14270829061995463,-0.191106746149292
450.92351680642,0.5044307346046079,7.394904558737766,0.20848885228256603,-0.5325125286937697,0.14270829061995463,-0.191106746149292
451.02351680642,0.42617940852755926,7.716437339583056,0.13658797167391576,-0.23121728988196705,0.11066016517406144,-0.07304691256126887
451.12351680642,0.4403915065208245,7.692950376032047,0.14765398819132441,-0.23852198113809558,0.11066016517406144,-0.07304691256126887
451.22351680642004,0.3569759987889948,7.676580857613759,0.07671224817787296,-0.23936527606954486,0.08104408062969187,-0.07072920294436548
451.32351680642,0.0742653417120408,7.675302447979153,-0.15954130469404137,-0.22727188639851298,-0.007990748366892897,-0.06379318784506369
451.42351680641997,-0.29840894724742556,7.792521739334238,-0.45651623266754915,-0.11819774248980122,-0.11490991404602668,-0.02239554318243534
451.52351680642,-0.1901514300086834,7.823919227557244,-0.3352035014718443,-0.08352685131652872,-0.06567345899933222,-0.008805604723881984
451.62351680642,-0.22241196870134128,7.990199698586521,-0.3404540751050725,0.059157416089900834,-0.06519870641833157,0.042608054415568884
451.72351680642,-0.25678336974392835,7.996328480467587,-0.34697394574690343,0.06341822153145626,-0.06519870641833157,0.042608054415568884
451.82351680641995,-0.02699874511651701,7.975679572365777,-0.12972640674752162,0.04490588409693786,0.016666607235424166,0.0343358835987296
451.92351680641997,-0.03988805275509496,7.980341840193466,-0.12805974602397882,0.048339472456811604,0.016666607235424166,0.0343358835987296
452.02351680642,0.10243740819027772,7.683592795855618,0.0023547508420369194,-0.19787132055822576,0.06315697432620256,-0.05555900874115013
452.12351680641996,0.10298866814611213,7.663527868756097,0.008670448274655022,-0.20342722143233888,0.06315697432620256,-0.05555900874115013
452.2235168064199,0.015385452066428032,7.550500770207803,-0.058758756075091456,-0.28506391594540825,0.03652491733192351,-0.08284926896016113
452.32351680641995,-0.03838342625788295,7.475272249035343,-0.09550579432691342,-0.33191829994125943,0.0218048516135946,-0.09680700716320267
452.42351680641997,-0.1515663139777501,7.6662076721663155,-0.17946879922501857,-0.15671988944486095,-0.00929285600942354,-0.030515710453775546
452.52351680641993,-0.030036344495468825,7.519792350690934,-0.06045522588860777,-0.2710164969949487,0.035175484686225895,-0.07147466339478112
452.6235168064199,-0.03727763279177838,7.372158147408645,-0.05807491819662896,-0.37693432736744215,0.03476546086693583,-0.10684645956869976
452.7235168064199,-0.04291129730710783,7.333930482374048,-0.05459837210993459,-0.38761897332431455,0.03476546086693583,-0.10684645956869976
452.82351680641995,-0.6780035637172336,7.422675874582119,-0.5772649433754123,-0.29406080434944304,-0.1561125914127836,-0.06976352097115701
452.9235168064199,-0.7365106210118185,7.392920976542329,-0.5928762025166854,-0.3010371564465564,-0.1561125914127836,-0.06976352097115701
453.0235168064199,-0.7771874138751982,7.661739384209434,-0.5902971888206785,-0.06124670714094042,-0.14895253134654757,0.018863993011549996
453.1235168064199,-0.8369618954140126,7.655709033460396,-0.6051924419553366,-0.05936030783978499,-0.14895253134654757,0.018863993011549996
453.2235168064199,-0.8965351582338725,7.4895287283437755,-0.6186833780994552,-0.18948493335319155,-0.1484453796760435,-0.028488499603919328
453.3235168064199,-1.180237474451235,7.68143995829933,-0.8193185826796786,-0.016591805637794322,-0.216140494530212,0.03511002368704204
453.42351680641985,-1.1570991687935341,7.895500641111664,-0.7527883420986553,0.16433521793055425,-0.18432050025989705,0.09872531275460958
453.5235168064199,-1.5111249808439564,7.495024502913449,-1.0100562463160692,-0.18136140431615283,-0.27286794884179216,-0.03219055265365353
453.6235168064199,-1.2924037568554139,7.570332678767984,-0.7711236549712484,-0.1076475481519784,-0.17688450210597223,-0.004639218923202151
453.72351680641987,-1.3704005448630416,7.5595447278581736,-0.7888121051818395,-0.10811147004429845,-0.17688450210597223,-0.004639218923202151
453.82351680641983,-1.000140233330905,7.494613933514049,-0.43051120940956566,-0.15325388035987056,-0.040470763485192685,-0.020706954002505024
453.92351680641985,-1.0433937080892974,7.479185010708046,-0.43455828575808586,-0.15532457576012154,-0.040470763485192685,-0.020706954002505024
454.0235168064199,-0.7831081076126141,7.6518878723043295,-0.18344560134710058,-0.005017342808345824,0.052452095924892195,0.033197476932640704
454.12351680641984,-0.8011904072676935,7.651552125408158,-0.17820039175461316,-0.0016975951150828856,0.052452095924892195,0.033197476932640704
454.2235168064198,-0.8562379568505805,7.563417759805999,-0.20409385319606205,-0.07093810662299056,0.04120675093617259,0.007170036097099996
454.32351680641983,-0.76888129294781,7.308417642504975,-0.1095869613475866,-0.276730097011978,0.07414008088224314,-0.06756263300287238
454.42351680641985,-0.4771488402358089,7.130584194677445,0.14886429396137243,-0.40680640343743996,0.16476425818419607,-0.11178096310737164
454.5235168064198,-0.49954562381551254,6.944163811724925,0.13258155921466702,-0.5416582446959862,0.15261892893475618,-0.15731600231913087
454.6235168064198,-0.5834006545892212,6.909029863759605,0.0666934097248422,-0.5411013221204913,0.12336087646517911,-0.15148273123262268
454.7235168064198,-0.5761145092344093,6.8541623178913795,0.07902949737136292,-0.5562495952437571,0.12336087646517911,-0.15148273123262268
454.82351680641983,-0.07653731492853785,7.055155581706244,0.4983426559344814,-0.3593150540710855,0.2701307576294529,-0.07534191174905075
454.9235168064198,-0.02535239554696036,7.0188473667404025,0.5253557316974174,-0.366849245245988,0.2701307576294529,-0.07534191174905075
455.02351680641976,-0.20228050784307353,7.145660714604926,0.36028910025348937,-0.23960392631389052,0.20065317356342335,-0.02703251096215216
455.1235168064198,-0.16524833194989882,7.12156515941872,0.3803544176098363,-0.24230717741010635,0.20065317356342335,-0.02703251096215216
455.2235168064198,-0.22480105925184993,6.96716018387656,0.3185305639621356,-0.3520750707069073,0.17107991471184414,-0.06543671005312109
455.3235168064198,-0.10674833120631985,6.949046624963221,0.40735615273082104,-0.34410882363531736,0.1972111035096244,-0.06018577698085244
455.42351680641974,-0.10245224871558425,6.831251470266045,0.39600024956573465,-0.41851387834066106,0.18599233492419312,-0.08470681782999925
455.52351680641976,-0.12200145785124918,6.982999497309248,0.3629516952252669,-0.2617041755410328,0.16684412180106456,-0.023852763510865765
455.6235168064198,-0.050697721182800415,7.121167373614133,0.40797034356482303,-0.12892399756316802,0.17705982279013893,0.02455289892732008
455.72351680641975,-0.009015387712381931,7.1083977383524575,0.42567632584383086,-0.12646870767043686,0.17705982279013893,0.02455289892732008
455.8235168064197,-0.30977079762771714,7.251769743148605,0.15689182739587634,0.004761685330763217,0.07341084269150269,0.07086966336824138
455.92351680641974,-0.2937145606746683,7.252600259998523,0.1642329116650283,0.011848651667588967,0.07341084269150269,0.07086966336824138
456.02351680641976,-0.6316430721950931,6.937554779698408,-0.11853077463463667,-0.2404075785298898,-0.030085742048743813,-0.0217955054319974
456.12351680641973,-0.6436465783687964,6.913405044318267,-0.12153934883951002,-0.2425871290730888,-0.030085742048743813,-0.0217955054319974
456.2235168064197,-0.33624446653601775,7.097439587662295,0.14099743853523009,-0.07318358338641012,0.06581267307188625,0.039751530571839874
456.3235168064197,-0.28839364485437113,7.0096249988895964,0.1756643232577728,-0.1364186257407202,0.07604601326785417,0.01542911634389773
456.42351680641974,-0.2161892252021963,7.134975441464377,0.22832283374986334,-0.020533681499545296,0.0923104262087458,0.05642824036702541
456.5235168064197,-0.30536728543382513,7.005588153553474,0.14086608729375755,-0.12360187204751313,0.056463810713027376,0.016402280823614987
456.6235168064197,-0.49012825946557803,6.750098887719366,-0.018587796488036466,-0.32185356712548485,-0.003061878614369476,-0.055183325163185595
456.7235168064197,-0.49200234850745395,6.717637614380994,-0.018893984349473484,-0.3273718996418047,-0.003061878614369476,-0.055183325163185595
456.8235168064197,-0.623522457836136,7.0170991221089665,-0.12625061856743267,-0.05963883931834159,-0.04156703729366325,0.0427250279640006
456.9235168064197,-0.6363553548793431,7.011348863316954,-0.13040732229679758,-0.055366336521942984,-0.04156703729366325,0.0427250279640006
457.02351680641965,-0.7582226971149191,7.1384122039028535,-0.21864056649650107,0.055731701926816264,-0.0701935293636734,0.08043367733190865
457.1235168064197,-0.7804377214113927,7.144387542482196,-0.22565991943287,0.06377506966000895,-0.0701935293636734,0.08043367733190865
457.2235168064197,-0.8040081442423136,7.040893804106432,-0.2332220331385608,-0.018972594047818064,-0.07038954068640182,0.0478668394340799
457.32351680641966,-0.7572934535285386,6.988409267603904,-0.18111092964944836,-0.05651897883919159,-0.0488374895903602,0.03254710368560762
457.4235168064196,-0.8302729508164791,7.021436209389039,-0.23135288413693633,-0.021561395649550567,-0.06521175319234673,0.043914664547070624
457.52351680641965,-0.9919118825441191,6.989444124039787,-0.35666004650048255,-0.042773022969592546,-0.10925118820793939,0.03448794362528063
457.6235168064197,-0.9790080958591467,7.225245837395565,-0.3268626402764848,0.15785175886858363,-0.09456898054097744,0.1051009145063925
457.72351680641964,-1.0121672047894887,7.241556517854949,-0.3363195383305793,0.1683618503192193,-0.09456898054097744,0.1051009145063925
457.8235168064196,-1.115145489161667,7.202616310497771,-0.4022398647603298,0.1304371083630483,-0.11476409689350679,0.08716118281397238
457.9235168064196,-1.155943296122177,7.216095827248149,-0.41371627444968306,0.13915322664444754,-0.11476409689350679,0.08716118281397238
458.02351680641965,-1.3493123374920644,7.2137242141851035,-0.5465998641770489,0.12821267404964967,-0.1573767372184491,0.07844713925493292
458.1235168064196,-1.4047592075958424,7.226937717286339,-0.5623375378988884,0.13605738797514028,-0.1573767372184491,0.07844713925493292
458.2235168064196,-1.2663490143313854,7.112042853434911,-0.415752097759914,0.03778120346229383,-0.09875575711885402,0.040381462038141615
458.3235168064196,-0.9194722999070758,6.943860498698523,-0.09878381366857236,-0.10157329016756879,0.020333823817383342,-0.011510295781037037
458.4235168064196,-1.0219912887701568,6.960449479934681,-0.17376065650463896,-0.08066187500113953,-0.007466784982576,-0.0035994611761877883
458.5235168064196,-0.9686237079377337,6.976873581191953,-0.11365963203277687,-0.06014419314961238,0.01509226030111661,0.004087405657389629
458.62351680641956,-0.9659926778382013,6.995036788865075,-0.10060794753897086,-0.039880983124654566,0.01925380902543674,0.011197719097341166
458.7235168064196,-0.9759572035469735,6.991104679148096,-0.09868256663642674,-0.038761211214920196,0.01925380902543674,0.011197719097341166
458.8235168064196,-0.805488216661137,7.342356207383596,0.055049922676328994,0.2555846434503225,0.07465944840822372,0.11664284352902486
458.92351680641957,-0.7996099271514652,7.368497885946264,0.06251586751714883,0.267248927803221,0.07465944840822372,0.11664284352902486
459.02351680641954,-1.1420850580146205,7.697286681099436,-0.23018770759036444,0.5317892125513034,-0.036644906278907485,0.2086731427090637
459.12351680641956,-1.1652870533050568,7.751508968068124,-0.23385219821825604,0.5526565268222146,-0.036644906278907485,0.2086731427090637
459.2235168064196,-1.0532498118451605,7.827320890063109,-0.12488380950453265,0.5895810998103302,0.004031061680322544,0.21443289819841985
459.32351680641955,-1.1687095183731884,7.796017873750814,-0.21102783030359046,0.5349536389340201,-0.0275034486756357,0.18690397497874672
459.4235168064195,-1.384521950295243,7.628384739918875,-0.3753446605562381,0.37086242441540945,-0.08582877680799364,0.12136476940958871
459.52351680641954,-1.4302693404522955,7.183483226825034,-0.3906189565237475,-0.02810410528657963,-0.08830959367985006,-0.02999792713897992
459.62351680641956,-1.1678630385125608,7.109858547093994,-0.14913402410687873,-0.08918191878226396,0.001939964801199942,-0.05079691814595291
459.7235168064195,-1.1827667410992375,7.100686370625041,-0.14894002762675881,-0.09426161059685752,0.001939964801199942,-0.05079691814595291
459.8235168064195,-1.1095643619174052,6.582982380943961,-0.07452795357991146,-0.5185806613790216,0.02903496938487104,-0.20147657973486424
459.9235168064195,-1.1168719824284736,6.530116931907372,-0.0716244566414237,-0.5387283193525126,0.02903496938487104,-0.20147657973486424
460.02351680641954,-1.443130391455503,6.622384842927825,-0.33347412491972733,-0.4343027814307345,-0.0664711619025452,-0.15582186052627453
460.1235168064195,-1.4768101597569767,6.5781754554821354,-0.3401212411099796,-0.4498849674833566,-0.0664711619025452,-0.15582186052627453
460.22351680641947,-1.2254095715682083,6.433441398318946,-0.10943103928270036,-0.54694886223384,0.019240268007106445,-0.1850494346234519
460.3235168064195,-1.3372841091725358,6.344017011165902,-0.1924038552082589,-0.5936090920972389,-0.011692940985004566,-0.19523843250331238
460.4235168064195,-1.2116206166514403,6.499657559693128,-0.07320104857278258,-0.4353602317485057,0.0317612584212453,-0.131495249383153
460.5235168064195,-1.0317691349866918,6.646066179314674,0.09074281512048099,-0.286143440199197,0.09136526155217448,-0.07171411644298523
460.62351680641945,-1.0395728682509036,6.518498294115844,0.08550687974140872,-0.37434873185201106,0.08618337598148068,-0.10073409541041486
460.72351680641947,-1.030591263396853,6.4805597504535815,0.09412521733955875,-0.38442214139305486,0.08618337598148068,-0.10073409541041486
460.8235168064195,-0.9858152280672755,6.5685796795583595,0.13332148165646218,-0.28928079216017144,0.09765225329355284,-0.06280057480038438
460.92351680641946,-0.9719948186351665,6.53933759746835,0.14308670698581413,-0.29556084964020773,0.09765225329355284,-0.06280057480038438
461.0235168064194,-1.2290180323246955,6.543135687017062,-0.07890329720817474,-0.267899368261103,0.012254206141861054,-0.048867994344104757
461.12351680641945,-1.2368470910148055,6.516101410219226,-0.07767787659398835,-0.27278616769551456,0.012254206141861054,-0.048867994344104757
461.22351680641947,-1.5241338898843744,6.258668367985077,-0.30866935755817165,-0.4669640491308831,-0.07160804885337199,-0.11676690335732576
461.32351680641943,-1.4248010789246583,6.343069843537701,-0.20611816231156238,-0.3689641163464479,-0.031633132000853006,-0.07707649266415051
461.4235168064194,-1.596633576465247,6.452120930230623,-0.33471896504392584,-0.2562241551506544,-0.07691593133656896,-0.03388811821385303
461.5235168064194,-1.5927442121725561,6.718519311910075,-0.3099619021253994,-0.010707798125973802,-0.06488572040755944,0.05775547702294925
461.62351680641945,-1.4448871025729038,6.565088162413517,-0.1678927229324972,-0.13039253092414602,-0.011324313010783287,0.012825446509925481
461.7235168064194,-1.4617329964312016,6.552113036553656,-0.16902515423357514,-0.1291099862731539,-0.011324313010783287,0.012825446509925481
461.8235168064194,-1.335163584618854,6.5013591666153925,-0.050773735237217836,-0.16076376690899025,0.03184648012743182,0.0005418821388974288
461.9235168064194,-1.3400817257419397,6.485285499335185,-0.04758908722447393,-0.1607095786951005,0.03184648012743182,0.0005418821388974288
462.0235168064194,-1.8831015507379631,6.55219417430035,-0.49589524268814184,-0.08430324729615661,-0.1324320584099141,0.03020053461990329
462.1235168064194,-1.9333532352988096,6.543914852243837,-0.5091384485291287,-0.08128319383416731,-0.1324320584099141,0.03020053461990329
462.22351680641935,-1.8806644735282092,6.44069712018293,-0.4357802641617062,-0.1566771048282681,-0.10115704001445738,0.0020733635895046863
462.3235168064194,-1.9576923995705178,6.397691594585923,-0.4735799904679402,-0.17924784546497707,-0.11124405409173431,-0.006169698651461603
462.4235168064194,-1.9859676025984805,6.427087673341001,-0.4683967838290661,-0.14088929249370732,-0.10535702361328612,0.007805584612322551
462.52351680641937,-2.064327289873235,6.696128159946776,-0.5055761758286187,0.10104463693893831,-0.1152350661972213,0.09659507026966052
462.62351680641933,-1.98236524559902,6.741349311459584,-0.4067488121353283,0.13916912634138676,-0.07544886943305652,0.1067889939687117
462.72351680641935,-2.0234173711597276,6.755800169063569,-0.41429369907863567,0.14984802573826037,-0.07544886943305652,0.1067889939687117
462.8235168064194,-2.0666971527256477,6.503911228619005,-0.42429380726847005,-0.06175095537335832,-0.07666927138780394,0.026467434354755418
462.92351680641934,-2.109509879809419,6.4978684702534455,-0.4319607344072478,-0.05910421193788368,-0.07666927138780394,0.026467434354755418
463.0235168064193,-1.7919282187545567,6.337437996021807,-0.13337683699889252,-0.17839425680249266,0.03571647567555351,-0.015752691877149283
463.12351680641933,-1.805087320076071,6.319519806882168,-0.12980518943133637,-0.17996952599020793,0.03571647567555351,-0.015752691877149283
463.22351680641935,-1.4263050854627106,5.9138138500585145,0.19901279600125824,-0.5006910715731001,0.15317515821291844,-0.13023079488020228
463.3235168064193,-1.409242377241036,5.8236525405246455,0.21130137637912666,-0.5465642776078817,0.15207152832414894,-0.1421187886647617
463.4235168064193,-1.7053003713168244,6.097132719140685,-0.037505744176228026,-0.29009974204392863,0.056762658478607245,-0.04506352707487998
463.5235168064193,-1.5209239861471475,5.9320162701124275,0.12965209348479056,-0.41035781400570137,0.11663131272845073,-0.08768178107290917
463.62351680641933,-1.3777691257836113,5.806517986784225,0.24877305186251145,-0.48818426385427427,0.1553744439871092,-0.11241303660761207
463.7235168064193,-1.3521149483774335,5.757137495215777,0.26431049626121705,-0.49942556751503164,0.1553744439871092,-0.11241303660761207
463.82351680641926,-1.2767962367483248,5.693554205324681,0.31868793693300634,-0.5209492780967586,0.16910110907121198,-0.1159710361482265
463.9235168064193,-1.2440819375096603,5.640879422334251,0.33559804784013136,-0.5325463817115839,0.16910110907121198,-0.1159710361482265
464.0235168064193,-1.1355736031942316,5.6019288845694,0.4205696448655564,-0.5302792269599932,0.19552745049868242,-0.11054292749604894
464.1235168064193,-1.0925390014551974,5.548348247235939,0.440122389915418,-0.5413335197095943,0.19552745049868242,-0.11054292749604894
464.22351680641924,-1.5046029097635174,5.586222124672871,0.08005031717509778,-0.47618075124770465,0.058430654117145375,-0.0832073749667536
464.32351680641926,-1.6500047569663694,5.63673735236894,-0.04326496662148042,-0.4024205499444637,0.01137022076253369,-0.053503450115958265
464.4235168064193,-1.8839719832922535,5.82683140894763,-0.23286148131476692,-0.2179594465268641,-0.05748438167196633,0.01455641324086665
464.52351680641925,-1.8122601500712199,6.042588450586285,-0.1566967009647522,-0.014203924213481713,-0.02711537979246371,0.0890405571250104
464.6235168064192,-1.7396445593525995,6.115099921610341,-0.08609778384865324,0.05509782933382794,-0.0006838330088211331,0.1106702744810514
464.72351680641924,-1.748257756902511,6.1211630559161305,-0.08616616714953537,0.0661648567819356,-0.0006838330088211331,0.1106702744810514
464.82351680641926,-1.7671546547844799,6.297203273802264,-0.09143148458590893,0.2156277019389262,-0.001656958693442484,0.16015208686041849
464.92351680641923,-1.776306088036535,6.31956680443045,-0.09159718045525311,0.2316429106249626,-0.001656958693442484,0.16015208686041849
465.0235168064192,-2.113148221945847,6.443039313606702,-0.3747075533884885,0.3332338466494965,-0.10690202716122976,0.19188105264093763
465.1235168064192,-2.151153487420511,6.477322103534864,-0.3853977561046139,0.35242195191359466,-0.10690202716122976,0.19188105264093763
465.22351680641924,-2.1208654318244524,6.7172824950538415,-0.3384762135873532,0.539370083646767,-0.08609625963680001,0.2520567495246523
465.3235168064192,-1.7643768853661614,6.8600879424303125,-0.018711778856398176,0.6375438743960349,0.03355086881775694,0.2784628732827643
465.4235168064192,-1.7555432837947225,7.009881647525516,-0.006607082770581073,0.7350636980058939,0.03670946836666347,0.3034454093634632
465.5235168064192,-1.68816977824679,6.809872999506191,0.05539248817819279,0.5311192775262547,0.05833457512421631,0.21718330862847024
465.6235168064192,-1.4566107956057253,6.742128121743966,0.24837896644547253,0.4526145255344931,0.12581122381434529,0.18129126253384398
465.7235168064192,-1.431143842842115,6.788296030610068,0.26096008882690275,0.4707436517878713,0.12581122381434529,0.18129126253384398
465.82351680641915,-1.8710055653176225,6.6599936391750125,-0.11650418811789144,0.34492508234420244,-0.015761384981074072,0.12996645181420474
465.9235168064192,-1.8827347910543197,6.695135979668512,-0.11808032661599921,0.35792172752562584,-0.015761384981074072,0.12996645181420474
466.0235168064192,-1.6250220174034493,6.264824673308448,0.10920357690505657,-0.02198949319762094,0.06829336286352627,-0.01341551411392325
466.12351680641916,-1.61376019289863,6.262558646418117,0.11603291319140686,-0.023331044609012808,0.06829336286352627,-0.01341551411392325
466.2235168064191,-1.6818600615913049,6.151072494134013,0.05637789271060703,-0.1144859736979508,0.04428336168572773,-0.045631666584685565
466.32351680641915,-1.6899970923977445,5.919722023519404,0.049044730933837655,-0.30201358035483467,0.03999791522717464,-0.11184389631233077
466.4235168064192,-1.2106862533447484,5.981823863602885,0.44681035588004636,-0.2367622691286978,0.1821469592383739,-0.08443668036731022
466.52351680641914,-1.417995575248096,5.5365361591497235,0.24761565092138854,-0.6040002390155536,0.10154328350031232,-0.2165400027871141
466.6235168064191,-1.3444681487356787,5.666746455145702,0.2977812103757024,-0.4681043249328367,0.1159690393550359,-0.16011798275538378
466.7235168064191,-1.3141101825013264,5.619135432738631,0.3093781143112086,-0.4841161232083787,0.1159690393550359,-0.16011798275538378
466.82351680641915,-1.7099044640978647,5.804062322432311,-0.03379962836364543,-0.30769620557715716,-0.01214538822628887,-0.09116816391942366
466.9235168064191,-1.7133451538753595,5.772836861055009,-0.035014167186273905,-0.3168130219690964,-0.01214538822628887,-0.09116816391942366
467.0235168064191,-1.8706715995925867,6.098781186877125,-0.15924828349815792,-0.023901054098585853,-0.05524640565849892,0.019215345296743583
467.1235168064191,-1.8868726599706986,6.09648715819375,-0.16477292406400906,-0.021979519568911057,-0.05524640565849892,0.019215345296743583
467.2235168064191,-1.779132683162583,6.4182549587443125,-0.06689436718854253,0.24659252411290916,-0.017903622888569462,0.11486316170661014
467.3235168064191,-2.04886419360184,6.473518229970901,-0.28965240583841384,0.2830903342447671,-0.09841591396888807,0.12391446579610987
467.42351680641906,-1.7780212515686897,6.440148987322377,-0.05013424817601807,0.24420398914555794,-0.008397311706032917,0.10552801163972608
467.5235168064191,-1.7861462444038037,6.357522245724631,-0.05361278117986284,0.1631181403518537,-0.009375637051856171,0.07178787123322702
467.6235168064191,-1.7796833861134806,6.398462187168815,-0.0447079875313159,0.19024344666043902,-0.005827047310895091,0.07893114966403822
467.72351680641907,-1.7841833201031652,6.417881187583172,-0.04529069226240521,0.19813656162684015,-0.005827047310895091,0.07893114966403822
467.82351680641904,-2.119223784518325,6.055122545524246,-0.3224364264527953,-0.10973684515147451,-0.10628891992959921,-0.03448596702147297
467.92351680641906,-2.15199887176326,6.043976431173989,-0.33306531844575765,-0.11318544185362259,-0.10628891992959921,-0.03448596702147297
468.0235168064191,-2.076283216005956,6.405857302553415,-0.2405648896467331,0.1914888293628357,-0.06560446061848482,0.07624989393825889
468.12351680641905,-2.1006677272737133,6.425387434959384,-0.24712533570857934,0.19911381875665898,-0.06560446061848482,0.07624989393825889
468.223516806419,-2.040412632540659,6.419146474693786,-0.18283997124575327,0.18489299719076868,-0.04001937448917128,0.06841377870771496
468.32351680641904,-2.002977324072581,6.216866787626902,-0.13985099659748318,0.00757278569666163,-0.022897657615444694,0.0017683176435766002
468.42351680641906,-2.1437028041272472,6.152366159289554,-0.2472868599689083,-0.04597189650359912,-0.0608552862060355,-0.017494371356543668
468.523516806419,-2.2026481697991795,5.9830820222698415,-0.2825255852209652,-0.1879370388419086,-0.07166371858509345,-0.06911994182183112
468.623516806419,-2.239399859026606,5.907738768530741,-0.29644157239907476,-0.24104230357893955,-0.07409724287381406,-0.08566274761859016
468.723516806419,-2.2694145024808896,5.883206224434749,-0.30385129668645783,-0.24960857834080052,-0.07409724287381406,-0.08566274761859016
468.82351680641904,-2.197549925060633,6.044338114274082,-0.22665912206093144,-0.10204322471616609,-0.04370830057890287,-0.028952069682074352
468.923516806419,-2.2204343787696126,6.033989031454059,-0.23102995211882024,-0.10493843168437253,-0.04370830057890287,-0.028952069682074352
469.02351680641897,-2.6182420265666306,5.9703463015705305,-0.5460564241187195,-0.15914298953352443,-0.15579772516025608,-0.04952388888921404
469.123516806419,-2.6736266576043164,5.954184383172729,-0.5616361966347486,-0.16409537842244695,-0.15579772516025608,-0.04952388888921404
469.223516806419,-2.64723518611651,5.726568402662884,-0.507999421951456,-0.34273577155859697,-0.1308010272813939,-0.11182595759952216
469.323516806419,-2.5191065621223006,5.912376373399328,-0.37017038668189073,-0.17014855194104148,-0.07581542646754141,-0.045322273971772145
469.42351680641895,-2.8236667797623687,6.0053253946156335,-0.5995964688812483,-0.08398222357228698,-0.15590106757646593,-0.012800888337891711
469.52351680641897,-2.630885230156998,5.838347566823891,-0.3972445201185885,-0.22029540840846668,-0.07509991223754925,-0.06251829055572428
469.623516806419,-2.5080050971762584,5.626596872109123,-0.26962636192628475,-0.38221958694529323,-0.02638044925736706,-0.11826791413640769
469.72351680641896,-2.5350996356151643,5.587783573843924,-0.2722644068520206,-0.39404637835892997,-0.02638044925736706,-0.11826791413640769
469.8235168064189,-2.451107656060596,5.074257977763553,-0.18074486308966076,-0.7967617022532113,0.008084305911966419,-0.258788955075318
469.92351680641895,-2.4691417208400064,4.993287862762836,-0.17993643249846394,-0.8226405977607489,0.008084305911966419,-0.258788955075318
470.02351680641897,-2.2434309690701344,5.118855923925703,0.03205206686073076,-0.6642075424735816,0.08684744227694487,-0.18924458689631088
470.12351680641893,-2.2397915251726777,5.051488946743887,0.04073681108842229,-0.6831320011632063,0.08684744227694487,-0.18924458689631088
470.2235168064189,-2.4646623637271414,5.2895463567331165,-0.14109840475553154,-0.44903434593139346,0.018043520750927758,-0.09848529010386663
470.3235168064189,-2.707245966364916,5.563709159080268,-0.3313638783276171,-0.19272507851447068,-0.05193948293956552,-0.0021665674001370705
470.42351680641895,-2.765340483120306,5.668089502239814,-0.3570666155188097,-0.09115329823372394,-0.0593431337597074,0.03433126859589732
470.5235168064189,-2.7953380095343663,5.15623282306256,-0.35783792855403784,-0.516131632162729,-0.057428971797936816,-0.12340417213175311
470.6235168064189,-2.9148482321910185,5.201282029262108,-0.4327610338170298,-0.4485194271350415,-0.08237138832059163,-0.09477141487544016
470.7235168064189,-2.9585361925143343,5.155956229474216,-0.4409981726490908,-0.4579965686225877,-0.08237138832059163,-0.09477141487544016
470.8235168064189,-2.8231650813325273,5.5919147860753045,-0.29929864804901496,-0.06817737717586238,-0.028067338190259146,0.04910200914320545
470.9235168064189,-2.85323528282837,5.585342558403436,-0.3021053818680399,-0.0632671762615435,-0.028067338190259146,0.04910200914320545
471.02351680641885,-3.067387559971905,5.384553541898671,-0.4617086441229859,-0.2250353567097921,-0.08586819323853742,-0.01248957499691418
471.1235168064189,-3.113987765350407,5.361987558352702,-0.4702954634468416,-0.2262843142094838,-0.08586819323853742,-0.01248957499691418
471.2235168064189,-3.201052390615428,5.686444396105569,-0.5117784572745627,0.05828266730661696,-0.09774823881601377,0.09003290114206847
471.32351680641887,-3.001770074335908,5.517705361946414,-0.3106726685000141,-0.07848465768842114,-0.020911293480942617,0.03728058787705406
471.42351680641883,-2.8023114782420393,5.562416384775076,-0.12125566165454939,-0.031647948363936626,0.04822293851578445,0.052737868717125665
471.52351680641885,-2.8406461954245477,5.399628995967889,-0.13917165006620372,-0.16257488690368752,0.03979281027410345,0.002590560774761788
471.6235168064189,-2.9371482658412265,5.501224626946622,-0.20382916667238005,-0.06546458289589513,0.015046316402630915,0.03727508010929546
471.72351680641884,-2.9574559509264446,5.494864544057582,-0.20232453503211748,-0.06173707488496685,0.015046316402630915,0.03727508010929546
471.8235168064188,-2.9451974121789095,5.364930556600661,-0.17504177587484077,-0.15881776799500524,0.02404771747617682,0.001441511299069876
471.92351680641883,-2.9625813511790167,5.349055987357652,-0.17263700412722255,-0.15867361686509823,0.02404771747617682,0.001441511299069876
472.02351680641885,-2.6229782808744275,5.384922842474192,0.135102223232759,-0.11847583716011273,0.1368815116016749,0.015094427359860971
472.1235168064188,-2.608783650993148,5.3731507308949835,0.1487903743929218,-0.11696639442412715,0.1368815116016749,0.015094427359860971
472.2235168064188,-2.910611996658282,5.052874976293123,-0.10114427940052272,-0.36958047423232826,0.041677403970766635,-0.07605994585706474
472.3235168064188,-3.0040769662540523,4.89485360462002,-0.16719385355325003,-0.477702372632848,0.016092861647588302,-0.11243522246669822
472.42351680641883,-2.9281348371039946,5.113242158749337,-0.08870821944029739,-0.26940601414650434,0.04384514089665282,-0.03371576477477364
472.5235168064188,-3.301584566768977,5.182579329840533,-0.39792671478690195,-0.19061880412841212,-0.07242193486216933,-0.0034659848700222713
472.62351680641876,-3.1189136877593038,5.30225218305258,-0.2204222922517147,-0.07692694811272197,-0.00581289774543968,0.037373643576737545
472.7235168064188,-3.1409849814732076,5.29474635645919,-0.2210035820262588,-0.07318958375504736,-0.00581289774543968,0.037373643576737545
472.8235168064188,-2.8369675721229224,5.238438097284784,0.04993517676322672,-0.10916633333120725,0.09243683247413029,0.02333382468514387
472.9235168064188,-2.831511870284231,5.227638133075092,0.0591788600106366,-0.10683295086269365,0.09243683247413029,0.02333382468514387
473.02351680641874,-2.797717376576453,5.175483350998087,0.09523952887120275,-0.14329343769921377,0.10326857461655548,0.008131617706074318
473.12351680641876,-2.787677080816248,5.161194665316693,0.10556638633286065,-0.14248027592860615,0.10326857461655548,0.008131617706074318
473.2235168064188,-2.7717920582125686,4.906405962278744,0.1198900824303783,-0.3397441182015493,0.10471198333735536,-0.06291881072932122
473.32351680641875,-2.855298278221963,4.980290310797567,0.0496735366962136,-0.25593929736757737,0.0753124112189616,-0.030314095165928007
473.4235168064187,-2.8035480302644187,5.2737355788964235,0.0957391143379118,0.0037574312959550733,0.08922326541947279,0.06389118766876829
473.52351680641874,-2.9690658359497313,5.448301854207938,-0.04624172389717252,0.158260360838487,0.0332765137511239,0.11842473627539574
473.62351680641876,-2.972722441530384,5.1590017063637745,-0.04224980397642202,-0.08116292995687996,0.033516010902220346,0.02844105046369054
473.72351680641873,-2.9767798418735136,5.151027618620408,-0.03889820288620113,-0.07831882491051187,0.033516010902220346,0.02844105046369054
473.8235168064187,-2.5878360084406884,5.451998275156761,0.29250182846893513,0.18053262557987823,0.1525314138114776,0.12080083349356466
473.9235168064187,-2.5578231685247306,5.470655541882222,0.3077549698500864,0.19261270892923743,0.1525314138114776,0.12080083349356466
474.02351680641874,-2.751870468958987,4.968343521698693,0.12337809055366906,-0.2302181214260809,0.07695814222407782,-0.03662437171499459
474.1235168064187,-2.739147869192504,4.945138587697518,0.13107390477607422,-0.2338805585975791,0.07695814222407782,-0.03662437171499459
474.2235168064187,-2.5419773214231665,5.1034021821829505,0.2913313404135133,-0.08783359653993456,0.13205388034923513,0.017076546306251217
474.3235168064187,-2.822933322202049,5.208652014141172,0.04340378899752356,0.008780255899872098,0.03690688157560043,0.05142175006264417
474.4235168064187,-3.0733518403944498,5.100528559349256,-0.1646024079565911,-0.07600907261055054,-0.039515467151679945,0.019175403008904773
474.5235168064187,-3.4810706949573262,5.079400477799565,-0.5047341778176805,-0.08569646446153878,-0.16415295562281587,0.01490262028684213
474.62351680641865,-3.520471641399666,5.13224169599055,-0.5112886919751023,-0.033794680218025064,-0.16059772322538013,0.03295607291970569
474.7235168064187,-3.572403499213315,5.129027008333345,-0.5273484642976439,-0.030499072926053746,-0.16059772322538013,0.03295607291970569
474.8235168064187,-3.358172317158875,5.345541291988895,-0.31997995986725036,0.15172451446829985,-0.07961272131399044,0.09669129488127275
474.92351680641866,-3.3905683767521584,5.3611971999101256,-0.32794123199864667,0.16139364395642383,-0.07961272131399044,0.09669129488127275
475.0235168064186,-3.478649343665344,5.429533474678102,-0.38056678507802333,0.2154408378524937,-0.09548190046703814,0.11311965803725102
475.12351680641865,-3.51718343167549,5.451643156753542,-0.3901149751247293,0.22675280365622139,-0.09548190046703814,0.11311965803725102
475.2235168064187,-3.383447776461372,5.017329363900025,-0.2557843808892534,-0.13865214862979364,-0.043521861323170326,-0.022009094330460388
475.32351680641864,-3.276202405760155,5.01558721415502,-0.14833749000224314,-0.13066420033187523,-0.0027864923328826743,-0.018321891567175702
475.4235168064186,-2.999886390594567,4.827262627465154,0.0931568975160829,-0.27667719925241147,0.08449331491482046,-0.07002017579824868
475.5235168064186,-3.0171294138110323,4.7068434301115225,0.07841154041839014,-0.36239225120993435,0.07589397583243093,-0.09900127529013356
475.62351680641865,-3.063454322932108,4.55930432999388,0.040776780957728964,-0.4633614096823163,0.05958873777187827,-0.1316150580965807
475.7235168064186,-3.059078701147477,4.5123101137351815,0.046735654734914756,-0.4765229154919699,0.05958873777187827,-0.1316150580965807
475.8235168064186,-2.9521901375277606,4.33674686826882,0.13733840568139496,-0.5946876253486798,0.0901623574738377,-0.16935166747770758
475.9235168064186,-2.9380054851722486,4.27643134739655,0.1463546414287808,-0.6116227920964544,0.0901623574738377,-0.16935166747770758
476.0235168064186,-3.1652813001879645,4.2919668566718565,-0.049420957166003796,-0.5672448983452764,0.015209615221318133,-0.14807140509948877
476.1235168064186,-3.1701473478284568,4.234502009811852,-0.0478999956438725,-0.5820520388552202,0.015209615221318133,-0.14807140509948877
476.22351680641856,-2.980046533844686,4.557291912707634,0.11543238139388315,-0.28256622946152765,0.07364580180757122,-0.03533419538296011
476.3235168064186,-2.753450007157491,4.447316656510848,0.30320387432131324,-0.3540152822824396,0.13937927971333308,-0.05991189754763712
476.4235168064186,-2.9677078895964564,4.691586891900192,0.11347313591818843,-0.1295601315856361,0.06585510934928182,0.02271824184602715
476.52351680641857,-2.9968591916103358,4.639593917401148,0.08496046963900278,-0.16063909614284747,0.05284259892571926,0.010438921981143148
476.62351680641854,-2.9922520825380334,4.641944120059067,0.0868013174420673,-0.14450379082732914,0.051601101957506744,0.015843482286165982
476.72351680641856,-2.9833139452840367,4.627572958387762,0.09196142763781914,-0.14291944259871217,0.051601101957506744,0.015843482286165982
476.8235168064186,-2.8088825962614306,4.632541149119739,0.23483456624330734,-0.12146186480188778,0.101532107396783,0.024076305915183865
476.92351680641855,-2.784891479100124,4.62051534416913,0.24498777698298219,-0.11905423421037022,0.101532107396783,0.024076305915183865
477.0235168064185,-2.8995421801491115,4.622894302013725,0.13069542562575864,-0.10471673652121782,0.054193304781115406,0.028431683026346438
477.12351680641854,-2.886201671062627,4.6125647867767325,0.13611475610387141,-0.10187356821858254,0.054193304781115406,0.028431683026346438
477.22351680641856,-2.9375897357828644,4.536372495619643,0.08732098276532518,-0.1534910588778901,0.03461491446820017,0.008896587719323532
477.3235168064185,-2.814576042248306,4.541287119901887,0.18667161516691064,-0.13576095450065112,0.06955330253985723,0.014990905572259404
477.4235168064185,-2.9951949046633954,4.7505853123827,0.027857420191406496,0.049125814724146205,0.00971068152650758,0.08074742581766242
477.5235168064185,-3.100884839188756,4.785491922072299,-0.0644656433725011,0.0824073419517931,-0.024877748921409357,0.09002823095328245
477.62351680641854,-3.1939321591154473,4.832430098151436,-0.13865169632089208,0.12284510700392764,-0.05072803710044412,0.10128576119042841
477.7235168064185,-3.208050968933034,4.845221037657777,-0.14372450003093476,0.13297368312296703,-0.05072803710044412,0.10128576119042841
477.82351680641847,-2.7559676856952082,4.436989770047346,0.24134991284675136,-0.20610414966725674,0.09088135042579426,-0.024473364817073642
477.9235168064185,-2.7313782876583983,4.416256988256531,0.2504380478893329,-0.20855148614896465,0.09088135042579426,-0.024473364817073642
478.0235168064185,-2.694146762292959,4.4301561866788655,0.26010309089303957,-0.1853046226884234,0.08849273279158555,-0.016108901240676612
478.1235168064185,-2.6676939895397065,4.411545179903826,0.2689523641721951,-0.18691551281249053,0.08849273279158555,-0.016108901240676612
478.22351680641844,-2.8496452951133002,4.2993418199132964,0.1039680464768769,-0.26545084518454853,0.025714886588501615,-0.04370177909777797
478.32351680641847,-3.16511605420084,4.278592559332026,-0.16740573604715386,-0.2648117344812726,-0.07410044286051307,-0.04188898876309538
478.4235168064185,-3.222562926605321,4.5461143499073025,-0.208309337885952,-0.026832356228598662,-0.08619158125427377,0.04494423434941383
478.52351680641846,-3.393314861003483,4.917572654405955,-0.34543937086787235,0.2961868394932681,-0.13383647997394352,0.16222084792757974
478.6235168064184,-3.473572908719677,5.044933683798706,-0.3961701451040562,0.3920754074874635,-0.14730171236312647,0.19075113262668145
478.72351680641844,-3.5139264317919077,5.085094980210595,-0.41090031634037216,0.411150520750136,-0.14730171236312647,0.19075113262668145
478.82351680641847,-3.539795632778261,4.770047002715412,-0.41281755964098077,0.1332462624568728,-0.14279278043600122,0.08340027274518359
478.92351680641843,-3.5817913526445246,4.78378863032482,-0.427096837684576,0.14158628973138832,-0.14279278043600122,0.08340027274518359
479.0235168064184,-3.4530106125783266,4.901546083501301,-0.29407742670862297,0.23844376938471573,-0.08838415792866802,0.11616096193103054
479.1235168064184,-3.482860276038839,4.925971265249434,-0.3029158425014918,0.25005986557782145,-0.08838415792866802,0.11616096193103054
479.22351680641844,-3.3923344186241726,4.901474254936643,-0.2110373078325368,0.22044063714193793,-0.052011479951461236,0.1013698078760222
479.3235168064184,-3.3023124245940174,4.838136386000086,-0.12263732151436346,0.15904155431633613,-0.017906755245159008,0.07548192344442992
479.4235168064184,-2.9791241441637224,4.444569107649035,0.15419498913339352,-0.17075968274593004,0.08267584426481289,-0.045479990386047636
479.5235168064184,-2.8626194851918214,4.28065797562448,0.2490062549636737,-0.3001969678841195,0.11476157195062778,-0.09146257579312721
479.6235168064184,-2.9011901116601146,4.213526877222169,0.20738211811354562,-0.3394687279144521,0.09561665047311475,-0.10225116752068894
479.7235168064184,-2.879973816596402,4.1790687485931315,0.21694378316085383,-0.3496938446665175,0.09561665047311475,-0.10225116752068894
479.82351680641835,-3.0024711678078035,4.2329170996640535,0.10397788494456559,-0.2876274006138573,0.05071566748492255,-0.0766530514178928
479.9235168064184,-2.99181980097592,4.203771094345572,0.10904945169305899,-0.2952927057556483,0.05071566748492255,-0.0766530514178928
480.0235168064184,-2.9343456107736756,4.2107021484975,0.1482314609227421,-0.26913685154952516,0.061800707542564615,-0.06353580482046042
480.12351680641837,-2.919213461143694,4.183470784318455,0.15441153167699645,-0.27549043203156903,0.061800707542564615,-0.06353580482046042
480.22351680641833,-2.788346038269544,3.9318202194632397,0.2562069822199433,-0.46609119599227944,0.0963310165201067,-0.12962546216048204
480.32351680641835,-2.756787165961235,3.6157231104605887,0.27042537615972656,-0.7029682639651706,0.09800172417038881,-0.21065694431107074
480.4235168064184,-2.5305130494500183,3.776389370675891,0.44525420266583077,-0.5330596717957873,0.1575768914957678,-0.1421801271419033
480.52351680641834,-2.5659642966631537,3.501072770947023,0.39158169406343313,-0.735794068749995,0.13183592020697005,-0.2115893695971673
480.6235168064183,-2.580874464340596,3.6104818962083556,0.3593902448819849,-0.6056876804730222,0.11547628197004073,-0.157417996383761
480.72351680641833,-2.5443580584425387,3.5491260381791205,0.3709378730789916,-0.6214294801114019,0.11547628197004073,-0.157417996383761
480.82351680641835,-2.973141748251413,3.3666199159237546,-0.00487333022759254,-0.7355374132287467,-0.024428045483393397,-0.1926877866593336
480.9235168064183,-2.973751221501589,3.292102735667609,-0.007316134775931047,-0.7548061918946735,-0.024428045483393397,-0.1926877866593336
481.0235168064183,-2.7135826606133993,3.3159518780508472,0.21019295580640907,-0.6992578105660847,0.05590405664570767,-0.1680385450737599
481.1235168064183,-2.6922838447495248,3.245185904268854,0.2157833614709811,-0.7160616650734646,0.05590405664570767,-0.1680385450737599
481.22351680641833,-2.976717437409481,3.261306096446237,-0.03302919260697796,-0.659946324628684,-0.0359704181942666,-0.14188235360906637
481.3235168064183,-3.260362729893091,2.9916178372728517,-0.27205601055210415,-0.8431984520004379,-0.12175215322705782,-0.20306417263670273
481.42351680641826,-3.326404705787676,3.3586389036699713,-0.315974215984197,-0.49116731270751085,-0.13321133864921075,-0.06955671862600604
481.5235168064183,-3.600271339496411,3.606093305843205,-0.536992346313041,-0.24518964313182576,-0.21021417885206467,0.023569996548830213
481.6235168064183,-3.6157275387057513,3.765205277227372,-0.5254346924422785,-0.09200570699326753,-0.19846803352850853,0.07758437330112045
481.7235168064183,-3.6692633481176027,3.7563926283945537,-0.5452814957951225,-0.08424726966315813,-0.19846803352850853,0.07758437330112045
481.82351680641824,-3.1619533315298427,4.053224413889872,-0.09667028499977397,0.17578472718080268,-0.028984044943505136,0.16843919614495156
481.92351680641826,-3.1717652802545397,4.071645082588682,-0.09956868949412515,0.19262864679530167,-0.028984044943505136,0.16843919614495156
482.0235168064183,-3.558167917867242,4.117283368870466,-0.42195000322344095,0.23169593216993276,-0.14633495911882816,0.17675058979315994
482.12351680641825,-3.601094592985165,4.141336715036417,-0.4365834991353188,0.24937099114924272,-0.14633495911882816,0.17675058979315994
482.2235168064182,-3.4784435075508053,4.268020142293945,-0.31247413119841655,0.3500888881619066,-0.09622969396467357,0.20653814261511652
482.32351680641824,-3.6844170372341374,4.146930742369847,-0.4685208751368132,0.23986959512593506,-0.14958099742745515,0.15917702563724928
482.42351680641826,-3.395994166410966,4.0934261294887255,-0.2044563184672357,0.19134834769621667,-0.048854117389000126,0.1360714323355429
482.52351680641823,-3.277467447068101,3.902778816448443,-0.08966252257771891,0.025670906568717136,-0.0044835243736306984,0.07006121664753188
482.6235168064182,-3.3737566792025016,4.049418979326314,-0.16249250036991741,0.15080083632653513,-0.03058018840818027,0.11236389826730359
482.7235168064182,-3.3901588301815377,4.0650608824503065,-0.16555051921073613,0.16203722615326804,-0.03058018840818027,0.11236389826730359
482.82351680641824,-3.402713041661185,3.664600509913352,-0.16422174097621395,-0.17192071273386386,-0.0287419007286096,-0.011941540283963235
482.9235168064182,-3.419278925262444,3.6473487309385515,-0.16709593104907391,-0.1731148667622598,-0.0287419007286096,-0.011941540283963235
483.0235168064182,-3.3680451606466053,3.475295536033515,-0.11325335469940935,-0.301643286245056,-0.008210952419492658,-0.05761498127710128
483.1235168064182,-3.3794115508786464,3.4448431325026165,-0.1140744499413588,-0.3074047843727674,-0.008210952419492658,-0.05761498127710128
483.2235168064182,-3.4031208962781436,3.452041932331747,-0.1250792947782004,-0.28169268694853294,-0.011888687328235305,-0.0463253696476922
483.3235168064182,-3.116607685887415,3.5781827596182523,0.1250590821412492,-0.15760868727504182,0.07968548628672166,0.00025531506741475335
483.42351680641815,-3.267300434399296,3.6049347640878233,-0.002818164219652151,-0.12259156534549175,0.030645299831672468,0.012802097058299986
483.5235168064182,-3.3634238855038663,3.5627777453096363,-0.08227674660646561,-0.14683467581305698,5.018221776910414e-05,0.003404747722747896
483.6235168064182,-3.280901401256517,3.7722090045609336,-0.007030221663927332,0.03768868651231831,0.027177955498890027,0.06936460947923925
483.72351680641816,-3.281468533645415,3.77632469625956,-0.004312426114039257,0.04462514746023987,0.027177955498890027,0.06936460947923925
483.8235168064181,-3.154130706841344,4.12242844015026,0.10463392661023045,0.3335200879723468,0.06560949840342653,0.17078748220993165
483.92351680641815,-3.1433392666883013,4.156634386358553,0.1111948764505746,0.3505988361933438,0.06560949840342653,0.17078748220993165
484.0235168064182,-2.43808995611462,4.079792283556444,0.7097768868260182,0.27295285762934435,0.2838927107217886,0.1362730630273938
484.12351680641814,-2.3656928038784346,4.107768934634506,0.7381661578981874,0.2865801639320791,0.2838927107217886,0.1362730630273938
484.2235168064181,-2.2345668637109757,3.7857113941357756,0.8129770514331127,0.010893047712517074,0.30065730414201447,0.03249567719701371
484.3235168064181,-2.608732351812978,3.717431527911901,0.45903882730833495,-0.043769726498585224,0.16074073954305876,0.01153802396110071
484.42351680641815,-2.7244203854676514,3.802020521192107,0.3402647636772498,0.03056509518580834,0.11206070634209317,0.03777822292851753
484.5235168064181,-2.719958433910497,3.7254353000322413,0.3255736710278041,-0.033661594058404444,0.10245943545233936,0.012739860091479153
484.6235168064181,-2.6648341496530215,3.7697749805015284,0.35410528421044496,0.006768826394756138,0.10905219949756403,0.026762623210879747
484.7235168064181,-2.628878360234481,3.7705856762570584,0.36501050416020386,0.009445088715844721,0.10905219949756403,0.026762623210879747
484.8235168064181,-2.972507090741278,3.6585985242146237,0.061077842877174736,-0.07987788142968547,-0.004310886507528859,-0.005950871928064493
484.9235168064181,-2.9664208608861,3.6505809817120176,0.060646754226421996,-0.08047296862249172,-0.004310886507528859,-0.005950871928064493
485.02351680641806,-3.3679000831975503,3.943489594249795,-0.28332789606220715,0.17459920223356823,-0.12982166594162597,0.08798391224526668
485.1235168064181,-3.396881981133486,3.9613894340343823,-0.2963100626563727,0.1833975934580969,-0.12982166594162597,0.08798391224526668
485.2235168064181,-3.667244845772713,3.8705764478316946,-0.5087028310668822,0.10196543166652161,-0.20183633250817418,0.05561811854440424
485.32351680641807,-3.572992509003022,3.939897393944544,-0.4060871077793844,0.15653985565823889,-0.15709287635697344,0.0733550860907475
485.42351680641804,-3.6351215370894017,3.882988536376309,-0.439013955216478,0.10384648872993735,-0.16330839699952665,0.05183079395584349
485.52351680641806,-3.727642408764341,3.988090088456818,-0.496439149962324,0.18949434409146446,-0.17854396664527236,0.08145686156075903
485.6235168064181,-3.554760598324402,3.7947935289234103,-0.32905544752207405,0.022863161520069952,-0.11175772890830334,0.018865497875175885
485.72351680641805,-3.588224931721139,3.7971741725647923,-0.34023122041290055,0.024749711307586898,-0.11175772890830334,0.018865497875175885
485.823516806418,-3.281704559592702,3.440213737528971,-0.06785023934105387,-0.2726633486818192,-0.009264312172460196,-0.0894079590683863
485.92351680641804,-3.288535905087671,3.412500362865441,-0.0687766705583001,-0.28160414458865984,-0.009264312172460196,-0.0894079590683863
486.02351680641806,-3.098613125388953,3.805119778662867,0.09438437115779606,0.06403735439065195,0.05016587867967079,0.039987514984382695
486.123516806418,-3.0889238588797783,3.811723451676852,0.09940095902576143,0.06803610588908886,0.05016587867967079,0.039987514984382695
486.223516806418,-2.8004704642206613,3.6814778002039206,0.33553988478959634,-0.04096605532724208,0.13363284557134092,-0.0005460305462839793
486.323516806418,-3.050547071187597,3.726370563763734,0.10999757600616278,-0.00021553972505824743,0.046584653779098525,0.01422076179103139
486.42351680641804,-3.1652928895318357,3.7899698106562014,0.010047518161146518,0.05351473345413301,0.008821088966262526,0.03297668389020544
486.523516806418,-2.8933113452332013,3.8789235978648735,0.24384010061717915,0.12788940930961026,0.09517172610791935,0.05914629914207298
486.62351680641797,-3.1321620286163445,3.721555151034501,0.03471265182521923,-0.006289086514426189,0.01634101182460028,0.008975931365284469
486.723516806418,-3.128609058374699,3.7209711220398844,0.03634675300767963,-0.005391493377897539,0.01634101182460028,0.008975931365284469
486.823516806418,-3.846067665302964,3.3247615969500375,-0.5618201122198596,-0.3327690521292509,-0.20053978962461344,-0.10947285975666488
486.923516806418,-3.903252375473053,3.290937327438341,-0.5818740911823141,-0.34371633810491364,-0.20053978962461344,-0.10947285975666488
487.02351680641794,-3.6820733521438602,4.155013004077786,-0.36593217612458623,0.38709469044709155,-0.1144202327082373,0.15706957969954588
487.12351680641797,-3.719238670919869,4.194507821021002,-0.37737419939541256,0.4028016484170497,-0.1144202327082373,0.15706957969954588
487.223516806418,-3.5996191880486244,4.478017704193822,-0.25764179334541326,0.6181194982096826,-0.06704821385089964,0.22867021528497855
487.32351680641796,-3.7041547294374992,4.084392409720592,-0.3302590655789645,0.26070427714178823,-0.09106422612891604,0.09105147795894389
487.4235168064179,-3.6235638747886543,3.916867278763479,-0.2446436733682731,0.11008485055294619,-0.05686975245627867,0.03377973382907289
487.52351680641794,-3.3877256713761055,4.090792104738438,-0.026314035888221197,0.2521008561290592,0.026183520947696666,0.08482442593269625
487.62351680641797,-3.454113242884222,4.110920675584626,-0.0766650000267036,0.2560582898204304,0.007085822559430591,0.08320392271667292
487.72351680641793,-3.4617443137740924,4.1369425241802436,-0.07595641777076077,0.26437868209209486,0.007085822559430591,0.08320392271667292
487.8235168064179,-3.110774857674158,3.8589686860374703,0.22236515972273613,0.019897370141441426,0.11454332972019297,-0.007992168066129623
487.9235168064179,-3.087965625053278,3.860918462211284,0.23381949269475802,0.019098153334828283,0.11454332972019297,-0.007992168066129623
488.02351680641794,-3.3247482818893688,3.6373390840938535,0.02810721952001087,-0.1653988054418143,0.035939062966310525,-0.07334827247535972
488.1235168064179,-3.321757864622537,3.6204324621873014,0.031701125816640696,-0.17273363268934777,0.035939062966310525,-0.07334827247535972
488.2235168064179,-2.8545107096531703,3.6023993746006484,0.42060405220701486,-0.1803920132454113,0.17508863853748483,-0.07346433138539707
488.3235168064179,-2.82550247426858,3.3284094887862876,0.4264090849983883,-0.40061173835889474,0.17082420371711762,-0.15050014944519863
488.4235168064179,-2.861193540348347,3.333781557449046,0.37773790001667906,-0.3776459472772817,0.14708722262858642,-0.13686898765305436
488.5235168064179,-3.013283176224407,3.330375172849108,0.22859606703072413,-0.3614814959371842,0.08634027713692871,-0.12587811486798728
488.62351680641785,-3.0919999359944583,3.1772758507033756,0.1526543536468865,-0.4696726152409714,0.055847114126628294,-0.16011571995089635
488.7235168064179,-3.076455265059133,3.129508010579513,0.1582390650595506,-0.4856841872360647,0.055847114126628294,-0.16011571995089635
488.8235168064179,-3.140554835126464,3.050809965373094,0.09487110302885464,-0.5271669077547925,0.030306706670263153,-0.16961207387318314
488.92351680641787,-3.1309161912902304,2.997245214228267,0.09790177369587992,-0.544128115142105,0.030306706670263153,-0.16961207387318314
489.02351680641783,-3.0918724020600403,2.7081897710234144,0.12708439151397408,-0.7578033866615634,0.040312849280556826,-0.24137267161623052
489.12351680641785,-3.078962398662237,2.631202568999159,0.13111567644203068,-0.781940653823192,0.040312849280556826,-0.24137267161623052
489.2235168064179,-2.8842017704193466,3.19519403170228,0.2858556417691118,-0.27635587044261484,0.09473942073043846,-0.051360818274399284
489.32351680641784,-3.04097329044168,3.387223827459969,0.13916986960682773,-0.09832056199094796,0.03784070787526835,0.014926303817757614
489.4235168064178,-2.799954529212091,3.4952178416135395,0.3313748937545114,9.409547966798999e-05,0.10586047017656577,0.04967921242535938
489.52351680641783,-2.8755685487987335,3.603164873517165,0.24801640498301014,0.0967981584107693,0.07103090499042752,0.0834552479993614
489.62351680641785,-3.1449914687327616,3.523857690979896,0.010880993295174076,0.0316635125911397,-0.017027495254484798,0.05714041517042477
489.7235168064178,-3.143988506879517,3.5273097443148607,0.009178243769726178,0.03737755410818022,-0.017027495254484798,0.05714041517042477
489.8235168064178,-3.031386482533644,3.2580316341485935,0.10007839805672974,-0.18265226078283578,0.016360431279961455,-0.02405007627779851
489.9235168064178,-3.021296840571569,3.239646157688917,0.10171444118472626,-0.18505726841061618,0.016360431279961455,-0.02405007627779851
490.02351680641783,-3.3056176370026757,3.265589042133149,-0.14989534095911608,-0.15683531061922457,-0.07753338917676957,-0.014776382306583694
490.1235168064178,-3.320994838044466,3.249831629159699,-0.1576486798767904,-0.15831294884988242,-0.07753338917676957,-0.014776382306583694
490.22351680641776,-3.1340334570942967,3.050495890153362,0.003302597410792849,-0.31081384262121203,-0.016607808622883267,-0.06894858196039971
490.3235168064178,-2.9198142367499402,2.9481950089091127,0.18144952162768105,-0.37673970365742865,0.048907340598189596,-0.09031106267601173
490.4235168064178,-3.2746335100163906,3.210307309664824,-0.12356038374041996,-0.13864296983178848,-0.06296645822828689,-0.0016995106984392105
490.5235168064178,-3.4220951169826765,3.123376006784538,-0.24573147264566475,-0.20104854004051845,-0.10592644983231497,-0.024613843559106553
490.62351680641774,-3.2342469859420087,3.0862141465311907,-0.07976473898776686,-0.21742769944295684,-0.04226926109195153,-0.02959809877533804
490.72351680641776,-3.2424348061462474,3.0643233860930135,-0.08399166509696297,-0.2203875093204913,-0.04226926109195153,-0.02959809877533804
490.8235168064178,-3.4401787062249634,3.0891936970454767,-0.24772179308481562,-0.18555144170326726,-0.10053891851667615,-0.016293395131584655
490.92351680641775,-3.4654535801260193,3.0705570858994986,-0.2577756849364798,-0.18718078121642517,-0.10053891851667615,-0.016293395131584655
491.0235168064177,-3.1313115038593433,2.607308829690699,0.03156280407197804,-0.564695486469979,0.007600939537964041,-0.15394759104686825
491.12351680641774,-3.128117218754455,2.5500695430884535,0.03232289802577462,-0.5800902455746694,0.007600939537964041,-0.15394759104686825
491.22351680641776,-3.5265007515439173,2.479462469118758,-0.3005271128990954,-0.6052235677751803,-0.1128782137630129,-0.1574408238107852
491.32351680641773,-3.613908358884552,2.3812501870827383,-0.35953786245273467,-0.6517036246920018,-0.13026664970032936,-0.16856373603833455
491.4235168064177,-3.5834302946268393,2.433069419416018,-0.31686079361793,-0.571571320410959,-0.11015766147407179,-0.1337869287454416
491.5235168064177,-3.364668404716655,2.513811749842805,-0.11210252330695468,-0.466909141895632,-0.030160290629955427,-0.0903258391697965
491.62351680641774,-3.372152170079166,2.4005369529308545,-0.1119038601542596,-0.530294935358021,-0.029001256934371427,-0.10979089499157392
491.7235168064177,-3.38348756237926,2.3469585049201127,-0.11480398584769576,-0.5412740248571746,-0.029001256934371427,-0.10979089499157392
491.8235168064177,-3.0755320530784798,2.3443391565062637,0.1498284263491289,-0.510274151870921,0.06820507571576293,-0.09496739182832573
491.9235168064177,-3.0602081850649845,2.2928369043600183,0.15664893392070675,-0.5197708910537557,0.06820507571576293,-0.09496739182832573
492.0235168064177,-2.8074829263912418,2.16597274057964,0.35411457436628757,-0.5951159140919583,0.13536898446420556,-0.119883222648791
492.1235168064177,-2.7713946240323044,2.1058617330572207,0.3676514728127035,-0.6071042363568333,0.13536898446420556,-0.119883222648791
492.22351680641765,-2.76490302547302,2.296558200854924,0.3554812489359422,-0.41160906991637397,0.12608517595238725,-0.04545867833091842
492.3235168064177,-2.6338705494213808,2.1795283722366365,0.4477986380200934,-0.47915623108191313,0.15512808380519547,-0.06825795073218435
492.4235168064177,-2.435261614539253,2.5288615168529374,0.5904021281882695,-0.15872288857788994,0.20100768377400788,0.0490859311575334
492.52351680641766,-2.5588834866218813,2.5945381363614715,0.45261129205844325,-0.08455511606722613,0.14246999570803442,0.074586246126203
492.6235168064176,-2.7919637003367903,2.593765892685829,0.23549254401377293,-0.07108822406103646,0.05905277269010517,0.07673793617700571
492.72351680641765,-2.768119182071957,2.587040759960609,0.24139782128278478,-0.06341443044333414,0.05905277269010517,0.07673793617700571
492.8235168064177,-3.352685209470638,2.710159112349974,-0.2600637048758247,0.04951379377907447,-0.12463774445991439,0.11422700600953485
492.92351680641764,-3.3793147686805107,2.7156816267579273,-0.27252747932181187,0.06093649438002406,-0.12463774445991439,0.11422700600953485
493.0235168064176,-3.4564038645690247,2.5458064302494803,-0.32615273944062906,-0.07834674745588027,-0.13958491861721226,0.05865166236083026
493.1235168064176,-3.4897170631061813,2.538265013815695,-0.34011123130235343,-0.07248158121979591,-0.13958491861721226,0.05865166236083026
493.22351680641765,-3.62242998350398,2.36408963560879,-0.4354708701718528,-0.20429347782592222,-0.16898193365304975,0.009266755981090884
493.3235168064176,-3.851168031592995,2.697299357366209,-0.607281110431449,0.09113769464314793,-0.2254260435645426,0.11584374658551932
493.4235168064176,-3.858158972434021,2.7092355488697684,-0.5842661515496635,0.10456846552219808,-0.20897981204289298,0.11650580082676751
493.5235168064176,-3.439863841222702,2.9398903079446996,-0.19444641222391168,0.3033006008621902,-0.056707841138597226,0.18538675820410244
493.6235168064176,-3.3283641577959027,2.6944832837165342,-0.09131507831768962,0.09445284195712685,-0.017480035652071006,0.10395477503208847
493.7235168064176,-3.337583065805929,2.704448341787404,-0.09306308188289612,0.10484831946033214,-0.017480035652071006,0.10395477503208847
493.82351680641756,-3.3854051665305454,2.900714820875741,-0.12732049281920385,0.2673726605886341,-0.029383382977402735,0.15842798922333404
493.9235168064176,-3.3982841327273556,2.9282442268807274,-0.1302588311169448,0.28321545951097116,-0.029383382977402735,0.15842798922333404
494.0235168064176,-3.6256966990409114,2.5148916569676145,-0.3135031177726853,-0.06735957017036703,-0.09517312046092255,0.026382368210042997
494.12351680641757,-3.6575228764204737,2.5082876117916304,-0.3230204298187743,-0.06472133334936363,-0.09517312046092255,0.026382368210042997
494.22351680641754,-3.3450746340246487,2.561981946563786,-0.045795964219037054,-0.012655051261471786,0.00838011753033506,0.04411225972317392
494.32351680641756,-3.322523622780078,2.6069850791805305,-0.022194421436451547,0.030109240861782627,0.016674290082857354,0.05799168911813622
494.4235168064176,-3.43931320607289,2.566098198961041,-0.11573160837628646,-0.0004628446314247029,-0.017694474278502285,0.04495020702941499
494.52351680641755,-3.437130989456483,2.680718697017496,-0.10560002734581271,0.10152076222562187,-0.013282215034371422,0.08084421666826913
494.6235168064175,-3.194544525624094,2.6213400603329315,0.10301266299772843,0.052126602428357455,0.06241044061850286,0.06025989780076089
494.72351680641754,-3.1839312071212262,2.6268540200647728,0.10925370705958014,0.05815259220843491,0.06241044061850286,0.06025989780076089
494.82351680641756,-2.933278653411961,2.68478357203192,0.3152207650572724,0.10541665153598576,0.13479244491743717,0.0746716916015776
494.9235168064175,-2.9010826146816577,2.695698595643522,0.3287000095490115,0.11288382069614097,0.13479244491743717,0.0746716916015776
495.0235168064175,-3.177575714020047,2.4872309021701358,0.08474000575643081,-0.06837816261946347,0.04183415732404495,0.004853417422072653
495.1235168064175,-3.168892542657782,2.4804173529952984,0.08892342148883627,-0.0678928208772561,0.04183415732404495,0.004853417422072653
495.22351680641754,-2.9971228148916302,2.6748925466219444,0.2282176130260423,0.09827893149597652,0.09062773891151557,0.06428530613679848
495.3235168064175,-3.355343900033125,2.651578681204257,-0.0833032300891014,0.07683624900401215,-0.02618084555238255,0.054199110344020265
495.42351680641747,-3.130878572395496,2.6295509995483695,0.10749345912168386,0.05757751894591875,0.04364168056539218,0.04535019762306372
495.5235168064175,-2.751240008269389,2.886267637389767,0.428790000387244,0.2757012090897477,0.16114310477867957,0.12399072464132936
495.6235168064175,-2.7025052949486525,2.719132289318842,0.4490913061871337,0.12756494428407997,0.16265269522649428,0.06649956032076926
495.7235168064175,-2.6567829008538224,2.732221281548849,0.4653565757097776,0.13421490031615463,0.16265269522649428,0.06649956032076926
495.82351680641744,-2.4805656677113928,2.324882629238348,0.5914428181286256,-0.20608824869619857,0.2030769029220413,-0.05805197143911789
495.92351680641747,-2.420406001383906,2.303983544511528,0.6117505084208343,-0.2118934458401117,0.2030769029220413,-0.05805197143911789
496.0235168064175,-2.340340232198755,2.174405670391454,0.6496662670794283,-0.31016739898602214,0.21021844984314575,-0.09220286532544723
496.12351680641746,-2.2743225132416196,2.1429279161662356,0.6706881120637357,-0.3193876855185637,0.21021844984314575,-0.09220286532544723
496.2235168064174,-2.1016268037605847,1.9513733745684443,0.7785696935812332,-0.45964431358012,0.24158676681085872,-0.13920573802742392
496.32351680641744,-2.50918300599615,1.8246862437117661,0.3938046589605142,-0.5402184468007629,0.09259038228896471,-0.16332671360269982
496.42351680641747,-2.465870623228686,1.8134419380400069,0.40594421492726657,-0.5206684519514758,0.09363024610633429,-0.15046042245264946
496.52351680641743,-2.7269549109012026,2.210113025744329,0.15556313442925632,-0.1528117535430474,-0.002668853831756579,-0.009480691327594298
496.6235168064174,-2.738218690801127,2.058106032494949,0.13307054948218702,-0.2660939728696725,-0.01068216676316048,-0.04970997166823537
496.7235168064174,-2.724965046686721,2.0312480853496346,0.13200233280587073,-0.27106497003649715,-0.01068216676316048,-0.04970997166823537
496.82351680641744,-2.965620202804249,2.14084061812021,-0.07922154637681794,-0.16344567456848086,-0.08642005912001313,-0.0093578792234314
496.9235168064174,-2.973974457737528,2.1244492612672503,-0.0878635522888163,-0.1643814624908237,-0.08642005912001313,-0.0093578792234314
497.0235168064174,-3.413197172628336,1.7927488263598368,-0.46187398411671626,-0.4300835308399382,-0.2207060059971085,-0.10581794701404983
497.1235168064174,-3.460488101070004,1.7492113835407628,-0.48394458471643215,-0.44066532554134563,-0.2207060059971085,-0.10581794701404983
497.2235168064174,-3.5823697015642404,2.0919721855881024,-0.5661363711424976,-0.13232628418821946,-0.24241802687982303,0.008579290303202591
497.3235168064174,-3.7190941983427765,2.034431703403825,-0.6566794034595393,-0.1684077321799529,-0.26657569548905696,-0.004788545093681398
497.42351680641735,-3.671658546337693,2.2525330636779457,-0.5883125816168472,0.024515622487172095,-0.23227199199952206,0.06455884168620027
497.5235168064174,-3.6767580264743835,2.472562306953317,-0.5643502486010961,0.21604224925143314,-0.21477665951845695,0.1326994444034998
497.6235168064174,-3.5781087549523845,2.4124573961384392,-0.4563558634487438,0.16161123475806982,-0.1680964612917994,0.10845427183955206
497.72351680641736,-3.6245848236037017,2.4291607909734383,-0.473165509577918,0.17245666194202133,-0.1680964612917994,0.10845427183955206
497.82351680641733,-3.3087510399759092,2.452661004013917,-0.18685289587469484,0.18924135797900857,-0.058385304283855695,0.11091918389966147
497.92351680641735,-3.3277282560848023,2.4721397357313206,-0.19269142630308173,0.20033327636897724,-0.058385304283855695,0.11091918389966147
498.0235168064174,-3.058970296760872,2.358327774845055,0.04315759729364918,0.09849249038699479,0.02953174796997315,0.06976343917453644
498.12351680641734,-3.0545068782916585,2.3685258410796237,0.046110772090645485,0.10546883430444605,0.02953174796997315,0.06976343917453644
498.2235168064173,-2.997806756729264,2.3880902278291107,0.09220600087723582,0.11958233783047235,0.045111965895993665,0.07232354578787069
498.32351680641733,-2.859015822531456,2.484994837338584,0.2054098631699134,0.19726464535712207,0.0847154757102076,0.09781838221034196
498.42351680641735,-2.648384180844873,2.519246566265065,0.37137489618873376,0.21859975462757125,0.14157045522879094,0.10196098823044845
498.5235168064173,-2.5431840206053242,2.490584956537566,0.4434343041347825,0.18532425469569713,0.16303752715063063,0.08595531981036397
498.6235168064173,-2.5378131632663004,2.272009397820902,0.42674969211250946,-0.001309303493812895,0.15114381424518994,0.016039574815942176
498.7235168064173,-2.4943824749838135,2.2719586653456005,0.4418640735370319,0.00029465398778168715,0.15114381424518994,0.016039574815942176
498.82351680641733,-3.07443050123545,2.1324167895985826,-0.062257820036420435,-0.11519040310101636,-0.03645221639162277,-0.026540547669753306
498.9235168064173,-3.0808385443210478,2.120765046550136,-0.06590304167558148,-0.11784445786799079,-0.03645221639162277,-0.026540547669753306
499.02351680641726,-3.547483015292945,2.1292105132550017,-0.45695009007876525,-0.09987381562260758,-0.17791014384940446,-0.018052055552634984
499.1235168064173,-3.594067575020079,2.1191328714149757,-0.47474110446370976,-0.10167902117787149,-0.17791014384940446,-0.018052055552634984
499.2235168064173,-3.3702979098435075,1.9370417345655726,-0.26650059275906707,-0.24495888013128891,-0.09628166052600527,-0.06879916163509196
499.3235168064173,-3.3591996773298534,1.6515556107982987,-0.2440030851216396,-0.46892891719787505,-0.08457627612825067,-0.14736099013559895
499.42351680641724,-3.127362794938696,1.7102717385089867,-0.039338383928425445,-0.3961310295904726,-0.007639343754392167,-0.11597431026034874
499.52351680641726,-2.8619194327696698,1.9382936471934602,0.1915037992559686,-0.17924693674816228,0.07822770855788422,-0.03185043131653692
499.6235168064173,-2.8909217087217858,1.9421538144140131,0.15907850468928159,-0.16439640856025065,0.0637165638271292,-0.02539150450339673
499.72351680641725,-2.874695275433728,1.9255872160354768,0.16545016107199234,-0.16693555901058946,0.0637165638271292,-0.02539150450339673
499.8235168064172,-2.6579299343425333,1.9927257844047326,0.33623970721494434,-0.09968573790588947,0.12267041863236819,-0.0001729444783980967
499.92351680641724,-2.623692611527869,1.9827563458917494,0.34850674907818396,-0.09970303235372928,0.12267041863236819,-0.0001729444783980967
500.02351680641726,-2.739287458154143,1.9338362005878276,0.240818699293945,-0.1293261848689873,0.0809077220335373,-0.010098437112189159
500.12351680641723,-2.71480104961459,1.9208530899153724,0.24890947149729598,-0.13033602858020588,0.0809077220335373,-0.010098437112189159
500.2235168064172,-2.824850654326588,2.0555521231939617,0.1445838125369516,-0.009672096207837873,0.04030992165021782,0.033546073576166555
500.3235168064172,-3.0564510021332008,1.8364807709768187,-0.058325802633287224,-0.18811434615908018,-0.035091434278894676,-0.03224362457507464
500.42351680641724,-3.0846750026868386,1.7643412233932942,-0.08028237247401517,-0.23510074900792244,-0.04175093545058055,-0.047935188566080096
500.5235168064172,-2.8587049428245828,1.6962950857811228,0.11688138289978876,-0.2776285868187461,0.032894646690156196,-0.06182846635059322
500.6235168064172,-2.9524381527523254,1.4928030602561047,0.03262876108415798,-0.4279867918045729,0.0013319896114492372,-0.11346076961096618
500.7235168064172,-2.949168616695852,1.4494370772275824,0.032761960045302935,-0.43933286876567207,0.0013319896114492372,-0.11346076961096618
500.8235168064172,-2.873846967840283,1.3790499033699894,0.09411988336616911,-0.47032789916135587,0.023824396645023328,-0.12006096035736433
500.9235168064172,-2.8643158575204444,1.3314168086520834,0.09650232303067063,-0.4823339951970882,0.023824396645023328,-0.12006096035736433
501.02351680641715,-2.776006073461262,1.49853298557659,0.1709096851672276,-0.30148176999595216,0.05176089037549271,-0.0466239860830793
501.1235168064172,-2.7586563004926576,1.4681516886465724,0.17608577420477806,-0.30614416860426114,0.05176089037549271,-0.0466239860830793
501.2235168064172,-2.6146854626172202,1.5459477266736485,0.28600227482171037,-0.22135742545060244,0.08958659145271855,-0.014538485416012527
501.32351680641716,-2.5385301289871065,1.4683846931481268,0.3345466401256608,-0.26891566627113256,0.10401013044881524,-0.031223009540233593
501.4235168064171,-2.569772476843536,1.579034116843838,0.2907934868495831,-0.15869852348686453,0.08446053442412967,0.009416620564321593
501.52351680641715,-2.3685722551324324,1.4001498307793032,0.4468422373600012,-0.29666244117766766,0.13918365073947306,-0.041726579014520704
501.6235168064172,-2.7483413957928686,1.140063816218817,0.10826578107333226,-0.49004253617027405,0.01209422877810909,-0.10948584025554695
501.72351680641714,-2.7374543465416488,1.090512133400529,0.10947520395114275,-0.500991120195825,0.01209422877810909,-0.10948584025554695
501.8235168064171,-2.734481875582306,1.2716067983650143,0.10295431194932998,-0.3184077106373915,0.009015854349377343,-0.03931062506635892
501.9235168064171,-2.7241413651156234,1.2395694741759362,0.10385589738426793,-0.32233877314402826,0.009015854349377343,-0.03931062506635892
502.02351680641715,-2.8375661677212887,1.2636728677965519,-0.003643028081747723,-0.2850081074125719,-0.03170078160288306,-0.026000623816094685
502.1235168064171,-2.8380889744374778,1.2350420539362241,-0.006813106242034948,-0.28760816979418047,-0.03170078160288306,-0.026000623816094685
502.2235168064171,-2.543029743252056,1.201842652734266,0.23578793731584088,-0.29375560147547475,0.057056411951587435,-0.027273068892586138
502.3235168064171,-2.3793084872059826,0.9141810096808947,0.35902016452231833,-0.5114936961977373,0.09987866929915822,-0.10508241631580517
502.4235168064171,-2.3795066212827143,0.9096042632763905,0.33861693885038785,-0.48323521788013296,0.08890751742889036,-0.09118200259276166
502.5235168064171,-2.1112601602512435,1.1322716341738674,0.5486171626434189,-0.26111875140138263,0.1634680590025126,-0.006044452812185422
502.62351680641706,-2.2759963830401326,1.4791010905958928,0.38221581938838795,0.04481710609820387,0.09757955445369398,0.10373423652665907
502.7235168064171,-2.2372869033290166,1.4841014723883477,0.39197377483375956,0.05519052975087214,0.09757955445369398,0.10373423652665907
502.8235168064171,-2.2957020984787024,1.599352517269321,0.31787411609257904,0.15467293922814285,0.06664445862468805,0.13548675539873384
502.92351680641707,-2.263581464576332,1.6154972449691234,0.32453856195504555,0.16822161476801162,0.06664445862468805,0.13548675539873384
503.02351680641704,-2.5866505820099417,1.5050143090770534,0.03231321350762629,0.07507678453913133,-0.04224575842854345,0.09683902899690182
503.12351680641706,-2.583630489451321,1.5130061826759529,0.02808863766477098,0.08476068743882371,-0.04224575842854345,0.09683902899690182
503.2235168064171,-2.689876102453978,1.4071422564515947,-0.06654017412915293,-9.321621244415355e-05,-0.07489412741655885,0.06292821894993836
503.32351680641705,-2.8413433992223873,1.5243945692611391,-0.19540626588935595,0.10360379968832766,-0.11911921351261404,0.09817741201722315
503.423516806417,-2.9196050008372265,1.2767327389562442,-0.25558364597013733,-0.09936238490155361,-0.13654299240556395,0.02188040762805603
503.52351680641704,-2.921422562450569,1.1180528183282603,-0.24824198051954008,-0.22397632880089982,-0.12875882151458276,-0.024806408123843958
503.62351680641706,-3.010177593746167,1.0726717278104387,-0.31358967543204613,-0.24524482400069336,-0.1476771486756053,-0.03153474371765849
503.723516806417,-3.0422749470327384,1.0479895716917895,-0.32835739029960165,-0.24839829837245814,-0.1476771486756053,-0.03153474371765849
503.823516806417,-2.6210768357769947,0.7014441637625285,0.03693252680367502,-0.5198666477338953,-0.009759699915053599,-0.12876874003648325
503.923516806417,-2.6174323815962017,0.6488136552889445,0.03595655681216944,-0.5327435217375466,-0.009759699915053599,-0.12876874003648325
504.02351680641704,-2.8400250515959446,1.1068391018415,-0.16024325630268102,-0.11526406191150272,-0.08236321201656131,0.028115559931714024
504.123516806417,-2.8564611932862896,1.095453273450012,-0.16847957750433434,-0.11245250591833228,-0.08236321201656131,0.028115559931714024
504.22351680641697,-3.1491245155240413,1.024171179185039,-0.40546364224118836,-0.1591866199126597,-0.1649726235949705,0.010343476308322823
504.323516806417,-3.072882856371084,1.1052732392816393,-0.32312692985926933,-0.07738758156572838,-0.12896124910772885,0.03957106969000437
504.423516806417,-2.934737502897607,1.425840684408617,-0.19394470923955867,0.196637785304534,-0.07767111858453052,0.13640826796240613
504.523516806417,-2.9988682944864,1.5227580606362967,-0.23983607129180579,0.2755068562351885,-0.09180553360019476,0.1604244458151221
504.62351680641694,-3.077060941736743,1.3774718470928604,-0.293581208930809,0.14883772496793016,-0.1078729675389509,0.10931635461785526
504.72351680641697,-3.106958427467526,1.3929022013627463,-0.3043685056847066,0.15976936042971818,-0.1078729675389509,0.10931635461785526
504.823516806417,-3.0587241083484495,1.5259531703545324,-0.24998927495302062,0.2680338453669917,-0.08450230969080165,0.14461438002596239
504.92351680641696,-3.084145547392197,1.5534796267913515,-0.2584395059220979,0.282495283369583,-0.08450230969080165,0.14461438002596239
505.0235168064169,-3.02593299546347,1.3674078006431238,-0.19510150576997615,0.11917916816171942,-0.05811545811697846,0.08063485460627157
505.12351680641694,-3.045733723331057,1.37972889173233,-0.20091305158167533,0.1272426536223484,-0.05811545811697846,0.08063485460627157
505.22351680641697,-2.913218757457783,1.48563161243744,-0.07972983190454679,0.21169049298822365,-0.012252873033354456,0.10803400221019524
505.32351680641693,-2.892686778714821,1.3914703175035759,-0.05694998020833693,0.1259862898327592,-0.0035063053435230133,0.07310927254530249
505.4235168064169,-2.740614989103225,1.4369552563078112,0.07371844979538345,0.16006528334680284,0.04379143514559962,0.08270738133709216
505.5235168064169,-2.683223425104156,1.1305150656639895,0.12090940443353758,-0.10669570823748399,0.05966374484132106,-0.018555668491998037
505.62351680641694,-2.758342256484487,0.808099826832976,0.05432209012155091,-0.36469459266762794,0.03350504459525127,-0.11028611121635139
505.7235168064169,-2.7527425222493576,0.7710789370101442,0.0576725945810749,-0.37572320378925933,0.03350504459525127,-0.11028611121635139
505.8235168064169,-2.7190552909289027,0.9968151653773255,0.08270584234092658,-0.17087433662738608,0.04096694614137091,-0.033200969996131716
505.9235168064169,-2.7105798719641014,0.9795617268646023,0.0868025369550646,-0.174194433627,0.04096694614137091,-0.033200969996131716
506.0235168064169,-2.714741451763865,0.9594372216261027,0.07818906251957194,-0.1851440266064274,0.03584568571127403,-0.03750183063788437
506.1235168064169,-2.706743317083354,0.9407353098122769,0.08177363109069813,-0.18889420967021456,0.03584568571127403,-0.03750183063788437
506.22351680641685,-2.7458802890851675,1.0371507782457956,0.04591046721925374,-0.09755643241995218,0.021599626210005347,-0.003393679860924745
506.3235168064169,-2.6304157253769485,0.7016879113004988,0.14115033646442962,-0.3691605495755191,0.05551443519598899,-0.1015605361592945
506.4235168064169,-2.5841222939812423,0.45684028305028,0.1731912069389632,-0.5500485493423211,0.06507708994770683,-0.162779145583779
506.52351680641686,-2.404914084930399,0.5866798232171897,0.3185890549036256,-0.4081715967951017,0.11657005979772822,-0.10454861267454657
506.62351680641683,-2.219507562855508,0.7477059125224234,0.4570704262691239,-0.25230457147740615,0.1622956543618584,-0.044985160325708644
506.72351680641685,-2.1729890419567757,0.7222505295730484,0.47329999170531345,-0.25680308750997805,0.1622956543618584,-0.044985160325708644
506.8235168064169,-1.949834851373757,0.8977244804061831,0.6352504551633582,-0.09198941747155982,0.21503062513564813,0.016710504854726027
506.92351680641684,-1.8852346527317654,0.8886090911833039,0.6567535176769157,-0.09031836698608779,0.21503062513564813,0.016710504854726027
507.0235168064168,-1.9567870311224096,0.8570530833560687,0.5658237621012203,-0.0999048231331508,0.1751144150059625,0.01474900366374482
507.12351680641683,-1.8993290828372444,0.8471363460610701,0.5833352036018206,-0.09842992276677598,0.1751144150059625,0.01474900366374482
507.22351680641685,-2.011953120859652,0.8231563490367394,0.4581235717025159,-0.10865511025640709,0.12357174651876743,0.010552169917618476
507.3235168064168,-1.9285935617080638,0.4841102791085565,0.5015136874430218,-0.38098274000816224,0.1348789803511331,-0.08838119578093744
507.4235168064168,-1.81304868856522,0.40497133626930826,0.5687422675073741,-0.42323798325477335,0.15427930898949255,-0.10036342809348411
507.5235168064168,-1.9068803403706773,0.7615612200974972,0.4539509758272097,-0.09302824855957263,0.10600104710645625,0.02491068313660888
507.62351680641683,-1.9712091798385953,0.9680641820562988,0.37313861607779414,0.0867283240855632,0.07304295364156158,0.08839328086998163
507.7235168064168,-1.933530103462621,0.9771789808692017,0.3804429114419478,0.09556765217255836,0.07304295364156158,0.08839328086998163
507.82351680641676,-2.0622456133018012,0.9416742555540039,0.245827329740754,0.06481724150441001,0.02093622789291595,0.07361474895672282
507.9235168064168,-2.0375581991882554,0.9485240534492301,0.24792095253004606,0.07217871640008397,0.02093622789291595,0.07361474895672282
508.0235168064168,-2.1088179812968715,0.9907228522268166,0.176232172982893,0.11050449806898546,-0.003988432447662768,0.08541909379367761
508.1235168064168,-2.0912147061608266,1.0022003975026794,0.17583332973812688,0.11904640744835031,-0.003988432447662768,0.08541909379367761
508.22351680641674,-2.016695202707947,1.2787788654588896,0.22274172825419059,0.3451496719964962,0.013095991402221653,0.16345857934819477
508.32351680641676,-2.015543970567939,1.0676535920892798,0.20624600101402196,0.15622306657749238,0.0066084017061739005,0.08917339310942207
508.4235168064168,-1.9874151504727438,1.1520092957086798,0.213110668827068,0.2213483460858363,0.008847976838721676,0.10932762912134489
508.52351680641675,-2.0772022182642518,1.2515758804747272,0.11845061596535413,0.2977764586445537,-0.02657489871571416,0.1334421516952921
508.6235168064167,-1.9571251234896367,1.2052217617466086,0.20563937617654324,0.2480006290925542,0.0058185076450966156,0.11083750324391423
508.72351680641674,-1.9365320933337522,1.2305760121720895,0.20622122694105302,0.2590843794169481,0.0058185076450966156,0.11083750324391423
508.82351680641676,-2.0137340100131618,0.9721454433166843,0.12428925641263673,0.03563095152323932,-0.024322919565027506,0.026694807054815847
508.9235168064167,-2.0014266989697274,0.9758420125042809,0.12185696445613481,0.03830043222872,-0.024322919565027506,0.026694807054815847
509.0235168064167,-1.9264938022397935,0.8870587062799065,0.16987115701161917,-0.03697955208134697,-0.006604987634653146,-0.0017167254771910632
509.1235168064167,-1.909539711476801,0.8833521674443849,0.1692106582481537,-0.037151224629066115,-0.006604987634653146,-0.0017167254771910632
509.22351680641674,-2.0732389018358903,0.5382318551213289,0.018556007649534616,-0.31840379385340295,-0.060773515952393234,-0.10254073697881311
509.3235168064167,-1.9578051146352573,0.5092318436870037,0.10817748962163293,-0.32586512161723297,-0.025904468718359205,-0.10153008192825856
509.42351680641667,-1.725949793425421,0.6642292849964078,0.2892371361792919,-0.18119862435763998,0.040393018259177974,-0.046017126976003825
509.5235168064167,-1.4576982242481054,0.5671244297617136,0.4988438244960257,-0.25288849035464467,0.11660631398504945,-0.07071809881465466
509.6235168064167,-1.4914191094823745,0.7177099131257312,0.4407032337893269,-0.11512094107306967,0.09143999541246121,-0.018848002552080835
509.7235168064167,-1.446891586126395,0.7061035790056678,0.4498472333305699,-0.11700574132827711,0.09143999541246121,-0.018848002552080835
509.82351680641665,-1.2958106657551711,0.5414307717520012,0.5474385046419225,-0.24563623096017448,0.12358030105415642,-0.06455969567489302
509.92351680641667,-1.2404489137856956,0.5165443501776036,0.5597965347473409,-0.25209220052766523,0.12358030105415642,-0.06455969567489302
510.0235168064167,-1.5714397185012312,0.48213210775803655,0.24794996104128522,-0.26696921142384444,0.005842161025794119,-0.0678939202953201
510.12351680641666,-1.5466155115919822,0.4550957170141849,0.24853417714386444,-0.27375860345337416,0.005842161025794119,-0.0678939202953201
510.2235168064166,-1.4057470674325194,0.3315703116821739,0.3454551825189434,-0.35943097618121994,0.04063299809444808,-0.0961893279421791
510.32351680641665,-1.4990114583658247,0.4278157094205701,0.24194488799964098,-0.2585506161059738,0.0014372357015372261,-0.0562012047621477
510.42351680641667,-1.5802581910998452,0.16141801180859142,0.15452762079862892,-0.4619317528362665,-0.030172188159824774,-0.12711150998850623
510.52351680641664,-1.6555373697064746,-0.06531591233358702,0.07364131054972724,-0.6278969357233246,-0.05904184591337783,-0.1835376201086691
510.6235168064166,-1.9547012219655688,0.10845646187946416,-0.18616302488471628,-0.4510692810100783,-0.15058368270407652,-0.11363894800291263
510.7235168064166,-1.9740704428675653,0.06278133903843125,-0.20122139315512735,-0.4624331758103722,-0.15058368270407652,-0.11363894800291263
510.82351680641665,-1.9254553328650454,0.2206375391518305,-0.1580197442614118,-0.30618389193428014,-0.12939179434879222,-0.053743361720134004
510.9235168064166,-1.9419042662629247,0.18975043314981244,-0.1709589236962866,-0.3115582281062917,-0.12939179434879222,-0.053743361720134004
511.0235168064166,-2.2016112373349053,0.3963569960496835,-0.3862098718055301,-0.11844627915632432,-0.2028399713782811,0.018168535387248105
511.1235168064166,-2.241246424372359,0.38460321081098464,-0.40649386894336287,-0.11662942561759909,-0.2028399713782811,0.018168535387248105
511.2235168064166,-2.4981439250784585,0.15970803854889823,-0.605549245137842,-0.290447125471983,-0.26740103852891556,-0.04483176253681531
511.3235168064166,-2.4207055230193344,0.18575997036649233,-0.5152054910836308,-0.2488540573388472,-0.22474009461225905,-0.028157424734583186
511.42351680641656,-2.3639713412766907,0.2866020456477405,-0.4468551436532552,-0.148066754150811,-0.19195259907757484,0.008991067568867604
511.5235168064166,-2.4029772883192906,0.6076015335437169,-0.4603428251015101,0.13885388705573914,-0.18983653693153754,0.11430041832948792
511.6235168064166,-2.2696841364537628,0.6205397227378836,-0.3298576298057041,0.14903572847110014,-0.1359466399227868,0.11385341085728197
511.72351680641657,-2.3033496326339353,0.6360125626392746,-0.34345229379797815,0.16042106955682445,-0.1359466399227868,0.11385341085728197
511.82351680641654,-2.57248936697963,0.18775106722062093,-0.5505855764754581,-0.21093479712732488,-0.20561024099720066,-0.023468908157550518
511.92351680641656,-2.6285759758321743,0.16654024296709585,-0.5711466005751829,-0.21328168794308047,-0.20561024099720066,-0.023468908157550518
512.0235168064166,-2.2523529456081706,0.37615432655149167,-0.23208177174221328,-0.02953204895778915,-0.07605098046447564,0.04212080978202925
512.1235168064165,-2.2759413776846924,0.3734117257046252,-0.23968686978865394,-0.025319967979590054,-0.07605098046447564,0.04212080978202925
512.2235168064165,-2.0769809103973325,0.8243738582288547,-0.06181315411172094,0.35209248291002987,-0.00906760644227654,0.1759881726418166
512.3235168064166,-1.8889828145581895,1.0518549760385199,0.10049352670276727,0.5291000717732421,0.050401218697050706,0.2336759408541334
512.4235168064165,-1.7707075226193185,1.082073111219598,0.1951917550471617,0.5328281269742795,0.08276769908067845,0.2266338770380504
512.5235168064165,-1.636724405868499,1.1573110213730584,0.30151303826819037,0.573228881817579,0.11911731472242819,0.23316454131567724
512.6235168064165,-1.6012906485691165,1.1039585573148833,0.31731069023402503,0.5046245787767376,0.12051835484951967,0.2002457369891886
512.7235168064165,-1.5689569877714964,1.1554222438774553,0.329362525718966,0.5246491524756383,0.12051835484951967,0.2002457369891886
512.8235168064166,-1.2801075407794462,0.9937200660579741,0.5515498387595714,0.3676578381221748,0.19590417780863606,0.13677198952062045
512.9235168064165,-1.223973036014498,1.0311697098177601,0.5711402565404172,0.3813350370742244,0.19590417780863606,0.13677198952062045
513.0235168064164,-1.198281758001742,0.33939224258008494,0.5670558152380987,-0.2168557336828158,0.18827071311939358,-0.08564723657604417
513.1235168064165,-1.1406348229122552,0.31727843302889236,0.5858828865500637,-0.2254204573404319,0.18827071311939358,-0.08564723657604417
513.2235168064165,-1.1885483486001251,0.4183732648060754,0.515468615992261,-0.131839076535439,0.15604230891136367,-0.04900732211386707
513.3235168064165,-1.2447197139802042,0.30034288535946385,0.4398980423860639,-0.2238614883656025,0.12282164732059511,-0.08053541940551712
513.4235168064165,-1.287139221178923,0.048213339694648985,0.3799187380998249,-0.4206869694906519,0.09673533442112373,-0.14822255046550115
513.5235168064164,-1.291745913319024,0.12051029677666279,0.3525561145508783,-0.33745437698747643,0.08300432565804282,-0.1121200508608437
513.6235168064165,-1.3213618400751737,0.08491169057432474,0.30672691503909255,-0.34972872652966613,0.06348828390409167,-0.1125004993074526
513.7235168064165,-1.2903717071517724,0.0493763154248537,0.31307574342949596,-0.36097877646040116,0.06348828390409167,-0.1125004993074526
513.8235168064164,-1.3057055264227388,0.0308998808890398,0.28109920941219474,-0.35529679243860346,0.04982778381183396,-0.10589578829512064
513.9235168064165,-1.2773464665624212,-0.005159277296346066,0.28608198779338495,-0.36588637126812995,0.04982778381183396,-0.10589578829512064
514.0235168064164,-1.4130051294284733,-0.23453392546146018,0.15030021995168902,-0.5346777379442159,-0.0021789116280519424,-0.16262305159443938
514.1235168064164,-1.3979860019914414,-0.2888148145138665,0.15008232878888378,-0.5509400431036635,-0.0021789116280519424,-0.16262305159443938
514.2235168064165,-1.6495745807149005,-0.19578607622361463,-0.0715594595255299,-0.44457949932458934,-0.08214340688560476,-0.11863810748077128
514.3235168064164,-1.759946372178252,-0.13557982826569084,-0.16616432912566204,-0.3687752923622623,-0.11362085881370859,-0.08691229820076034
514.4235168064165,-1.7479631544050727,-0.1975068437189853,-0.15330644260529494,-0.39772723767524437,-0.10487747472434439,-0.094177094604617
514.5235168064164,-1.5101623148960817,-0.09130845966604023,0.054264065332773254,-0.28239687429398236,-0.024033238735520004,-0.04824650205368285
514.6235168064163,-1.46853366385778,-0.14650219146269997,0.08197595555725382,-0.309176425217045,-0.01317541921581953,-0.05610902519824159
514.7235168064165,-1.4604019453981227,-0.17770037911043862,0.08065841363567007,-0.31478732773687684,-0.01317541921581953,-0.05610902519824159
514.8235168064164,-1.7030550389521224,-0.13996101980631215,-0.12789550897717875,-0.26158546796758686,-0.08777651794441664,-0.034577478528415466
514.9235168064164,-1.7162834724395655,-0.16629245399571893,-0.1366731607716224,-0.26504321582042917,-0.08777651794441664,-0.034577478528415466
515.0235168064164,-1.5349473263566604,0.18610686782382127,0.01968596328225834,0.043216605269056886,-0.027339734817833427,0.07713674228033568
515.1235168064163,-1.5331154287025253,0.19081421206212398,0.016951989800477484,0.05093027949708344,-0.027339734817833427,0.07713674228033568
515.2235168064165,-1.5781146205862464,0.3177818740333906,-0.024452389685219664,0.1586690344261375,-0.04130507251302372,0.11301584330175155
515.3235168064164,-1.383813168273522,0.25018897623805353,0.1369233653372075,0.09998698323364688,0.01899917009502293,0.08768976052606747
515.4235168064163,-1.2508864759812304,0.09901029141890201,0.23775280266569865,-0.02427115441147516,0.05471262094366812,0.03999080845570995
515.5235168064164,-1.3784547761422867,0.12350962016782427,0.11288460263763916,0.0024951536807231896,0.006389780725368319,0.048373400782454376
515.6235168064163,-1.6586058371261363,0.39863870490423947,-0.12813784974616085,0.23305352683559263,-0.08073947521238568,0.12920896772938245
515.7235168064163,-1.6718233194768175,0.42259010242645123,-0.13621179726740126,0.2459744236085338,-0.08073947521238568,0.12920896772938245
515.8235168064164,-1.5682228822454207,0.37444491738773555,-0.047638271403397534,0.1994591080259494,-0.046112412589853,0.10815057961153651
515.9235168064163,-1.573217271448705,0.39493158108836907,-0.052249512662378636,0.21027416598709323,-0.046112412589853,0.10815057961153651
516.0235168064164,-1.5373220915677202,0.09245784641904699,-0.019655976849351515,-0.04797856127372965,-0.03186527369566837,0.010984716142348142
516.1235168064163,-1.5394470156211315,0.08771491387239003,-0.022842504218915455,-0.04688008965949584,-0.03186527369566837,0.010984716142348142
516.2235168064162,-1.5677365923148743,-0.0005538224286731272,-0.04749648976421254,-0.11464107160858253,-0.03961798006371629,-0.013715241841821012
516.3235168064164,-1.59196665086604,0.007575218216876364,-0.06766185484942418,-0.0996365067127813,-0.04552194905445896,-0.007788968013885655
516.4235168064163,-1.529547113998872,0.14851382756360898,-0.014575435165760075,0.02382535049278895,-0.024714470937971102,0.03675949737662902
516.5235168064163,-1.709301047755302,0.25357762698176517,-0.170215242426115,0.11481478987316925,-0.08150103484043131,0.06890717088873599
516.6235168064163,-1.5954627814235895,0.19706482568445727,-0.06953053457762837,0.06553875328859567,-0.04226144201991837,0.04879264582708456
516.7235168064162,-1.602627142091445,0.20386266424244584,-0.07375667877961636,0.07041801787129968,-0.04226144201991837,0.04879264582708456
516.8235168064164,-1.343594480127791,-0.048115398662397085,0.14539590305318212,-0.14018972395018187,0.03895075585181983,-0.02906925116986713
516.9235168064163,-1.3288601360432273,-0.06227971731325159,0.14929097863836055,-0.14309664906716593,0.03895075585181983,-0.02906925116986713
517.0235168064162,-1.5805317742674578,0.04866969094238576,-0.06814762847416395,-0.04609429689233814,-0.04091359084523844,0.005828574792743339
517.1235168064163,-1.5875511050691105,0.044089404127109454,-0.07223898755869337,-0.045511439413063015,-0.04091359084523844,0.005828574792743339
517.2235168064162,-1.350011383917085,-0.09989512883578286,0.12713805647429519,-0.1597517899046303,0.03256650035292643,-0.03535862995147264
517.3235168064163,-1.1029775073005792,-0.14785957010622017,0.3271647313076682,-0.18978399818040928,0.10426207942286134,-0.0449472806241454
517.4235168064163,-1.355056613013451,-0.2941655430512162,0.10067290466201,-0.29889795388076784,0.018734922754842342,-0.08246014086765513
517.5235168064162,-1.4917927566022218,-0.3915745583215181,-0.023735431654913666,-0.3643096665046586,-0.02808356587612916,-0.10350779593428155
517.6235168064163,-1.4369885720870694,-0.11781859004508281,0.02097916495721456,-0.11929661867039079,-0.01094951372540074,-0.012056505434256515
517.7235168064162,-1.4349454031599769,-0.12980853443928222,0.01988421358467548,-0.12050226921381535,-0.01094951372540074,-0.012056505434256515
517.8235168064161,-1.3765923296148639,-0.027770988232912644,0.06582343368199461,-0.028974302852037222,0.00608727107975208,0.020878079147794302
517.9235168064163,-1.3699795498912566,-0.030564028122381064,0.06643216078997065,-0.026886494937254944,0.00608727107975208,0.020878079147794302
518.0235168064162,-1.1975946680211575,-0.2428391655357106,0.20663126938570167,-0.19659988319679117,0.05705612664335227,-0.04051463579907859
518.1235168064162,-1.1766462604493657,-0.2627017270343897,0.2123368820500382,-0.20065134677669996,0.05705612664335227,-0.04051463579907859
518.2235168064162,-1.2055111056456214,-0.1608780552161852,0.17619414585719262,-0.10418173355331305,0.04194311428662563,-0.004457620457216989
518.3235168064161,-1.2482262434357623,-0.13034510943654315,0.12951111869342888,-0.07050107991471814,0.023405330111092946,0.007892244221914684
518.4235168064163,-1.199575611961742,-0.06568992271589595,0.1613982176959859,-0.01072321022608893,0.03407160877977809,0.029043545524690278
518.5235168064162,-0.9369302739367299,-0.21513516245302466,0.37657029694074445,-0.13433551176744754,0.11258261494357415,-0.017538216017436378
518.6235168064161,-0.9748598065074694,-0.05887901733897178,0.32469239238255787,0.0034484174220557806,0.08981933343633285,0.03243326002078094
518.7235168064162,-0.9419414706019864,-0.058372009296661385,0.3336743257262034,0.006691743424138299,0.08981933343633285,0.03243326002078094
518.8235168064161,-1.0519082831349278,-0.44787334428390835,0.2226046321393337,-0.3135610222975452,0.046283801469840534,-0.08420700000951443
518.9235168064162,-1.02941640091364,-0.47965048151371775,0.22723301228631881,-0.32198172229849853,0.046283801469840534,-0.08420700000951443
519.0235168064162,-1.5452107000831181,-0.47755960617383436,-0.22407044058148767,-0.3002557883869631,-0.12077923394340626,-0.07294944841557567
519.1235168064161,-1.5682216403109623,-0.5079499322545805,-0.23614836397581732,-0.307550733228514,-0.12077923394340626,-0.07294944841557567
519.2235168064162,-1.414776637641863,-0.02568061413997189,-0.1006603653787197,0.10784124033983651,-0.06748763072867486,0.07866879112770465
519.3235168064161,-1.124162618963218,-0.08207204676705818,0.14554576639943986,0.05943053491036657,0.024679596894178396,0.058302733350227925
519.423516806416,-0.9778685887095276,0.09555870855737321,0.25730349615080095,0.20633820107372547,0.06413308680075067,0.10888823890379148
519.5235168064162,-1.337383841651688,-0.056531097963473546,-0.06773977594694316,0.06962689292695096,-0.0587531299398623,0.054543820023142835
519.6235168064161,-1.3725539884011926,-0.13340026722084009,-0.09691502641605655,0.0059568539548928694,-0.06715375146962459,0.0297888750223168
519.7235168064161,-1.3825812598001486,-0.132655637450239,-0.10363040156302053,0.008935741457125227,-0.06715375146962459,0.0297888750223168
519.8235168064161,-1.1144752191765233,-0.07655152935614154,0.11969280328028005,0.05918726889260317,0.01552694433210508,0.047273529184480925
519.923516806416,-1.1024283041268457,-0.07039643482096464,0.12124549771348915,0.06391462181104697,0.01552694433210508,0.047273529184480925
520.0235168064162,-1.1048849123363478,-0.3072368312280381,0.10923384942448444,-0.1336318411913309,0.0102345106556853,-0.02580254429250773
520.1235168064161,-1.0939103548406308,-0.32072902806862136,0.11025730049005204,-0.13621209562057932,0.0102345106556853,-0.02580254429250773
520.223516806416,-0.6846138701765367,-0.3865802918221488,0.4420384028219788,-0.1816885217950135,0.12968353569918772,-0.04118944594448751
520.3235168064161,-0.6311651496461205,-0.454947375049493,0.4622306464756894,-0.22744563059450895,0.1323156489147308,-0.05625770562275334
520.423516806416,-0.7775445657709619,-0.707668875071605,0.31498190772781626,-0.4221354846220244,0.07438243122885378,-0.1240495895835495
520.5235168064161,-0.821082253292962,-0.39864219666449396,0.2575949561647305,-0.1348045880688443,0.05034874661852205,-0.013690806968318203
520.6235168064161,-1.1403448986385865,-0.6715036899860906,-0.023639630919958556,-0.34929919032286816,-0.0528636077591713,-0.09001564976703126
520.723516806416,-1.1429731797693754,-0.70688368726718,-0.02892599169587088,-0.3583007552995631,-0.0528636077591713,-0.09001564976703126
520.8235168064161,-0.9658359976088937,-0.7029675520726794,0.11785499944223143,-0.33535229301776487,0.0026945611314414253,-0.0788616385198696
520.923516806416,-0.9540370248590241,-0.736897089567024,0.11812445555537533,-0.34323845686974463,0.0026945611314414253,-0.0788616385198696
521.023516806416,-1.0531130433720637,-1.016133186761738,0.02997297815772937,-0.5525679270420639,-0.028194386118948825,-0.15116127260223403
521.1235168064161,-1.0502567174868818,-1.072145785829033,0.02715353954583064,-0.567684054302308,-0.028194386118948825,-0.15116127260223403
521.223516806416,-0.8693440637792526,-1.256565017546712,0.17246028691297483,-0.6872762230140479,0.02529954948878698,-0.188636937898247
521.323516806416,-0.9243163242961685,-1.0271976757777643,0.1141965392351201,-0.4570734891339269,0.0031486160927974294,-0.09850333856884573
521.423516806416,-0.6246421688439001,-0.8830865609135677,0.35385566232631155,-0.31027753325378227,0.08955163807024641,-0.04233536154165849
521.523516806416,-0.4821100373855206,-0.7496241926427452,0.45453571155261147,-0.17420819942938165,0.12355827665829808,0.009322301842767333
521.6235168064161,-0.48831025076016027,-0.86366618447699,0.4235527390235313,-0.2527259200222048,0.10793279017876839,-0.019130437928243507
521.723516806416,-0.4454153129069528,-0.8890344286688284,0.43434601804139833,-0.2546389638150274,0.10793279017876839,-0.019130437928243507
521.8235168064159,-0.5033415290659771,-0.5903243077624274,0.35983043807170634,0.011142503484106066,0.07693516384191453,0.07710796321116783
521.923516806416,-0.4669738094395467,-0.5888245175979583,0.3675239544559083,0.01885329980523337,0.07693516384191453,0.07710796321116783
522.023516806416,-0.4507272519276637,-0.5502608312192595,0.3585546942534621,0.05656070198324493,0.07111213026833585,0.08790141048062083
522.123516806416,-0.4145162218509675,-0.5441652539685304,0.3656659072802973,0.065350843031309,0.07111213026833585,0.08790141048062083
522.223516806416,-0.1779578739433592,-0.9192175732831738,0.5385931736753347,-0.2403919217708968,0.1309945421658703,-0.02492187168494185
522.3235168064159,-0.18256754898970484,-0.4836662009742111,0.5020088164501126,0.140008898424239,0.11289163428964843,0.11364166429461191
522.423516806416,0.14459760111456815,-0.4035646949614914,0.7428115568289768,0.20531324487734293,0.19574578968297648,0.13298275942999957
522.523516806416,0.044758824832369086,-0.5914230428226954,0.6118605108573049,0.04052628615550414,0.1399390094163707,0.06741412845717848
522.6235168064159,-0.14224700791513253,-0.48370358650042117,0.41949632484947835,0.13219303631414753,0.06553811499687182,0.09782772215857054
522.723516806416,-0.09996968485514222,-0.46999514425819416,0.4260501363491745,0.14197580853001793,0.06553811499687182,0.09782772215857054
522.8235168064159,0.42714136579259093,-0.2531808822088181,0.8370192744603848,0.31829474300495075,0.21223614385644618,0.15761093799403894
522.9235168064159,0.5119044739579311,-0.22056335321834525,0.8582428888460343,0.33405583680435824,0.21223614385644618,0.15761093799403894
523.023516806416,0.14972484712043146,-0.22225610798795642,0.498423245053601,0.31394580566209845,0.07233335904928302,0.1429569943091486
523.1235168064159,0.19992883842099202,-0.19014674245023067,0.5056565809585227,0.3282415050930003,0.07233335904928302,0.1429569943091486
523.223516806416,0.18520419573587268,-0.3805373316836977,0.45835997515613147,0.15817007711262615,0.052640546660268434,0.07682431295503207
523.3235168064159,0.1293012218139364,-0.6397121003019561,0.3779082498085732,-0.06350582409685634,0.021408947793460222,-0.006177206913630273
523.4235168064158,0.4437993161643872,-0.7115517723079696,0.6097291392089055,-0.11800264674784244,0.10432317978777492,-0.025496401553951425
523.523516806416,0.37998294234227153,-0.8913028052199121,0.5124364638376282,-0.2635142274248322,0.06438456444897711,-0.07813309958712093
523.6235168064159,0.17713777983979023,-1.0448336282921236,0.3079408576237674,-0.37553349294730226,-0.011666164443436614,-0.11545149824244283
523.7235168064159,0.20787353477995676,-1.0829642350780748,0.3067742411794235,-0.3870786427715492,-0.011666164443436614,-0.11545149824244283
523.8235168064159,0.3336293066141305,-0.8560226646708688,0.3852529427906205,-0.17555520769269353,0.017273293619582786,-0.03436992806494338
523.9235168064158,0.3722409673612552,-0.8737500350804466,0.3869802721525772,-0.17899220049918474,0.017273293619582786,-0.03436992806494338
524.023516806416,0.09712833068642542,-0.9457148025281696,0.12574463102227934,-0.22917461272668865,-0.07833646665684488,-0.05180912501177887
524.1235168064159,0.10931111145535839,-0.9688913094258761,0.11791098435660198,-0.23435552522786182,-0.07833646665684488,-0.05180912501177887
524.2235168064158,-0.062036160664521875,-1.1758293682351364,-0.0417104399470887,-0.3904056475938535,-0.13315274069605476,-0.10592606832065551
524.3235168064159,0.09986658051405474,-1.0192375990453733,0.08509101003616928,-0.23761655916982516,-0.08209948866407728,-0.04680055551775244
524.4235168064158,0.0035202441609186127,-1.0805651107870418,-0.00984668198205608,-0.2730247222348048,-0.11340811102755351,-0.05781859903342318
524.5235168064158,-0.20686606812176037,-1.2310643103368455,-0.2007146182001878,-0.383506676527225,-0.17996708281196774,-0.09636779074343706
524.6235168064159,-0.08170442545652788,-1.3073582626167173,-0.09755128541615841,-0.42393251385960395,-0.13628371882844464,-0.10739401610722756
524.7235168064158,-0.09214097259227584,-1.3502884840831741,-0.11117965729899049,-0.4346719154703169,-0.13628371882844464,-0.10739401610722756
524.8235168064159,0.39246750383025036,-1.1786413955542248,0.2893568712706778,-0.2668046505733293,0.013825596556513206,-0.04302716379793795
524.9235168064158,0.42147231894007425,-1.2055369964305227,0.2907394309263278,-0.2711073669531192,0.013825596556513206,-0.04302716379793795
525.0235168064157,0.5548608091065114,-1.0049432533208595,0.37716922773609923,-0.08643083677728891,0.04410649847558501,0.02514052223279232
525.1235168064159,0.5927982643725512,-1.013460634387436,0.38157987758366374,-0.08391678455400625,0.04410649847558501,0.02514052223279232
525.2235168064158,0.2652519791435906,-1.5328556300296798,0.08205663102685172,-0.5022288348151264,-0.06565546005864595,-0.1258102406925887
525.3235168064158,0.22267610322035303,-1.4163447108496914,0.03309355067235331,-0.3754147070963256,-0.08110352324500998,-0.0753651169668943
525.4235168064158,0.19389961610459822,-1.271865313530601,-0.0013231316119384825,-0.2328184104257281,-0.09060008017764247,-0.02153265055126522
525.5235168064157,-0.0704750158580205,-1.1547740437960436,-0.23715273225586475,-0.11530172673584972,-0.17467400999448268,0.0225282437871466
525.6235168064159,0.3384813158127217,-1.0275427513431266,0.10483562671441203,0.0009047008730511917,-0.0450748726825477,0.06333748516445117
525.7235168064158,0.348739504120741,-1.02713559383,0.10032813944616135,0.007238449389490548,-0.0450748726825477,0.06333748516445117
525.8235168064157,0.09559783063144864,-1.2727738704726796,-0.1244017797935154,-0.1905969295688643,-0.1251177977589192,-0.010205344270131061
525.9235168064158,0.08253206366328382,-1.2918845901509428,-0.1369135595694244,-0.19161746399587878,-0.1251177977589192,-0.010205344270131061
526.0235168064157,-0.07447100991883647,-1.199400163449786,-0.26876994429158674,-0.10703111923331307,-0.16845686404974053,0.018709945896815183
526.1235168064158,-0.10219028866825035,-1.2100097256436357,-0.2856156306965646,-0.10516012464363113,-0.16845686404974053,0.018709945896815183
526.2235168064158,-0.20039278412112138,-1.4818267638726703,-0.359604863699095,-0.3185022292030407,-0.18909354744156154,-0.05848721776841967
526.3235168064157,-0.5468018278818079,-1.3728956569305657,-0.6385998387933426,-0.20685176544405712,-0.28385894261749417,-0.015965932946155177
526.4235168064158,-0.2949520090066864,-1.4048427306498799,-0.40365185652706664,-0.21765239616585894,-0.18879569530925483,-0.019266184510589607
526.5235168064157,-0.19908782632902441,-1.3727058731201227,-0.3046087438084562,-0.17357991499678346,-0.14507632713274998,-0.002329923659141978
526.6235168064156,0.06725980317313897,-1.4548197854396012,-0.07242854684705506,-0.22702535290672868,-0.05613483983015963,-0.021386447304969344
526.7235168064158,0.059736274289272015,-1.4776292529668302,-0.07804203083007868,-0.22916399763722853,-0.05613483983015963,-0.021386447304969344
526.8235168064157,-0.08308661035295739,-1.2145666800270842,-0.19635250716020797,0.004344946999112664,-0.09705655564415447,0.0631893449423083
526.9235168064157,-0.10320714384720364,-1.2138162386024614,-0.20605816272462563,0.010663881493344931,-0.09705655564415447,0.0631893449423083
527.0235168064157,0.37917754680782234,-1.083605892164715,0.21017178309808038,0.13022026494960648,0.05897485009242438,0.10583570059312772
527.1235168064156,0.4004895993680729,-1.0700546871668015,0.21606926810731744,0.14080383500890964,0.05897485009242438,0.10583570059312772
527.2235168064158,0.274434052136075,-1.4568108155284483,0.09907469252103286,-0.1790676319285477,0.014593906015930004,-0.012698866660928773
527.3235168064157,0.6615126687118692,-1.5054525003649664,0.41742207805061776,-0.20588349947840118,0.1300559451145772,-0.021943593969199413
527.4235168064156,0.9842836594501218,-1.5971353580274128,0.6632450290720626,-0.26650593230438857,0.21410276138967071,-0.04289389347272782
527.5235168064157,0.8402397739423427,-1.595804195542792,0.5028893640693117,-0.2467760859541885,0.14671375741577758,-0.03405032817287883
527.6235168064156,0.9480929442684002,-1.385086844753607,0.5646795189575473,-0.05657324071313765,0.1637020875766702,0.035284825821955454
527.7235168064157,1.0053794066020514,-1.3905677446958125,0.581049727715218,-0.053044758130941304,0.1637020875766702,0.035284825821955454
527.8235168064157,1.0334573906986488,-1.060224278452185,0.5713014663082917,0.22763439041586672,0.15413240909108827,0.1349790228320657
527.9235168064156,1.09135819937488,-1.0367859442964598,0.5867147072173865,0.241132292699061,0.15413240909108827,0.1349790228320657
528.0235168064157,0.9547065012211022,-1.084332370444062,0.4352736045249661,0.18977345819091537,0.09274206809957236,0.11021586756573351
528.1235168064156,0.9986975720140562,-1.06480394528716,0.4445478113349149,0.2007950449474787,0.09274206809957236,0.11021586756573351
528.2235168064155,1.09461559583398,-1.2560082071306964,0.4961817771680211,0.037407374895473494,0.10803976989731559,0.04765508480753883
528.3235168064157,0.7943084737200856,-1.2005382776421443,0.21247807496923254,0.08505924654415838,0.0007322741461895932,0.06317504994549682
528.4235168064156,0.48091598115809936,-1.1539147476622031,-0.06532635792441885,0.12249161809752747,-0.09958126352547045,0.07433177196562402
528.5235168064156,0.6393371993397632,-1.0987614412920297,0.06694806898992353,0.166156517527522,-0.04684910679075336,0.08767181348622
528.6235168064156,0.7739950147186206,-1.270315555072125,0.16855257239823332,0.01990921847191289,-0.00852723827409168,0.03215778700110814
528.7235168064155,0.7908076357670583,-1.2681638442899303,0.16769984857082493,0.02312499717202078,-0.00852723827409168,0.03215778700110814
528.8235168064157,0.5809454504440088,-1.4794554803186342,-0.022550827451206852,-0.15168045601719193,-0.07726641027132389,-0.03226043895228719
528.9235168064156,0.5783040356475342,-1.4947848281151006,-0.030277468478332212,-0.15490649991241773,-0.07726641027132389,-0.03226043895228719
529.0235168064155,0.04455263420840874,-1.0357302944453535,-0.48678501902802646,0.23141339777619827,-0.2417002219673702,0.10711746762826004
529.1235168064156,-0.0053343688043004656,-1.0120533673295593,-0.5109550412247964,0.24212514453903888,-0.2417002219673702,0.10711746762826004
529.2235168064155,0.2527043711365484,-1.1844940273105653,-0.2773571331013487,0.09048614451101773,-0.14861052972186864,0.048882085020326524
529.3235168064156,0.4010630732827525,-0.9310008508329273,-0.14361584855019596,0.29876666147963693,-0.09446544003751439,0.1224868699345964
529.4235168064156,0.5114370445579094,-0.7358611086336391,-0.049093764154507745,0.4465404351582318,-0.05693287657038261,0.17108150928620922
529.5235168064155,0.5105961153720204,-1.1391782334012344,-0.05104484817347158,0.08131119012733445,-0.05554546936828017,0.030309930609486113
529.6235168064156,0.42315405735926886,-1.034059166434715,-0.12463589871906691,0.16393071628365335,-0.08007553163285037,0.0588122996955596
529.7235168064155,0.41029008982921,-1.0173720333078873,-0.13264345188234467,0.16981194625320398,-0.08007553163285037,0.0588122996955596
529.8235168064155,0.5096189426399876,-1.4230994530017604,-0.04663572965646319,-0.17347832641683003,-0.04607031304621386,-0.06670964147787364
529.9235168064156,0.5047250181091033,-1.4407808338508574,-0.05124276096109086,-0.1801492905646265,-0.04607031304621386,-0.06670964147787364
530.0235168064155,0.5871473642915274,-1.8994279216270915,0.010474951690545575,-0.5536608332192567,-0.023980095800116223,-0.19953017188106062
530.1235168064155,0.5880749589815815,-1.9557916558084356,0.008076942110533407,-0.5736138504073673,-0.023980095800116223,-0.19953017188106062
530.2235168064155,0.6427702597948252,-1.7046760349119212,0.05053708867753994,-0.33876816004230786,-0.007780128856051536,-0.10813360909541174
530.3235168064155,0.7805275656111703,-1.7541120974835518,0.16130696008578696,-0.36209037213573525,0.03286371497474985,-0.11266038450720944
530.4235168064156,0.792232421704432,-1.8657890175706828,0.16078181053786772,-0.43501089138034993,0.031487759960770814,-0.13476756283021818
530.5235168064155,0.8061903882795262,-2.078225141292044,0.16197257508284635,-0.591822626646792,0.030761834957274577,-0.18754160869736597
530.6235168064154,0.6626915571321111,-1.9604083389491254,0.032515873119886726,-0.46433294739684344,-0.017021924641835096,-0.13516853753319197
530.7235168064155,0.6658580348208949,-2.007517476376541,0.030813680655700896,-0.47784980115018105,-0.017021924641835096,-0.13516853753319197
530.8235168064155,0.7037644065970712,-1.7893579859789952,0.0581159709725592,-0.2720668946822149,-0.006542432395162357,-0.05654493613943212
530.9235168064155,0.7095432915323525,-1.8168474001279202,0.05746172773304282,-0.2777213882961594,-0.006542432395162357,-0.05654493613943212
531.0235168064155,0.8399392297635186,-1.6996492749536176,0.15872607263595767,-0.16125784669552787,0.029802591751752722,-0.012023617251394964
531.1235168064154,0.8559608499858584,-1.7158351777094127,0.16170633181113023,-0.16246020842066627,0.029802591751752722,-0.012023617251394964
531.2235168064155,0.9050416736526395,-1.722715708804113,0.191897734334437,-0.15590221678190036,0.039629558809986684,-0.009239970386486345
531.3235168064155,1.1078028457196065,-1.7502457683628652,0.34995526081758077,-0.16673232763271428,0.09577581117842657,-0.012824852145181663
531.4235168064154,1.0832687807011316,-1.7060797226346531,0.30970372440280275,-0.11788479906709633,0.0777875531327514,0.005150048295184305
531.5235168064155,1.4424935401603587,-1.693972153384656,0.5993358724697281,-0.09703564198476777,0.1822835840449446,0.012636814549103165
531.6235168064154,1.3919516217844952,-1.7536731423828709,0.5252124021906707,-0.13691610153404812,0.14898680970037717,-0.0020977891308738145
531.7235168064154,1.4452177960520765,-1.7673752414819333,0.5401110831607118,-0.13712588044713556,0.14898680970037717,-0.0020977891308738145
531.8235168064155,1.3479248507725388,-1.8574572625713295,0.42548166625413814,-0.20203560638015897,0.10132106317207992,-0.025806127197099307
531.9235168064154,1.3909796227137734,-1.8777898538453124,0.43561377257133693,-0.20461621909986655,0.10132106317207992,-0.025806127197099307
532.0235168064155,1.5308117920683584,-1.4763801701039683,0.5273922176079129,0.1409696698138657,0.13140567367841716,0.09929652872807587
532.1235168064154,1.5842080421974927,-1.461786720478955,0.5405327849757426,0.15089932268666426,0.13140567367841716,0.09929652872807587
532.2235168064153,1.743735942549408,-1.2171506585098881,0.6407339153960696,0.34941163573485384,0.162846516653769,0.16694132609193033
532.3235168064155,1.7106636636352632,-1.3282700668308793,0.5746996403607335,0.2437578926113611,0.13285260307733482,0.1226653692186466
532.4235168064154,1.6370793700141368,-1.2490812963669322,0.47861004690629716,0.30063654145144564,0.09336839804612941,0.13866173965017511
532.5235168064154,1.6159088798955366,-1.0802389046601013,0.428201823416556,0.43213216548632344,0.0712181520623416,0.18197134933052977
532.6235168064154,1.9659427007611625,-1.1295412185926195,0.6897417945419385,0.3735442314390404,0.16294675178319487,0.15447296116756376
532.7235168064153,2.035731613974208,-1.091414430642913,0.7060364697202431,0.38899152755578276,0.16294675178319487,0.15447296116756376
532.8235168064155,2.3039927494226746,-1.1879569894528594,0.8854767265055922,0.2919809927571893,0.22178449949851417,0.11404102423471767
532.9235168064154,2.393649344570644,-1.1581886850559946,0.9076551764554234,0.3033850951806507,0.22178449949851417,0.11404102423471767
533.0235168064153,2.1598860332844745,-1.413670337694808,0.655681958015777,0.07151641241383978,0.12172670016124233,0.024659205292316064
533.1235168064154,2.2260628625869496,-1.4063954004269525,0.6678546280319179,0.07398233294307476,0.12172670016124233,0.024659205292316064
533.2235168064153,2.4591508450311794,-1.5454344729245237,0.8176511695945293,-0.04421898405876537,0.17142785511867467,-0.0186242589649694
533.3235168064153,2.307788734578868,-1.429098127927448,0.6381692001476252,0.05457470301611348,0.09978520690168005,0.017801757345191946
533.4235168064154,2.390357725725882,-1.4572364407403704,0.663304549699599,0.02862869259545373,0.10525680588277418,0.007860099680459854
533.5235168064153,2.50401659262883,-1.316662938829275,0.7140642304479207,0.14669140021982616,0.12017340235646434,0.05103983058186505
533.6235168064154,2.2548600054775463,-1.5699841725406112,0.4598019175266492,-0.06867204456914631,0.024168226821734043,-0.027914307100609423
533.7235168064153,2.300961038364278,-1.5769909485330225,0.46221874020882037,-0.07146347527920471,0.024168226821734043,-0.027914307100609423
533.8235168064152,1.6819415906413098,-1.7031464396346017,-0.08706596805368388,-0.17172227880526958,-0.17486609792378688,-0.06277597206511941
533.9235168064154,1.6723606633463082,-1.7206325473754784,-0.10455257784608643,-0.17799987601179007,-0.17486609792378688,-0.06277597206511941
534.0235168064153,1.5702450099055763,-1.8139075532417355,-0.19703387630277208,-0.24574884896635757,-0.2018354393127014,-0.08471177750918298
534.1235168064153,1.5495324450787307,-1.838905997025923,-0.2172174202340468,-0.2542200267172778,-0.2018354393127014,-0.08471177750918298
534.2235168064153,1.497037814932943,-1.653810980943992,-0.2621224383525652,-0.08901822229305935,-0.21076329322023535,-0.022415097231752827
534.3235168064152,1.9309247528845104,-1.7257189715467238,0.10432325597042938,-0.1436437074452709,-0.06956487686539534,-0.041372113224531465
534.4235168064154,1.9954708448357796,-1.8927922768008034,0.1425899342613622,-0.2733064349591367,-0.05323936239661245,-0.08638125018910561
534.5235168064153,1.852995844053238,-2.263498408596428,0.0027566142077198787,-0.5740844714330444,-0.10310818459416264,-0.1939433065419675
534.6235168064152,1.635400165619365,-2.391737653696784,-0.1877657126390531,-0.650896685120808,-0.16808212192279637,-0.21450588799328674
534.7235168064153,1.6157831837458179,-2.4578998516489228,-0.20457392483135567,-0.6723472739201659,-0.16808212192279637,-0.21450588799328674
534.8235168064152,1.8062747334018125,-2.1815277524083316,-0.04630994358679955,-0.41034070105055964,-0.10506827748589657,-0.112893345440914
534.9235168064153,1.8011183976557017,-2.2231262892406014,-0.0568167713353916,-0.4216300355946536,-0.10506827748589657,-0.112893345440914
535.0235168064153,1.9708646639257161,-2.1034946121784275,0.085586206207704,-0.29524217017199245,-0.04792573365243165,-0.062373929308406253
535.1235168064152,1.979183655878217,-2.1333306988421414,0.0807936328424652,-0.3014795631028274,-0.04792573365243165,-0.062373929308406253
535.2235168064153,2.032934954523777,-1.9707092685220404,0.11413479716475936,-0.14874802765243578,-0.034154207066113156,-0.0053516084996059685
535.3235168064152,2.265511430926937,-2.050954953728397,0.29671341725060263,-0.2037077751335245,0.03361500967236509,-0.02504709267614187
535.4235168064151,2.3960724867228613,-2.021156849571875,0.3837109511957896,-0.16481504729556679,0.0638075279753334,-0.010203394174031035
535.5235168064153,2.2946947351551987,-2.1502412929167414,0.26968069849287374,-0.26171386394487006,0.01916562379239107,-0.04550458297661771
535.6235168064152,2.4926656134581524,-2.0997804701809195,0.41329766579083654,-0.2030943424113676,0.07025466528046925,-0.022882051686206713
535.7235168064152,2.5343466533636483,-2.120204314680492,0.4203231323188851,-0.20538254757998878,0.07025466528046925,-0.022882051686206713
535.8235168064152,2.325487498971491,-2.1364586953524873,0.21630656663879191,-0.20624322608372034,-0.006619037931635902,-0.022962536175532428
535.9235168064151,2.3470850604456923,-2.157197830641718,0.21564466284562891,-0.20853947970127149,-0.006619037931635902,-0.022962536175532428
536.0235168064153,2.358698926918316,-2.374774885466029,0.21256951576051653,-0.3775979677009041,-0.005840971080849362,-0.0841660868052676
536.1235168064152,2.379926673638944,-2.4129555126701105,0.21198541865243212,-0.3860145763814232,-0.005840971080849362,-0.0841660868052676
536.2235168064151,2.566566088335481,-2.1601670122576406,0.34883929977528094,-0.15417560961165588,0.043793050810363415,0.0020138392905730274
536.3235168064152,2.617283277993281,-2.339470721483096,0.36633980974221425,-0.2904820443701584,0.04857392321892724,-0.04738639963373165
536.4235168064151,2.569751991074456,-2.3842314357349377,0.3011073798488363,-0.3079587399125003,0.023271572488781398,-0.05195382867614375
536.5235168064152,2.6479309297879214,-2.475951668192955,0.3446569032585711,-0.3648318583642329,0.03855460174926034,-0.07098088827715097
536.6235168064152,2.5510955164601308,-2.318405700353187,0.23948969197266984,-0.21216830472914647,-0.000752722662395823,-0.013766800742498447
536.7235168064151,2.5750407220440636,-2.3396913648297946,0.23941441970643032,-0.21354498480339507,-0.000752722662395823,-0.013766800742498447
536.8235168064152,2.5207532844440896,-1.9869406486786194,0.17320708577826466,0.09297322090380108,-0.02495524907992988,0.0966552751550266
536.9235168064151,2.537949216776501,-1.9771600502124735,0.17071156087027395,0.10263874841929496,-0.02495524907992988,0.0966552751550266
537.023516806415,2.7049844343850173,-1.4901725043327059,0.2981208190052985,0.5126063960655411,0.023447391621548998,0.24257214471503108
537.1235168064152,2.734913753243696,-1.4376990040025035,0.3004655581674566,0.5368636105370773,0.023447391621548998,0.24257214471503108
537.2235168064151,2.552142277463396,-1.5133092838021762,0.12594815274486446,0.45366888477728184,-0.04042417917015794,0.20402902141547513
537.3235168064151,2.414787554595512,-1.3514529649693559,-0.003931942443770595,0.5702452099473128,-0.08627468485600182,0.23883281596331266
537.4235168064151,2.6490062141649613,-1.5357383837307934,0.18261297998191653,0.3945216794825399,-0.015817660831721092,0.16726067178330517
537.523516806415,2.7298911447846588,-1.369970436079613,0.23493434601603522,0.5181386903244666,0.004166712267227694,0.2066165052560205
537.6235168064152,2.7239765877462503,-1.4334375818862175,0.21095133246013165,0.443203348912442,-0.004630415086576571,0.1723811620255958
537.7235168064151,2.7450485689168116,-1.3882553411848872,0.21048829095147442,0.4604414651149859,-0.004630415086576571,0.1723811620255958
537.823516806415,2.738242514129114,-1.3526007392406665,0.18628921671152435,0.4690920013780313,-0.013372196205988887,0.1694826921988819
537.9235168064151,2.7568045748192618,-1.3048441256418026,0.18495199709092364,0.48604027059794264,-0.013372196205988887,0.1694826921988819
538.023516806415,2.368689529119643,-1.4169028892760753,-0.15625409228475556,0.3697311899499459,-0.13674525853809044,0.12159939329759509
538.1235168064151,2.352380393598473,-1.379321773314584,-0.16992861813856772,0.3818911292797082,-0.13674525853809044,0.12159939329759509
538.2235168064151,2.334609512312225,-1.3110286425290998,-0.18368146307072689,0.41833592630601435,-0.13677354250224075,0.1303103971426202
538.323516806415,2.6354044195400683,-1.2375655244644024,0.07141906474426343,0.4571682666745591,-0.03884101484393203,0.1396475210461042
538.4235168064151,2.636985221983301,-1.1614264169958068,0.06307846173237079,0.4955990851674991,-0.04044980712095862,0.14842021178235867
538.523516806415,2.8097060546871138,-1.4080207441793893,0.20226622950215553,0.2575270001420456,0.012653168034943207,0.05530057876670445
538.623516806415,2.7810250391451885,-1.753564650560107,0.16292936048776893,-0.042333882009277166,-0.001985652206581527,-0.05406649899803885
538.7235168064151,2.797308046932955,-1.7580683712560314,0.1627307952671105,-0.047740531909088425,-0.001985652206581527,-0.05406649899803885
538.823516806415,3.497082587584999,-1.9117730185721593,0.7304002417958522,-0.17650748960683255,0.20318411557207605,-0.09858711655564711
538.923516806415,3.5711385323424616,-1.929916703115625,0.7507186533530644,-0.1863662012623995,0.20318411557207605,-0.09858711655564711
539.023516806415,3.3839818945586946,-2.1203481585466144,0.5523500283761823,-0.33240952496960285,0.12418988224091389,-0.14607082295368976
539.123516806415,3.439837846807466,-2.1543194651583115,0.5647690166002624,-0.34701660726495853,0.12418988224091389,-0.14607082295368976
539.2235168064151,3.685127127943175,-1.9942175170642122,0.7334981367227087,-0.20063538261979919,0.18063934845340723,-0.08832414894444605
539.323516806415,3.838882090229814,-2.13453208131089,0.8183701751474395,-0.3092560709775138,0.20498170282169637,-0.12443610647424155
539.4235168064149,4.281421354494492,-2.379378819163233,1.137532922516098,-0.49726752891646053,0.3127992951806069,-0.18738870388297707
539.523516806415,4.214276843287567,-2.27115923992945,1.0119574179631607,-0.38066009598195993,0.25464576320676097,-0.13755598286702447
539.623516806415,4.1098166954752715,-2.1572175151389765,0.8658553337951166,-0.26891730516211915,0.19278866236992004,-0.09261230484073439
539.723516806415,4.197366172166653,-2.1845723071793985,0.885134200032113,-0.2781785356461947,0.19278866236992004,-0.09261230484073439
539.823516806415,3.6779225631868933,-1.7968773113285958,0.3978664037112994,0.05483011589316869,0.009598471523426834,0.030131838456866365
539.9235168064149,3.717757195915604,-1.791243640547,0.3988262508636412,0.057843299738852584,0.009598471523426834,0.030131838456866365
540.023516806415,3.2220550885928274,-1.85317003791549,-0.04858320055320259,0.0011058898797258834,-0.15332429252638174,0.007602275031874189
540.123516806415,3.2164301470748806,-1.8530214375523584,-0.06391562980582682,0.001866117382912611,-0.15332429252638174,0.007602275031874189
540.2235168064149,3.265905420208036,-2.0810078632526796,-0.032208811731451154,-0.18526587507466083,-0.13633665154368574,-0.05979486070516361
540.323516806415,3.3554332121983665,-2.0057040713807655,0.03267012289642571,-0.11284579253520392,-0.10772962000290945,-0.03142317138998771
540.4235168064149,3.1686548756616637,-1.7318260340250713,-0.13546315239211415,0.11886054366743262,-0.16453652451462097,0.052785486139712526
540.5235168064149,3.3085552675610668,-2.0177588299239035,-0.019297308030871745,-0.12978569547006086,-0.11536837045015542,-0.04070626647116585
540.623516806415,3.53480284599652,-1.9099224392162426,0.15882783229286776,-0.0343928518534762,-0.04698713585832853,-0.005086254017343063
540.7235168064149,3.5504506935465012,-1.9133871556716737,0.1541291187070392,-0.03490147725521005,-0.04698713585832853,-0.005086254017343063
540.823516806415,3.5027132369639546,-2.17572693415322,0.0986691059374179,-0.24989034108684355,-0.0649184701593653,-0.08241272992003322
540.9235168064149,3.5122555552068913,-2.201128031911481,0.09217725892148727,-0.2581316140788394,-0.0649184701593653,-0.08241272992003322
541.0235168064148,3.2334658333667505,-2.6392498011938668,-0.1599637611937118,-0.6138803078149158,-0.15553811661832073,-0.20944160745811932
541.123516806415,3.216691766664264,-2.7016850400127357,-0.1755175728555651,-0.6348244685607562,-0.15553811661832073,-0.20944160745811932
541.2235168064149,3.2128452189859766,-2.7865715419595207,-0.1790420161330275,-0.6725289623586133,-0.15119385936561736,-0.2154535564464481
541.3235168064149,3.067637964341034,-2.722165757321428,-0.3005030764403184,-0.5835196322807114,-0.18994075656758297,-0.17544538738034998
541.4235168064149,3.0702883628612017,-2.656256393932484,-0.29155492614280065,-0.4980617584998528,-0.179853642933526,-0.13851226148365078
541.5235168064148,3.4187275538103576,-2.7059706670116945,0.015836490461017563,-0.5112447310976936,-0.05922148795901849,-0.1382662193536996
541.623516806415,3.5699647551273617,-2.4266744836705882,0.1342388570056631,-0.2529348646706855,-0.014397195989899109,-0.04080827746902259
541.7235168064149,3.5833166548479665,-2.4521720115249783,0.13279913740667448,-0.25701569241758404,-0.014397195989899109,-0.04080827746902259
541.8235168064148,3.7231703583498024,-2.2745480987191806,0.2366468234466987,-0.09297406145512468,0.023661605929709752,0.019660794941744664
541.9235168064149,3.7469533487241535,-2.283747200889997,0.23901298403967292,-0.09100798196094753,0.023661605929709752,0.019660794941744664
542.0235168064148,3.726119259892229,-2.470021275055257,0.2053671321740692,-0.23674260993541865,0.011007220957917539,-0.03381789330471134
542.1235168064148,3.74671100921443,-2.493864625515328,0.20646785426986122,-0.24012439926589055,0.011007220957917539,-0.03381789330471134
542.2235168064149,3.500097755191523,-2.5772480579520334,-0.014460953374746023,-0.292248688342019,-0.06917599100053137,-0.051301878922671615
542.3235168064148,3.568140979877473,-2.621726551640055,0.03730626171881901,-0.30986985100883074,-0.04779345704729153,-0.0558221851160672
542.4235168064149,3.5526015609224477,-2.2046528181427303,0.016724116641284578,0.053579557885764,-0.05349825069080605,0.07649987629542329
542.5235168064148,3.829783114581541,-2.1138639996343156,0.24844892051010684,0.13367884223820486,0.03439623059241691,0.10317475032418447
542.6235168064147,4.055334396259508,-2.3539367489574836,0.4181532966254103,-0.06472711979029053,0.09434176759889062,0.02842638886239958
542.7235168064149,4.097621434760102,-2.3602673289922094,0.4275874733853122,-0.06188448090404669,0.09434176759889062,0.02842638886239958
542.8235168064148,4.155851956020145,-2.2893060441847153,0.4511534486755576,0.006562413610744019,0.09989955229653269,0.05255921068756875
542.9235168064148,4.201466798649194,-2.288387006770203,0.4611434039052132,0.01181833467950209,0.09989955229653269,0.05255921068756875
543.0235168064148,4.020908701777499,-2.049246764154866,0.2855155604344084,0.2148226519481003,0.03372920661294043,0.12407605263017829
543.1235168064147,4.049628903853979,-2.027144118696926,0.28888848109569937,0.22723025721110685,0.03372920661294043,0.12407605263017829
543.2235168064149,4.131744815401963,-2.1218420844013477,0.3363312524409736,0.14245126485281,0.04964448681238966,0.08921511845699275
543.3235168064148,4.138864456172022,-2.292368997021625,0.318806959085396,-0.0028938757633702734,0.04145043700963626,0.033388210057606955
543.4235168064147,4.17517702535951,-2.118988392878235,0.3264599932495797,0.1432565112290497,0.04271681780863301,0.08459553051840558
543.5235168064148,4.07173967108359,-2.1069549384276933,0.21356240819443892,0.14940311594652922,-0.0007232245823406425,0.08374393349476028
543.6235168064147,3.889136533972583,-2.3256541858582063,0.04438866005402614,-0.03459184134971355,-0.061691503094505766,0.014852322860547398
543.7235168064148,3.8932669424625144,-2.3290391083788755,0.038219509744574165,-0.03310660906365847,-0.061691503094505766,0.014852322860547398
543.8235168064148,4.165365407533182,-2.609227532850641,0.2536756727303095,-0.2597240368902712,0.017970476459624133,-0.06700975637331419
543.9235168064147,4.190822827188488,-2.6355349853215104,0.2554727203762703,-0.2664250125275965,0.017970476459624133,-0.06700975637331419
544.0235168064148,4.075306549448243,-2.89258201955862,0.13474811417949495,-0.46264423352282075,-0.027776518690933873,-0.1350232203143123
544.1235168064147,4.0886424782727255,-2.93952155901243,0.1319704623104041,-0.4761465555542397,-0.027776518690933873,-0.1350232203143123
544.2235168064146,4.16199926303451,-3.2011933419690646,0.17927631008840114,-0.6653319569597467,-0.009689483725273732,-0.19804092455853275
544.3235168064148,3.8614644492078987,-3.222742431591698,-0.08926638735087217,-0.6468444221527125,-0.1071832707131542,-0.18418372902368765
544.4235168064147,3.8713690709932322,-3.1338498858892816,-0.08390282914467681,-0.5380944951735617,-0.10137772735703571,-0.13858554627499317
544.5235168064147,4.156000604344681,-3.1022997635526393,0.15829480441471475,-0.4786483695992142,-0.007825373209896111,-0.11159573134853792
544.6235168064147,3.962187061240475,-3.1704065585301087,-0.01627207438771786,-0.5059859405767885,-0.07048204265990696,-0.11738942106304086
544.7235168064146,3.960207443588406,-3.2215920996930554,-0.023320278653702144,-0.5177248826830819,-0.07048204265990696,-0.11738942106304086
544.8235168064148,4.17434710093343,-2.465105604332378,0.15017490367050482,0.13745937211638296,-0.00514270515814157,0.1221584275166853
544.9235168064147,4.189338877774676,-2.45074887498317,0.14966063315469114,0.14967521486804036,-0.00514270515814157,0.1221584275166853
545.0235168064146,4.23864485945425,-2.8506526364399782,0.17237020713935206,-0.18030116578351058,0.0017382168991330119,-0.000629501630499366
545.1235168064147,4.255890571252705,-2.8686859005265064,0.1725440288292656,-0.1803641159465606,0.0017382168991330119,-0.000629501630499366
545.2235168064146,4.1966724127546895,-2.7139903967064316,0.10919320087635652,-0.03820969930662412,-0.021202922745006264,0.050384016526812285
545.3235168064147,4.2056003705442695,-2.758015972706774,0.10548858896677768,-0.0668672073112441,-0.021780189093299877,0.038189945858576164
545.4235168064147,4.456151078611311,-2.658908487959807,0.30269087015920715,0.023874560497256593,0.05019588564067873,0.06935746561092508
545.5235168064146,4.793991598762874,-2.5046007124829637,0.5719021042210299,0.15992973242218658,0.14814389359251884,0.11689753241681772
545.6235168064147,4.981373808458853,-2.37818992614012,0.6940456309263121,0.2618900183358501,0.1868406267027448,0.14922535578215965
545.7235168064146,5.051712574684933,-2.351254797527649,0.7127296935965696,0.2768125539140525,0.1868406267027448,0.14922535578215965
545.8235168064145,4.784126972698584,-2.296392557335081,0.4494097566625219,0.31456850906642037,0.08503404766894086,0.15770647075098992
545.9235168064147,4.829493118603243,-2.264147174074639,0.4579131614294276,0.33033915614154086,0.08503404766894086,0.15770647075098992
546.0235168064146,5.341433484945506,-2.385106533295803,0.8671412229505465,0.2158060282025495,0.2337006713162414,0.11015254693118925
546.1235168064146,5.429316110597163,-2.362975167740887,0.890511290082176,0.2268212828956709,0.2337006713162414,0.11015254693118925
546.2235168064146,5.182783028816512,-2.449092798366767,0.6341775410134615,0.14780534771649737,0.1326891058447305,0.0778582649983991
546.3235168064145,5.1999255721973165,-2.50523995916021,0.6080023557642577,0.09619183928006758,0.11831716431253658,0.056362490133568546
546.4235168064147,5.219414604086704,-2.613168348919577,0.5850393337537363,0.004841902236779978,0.10575630101181234,0.02158657632461665
546.5235168064146,5.274395051468848,-2.420616605465578,0.5921313844008224,0.17052327738621337,0.10446477770331875,0.0817934808483326
546.6235168064145,5.257125709690548,-2.388224446045451,0.5387325358933088,0.19097410196673703,0.08144581367918691,0.08618816107057635
546.7235168064146,5.3114061923483495,-2.368696095043397,0.5468771172612387,0.1995929180738064,0.08144581367918691,0.08618816107057635
546.8235168064145,5.6448625043810505,-2.4783995540423702,0.7862328033003706,0.10196675730049874,0.1649673088886237,0.048302430704615304
546.9235168064146,5.724310621255548,-2.467961366158795,0.8027295341892368,0.10679700037096138,0.1649673088886237,0.048302430704615304
547.0235168064146,5.770878104752658,-2.6006087132692692,0.7892678900671108,-0.00814435277395413,0.1537852940608388,0.004893794635067283
547.1235168064145,5.8505738202296005,-2.6013986795734887,0.8046464194731807,-0.007654973310447847,0.1537852940608388,0.004893794635067283
547.2235168064146,5.608327149636116,-2.556639648343363,0.5513451327523906,0.03029581412946615,0.05675490954103733,0.018331240841269532
547.3235168064145,5.521593778026543,-2.64490120747043,0.4375659114168992,-0.0439830455917419,0.013230115665402914,-0.009212604054479611
547.4235168064145,5.613804015318769,-2.5181059962580594,0.4790683542821818,0.06311990276672146,0.027734847318687333,0.029521165423370865
547.5235168064146,5.576327475481909,-2.322418501584221,0.4083218024800981,0.22726769237817254,0.0004775844726956219,0.08887128292065774
547.6235168064145,5.5385695165646505,-2.3919971443508903,0.3432078402645242,0.15992503370016847,-0.023015995889963316,0.06157175321364722
547.7235168064145,5.5727752206116605,-2.3756967822148014,0.3409062406755274,0.1660822090215346,-0.023015995889963316,0.06157175321364722
547.8235168064145,4.8482128363416,-2.636514921559564,-0.29424349168779684,-0.05666075501879748,-0.2523796529863124,-0.02061791585031764
547.9235168064145,4.817526588907917,-2.64228408664069,-0.3194814569864051,-0.058722546603827364,-0.2523796529863124,-0.02061791585031764
548.0235168064146,4.886660411158523,-3.01698470595183,-0.2582369084453119,-0.3773755462933604,-0.2207264764887694,-0.13786278317928097
548.1235168064145,4.859733087931573,-3.0554115744970267,-0.28030955609416874,-0.39116182461127597,-0.2207264764887694,-0.13786278317928097
548.2235168064144,4.7518750247683545,-3.0478253387018936,-0.3677692236691077,-0.3659292306533196,-0.2443401880711673,-0.12386667290056522
548.3235168064145,4.930508918878433,-2.9080631038598788,-0.21015981685617846,-0.23091529199185268,-0.1780104265685829,-0.07052448912234954
548.4235168064145,5.021227592607556,-2.983292695714247,-0.13444089849971216,-0.2805926963910693,-0.1442498208338253,-0.08580833353767862
548.5235168064145,4.9905998607237265,-3.0906837231455966,-0.16301797044388,-0.3563875955818085,-0.14949665219220315,-0.11055566470943036
548.6235168064145,5.01229990247122,-3.2064360593355867,-0.14584024909023113,-0.43283311191013113,-0.13791335864786325,-0.13397321511361132
548.7235168064144,4.997026310768971,-3.250389236602127,-0.1596315849550049,-0.44623043342148005,-0.13791335864786325,-0.13397321511361132
548.8235168064145,4.82391336758226,-3.493476352461703,-0.3031560090072811,-0.6229460310729298,-0.18471651050691917,-0.1926964166696184
548.9235168064145,4.792674184129027,-3.5567344376522856,-0.32162766005795623,-0.6422156727398741,-0.18471651050691917,-0.1926964166696184
549.0235168064144,4.77947979256678,-3.581644714057004,-0.33082273068301515,-0.6280285509489445,-0.18341833340600644,-0.18061039397576634
549.1235168064145,4.7454804278314,-3.6453506211218656,-0.3491645640236408,-0.6460895903465458,-0.18341833340600644,-0.18061039397576634
549.2235168064144,4.948287084580526,-3.643610595874054,-0.16929396081134335,-0.6087802414390358,-0.11183636936948498,-0.1607489778022318
549.3235168064144,5.123112568779944,-3.744144732826817,-0.018869769514769215,-0.657214958608359,-0.052952569159901944,-0.17245953639688655
549.4235168064145,5.185893304717532,-3.6848169054791247,0.029752828109795456,-0.5708221826354168,-0.03348828143475321,-0.1352982490546532
549.5235168064144,5.1906142560742135,-3.399592216710331,0.028048627456526757,-0.29217817823407044,-0.03287854229563401,-0.02772370459676428
549.6235168064145,5.415891698364872,-3.1110257784630195,0.20935094652968095,-0.03365401484485116,0.03367409054663414,0.06585221594133751
549.7235168064144,5.436995163470554,-3.1140619188677956,0.2127183555843413,-0.027068793250723394,0.03367409054663414,0.06585221594133751
549.8235168064143,5.595507316512012,-3.1912032460438167,0.3329537581207081,-0.08161346927920411,0.07670700822980746,0.04403443540561242
549.9235168064145,5.629186227365278,-3.1991444207947195,0.3406244589436993,-0.07721002573863686,0.07670700822980746,0.04403443540561242
550.0235168064144,5.532921757903407,-3.4387429184992997,0.23998658929475464,-0.2747145897693821,0.03766232620726445,-0.031450344528422894
550.1235168064144,5.557108728463923,-3.466371629198886,0.24375282191548195,-0.27785962422222515,0.03766232620726445,-0.031450344528422894
550.2235168064144,5.613138180158149,-3.2872192184166296,0.273654316872693,-0.11049732822815214,0.0471007521768484,0.02971081316449626
550.3235168064143,5.600793353572158,-2.860777504140709,0.24479665513939045,0.25673307079196145,0.03486993429064181,0.16153108176139758
550.4235168064145,5.627643456970265,-2.911854053214203,0.2501072100986421,0.2090480525640228,0.0355282380493956,0.13864092315409476
550.5235168064144,5.281428557922099,-2.940528421064318,-0.06562115141518973,0.1800871184168085,-0.08284399896649218,0.12287331411107219
550.6235168064143,5.428261313774324,-3.124346786651796,0.05361885073766133,0.025990550298538476,-0.0368660113186243,0.0632876535902781
550.7235168064144,5.433438868791503,-3.1214312933539863,0.04993224960579387,0.03231931565757492,-0.0368660113186243,0.0632876535902781
550.8235168064143,5.409775877316286,-2.85893097335857,0.021912840244503462,0.25048695095966056,-0.045840983801463765,0.13892441654480853
550.9235168064143,5.41173795642173,-2.833187656179874,0.017328741864356043,0.26437939261414456,-0.045840983801463765,0.13892441654480853
551.0235168064144,5.75454634218687,-2.611487454958234,0.2980357263677679,0.4397453229785782,0.05770940527671636,0.19721184805605282
551.1235168064143,5.784638461850003,-2.5665268634201377,0.3038066668954343,0.45946650778416553,0.05770940527671636,0.19721184805605282
551.2235168064144,6.1714965474897125,-2.455790506791832,0.605424923807741,0.5317189300797244,0.16455099569375195,0.2160548578639264
551.3235168064143,5.978694640914904,-2.373538655311722,0.40829500883791586,0.576645123756513,0.08672866826470399,0.2244942905114266
551.4235168064142,6.103633749110238,-2.5188205959568655,0.4864497243514918,0.4311240038126416,0.11181154120253695,0.16426582322350688
551.5235168064144,6.161863323480644,-2.4639334604707352,0.5053897938080271,0.4568813542938774,0.11468812838462773,0.16770128880409393
551.6235168064143,6.174695845418297,-2.2808588039174236,0.4851204234062486,0.5858784595609673,0.10324515924669947,0.20789218789449893
551.7235168064143,6.223724113555166,-2.2212314970218405,0.49544493933092093,0.6066676783504219,0.10324515924669947,0.20789218789449893
551.8235168064143,6.514872322435117,-2.5899562492633335,0.705599218976841,0.27013693965498825,0.17531659660469837,0.0788975652254399
551.9235168064142,6.586308827315759,-2.5625480674717327,0.7231308786372949,0.27802669617752507,0.17531659660469837,0.0788975652254399
552.0235168064144,6.203144227818364,-2.6984525428912063,0.3563575133541223,0.15423198694110538,0.03502673463232428,0.032625013554716455
552.1235168064143,6.238955112826905,-2.6828662191293366,0.35986018681735155,0.15749448829657406,0.03502673463232428,0.032625013554716455
552.2235168064142,6.524042902317471,-2.857970953297381,0.5701191162397011,0.003487364671495512,0.10969419312171227,-0.023787765347695042
552.3235168064143,6.596591759289237,-3.0199901417844326,0.5936838432825395,-0.13402726504942908,0.11428344843252716,-0.0726915094615567
552.4235168064142,6.675924941359126,-2.837197501970257,0.6212158320572554,0.020492517032154618,0.12009684663941991,-0.01467955725499051
552.5235168064142,6.892569013246761,-2.7393661388827124,0.7655463796609968,0.10068003301513143,0.1691542833763175,0.0153849087937807
552.6235168064143,7.161460850267158,-3.0873649621891,0.941228950110393,-0.19213500733604458,0.22639661175883966,-0.09002943498955658
552.7235168064142,7.2567157283369035,-3.1070286100976343,0.9638686112862563,-0.20113795083499206,0.22639661175883966,-0.09002943498955658
552.8235168064143,6.839942952933375,-2.9411228438181727,0.5596387276965368,-0.05454150618811135,0.07228008211075349,-0.03364208850275047
552.9235168064142,6.896268226113531,-2.9467452048794924,0.5668667359076055,-0.057905715038383335,0.07228008211075349,-0.03364208850275047
553.0235168064141,6.681637780422617,-2.5299406092385333,0.34351447882696456,0.2932143734611051,-0.012394119167415445,0.09533338266884235
553.1235168064143,6.715927257709523,-2.5001425049790376,0.3422750669102213,0.30274771172800236,-0.012394119167415445,0.09533338266884235
553.2235168064142,6.811814284953586,-2.6500239384586,0.3923009778572838,0.16356120749475156,0.006119716600799203,0.04198741968076459
553.3235168064142,6.5839654421280605,-2.5490054510565665,0.16845202319648547,0.23809968713292104,-0.07566538307419159,0.06744237076111192
553.4235168064142,6.876677366426139,-2.8547997841699058,0.39027055291918483,-0.026733227148938568,0.007142380736830947,-0.0299358641412317
553.5235168064141,6.926294035268184,-2.6603668316816393,0.40005757677320847,0.13830763905546808,0.010506080191005733,0.03193220164877185
553.6235168064143,6.599743768594734,-2.7768982311249393,0.09714996990094135,0.034226727594142706,-0.09908382436953075,-0.0064849769834311385
553.7235168064142,6.608963346462972,-2.773507983250445,0.0872415874639973,0.033578229895800185,-0.09908382436953075,-0.0064849769834311385
553.8235168064141,6.436143688370312,-2.7192576244997806,-0.07441510848738979,0.07443360411880798,-0.15427070284000322,0.008291523431711247
553.9235168064142,6.427930824007361,-2.711772806470731,-0.08984217877141115,0.07526275646198023,-0.15427070284000322,0.008291523431711247
554.0235168064141,6.5678248573876195,-2.503825002846894,0.014781431994337374,0.24632604588843884,-0.11211486159852316,0.07084403780957865
554.1235168064142,6.56874242627906,-2.478838178068996,0.003569945834482509,0.2534104496693983,-0.11211486159852316,0.07084403780957865
554.2235168064142,6.76513729364414,-2.6011039077711615,0.1556513853146771,0.13867463512167694,-0.053143645998401844,0.02714699813475644
554.3235168064141,6.675974425224341,-2.8691309022124396,0.06255392557453245,-0.09351130547821962,-0.08512849656239899,-0.05786020417397777
554.4235168064142,6.522748108350339,-2.9634476396332694,-0.07803400337715354,-0.1689949813204252,-0.1328074586916264,-0.08285138855072448
554.5235168064141,6.648973223318772,-3.1686468402988957,0.024475289061597138,-0.3373322112824609,-0.08987875982395435,-0.14178045427579644
554.623516806414,6.573579178814728,-2.7904435801423872,-0.04867908946480991,-0.0123625669762743,-0.11301352159473346,-0.02032435687664881
554.7235168064142,6.568146202260265,-2.7917814586243996,-0.05998044162429867,-0.014395002663941954,-0.11301352159473346,-0.02032435687664881
554.8235168064141,5.995771510107903,-2.663975510969566,-0.5418916273365513,0.09021587699970877,-0.2831870064409154,0.01797798441578978
554.9235168064141,5.94016641234203,-2.654864033347514,-0.5702103279806493,0.09201367544128816,-0.2831870064409154,0.01797798441578978
555.0235168064141,5.928853267168399,-3.202316844961077,-0.550278331639448,-0.3744204290382712,-0.2631798978776747,-0.1527730920734499
555.123516806414,5.8725095345151175,-3.2405227533252354,-0.5765963214271915,-0.38969773824560233,-0.2631798978776747,-0.1527730920734499
555.2235168064142,5.944423806787213,-3.2575402156960864,-0.49419840154028843,-0.38627221544021223,-0.22391849495123947,-0.14606436667708017
555.3235168064141,6.21722845280855,-3.1640834115140195,-0.2448735926445994,-0.2902586685801906,-0.12491518798778523,-0.10603256726358565
555.423516806414,6.396524476248756,-3.0968438015339674,-0.08763126938049368,-0.22118876204373505,-0.06364145284459238,-0.07746450854132532
555.5235168064141,6.3903905909469945,-2.835774673798087,-0.0914616055232146,0.012631257816317949,-0.06270205312399665,0.011477074984605526
555.623516806414,6.463335486559633,-3.196294238578196,-0.029409496512923666,-0.2836125255325222,-0.03806894390319627,-0.09502522761513572
555.7235168064141,6.460204192188824,-3.22513061726953,-0.03321639090324416,-0.29311504829403795,-0.03806894390319627,-0.09502522761513572
555.8235168064141,6.812474437551728,-3.28240897920819,0.25604469288021636,-0.3256568419578415,0.06713397963047649,-0.1034007280248564
555.923516806414,6.838414576737878,-3.3154916670440677,0.2627580908432579,-0.33599691476031773,0.06713397963047649,-0.1034007280248564
556.0235168064141,7.057969805186027,-3.2840548064923722,0.4335330003106198,-0.289348427600365,0.12746566692355646,-0.08210535874088949
556.123516806414,7.101960433551667,-3.3134001760460863,0.44627956700296384,-0.2975589634744465,0.12746566692355646,-0.08210535874088949
556.223516806414,7.236659540078176,-3.2666747813250514,0.5333090722369511,-0.24246242271905888,0.15429202922296384,-0.05939704416775883
556.3235168064141,6.92665401456844,-3.2915716098775634,0.24276644366631953,-0.2486966385656839,0.042807428555236726,-0.059503623667306695
556.423516806414,7.011675983092978,-3.3187902503078988,0.2973104344805781,-0.2563355706344954,0.060952407219653955,-0.0601090867420777
556.523516806414,6.942016971793418,-3.3641201521219903,0.21770185244700516,-0.2788689844426334,0.029178053806817948,-0.06619245487707714
556.623516806414,6.84307603200535,-2.91980470057048,0.12041609696667034,0.10288054278579976,-0.006949604974538844,0.07289077320809662
556.723516806414,6.8550828936771335,-2.9091521924258696,0.11972113646921709,0.11016962010660279,-0.006949604974538844,0.07289077320809662
556.8235168064141,7.063931121950444,-2.745952071966357,0.2840133339842711,0.2427222967897796,0.05303673019911896,0.11790592399407891
556.923516806414,7.09259763899984,-2.7210903126674317,0.2893170070041782,0.25451288918917675,0.05303673019911896,0.11790592399407891
557.0235168064139,7.079074209506196,-2.6885555182300735,0.25803710623593434,0.27265330855533854,0.03951212188920261,0.12046705179906726
557.123516806414,7.105075480739272,-2.6606878521155055,0.26198831842486,0.2847000137352617,0.03951212188920261,0.12046705179906726
557.223516806414,6.827621414913208,-2.511267385857998,0.013564036179347273,0.3958325316350796,-0.051630158991280636,0.15600923641371622
557.323516806414,6.9683428354645764,-2.6738726268838473,0.12573095787327349,0.24238261848725917,-0.008879552913893557,0.0948321418851026
557.423516806414,7.10183114909699,-2.556235165002333,0.22528400511433924,0.32835307790829926,0.02737954139453984,0.12225783987200425
557.5235168064139,7.373792683731067,-2.6713292690991453,0.4423324033538606,0.2140429838837317,0.10683429115898468,0.07566900107356882
557.623516806414,7.388941529399658,-2.653556004740222,0.4284588319044713,0.21831462929754758,0.09798044475379195,0.07448889934464605
557.723516806414,7.432277314813835,-2.6313520973137647,0.4382568763798416,0.2257635192320054,0.09798044475379195,0.07448889934464605
557.8235168064139,7.601442948366523,-2.9797203772403287,0.5516125027235552,-0.07399738835832413,0.13534985725680293,-0.03613777841844607
557.923516806414,7.657280947925239,-2.987300804968264,0.565147488449254,-0.07761116620017366,0.13534985725680293,-0.03613777841844607
558.0235168064139,7.387515814608726,-3.36876900902218,0.30982295669473525,-0.3889518765831919,0.03901268114790554,-0.14658388668365205
558.1235168064139,7.4186931736839465,-3.4083971161139264,0.3137242248095267,-0.40361026525156046,0.03901268114790554,-0.14658388668365205
558.223516806414,7.2403251074931605,-3.117526850519721,0.14325488622788118,-0.1449536983977626,-0.02395910162538567,-0.048545526393145605
558.3235168064139,7.2801058465462845,-3.1265180614142394,0.1623505278810031,-0.14502171622220864,-0.016128390346482065,-0.04681334749125349
558.423516806414,7.6382312978083995,-3.3302886390595923,0.4446995215977947,-0.30529852848303685,0.0863815270590424,-0.10260453936109423
558.5235168064139,7.954117253210099,-3.188439053649991,0.6862923418450138,-0.16827881483931081,0.172748548944884,-0.04837792716699765
558.6235168064138,7.95381307660122,-3.47470436165497,0.6456977937510845,-0.39436479803493846,0.15188416022375098,-0.12761167277585697
558.723516806414,8.019142276777536,-3.514778899822399,0.6608862097734803,-0.4071259653125416,0.15188416022375098,-0.12761167277585697
558.8235168064139,8.057824610004726,-3.7500959531813214,0.6549486259087106,-0.5816550989269204,0.1448670782858103,-0.18621124016651408
558.9235168064139,8.124043807987041,-3.8091925192748595,0.6694353337372949,-0.600276222943576,0.1448670782858103,-0.18621124016651408
559.0235168064139,7.744300670394526,-3.621009943524303,0.3049420262390776,-0.398235847800021,0.00590473649719879,-0.10266600826250444
559.1235168064138,7.774824396700892,-3.6613468583455804,0.30553249988879694,-0.4085024486262621,0.00590473649719879,-0.10266600826250444
559.223516806414,8.146273711482525,-3.8876516697980366,0.589243697911912,-0.571036083314455,0.1081502759928327,-0.15728435250057426
559.3235168064139,8.015289805656646,-3.485904973686829,0.4400181476059229,-0.20393684959753672,0.04983752271961815,-0.018744461557790804
559.4235168064138,8.078762145568499,-3.7384494806944613,0.46096268482723196,-0.39681910618865973,0.055599348987015414,-0.0872332992223452
559.5235168064139,8.109982632266862,-3.4792533919941655,0.4534954956380913,-0.150568678106198,0.050769594240825056,0.006644670379358494
559.6235168064138,8.001338448780942,-3.3741404086740134,0.33068449726430416,-0.05116553280538179,0.0046605292348963,0.0420051191961414
559.7235168064138,8.034430201153555,-3.379046936358572,0.3311505501877939,-0.04696502088576669,0.0046605292348963,0.0420051191961414
559.8235168064139,8.104004975255739,-3.456335880232669,0.361552145427781,-0.10263501754303145,0.015385177645507706,0.020543186757977304
559.9235168064138,8.140237115686713,-3.4664966660531733,0.3630906631923304,-0.10058069886723559,0.015385177645507706,0.020543186757977304
560.0235168064139,8.516849942412307,-3.2201790394270455,0.6589731886045282,0.11746045463203895,0.12502299266589462,0.0994337471001836
560.1235168064138,8.58337237623603,-3.2079358252283523,0.6714754878711063,0.12740382934204827,0.12502299266589462,0.0994337471001836
560.2235168064137,8.636636062916605,-3.1322972799395035,0.6719267595286371,0.1887236000671092,0.12067091345272163,0.1178625140636631
560.3235168064139,8.706312702853731,-2.9460991247736565,0.6855741887871273,0.33938330375009224,0.12124672901166932,0.16811884215291756
560.4235168064138,8.772856759505705,-3.053153746825168,0.6955236329207256,0.23945101069261154,0.12046147375697583,0.12625839159180138
560.5235168064138,8.549321564048878,-2.815911817798549,0.45509582986571556,0.4332381081709517,0.026857754919330706,0.19295957384122708
560.6235168064138,8.390658851039696,-2.9770834240202344,0.2883893094266114,0.2836690788254227,-0.034215394727274764,0.13248538251872188
560.7235168064137,8.419326705008695,-2.9480540892251255,0.284967769953887,0.2969176170772828,-0.034215394727274764,0.13248538251872188
560.8235168064139,8.110817538087275,-2.657816040842883,-0.0008405043636432637,0.5218809684881492,-0.13692914636894263,0.20783683040731246
560.9235168064138,8.110048841919069,-2.604588759842081,-0.014533419000525074,0.5426646515288616,-0.13692914636894263,0.20783683040731246
561.0235168064137,8.362043481610304,-2.674025796690632,0.18852202861525408,0.45653993964740147,-0.05704057804654242,0.1682982041421631
561.1235168064138,8.38061048158162,-2.627530311705116,0.18281797081059206,0.4733697600616407,-0.05704057804654242,0.1682982041421631
561.2235168064137,8.414779422462606,-2.442928431795662,0.19054652066179542,0.6025206010153433,-0.05218955832820278,0.20858787163881393
561.3235168064137,8.454403351902636,-2.178301082789943,0.20283188777536826,0.7927332386535948,-0.04581164293606996,0.26987462251231187
561.4235168064138,8.408988438169226,-2.234067129859323,0.14388731954055967,0.707458178458066,-0.06543677351752415,0.2296211393791049
561.5235168064137,8.587902210056008,-2.277001629706809,0.2790607968538564,0.632602554442308,-0.012895698776512837,0.193605940395564
561.6235168064138,8.62950654556457,-2.3769430621539773,0.28918202495351536,0.5170342660447443,-0.008781619274696093,0.14528499945060022
561.7235168064137,8.658380839963522,-2.324513210552298,0.28830386302604655,0.5315627659897911,-0.008781619274696093,0.14528499945060022
561.8235168064136,8.599882313161157,-2.8905013403325945,0.21335427348611785,0.03283654587616168,-0.03596424793167563,-0.03964724141470262
561.9235168064138,8.621037919270139,-2.887415921952048,0.2097578486929454,0.02887182173468601,-0.03596424793167563,-0.03964724141470262
562.0235168064137,8.500312606045366,-3.2151567453923815,0.0844949969968243,-0.24246755584676116,-0.0810735753900908,-0.13424274412679515
562.1235168064137,8.5083567378681,-3.2400747146976974,0.07638763945781338,-0.25589183025944373,-0.0810735753900908,-0.13424274412679515
562.2235168064137,8.576079142603254,-3.2921621441211033,0.1185219157689884,-0.29058018688845033,-0.06292943221751296,-0.1418701926489161
562.3235168064136,8.742833565956069,-3.1902600210398626,0.24266281827189085,-0.1951007628442165,-0.01540425601675597,-0.10218346588455605
562.4235168064138,8.659079281820713,-3.1264762582395265,0.15148951982936548,-0.13633883240314099,-0.047761627085629844,-0.07744950875073689
562.5235168064137,8.579126490940721,-3.006732512825957,0.06516331865096674,-0.030134839096963753,-0.07799598139865149,-0.035495012720614345
562.6235168064136,8.5956344212464,-3.2355628217498626,0.06597117383260273,-0.21913428673534813,-0.07489262724732791,-0.1019086355473578
562.7235168064137,8.601857075493431,-3.2579857936011654,0.05848191110785972,-0.2293251502900978,-0.07489262724732791,-0.1019086355473578
562.8235168064136,8.368784678837546,-3.226026632059453,-0.14563746477973863,-0.193863826862537,-0.14551342490769364,-0.08551871578632197
562.9235168064137,8.35349336523503,-3.245840608324643,-0.1601888072705113,-0.20241569844117113,-0.14551342490769364,-0.08551871578632197
563.0235168064137,8.528424311169507,-3.0428054167096716,-0.017504385602153578,-0.02304988711927062,-0.08928242979689471,-0.017051687705073863
563.1235168064136,8.52622746046031,-3.0451956638601216,-0.026432628581834927,-0.024755055889776455,-0.08928242979689471,-0.017051687705073863
563.2235168064137,8.860886259474654,-3.072636898821207,0.24517001395611518,-0.046944977443647326,0.012027821504645417,-0.024399589944819396
563.3235168064136,9.147207196897089,-3.0769526192586136,0.46632471280896576,-0.04896784482368381,0.09217000805829861,-0.024248650419120936
563.4235168064135,9.33523942463307,-3.2407104665490687,0.5925728812883021,-0.18205255779204466,0.13441813420906604,-0.07109878232479945
563.5235168064137,9.319133122525937,-3.044286848240081,0.5406497266016466,-0.006025857533915634,0.11018433073692128,-0.003670313281383883
563.6235168064136,9.229795864583691,-2.9628879985256176,0.4323153987519719,0.06101807075031338,0.06715256835042029,0.020471004275219726
563.7235168064136,9.27336316730065,-2.9566838364292085,0.43903065558701543,0.06306517117783582,0.06715256835042029,0.020471004275219726
563.8235168064136,9.271485757148747,-3.184330047050426,0.4053668463083156,-0.1264944193464464,0.05200458184622206,-0.047978599172245784
563.9235168064135,9.312282464688773,-3.19721938198092,0.41056730449293305,-0.1312922792636666,0.05200458184622206,-0.047978599172245784
564.0235168064137,9.247387453115174,-3.0134032647267674,0.3270536388608272,0.026544191365514377,0.01982328583430975,0.010444530289858466
564.1235168064136,9.280191933430398,-3.0106966229387693,0.3290359674442564,0.027588644394499272,0.01982328583430975,0.010444530289858466
564.2235168064135,9.462469751222873,-2.894259468707687,0.4550048733343795,0.12218445749726925,0.06459950105133144,0.044001500954196304
564.3235168064136,9.226193037720797,-2.92192936190249,0.22440675345853456,0.09317869396154199,-0.0217755228779737,0.03191237572510071
564.4235168064135,9.212282149294417,-3.0169741937449848,0.19213443182301518,0.010336930853883024,-0.03263970237097752,0.0010638978332850567
564.5235168064136,9.338715371932217,-3.185403707153413,0.2811835026003039,-0.13392013378100262,0.0015849925784163152,-0.05208881910326167
564.6235168064136,9.441327491680013,-3.581238739340506,0.3430988377066473,-0.45323973263087247,0.023850966699294963,-0.1645786369188616
564.7235168064135,9.475756630284144,-3.627385605788145,0.3454839343765746,-0.46969759632274366,0.023850966699294963,-0.1645786369188616
564.8235168064136,9.630079737938994,-3.0689377529819226,0.44796796880659506,0.01637574502313651,0.06020280033465435,0.01664087604491188
564.9235168064135,9.675177548821285,-3.067216974099386,0.453988248840055,0.018039832627626186,0.06020280033465435,0.01664087604491188
565.0235168064135,9.320631870846356,-2.8227535830656025,0.13030947611679805,0.21879432030112433,-0.058098316594203094,0.08788349610974046
565.1235168064136,9.333372326875082,-2.8004347335549107,0.12449964445736982,0.22758266991211037,-0.058098316594203094,0.08788349610974046
565.2235168064135,9.454297584032846,-2.996349308146637,0.20902970810229304,0.055970074914679764,-0.02547318343301943,0.02317348867352348
565.3235168064135,9.383578784038109,-2.972394281195684,0.12959663368958604,0.0734811629571648,-0.053487454454674455,0.028671886879735257
565.4235168064135,9.297108092907152,-2.722090909127724,0.04190616807420822,0.2762085098522897,-0.08321272722059592,0.10033487228260787
565.5235168064135,9.717065190792093,-2.852934994230226,0.3913611187989038,0.15082470417333269,0.04943139297151483,0.05047601383939744
565.6235168064136,9.738150030595799,-2.818146180302438,0.3811328777380222,0.17186125640995467,0.043961463079724275,0.05620200175220785
565.7235168064135,9.776483125684965,-2.8006790446526972,0.3855290240459906,0.17748145658517034,0.043961463079724275,0.05620200175220785
565.8235168064134,9.62679203006505,-3.2048105149033845,0.23394629238098327,-0.16369034467897367,-0.012231363880997045,-0.0680106461473143
565.9235168064135,9.650125502483773,-3.221519602602042,0.2327231559928819,-0.17049140929371437,-0.012231363880997045,-0.0680106461473143
566.0235168064135,9.775525747832738,-2.9674551325470997,0.3094819769131468,0.04820283816874175,0.013980337848716981,0.013446654251792173
566.1235168064135,9.806543847213304,-2.9625676154589655,0.3108800106980188,0.04954750359392127,0.013980337848716981,0.013446654251792173
566.2235168064135,9.892780999514049,-2.8302868160944743,0.35802638040755846,0.15566773322649172,0.03050178218310247,0.051029758673510894
566.3235168064134,9.68891147873689,-2.806096430366742,0.15954400671699498,0.1677407339736275,-0.042929082225184725,0.053552111588388615
566.4235168064135,9.547057340685779,-2.8808958683076757,0.024390161499555023,0.09750075639594817,-0.09016974028468713,0.026446274409284595
566.5235168064135,9.683632009526132,-3.053920381119467,0.13107205760994242,-0.055665615245114666,-0.04727484165520078,-0.030921277255237734
566.6235168064134,9.815666055841053,-3.3295754007823883,0.22514379013040509,-0.2806127445067283,-0.011653508863964199,-0.11037233498237686
566.7235168064135,9.838122167309804,-3.358188536908013,0.22397843924400707,-0.29164997800498105,-0.011653508863964199,-0.11037233498237686
566.8235168064134,9.935665947169278,-3.440633923733288,0.28534180963479877,-0.34536724353351395,0.010951096911052623,-0.1254874087829969
566.9235168064134,9.96425488361732,-3.4757980851305628,0.28643691932590426,-0.3579159844118165,0.010951096911052623,-0.1254874087829969
567.0235168064135,9.747756221168094,-3.4645692746677836,0.07180129671812349,-0.3387638128564137,-0.07038386994284258,-0.11624097762595802
567.1235168064134,9.754584431490187,-3.4990268608415227,0.06476290972384563,-0.35038791061899893,-0.07038386994284258,-0.11624097762595802
567.2235168064135,9.641505872978607,-3.71616717937766,-0.041284373295053786,-0.5114625128860663,-0.10613970523645955,-0.1698490298388925
567.3235168064134,9.71966313234398,-3.8390129622450284,0.017694995460599734,-0.5874580398107995,-0.08078251597877463,-0.19120413572059183
567.4235168064133,9.641300271660679,-3.886748473629913,-0.0565872133167791,-0.596728897820213,-0.10468207359408407,-0.18767242353322397
567.5235168064135,9.940591175929107,-3.842914702590222,0.19554807041609443,-0.5265236054750225,-0.00732286760844951,-0.15491391154681353
567.6235168064134,9.798271814181621,-3.6213396136694658,0.06063491549016274,-0.315994536589536,-0.05570079528288989,-0.0739711133505629
567.7235168064134,9.804056801754225,-3.65330892289518,0.055064835961872484,-0.323391647924594,-0.05570079528288989,-0.0739711133505629
567.8235168064134,10.001786302757637,-3.5826995353362308,0.21181520457459907,-0.24431675137946857,0.0035918632805562317,-0.04256589572042285
567.9235168064133,10.02298578253148,-3.607344039952757,0.21217439090265436,-0.248573340951507,0.0035918632805562317,-0.04256589572042285
568.0235168064135,10.538945186150938,-3.12444636208209,0.6330408083051544,0.17010016664099875,0.15818409405213185,0.11048183618739801
568.1235168064134,10.603040187451654,-3.1068839362370695,0.6488592177103532,0.1811483502597285,0.15818409405213185,0.11048183618739801
568.2235168064133,10.894778815782416,-3.0853048343024687,0.8524425406866202,0.19459394371252756,0.22599306469149166,0.11134178960131753
568.3235168064134,10.9895011248934,-2.7197908723597637,0.8820570213683407,0.49349046260128976,0.22854912971186866,0.21547888945811408
568.4235168064133,11.145167345709167,-2.350503100127709,0.959980095521472,0.7774953280207682,0.2484286769022122,0.30958694302236067
568.5235168064133,11.060111829951715,-2.5738866871913495,0.8281103458169246,0.5506121465364036,0.19032809364635592,0.2146529703399654
568.6235168064134,10.846816327463877,-2.598625247725749,0.6008497389669838,0.5056089798864845,0.10152880922333211,0.19084918088910507
568.7235168064133,10.907408945406635,-2.547110103832703,0.6110026198893078,0.5246938979753776,0.10152880922333211,0.19084918088910507
568.8235168064134,10.722253835991241,-2.9818943928841652,0.4168418056935765,0.13715851584711253,0.027899965982721875,0.043698563615834074
568.9235168064133,10.764077516390474,-2.967960048481388,0.41963180229184616,0.14152837220869197,0.027899965982721875,0.043698563615834074
569.0235168064132,10.957291520181856,-2.740616680114329,0.5565217225695731,0.32720389105332903,0.07876546869528028,0.11042162899492786
569.1235168064134,11.013337519782368,-2.7073441828639755,0.5643982694391119,0.33824605395283686,0.07876546869528028,0.11042162899492786
569.2235168064133,10.851958148570656,-2.6517150246854166,0.3910290136381913,0.36678591919166104,0.013310794134180778,0.11669807311750974
569.3235168064133,10.960117563125198,-2.5742885837431975,0.4503346236508886,0.4119082922444959,0.0344345275223975,0.1288040810819618
569.4235168064133,11.097576094557596,-2.5893574699544692,0.5303819359410566,0.37795084018473335,0.062088438747336175,0.11200963380628365
569.5235168064132,10.89643822314505,-2.485092101186622,0.31781845834095585,0.44529809609416043,-0.01902053441151315,0.13268195704659105
569.6235168064134,10.746342673119932,-2.5148135740172486,0.16519918725747132,0.396994914030371,-0.07336052158034503,0.11063191960974694
569.7235168064133,10.762495789237763,-2.4745609230162,0.1578631350994435,0.40805810599133563,-0.07336052158034503,0.11063191960974694
569.8235168064132,10.457482940045056,-2.4322099941936006,-0.11879818888583013,0.42000567557492446,-0.1715083879985645,0.11096750543574502
569.9235168064133,10.44474557921646,-2.3896545891088707,-0.13594902768571,0.4311024261185141,-0.1715083879985645,0.11096750543574502
570.0235168064132,10.384482408764967,-2.4779201000716147,-0.1926519328938318,0.33557055281965636,-0.18621888622096996,0.07327914547410393
570.1235168064132,10.364286121044474,-2.443996649062271,-0.21127382151593305,0.3428984673670684,-0.18621888622096996,0.07327914547410393
570.2235168064133,10.525051703957862,-2.5516749704007977,-0.07804366860634396,0.23303855376571056,-0.13137940407324739,0.031243748999862535
570.3235168064132,10.731264618851535,-2.7302923487092277,0.08921616026972877,0.06785427173288142,-0.06564925770068131,-0.029664761189917718
570.4235168064133,10.680094315110763,-2.7123021653551733,0.03302538831102145,0.07423259459821897,-0.08356413500896326,-0.026314037367748986
570.5235168064132,10.296445189265029,-2.8766508182919344,-0.3076193940749403,-0.07461234687484213,-0.2067587339015755,-0.0801479305431984
570.6235168064131,10.453850312735252,-2.9101566611533505,-0.17142725697642108,-0.10370349049889338,-0.15020112349382853,-0.08769582594424684
570.7235168064133,10.435956581420115,-2.9209654893329766,-0.18644736932582442,-0.11247307309333003,-0.15020112349382853,-0.08769582594424684
570.8235168064132,10.1694845621465,-2.923697511324716,-0.4080940977940516,-0.11473776353961385,-0.2252213129068398,-0.08559618350969708
570.9235168064132,10.127549045802551,-2.9355992685962287,-0.4306162290847407,-0.1232973818905855,-0.2252213129068398,-0.08559618350969708
571.0235168064132,10.114388243303154,-3.1095279290322737,-0.4271114550012912,-0.27036990972833,-0.21574859008661712,-0.13692756593841396
571.1235168064131,10.070598354852631,-3.137249557834773,-0.4486863140099333,-0.284062666322159,-0.21574859008661712,-0.13692756593841396
571.2235168064133,10.128603919112944,-3.028650679042978,-0.3839187846320537,-0.18439176600301685,-0.18456710698795947,-0.09626390368452885
571.3235168064132,10.37319495792961,-3.098840348420174,-0.16380015857240124,-0.23671983134522928,-0.09763924824386469,-0.11171703279064907
571.4235168064131,10.460758475086488,-3.039583796881486,-0.08684730995351009,-0.17917270646729033,-0.0663345859333952,-0.08707682223896082
571.5235168064132,10.753825297857151,-2.879876072394783,0.16620863310302159,-0.03619787836263981,0.02994423291381075,-0.03122932559785467
571.6235168064131,10.99738389650429,-2.917741992105829,0.3572348932217616,-0.06733891120959487,0.0977377322920915,-0.0412632111893812
571.7235168064132,11.033596074487935,-2.924682199282737,0.36700866645097296,-0.07146523232853393,0.0977377322920915,-0.0412632111893812
571.8235168064132,11.283588951675709,-2.976739117553633,0.5547779289651238,-0.11287862668593507,0.16237108992996369,-0.05477128413786776
571.9235168064131,11.339878600021818,-2.988300836642905,0.5710150379581054,-0.11835575509971687,0.16237108992996369,-0.05477128413786776
572.0235168064132,11.397196328762186,-2.862316708795429,0.587080618494186,-0.008277837792416691,0.16240068273887157,-0.012793054393236997
572.1235168064131,11.456716394025245,-2.863208457846636,0.6033206867680584,-0.009557143231739227,0.16240068273887157,-0.012793054393236997
572.223516806413,11.524654529070705,-2.7873642258568334,0.6252038434453819,0.05244765197894542,0.1644386141531458,0.009907018672047373
572.3235168064132,11.236431034720876,-2.8667153147165103,0.34621517793003603,-0.0170620982935367,0.05679413875020463,-0.015606092690064386
572.4235168064131,11.055157723614295,-3.0922869076353967,0.17238661926408097,-0.20282363171490397,-0.008008047024251438,-0.08165421482277346
572.5235168064131,11.42920132102625,-3.3081279602136444,0.4783517983612811,-0.3772298838071947,0.10572422851370196,-0.142861892682254
572.6235168064131,11.430000505614336,-3.360780976469718,0.4494880004733888,-0.40319978080472485,0.09150578842781504,-0.1470460802409772
572.723516806413,11.475406834603772,-3.4018361849513576,0.45863857931616203,-0.4179043888288092,0.09150578842781504,-0.1470460802409772
572.8235168064132,11.720981528184513,-3.1594282624203274,0.6341411219990011,-0.1964924795051901,0.15182785206779742,-0.06191903971391593
572.9235168064131,11.785154779644692,-3.179387105569398,0.649323907205767,-0.20268438347657608,0.15182785206779742,-0.06191903971391593
573.023516806413,11.783345375670828,-3.2883719717162347,0.6115980574197983,-0.2833452758391588,0.13361302771029415,-0.0891082000219322
573.1235168064131,11.845173246551445,-3.3171520403003,0.624959360190846,-0.2922560958413642,0.13361302771029415,-0.0891082000219322
573.223516806413,11.69917528624236,-3.2377365509288847,0.46459259376226075,-0.21135298678147652,0.07087328938782639,-0.056891849768891146
573.3235168064131,11.795489877993013,-3.421504861099624,0.5132772115862795,-0.3522609527482974,0.08602977329552583,-0.10582560427602233
573.4235168064131,11.88824292444172,-3.587940245806105,0.5559212744320928,-0.47040726160796814,0.09831856869755332,-0.14439426850062037
573.523516806413,11.969652341532159,-3.7132253918761227,0.587524664667938,-0.5508849596068606,0.10639027860817481,-0.16870868759996882
573.6235168064131,11.864945477554556,-3.9102508893225547,0.46219715099823894,-0.6837186435111039,0.05736853950140803,-0.2102374710686037
573.723516806413,11.911452035351846,-3.9796739410289437,0.4679340049483745,-0.7047423906179452,0.05736853950140803,-0.2102374710686037
573.823516806413,11.877317651389156,-3.428210501031615,0.4064838368793875,-0.2121591211394625,0.03317164705165511,-0.025777211893909052
573.9235168064131,11.918131893312408,-3.44955529920506,0.4098010015845575,-0.21473684232885693,0.03317164705165511,-0.025777211893909052
574.023516806413,11.96636994908905,-3.7212347004597803,0.42298183306074,-0.425070431864935,0.03785945363027267,-0.10083145615188954
574.123516806413,12.008857429663285,-3.7642459009270435,0.4267677784237681,-0.43515357748012623,0.03785945363027267,-0.10083145615188954
574.223516806413,12.153963188120919,-3.6896745710218926,0.5154730975530459,-0.3475977295518421,0.06852703264124409,-0.06580824708843774
574.323516806413,12.050534092620644,-3.3964552188528194,0.39180610544108485,-0.08073336838956972,0.02097057606391064,0.033147678254290436
574.4235168064131,12.201278930867435,-3.4804679971567296,0.48645546897515257,-0.14006130265516753,0.054381859349451146,0.010686157730055441
574.523516806413,12.28829343206817,-3.4127106092249275,0.5246442280901711,-0.06938713381140912,0.06652400485987285,0.036314002910764434
574.6235168064129,12.202778129487584,-3.5295629490680307,0.4166207077212094,-0.15624149447575808,0.025178442851021082,0.003909101658245422
574.723516806413,12.244566092474017,-3.5451675530073365,0.41913855200631495,-0.155850584309933,0.025178442851021082,0.003909101658245422
574.823516806413,12.208864400506938,-3.1748900228603176,0.35982183989737415,0.16156301842799314,0.0035832228747835204,0.11747654835339442
574.923516806413,12.244864500611056,-3.1581463382757478,0.3601801621848526,0.17331067326333527,0.0035832228747835204,0.11747654835339442
575.023516806413,11.979911436823617,-3.2577440683226793,0.10113812687744694,0.08993758873364784,-0.09276748660191511,0.0838148311977507
575.1235168064129,11.989561412078345,-3.248331235293335,0.09186137821726387,0.09831907185341528,-0.09276748660191511,0.0838148311977507
575.223516806413,11.932345934369984,-3.2087338369843916,0.027817296167212124,0.13086223978470451,-0.11254603005392638,0.0924816528001435
575.323516806413,11.85714548609642,-3.0175681393874507,-0.04849541373844907,0.2880462057128426,-0.13625075160489053,0.14601751593050957
575.4235168064129,12.132173921254104,-2.907851366725166,0.17084693760952194,0.36864637147059454,-0.05214976022105164,0.16968227949983283
575.523516806413,12.042204512720609,-3.0765863163727865,0.07382579819252372,0.20974981270642115,-0.08618653229722176,0.10493118813118842
575.6235168064129,12.174211640915695,-3.0963904986757944,0.1688916888334439,0.18629587789024174,-0.04880383062800681,0.09277401656014964
575.7235168064129,12.190856790645904,-3.0772970408039653,0.16401130577064213,0.1955732795462588,-0.04880383062800681,0.09277401656014964
575.823516806413,11.842233767407153,-2.881953886744068,-0.1451414628021458,0.34846321031089716,-0.15906435618599052,0.14410184027171424
575.9235168064129,11.826924299346024,-2.8463870565116527,-0.1610478984207304,0.3628733943380555,-0.15906435618599052,0.14410184027171424
576.023516806413,11.785185529142442,-2.654967166438815,-0.1975289720557699,0.5096106991809891,-0.16647941019966822,0.19303884070256527
576.1235168064129,11.764600234885886,-2.603040902317251,-0.2141769130757216,0.5289145832512281,-0.16647941019966822,0.19303884070256527
576.2235168064128,11.69629001725023,-2.321415024738692,-0.2690819887595784,0.7357469220385959,-0.18029550007414485,0.2603054934664545
576.323516806413,11.725119388065595,-2.336751285867282,-0.23951588554944594,0.6866402341555627,-0.16295343833404297,0.23311439549895513
576.4235168064129,11.96977394282052,-2.3881662692668835,-0.03209270797712906,0.610154418856202,-0.08219129178363557,0.19733052901118564
576.5235168064129,12.020122554655764,-2.4643167771422676,0.006083110636916941,0.5122007992349231,-0.06499054833568363,0.15399985077964795
576.6235168064129,11.889697262296655,-2.6399972946460792,-0.10878757823781285,0.34048138358347024,-0.10406314598168066,0.08698836036344115
576.7235168064128,11.878298188742976,-2.6055142144859467,-0.11919389283597145,0.34918021961980644,-0.10406314598168066,0.08698836036344115
576.823516806413,12.195117585867811,-2.7206126035987195,0.14396469730624675,0.2338459815433063,-0.005221029943609564,0.0424430055020182
576.9235168064129,12.209487950448704,-2.6970157904169003,0.14344259431188627,0.23809028209350425,-0.005221029943609564,0.0424430055020182
577.0235168064128,12.513979639682375,-3.141440449944858,0.3994662858246231,-0.1490151050132332,0.09183460693026392,-0.09954658589875501
577.1235168064129,12.554385441299544,-3.1568396933756966,0.40864974651766206,-0.1589697636031223,0.09183460693026392,-0.09954658589875501
577.2235168064128,12.430172462049422,-3.2778148544832972,0.2803395384676915,-0.2550282868336577,0.04218047310102764,-0.13043213216505078
577.3235168064128,12.719137740493647,-3.272788446151282,0.5036495270896644,-0.2421007690207325,0.12200931704232,-0.12103369381749784
577.4235168064129,12.790163563111877,-3.149429478307233,0.5325000222545494,-0.13224091443335048,0.12801979161438667,-0.07730187244102135
577.5235168064128,12.782146030356447,-3.0156697371078494,0.49208237518577586,-0.014432205724772164,0.10828882562046989,-0.031080109267009
577.6235168064129,12.602050735247165,-3.183175115635675,0.3123448677085809,-0.15389674874597553,0.0395815116749588,-0.07991232232465248
577.7235168064128,12.63348312957637,-3.198964352121881,0.31630301887607315,-0.16188798097843352,0.0395815116749588,-0.07991232232465248
577.8235168064127,12.774236355695846,-3.200338669972818,0.409375498182596,-0.15387300699823833,0.07140433258975273,-0.07322930338462358
577.9235168064129,12.815530927177111,-3.2160921171895867,0.416515931441581,-0.16119593733671067,0.07140433258975273,-0.07322930338462358
578.0235168064128,13.091234020946782,-3.4308459490623147,0.6201287620800053,-0.3312783486648217,0.14303504995060684,-0.131480942117364
578.1235168064128,13.15396207240455,-3.4646311886393915,0.6344322670750693,-0.3444264428765611,0.14303504995060684,-0.131480942117364
578.2235168064128,12.979970668835673,-3.3693968397958907,0.4509306568177693,-0.2502667644144963,0.07160018495178336,-0.09298953187136545
578.3235168064127,12.704076995639708,-3.4395244422589863,0.18805412707872354,-0.29674265881255807,-0.02679095320856678,-0.10644333837090467
578.4235168064129,12.699579741721909,-3.1745880964203166,0.1661364732121738,-0.06445288081340364,-0.03373605223265645,-0.01933551324679321
578.5235168064128,12.536072467283088,-3.260157829177039,0.008064805366985547,-0.13370702390380826,-0.09108974727206087,-0.04412206585836673
578.6235168064127,12.614019677306263,-3.304465452883235,0.06329147013677923,-0.1633645532858363,-0.06789400441365452,-0.05316296006824987
578.7235168064128,12.62000935429788,-3.321067723012183,0.056502069695404514,-0.16868084929266852,-0.06789400441365452,-0.05316296006824987
578.8235168064127,12.640120574686307,-3.289352165686999,0.06109185310888078,-0.13314001214285037,-0.0640310276278371,-0.03833156363215255
578.9235168064127,12.645909604859057,-3.3028578247194478,0.05468875034609561,-0.1369731685060665,-0.0640310276278371,-0.03833156363215255
579.0235168064128,12.59895155743015,-2.895337794290691,0.010206193806705953,0.2117698186885061,-0.07631134156546399,0.08973547371407145
579.1235168064127,12.599590620102992,-2.87371213505329,0.0025750596501664946,0.2207433660599051,-0.07631134156546399,0.08973547371407145
579.2235168064128,12.40025275099517,-2.864079841621574,-0.1705213043204341,0.21910364070729635,-0.13606705788597112,0.08592848169202047
579.3235168064127,12.523130588879495,-2.8010458135909992,-0.0659685497885805,0.2615902065087769,-0.09301420499860229,0.0981941362542815
579.4235168064126,12.619160126714764,-2.998500776783141,0.010333889548233062,0.08694727565365236,-0.062111303307810506,0.03205227777445545
579.5235168064128,12.733469885694944,-2.8697535890889263,0.10176909765064114,0.19228386893103522,-0.025909309428293482,0.06965569743935376
579.6235168064127,12.799853694771517,-2.9513090437276777,0.1458871845269141,0.11613030968635522,-0.009068715708054977,0.039888945868369836
579.7235168064127,12.814397069645672,-2.9394965680296976,0.1449803129561084,0.12011920427319311,-0.009068715708054977,0.039888945868369836
579.8235168064127,12.474430108632252,-3.3972278894193795,-0.1491938397857828,-0.26344686290725067,-0.11470406672532622,-0.09933329434647285
579.9235168064126,12.45893720432006,-3.424069242181812,-0.160664246458305,-0.27338019234188893,-0.11470406672532622,-0.09933329434647285
580.0235168064128,12.520272155327559,-3.4031396301793913,-0.10772167847121342,-0.24113758356437032,-0.09153978050033135,-0.08363109804866004
580.1235168064127,12.509042288577946,-3.4276715440260492,-0.11687565652123823,-0.24950069336922873,-0.09153978050033135,-0.08363109804866004
580.2235168064126,12.619038628420777,-3.1763985960779166,-0.024579901779881327,-0.030097775387388972,-0.0549024672697118,-0.001931185757216125
580.3235168064127,12.531810738601175,-2.937551148648254,-0.10107440002705591,0.17115805242267862,-0.08077373975848741,0.07097032404782863
580.4235168064126,12.597296660891011,-2.8719478719978095,-0.046046099997639034,0.21787337845654625,-0.05799265904978346,0.08517608283186025
580.5235168064127,12.500153163020459,-2.962015747088407,-0.13114823977586754,0.1307432172916494,-0.0873938859739417,0.04995983758768698
580.6235168064127,12.699752685537598,-3.260001545356656,0.03683790803464174,-0.12012223370770794,-0.02367679026957066,-0.041669656822492095
580.7235168064126,12.703318092389711,-3.272222117011528,0.03447022900768683,-0.12428919938995336,-0.02367679026957066,-0.041669656822492095
580.8235168064127,13.19214928850045,-3.298938681375759,0.4374007362786296,-0.1388052945090651,0.12328138528030036,-0.04504704711012469
580.9235168064126,13.236505769054675,-3.313044446062203,0.4497288748066484,-0.14330999922007345,0.12328138528030036,-0.04504704711012469
581.0235168064125,13.69359222190021,-3.488327334991424,0.8099785255704063,-0.28195851610574263,0.2506782656532772,-0.09368078187159647
581.1235168064127,13.775843465785632,-3.516991590511396,0.8350463521357682,-0.2913265942929151,0.2506782656532772,-0.09368078187159647
581.2235168064126,13.795146428789613,-3.4080881874905398,0.8057477837408139,-0.18666026532028643,0.23104451614430055,-0.05277652080292724
581.3235168064126,13.986981949825008,-3.5446475457392785,0.9213775233135044,-0.28991052323976524,0.26475724299685666,-0.08823141403197063
581.4235168064126,14.071463639850913,-3.6656653147913065,0.9403966681305457,-0.37411837486018895,0.26206542579209996,-0.11526178084624635
581.5235168064125,13.908608518779499,-3.531296587921985,0.7446341442566594,-0.2388206310858281,0.17977127207250718,-0.0612031522997262
581.6235168064127,13.838702320341199,-3.3239164426723575,0.6421679702556756,-0.0546181380265187,0.13634632338640584,0.00695554740724158
581.7235168064126,13.903600848983638,-3.3293434787379685,0.6558026025943038,-0.053922583285795175,0.13634632338640584,0.00695554740724158
581.8235168064125,13.656964440909448,-3.1411869694154384,0.41085096866650234,0.1058927872489573,0.04329118083918545,0.06399018388660607
581.9235168064126,13.69826599368035,-3.130277739771094,0.4151800867504268,0.11229180563762664,0.04329118083918545,0.06399018388660607
582.0235168064125,13.659924864927383,-2.8196077187056012,0.34678179368410794,0.3746625797755452,0.015263156118750745,0.15855366280210334
582.1235168064126,13.694679360076396,-2.7813486924140274,0.3483081092959834,0.3905179460557591,0.015263156118750745,0.15855366280210334
582.2235168064126,13.55317707296352,-2.9307166485517615,0.20331033115189245,0.25058961809819835,-0.037652203745322375,0.10267388881059916
582.3235168064125,13.55856522271594,-2.8116209241762267,0.18714631660158287,0.33875187599522527,-0.042169856925042985,0.13086293451777462
582.4235168064126,13.627505954857305,-2.9181835562531515,0.22481056353061588,0.23570425377770926,-0.027050776817414718,0.08922130279863627
582.5235168064125,13.582485686055369,-2.925920003942929,0.1641934497149741,0.21757729164425282,-0.048521435229295536,0.07926218427913366
582.6235168064125,13.998703023158312,-3.011034391830674,0.4910183084705288,0.1373410321229046,0.07106227478044302,0.047689300745216184
582.7235168064126,14.048160165379334,-2.997061842114638,0.4981245359485828,0.14210996219743272,0.07106227478044302,0.047689300745216184
582.8235168064125,14.239849858852766,-3.0723917992440892,0.6211300719651074,0.07254564597700487,0.1124821003963457,0.02090724688522308
582.9235168064125,14.302525276551272,-3.065032698411961,0.6323782820047446,0.07463637066552765,0.1124821003963457,0.02090724688522308
583.0235168064125,14.150318763437202,-2.9494279678821953,0.45400793210416035,0.16770718629843867,0.04110687593316137,0.054118137735559416
583.1235168064125,14.195925091027242,-2.932386658563689,0.45811861969747275,0.1731190000719897,0.04110687593316137,0.054118137735559416
583.2235168064126,14.020968135877476,-2.669523932546259,0.2786899717471074,0.3804765485795268,-0.025176079590059977,0.12655628391444454
583.3235168064125,13.963384661600386,-2.6454254626712075,0.20446962443430464,0.3809869764494673,-0.05130185471334692,0.12216110850753881
583.4235168064124,14.088710116858321,-2.4646135425685998,0.28664018771093086,0.510168573566095,-0.01978637794350977,0.16410091286928383
583.5235168064125,14.082261421052928,-2.2665863792993157,0.25456153948270355,0.6511119054706943,-0.03094583779612948,0.20995240703322576
583.6235168064125,14.148071525563662,-2.254183970214856,0.2850530404391923,0.6279237224468399,-0.018836621329948375,0.19412937070398115
583.7235168064125,14.176482646500936,-2.1904209511166375,0.283169378306197,0.6473366595172424,-0.018836621329948375,0.19412937070398115
583.8235168064125,14.147301375052788,-2.1963918736013284,0.23177093114055997,0.6095393186685606,-0.03721973661743665,0.17408986272742327
583.9235168064124,14.170292369483734,-2.134567492420892,0.22804895747881967,0.6269483049412871,-0.03721973661743665,0.17408986272742327
584.0235168064125,14.539057177505995,-2.011682180919222,0.5177373055911656,0.6897737117184394,0.0704238482457934,0.18941565514928316
584.1235168064125,14.591183027306293,-1.941757731471696,0.5247796904157386,0.7087152772333505,0.0704238482457934,0.18941565514928316
584.2235168064124,14.278191521825887,-1.9801708259955835,0.22797390557134625,0.6369001548973454,-0.03930715114091904,0.15686113633304266
584.3235168064125,13.993410441475284,-1.8919921651843257,-0.03425995403813532,0.6723294190913827,-0.133423079312452,0.16400590184314828
584.4235168064124,14.041586733748794,-1.8327641736445726,-0.004199418631472985,0.6814661070480649,-0.1177546993663711,0.16140131609691705
584.5235168064124,13.766250665005193,-2.03980465326336,-0.2518036270110413,0.46249791398788714,-0.20518727167492665,0.07483753663506934
584.6235168064125,13.816991769809563,-1.9369286213512162,-0.20852461892154883,0.5162144731555754,-0.18218546624421902,0.0913945007493258
584.7235168064124,13.795228380586208,-1.88485020153196,-0.22674316554595417,0.5253539232304997,-0.18218546624421902,0.0913945007493258
584.8235168064125,14.500817808233476,-1.9346021991798716,0.3622203322323788,0.449849516081318,0.03756104642457775,0.06101141632263253
584.9235168064124,14.537227646688804,-1.8893121904901682,0.36597643687483317,0.45595065771357574,0.03756104642457775,0.06101141632263253
585.0235168064123,14.40523875649295,-2.3612782890854542,0.23232654967661082,0.03213591083625332,-0.011279526241302372,-0.09421375242067012
585.1235168064125,14.428415013829436,-2.358535766763929,0.23119859705247903,0.022714535594173454,-0.011279526241302372,-0.09421375242067012
585.2235168064124,14.279646696167188,-2.4592660399853385,0.08734869292532266,-0.07112305459161454,-0.0628217895694358,-0.12449393697627834
585.3235168064124,14.197494667087799,-2.7699595153414873,0.004955221668833486,-0.33590427119015764,-0.09055387518961212,-0.21580923641750543
585.4235168064124,14.181165082557882,-2.772298836122952,-0.017695231988681462,-0.3308740217596886,-0.09546167950078599,-0.2062673841317072
585.5235168064123,14.251301684906435,-2.89294310927533,0.034983871077252295,-0.42520839950721084,-0.07239190631093761,-0.23340556328786066
585.6235168064125,14.428360588754988,-2.899019991846144,0.17194525823429332,-0.41763699305564966,-0.02040144583585171,-0.2223353231656233
585.7235168064124,14.445453107349222,-2.9418953677674966,0.16990511365071,-0.4398705253721918,-0.02040144583585171,-0.2223353231656233
585.8235168064123,14.592783970756846,-2.7544426083534104,0.27642938975766557,-0.26923661046587805,0.018874573804915952,-0.15275831147380095
585.9235168064124,14.620521282601675,-2.7821300609574062,0.27831684713815974,-0.284512441613279,0.018874573804915952,-0.15275831147380095
586.0235168064123,14.749561143861735,-2.5408873990712335,0.3655879515499399,-0.07320407394992769,0.05010900896228645,-0.07037142698155845
586.1235168064123,14.78637048406155,-2.5485596636011363,0.3705988524461697,-0.08024121664808513,0.05010900896228645,-0.07037142698155845
586.2235168064124,14.911689370453786,-2.819037949431122,0.44870879604008185,-0.3030741526734868,0.0765078219555245,-0.14777760365778697
586.3235168064123,14.948587817468987,-2.7426185646401104,0.4493386208692271,-0.22834462061724517,0.0739496497718971,-0.11538618700758141
586.4235168064124,14.88211479077775,-3.0120935036052976,0.36391783551414025,-0.44241985291892894,0.04044326333852005,-0.18800885734986694
586.5235168064123,14.888854874166084,-3.1471421466725205,0.34229789113578923,-0.5377745098325926,0.030928336448751537,-0.2161949446549016
586.6235168064122,15.039744973241902,-3.020835565508527,0.4419865474808006,-0.4104969222289982,0.06575525170236898,-0.1628716903628314
586.7235168064124,15.084272404248555,-3.0626996161832993,0.4485620726510464,-0.42678409126530353,0.06575525170236898,-0.1628716903628314
586.8235168064123,14.944001107188658,-2.880743419500553,0.30199853516938835,-0.2557483099455762,0.01068079634369655,-0.09520205789885694
586.9235168064123,14.974254364687322,-2.906794260784611,0.30306661480375824,-0.26526851573546406,0.01068079634369655,-0.09520205789885694
587.0235168064123,14.854869104433696,-2.5977303470498367,0.17382894731504295,-0.0009971016861115406,-0.03806104656398755,0.0021968266647553816
587.1235168064122,14.872061693932364,-2.597819073085124,0.17002284265864764,-0.0007774190196362023,-0.03806104656398755,0.0021968266647553816
587.2235168064124,14.87410899043987,-2.863460763362601,0.15395332371063078,-0.21921263450312478,-0.04248982659441544,-0.07623491390051376
587.3235168064123,14.761519978332384,-2.8025344259835525,0.04233341722129795,-0.15751555975825204,-0.08161174349801303,-0.05114878650971176
587.4235168064122,14.85883392017052,-2.993621435222821,0.11180224005140946,-0.30673976309022083,-0.05358739768364451,-0.10282143864647905
587.5235168064123,14.942175539384927,-3.0846243188921982,0.1687082282722847,-0.367975741169072,-0.03050299597697947,-0.1215819673255301
587.6235168064122,14.991834825898213,-3.0377298021932213,0.1929695692304629,-0.31084890139040616,-0.020655984331047348,-0.09676950243915419
587.7235168064122,15.011028502899608,-3.069298539844465,0.1909039707973577,-0.3205258516343238,-0.020655984331047348,-0.09676950243915419
587.8235168064123,15.0245378846995,-3.0832545610964277,0.1849495535762352,-0.3129915773753627,-0.021881755607677734,-0.09007738149620872
587.9235168064122,15.04292343127907,-3.1150041057414155,0.1827613780154694,-0.3219993155249754,-0.021881755607677734,-0.09007738149620872
588.0235168064123,14.702237832082131,-2.747587260837443,-0.114171880893979,0.003602771679503136,-0.12739618593771254,0.03143302153798779
588.1235168064122,14.690183663063056,-2.7470698185618034,-0.12691149948773867,0.0067460738332990565,-0.12739618593771254,0.03143302153798779
588.2235168064121,14.689571109394773,-2.8159427981679057,-0.12908967248215533,-0.047500398440726815,-0.12358205079960388,0.010847249450982102
588.3235168064123,15.082232843293792,-2.720373933991008,0.1998857649997334,0.0370939480276571,0.0007870607287964321,0.041068194268620226
588.4235168064122,15.04915008252013,-2.700352296651848,0.155892459430715,0.054458469995341076,-0.015122888258128568,0.045821950856136405
588.5235168064122,15.279655101796891,-2.610971902490173,0.33920004776885304,0.1303459769534823,0.053398350420793154,0.0720756247745705
588.6235168064122,15.308205771497784,-2.7891283833332294,0.33986675715957926,-0.01988002600084212,0.05171348924895505,0.015695271802090023
588.7235168064121,15.342451014659954,-2.7910379095743014,0.34503810608447005,-0.018310498820634544,0.05171348924895505,0.015695271802090023
588.8235168064123,15.34786371000179,-2.2127875856839108,0.3276891283144539,0.4620723000407417,0.044081463854633574,0.1878334769297474
588.9235168064122,15.380853030152476,-2.165641188295232,0.33209727469991324,0.4808556477336993,0.044081463854633574,0.1878334769297474
589.0235168064121,15.415041851600867,-2.1856720116545065,0.3413888539630069,0.44008118173535615,0.04704993345778032,0.1657050986937962
589.1235168064122,15.449415986664503,-2.1408353679874397,0.34609384730879134,0.4566516916047584,0.04704993345778032,0.1657050986937962
589.2235168064121,15.344108449542617,-2.734391035960119,0.23438969062755977,-0.05374744462160592,0.005010212158360297,-0.02331946429590942
589.3235168064122,15.156045718196369,-2.8812466666546306,0.05713782918774504,-0.1738205507835364,-0.05975623723576726,-0.06592831613993058
589.4235168064122,15.224059132598342,-2.80989002184632,0.1031419285623963,-0.10710061195501548,-0.04099161288489879,-0.03964087573560962
589.5235168064121,15.507076896509695,-2.676169691522852,0.3336517967372903,0.01213861265194474,0.04598875714224174,0.005720956345581084
589.6235168064122,15.576261127056453,-2.7101742924756667,0.3677578984003526,-0.016258381928065828,0.05662737099492787,-0.004653499235790911
589.7235168064121,15.61332005375143,-2.711823398164651,0.3734206354998402,-0.016723731851644497,0.05662737099492787,-0.004653499235790911
589.823516806412,15.461978676616688,-2.2920584477658834,0.22092586475349696,0.33180431106943337,-0.0008293041321658992,0.12109943263094873
589.9235168064122,15.484067116571406,-2.2582725194957383,0.22084293434028027,0.34391425433254474,-0.0008293041321658992,0.12109943263094873
590.0235168064121,15.708444973617393,-2.2668917502170958,0.3889309767840613,0.3262695444934899,0.059949964769777896,0.11216348989288755
590.1235168064121,15.747637821119657,-2.2337039783182746,0.39492597326104045,0.3374858934827812,0.059949964769777896,0.11216348989288755
590.2235168064121,15.915606068523704,-2.0263379733309197,0.5073827351227447,0.49118433780338583,0.09839731143264577,0.16327196645012443
590.323516806412,15.882286219267556,-1.7176649428039836,0.4461722300332936,0.7230124952363685,0.07250928384818686,0.24125870049736683
590.4235168064122,15.624348451760799,-1.7269770429457323,0.20189010798200127,0.6789689418111398,-0.01829387788359653,0.216815487586718
590.5235168064121,15.385947769274788,-1.8930413844761578,-0.022160320759583872,0.5004247958322874,-0.10068145015282583,0.14309503168116117
590.623516806412,15.664915728416958,-1.8711598850199729,0.20132090912737255,0.49100112885474106,-0.016476936335436385,0.1345956719271095
590.7235168064121,15.684965434648046,-1.8213867937747945,0.19967321549382666,0.5044606960474703,-0.016476936335436385,0.1345956719271095
590.823516806412,15.551987495575842,-2.3883698013103865,0.06951351301164076,0.00817113090955323,-0.06331744254471265,-0.048525156272462344
590.9235168064121,15.558622259664283,-2.3877953140007935,0.06318176875716805,0.0033186152823058927,-0.06331744254471265,-0.048525156272462344
591.0235168064121,15.810656615938123,-2.255344533844595,0.2638066486619452,0.1086920895427448,0.012166758096715049,-0.008630788045558809
591.123516806412,15.837098114594777,-2.2445184788305585,0.2650233244716156,0.1078290107381897,0.012166758096715049,-0.008630788045558809
591.2235168064121,15.921585946151028,-1.9086601019211733,0.31435171330151873,0.3746447380947561,0.029541706768180465,0.08738587957673637
591.323516806412,16.077508084743567,-1.865008192927947,0.4217922504199203,0.38817287527660066,0.06761259970343143,0.0891191493505064
591.423516806412,15.900859915040959,-1.6934315270594846,0.24656551228633353,0.5059931835856915,0.0019151273576565875,0.128169957048405
591.5235168064121,16.088873929882,-2.0590990958884285,0.38718095968797844,0.16366316462209488,0.053976745897413685,-0.00259048241057655
591.623516806412,16.155763654479454,-2.0922157438353137,0.4157122040267009,0.12274537900386849,0.06231738476398955,-0.017151252589751864
591.723516806412,16.197646461805956,-2.0800269621978726,0.42194394250310124,0.12103025374489292,0.06231738476398955,-0.017151252589751864
591.823516806412,16.49088656991993,-2.092352702763694,0.6375908155444135,0.09940793731372367,0.13827725737757218,-0.024257207280294783
591.923516806412,16.5553370377612,-2.082533195068732,0.6514185412821581,0.0969822165856964,0.13827725737757218,-0.024257207280294783
592.0235168064121,16.402511237104036,-2.0825001660032645,0.4879234952265914,0.08874088935351737,0.0754496054235495,-0.025766867070697093
592.123516806412,16.451680834653768,-2.0737549114032743,0.4954684557689395,0.08616420264645,0.0754496054235495,-0.025766867070697093
592.2235168064119,16.551551190210123,-1.9552669378187684,0.5444983382917766,0.1741537577604699,0.0904313706695245,0.006719338555542069
592.323516806412,16.434851067346155,-1.9192983639512924,0.40933857836931853,0.19025051611204727,0.037889271262646136,0.012301363254170432
592.423516806412,16.465299915668524,-1.715248527339718,0.40426377817838915,0.34372521128306366,0.03468947519714363,0.06689103083022023
592.523516806412,16.32580353769044,-1.7588451168110402,0.25291090472930616,0.28371064074928676,-0.02271010276003945,0.04233161933184611
592.623516806412,16.37821689068553,-1.6891706208788477,0.2732213345321849,0.32171657875931264,-0.014568530195630416,0.05442637835512456
592.7235168064119,16.405466181487743,-1.6567268311111707,0.27176448151262317,0.32715921659482017,-0.014568530195630416,0.05442637835512456
592.823516806412,16.825349705314522,-2.0112353658275204,0.599350164851713,0.013174167915388914,0.10504955840743842,-0.060285890515241254
592.923516806412,16.885809969591676,-2.0102193784885585,0.6098551206924473,0.007145578863870272,0.10504955840743842,-0.060285890515241254
593.0235168064119,16.69402794622956,-1.8163758333521,0.40549678840083214,0.16222540689941467,0.026178178417535218,-0.0019681373336836658
593.123516806412,16.73470851596179,-1.8001631333488048,0.4081146062425892,0.16202859316604604,0.026178178417535218,-0.0019681373336836658
593.2235168064119,17.033872407292716,-1.6970137446019873,0.6252089437306508,0.23342526934450078,0.10363371442230401,0.023712522347107464
593.3235168064119,16.719889196184862,-1.87603809479007,0.31874810465266656,0.0671480553582975,-0.011805084042894529,-0.03731895999317773
593.423516806412,16.8515511145556,-2.0922160495648088,0.4004766372509045,-0.11989483216987279,0.01812499093582931,-0.10304798286580891
593.5235168064119,16.39616169553292,-2.0545893410166083,-0.023697090437614924,-0.08749467028633802,-0.1398077182899219,-0.08732458064564688
593.623516806412,16.091816115522267,-1.8737798132670571,-0.28746900044414325,0.05992771395206283,-0.2298680807076568,-0.03140216598611568
593.7235168064119,16.06191987507434,-1.8679440527017865,-0.310455808514888,0.05678749735345412,-0.2298680807076568,-0.03140216598611568
593.8235168064118,16.401243427976418,-2.1298759677289807,-0.024299798517378797,-0.16677939700679706,-0.11804491693540914,-0.11054918157259935
593.923516806412,16.39822322354,-2.147106653337548,-0.036104290210935815,-0.17783431516407208,-0.11804491693540914,-0.11054918157259935
594.0235168064119,16.599454842430433,-1.983267664423219,0.12846373715259504,-0.04202491823303095,-0.05271788542180829,-0.0587465804673112
594.1235168064119,16.612037626718585,-1.9877638891488598,0.12319194861041302,-0.047899576279763406,-0.05271788542180829,-0.0587465804673112
594.2235168064119,16.395836372245714,-2.0540920114146526,-0.07166796233764433,-0.1041984022133904,-0.12118528532787225,-0.07683378220569953
594.3235168064118,16.530833116207678,-2.1641592136221863,0.03618738510980461,-0.19455728187390336,-0.07747132777510285,-0.10675287082342322
594.423516806412,16.23453973983191,-2.2382911118018693,-0.22027554301897861,-0.24979755905669637,-0.16725746343947778,-0.12273234499024697
594.5235168064119,16.27551794056752,-2.409251566940121,-0.18211872616814478,-0.385903154588174,-0.1469099701412106,-0.16832578454925873
594.6235168064118,16.469999089595483,-2.644014907997566,-0.019855140973002894,-0.5632759803233947,-0.08311029365340987,-0.2258187072505274
594.7235168064119,16.46759802402991,-2.701471599566238,-0.02816617033835522,-0.5858578510484782,-0.08311029365340987,-0.2258187072505274
594.8235168064118,16.282633652751986,-2.705453891848344,-0.18774636739643777,-0.5595784323668518,-0.13784054623198289,-0.20748412023984758
594.9235168064118,16.26316981328118,-2.762449155686242,-0.2015304220196392,-0.5803268443908413,-0.13784054623198289,-0.20748412023984758
595.0235168064119,16.462443386767365,-2.6206864091901316,-0.03190109482351883,-0.43739509126020265,-0.07143073450661108,-0.14923846020346693
595.1235168064118,16.458896123612483,-2.665172110617128,-0.03904416827417344,-0.4523189372805358,-0.07143073450661108,-0.14923846020346693
595.2235168064119,16.617559648865864,-2.6381160877963525,0.08913689709527176,-0.40711186099887997,-0.02256009951131753,-0.12766943550817375
595.3235168064118,16.826968880821642,-2.6784393878609927,0.25545867203289085,-0.41902406330240133,0.03886329014545481,-0.12736011680218076
595.4235168064117,16.88539033810695,-2.8335108958648005,0.28648248714993074,-0.524386193547687,0.04865989355517389,-0.16057266022355743
595.5235168064119,17.153218663518864,-2.9866182997711084,0.4967532895748126,-0.6255152408152552,0.12481291582799549,-0.19189496631576877
595.6235168064118,17.28424576118101,-2.6496542541903128,0.5761665949370635,-0.31555968566947834,0.14894476238711518,-0.07402102915720549
595.7235168064118,17.342607144486664,-2.681580327903054,0.5910610711757783,-0.3229617885852006,0.14894476238711518,-0.07402102915720549
595.8235168064118,17.44601087504205,-2.5071358084593465,0.6422850635112903,-0.1607967357497673,0.16210990141842246,-0.013439911637293172
595.9235168064117,17.51104993090021,-2.523282681592495,0.6584960536531178,-0.1621407269134954,0.16210990141842246,-0.013439911637293172
596.0235168064119,17.272837331752772,-2.6366448675214933,0.42448402311036576,-0.24249613427330197,0.07258690289596588,-0.041524727236898616
596.1235168064118,17.315648668578252,-2.6611021045849856,0.43174271339995574,-0.24664860699698804,0.07258690289596588,-0.041524727236898616
596.2235168064117,17.413905179847387,-2.5715279555020785,0.4844507732163286,-0.15657412562754933,0.08900037922233167,-0.007725420291482557
596.3235168064118,17.339343076090152,-2.408980211903274,0.38960988361299276,-0.008888878789630992,0.05120109612602118,0.045999342954510844
596.4235168064117,17.49362372586662,-2.586315150908894,0.490275179103386,-0.14971222648981738,0.08569280586720093,-0.00614444912682964
596.5235168064117,17.436573396701572,-2.5523705250238695,0.40728505566332796,-0.10863104680970348,0.05174751885105101,0.009207329066664037
596.6235168064118,17.217688390253315,-2.5076312428939533,0.19699755477998734,-0.062049297060119114,-0.025935815767006536,0.025559523337472162
596.7235168064117,17.23725846665246,-2.5137083749832727,0.19440397320328906,-0.05949334472637422,-0.025935815767006536,0.025559523337472162
596.8235168064118,17.159735332281304,-2.03696029316838,0.11018317493912008,0.3427518427162909,-0.05574614578665879,0.16960498190507106
596.9235168064117,17.170474919046274,-2.001837083987258,0.10460856036045928,0.35971234090678256,-0.05574614578665879,0.16960498190507106
597.0235168064116,16.993650228898744,-1.4066250996337297,-0.055776599927516005,0.8356209834937894,-0.11151309598109005,0.33402120589561346
597.1235168064118,16.98751500342608,-1.3213928952547542,-0.06692790952564022,0.8690231040833963,-0.11151309598109005,0.33402120589561346
597.2235168064117,16.889029342200413,-1.1759236680414342,-0.15385845371031687,0.9492698807090654,-0.13887982704617033,0.350824432990836
597.3235168064117,17.010132765324958,-1.4991905492915123,-0.05246649094601719,0.6345810774947679,-0.09687616081682573,0.22424719138841054
597.4235168064117,17.07671875910749,-1.5071328133835376,-0.0021043596628197193,0.597312757591233,-0.07519826635137537,0.20284331868099412
597.5235168064116,17.422202056792035,-1.335968659175098,0.2878787263694482,0.7116583280599234,0.0350997621906417,0.23747542422454215
597.6235168064118,17.530568305986712,-1.2322020026131875,0.35722229175150694,0.7612241596897924,0.05883557981226641,0.24672151005551307
597.7235168064117,17.56658471306089,-1.1548459790940022,0.36310584973272825,0.7858963106953213,0.05883557981226641,0.24672151005551307
597.8235168064116,17.60695257598298,-1.4742489675008903,0.37258588720164476,0.4788902592600778,0.06026223514038594,0.12691332238828476
597.9235168064117,17.6445124758789,-1.425725374962874,0.37861211071569156,0.49158159149892355,0.06026223514038594,0.12691332238828476
598.0235168064116,17.756129900932,-1.5662922162105877,0.4520719104563235,0.3472985681707552,0.08643641920302508,0.07053196614887856
598.1235168064117,17.801769274073656,-1.5312096995627595,0.460715552376628,0.3543517647856447,0.08643641920302508,0.07053196614887856
598.2235168064117,17.66944271226899,-1.7502059839540427,0.3208243346797116,0.15163442531960467,0.032794896177482345,-0.004712944453841961
598.3235168064116,17.52202755489554,-1.7059616944363036,0.1731283050472154,0.17540395728262254,-0.022214891462459627,0.004059466004492749
598.4235168064117,17.581829288192452,-2.1189617069705062,0.20628047678138722,-0.17858760313958766,-0.009445037781595736,-0.1230153026758746
598.5235168064116,17.700993565084524,-1.923528727914423,0.29008440000631536,-0.008670478436042442,0.02197510643369089,-0.05592480094690483
598.6235168064115,17.70615519098025,-1.853405964265706,0.27241921917014844,0.04431243176973509,0.01481375873220633,-0.03494769119534616
598.7235168064117,17.733471181690966,-1.8491494595447036,0.2739005950433711,0.04081766265019571,0.01481375873220633,-0.03494769119534616
598.8235168064116,17.88971651839466,-1.9308262994676932,0.3838354591617184,-0.03374389885059862,0.05439328502574983,-0.06060853149619601
598.9235168064116,17.928372030735968,-1.934503732010235,0.38927478766429463,-0.0398047520002196,0.05439328502574983,-0.06060853149619601
599.0235168064116,17.785111755859607,-1.8456446898243466,0.2462388459098984,0.024477561000993152,0.001639130797985184,-0.03716521513546138
599.1235168064115,17.809743836104563,-1.8433827597999266,0.24640275898969677,0.020761039487450395,0.001639130797985184,-0.03716521513546138
599.2235168064117,17.924873557830267,-2.0863901650782926,0.3217195955793781,-0.18458625139426946,0.02877967738267948,-0.1094903829083669
599.3235168064116,18.025165301513827,-2.152040177579144,0.3817199346355793,-0.23438464192470246,0.04959291605405125,-0.12354941118341498
599.4235168064115,18.31262004469131,-2.3271756050426426,0.593469760075289,-0.37109393515676053,0.12424407722673288,-0.1681386089517836
599.5235168064116,18.235317789267786,-2.268288704599179,0.4878880080830167,-0.30541624266016065,0.08049376010991816,-0.13776630867146844
599.6235168064115,18.36628224785008,-2.2810850653212857,0.5637362180934349,-0.3040421387552282,0.10493813234041151,-0.13234050400332797
599.7235168064116,18.42318056032114,-2.312150981716832,0.5742300313274784,-0.317276189155564,0.10493813234041151,-0.13234050400332797
599.8235168064116,17.88635793238845,-2.4508945210286126,0.08762721864627793,-0.41777998969529073,-0.07546217667501615,-0.1635721941149983
599.9235168064115,17.894743343369697,-2.493490380968677,0.08008100097878318,-0.43413720910677567,-0.07546217667501615,-0.1635721941149983
600.0235168064116,17.666631385325218,-2.390324003262651,-0.12139755606163008,-0.32596350514734596,-0.1449741651686067,-0.11800265158270383
600.1235168064115,17.653766758893223,-2.4235103670352687,-0.13589497257847757,-0.3377637703056056,-0.1449741651686067,-0.11800265158270383
600.2235168064115,17.550435439405593,-2.7457828713285872,-0.22432907904131097,-0.5866047886698178,-0.171675484080484,-0.20302941757859044
600.3235168064116,17.387429695465425,-2.9819994956740143,-0.3589032797760469,-0.7539472837049119,-0.2144540421147923,-0.2562409415269148
600.4235168064115,17.422265956101167,-2.633325595734693,-0.32072920417501977,-0.4294629762410517,-0.1929314737747952,-0.13070409866861407
600.5235168064115,17.491931275517928,-2.467779007313383,-0.25173259705619244,-0.26436993332522013,-0.1601983963938376,-0.06510666881791305
600.6235168064115,17.68381193566485,-2.3806170834257636,-0.08712710963125547,-0.1772476268289401,-0.09507525977688867,-0.03157468296444296
600.7235168064115,17.67462384840285,-2.3984997195234636,-0.09663463560893569,-0.18040509512538153,-0.09507525977688867,-0.03157468296444296
600.8235168064116,17.76163445051736,-2.3251386475848173,-0.024004225502965857,-0.10870623646544839,-0.06501312765260056,-0.004859582204854608
600.9235168064115,17.758908962328803,-2.3360335691423764,-0.03050553826822,-0.1091921946859334,-0.06501312765260056,-0.004859582204854608
601.0235168064114,17.753837519143417,-2.223467376158362,-0.04195896138904924,-0.003938464334846557,-0.06780538268489031,0.03421643285703196
601.1235168064115,17.74930259609108,-2.223690140427562,-0.04873949965754752,-0.0005168210491386929,-0.06780538268489031,0.03421643285703196
601.2235168064115,17.813218549182857,-2.1153698122223914,0.001897837893664705,0.09198952123266903,-0.04706962869557485,0.06617120752303601
601.3235168064115,18.00472038233093,-2.227019402570112,0.1581544497711699,-0.002322687663978304,0.011579429831098421,0.02964631798138436
601.4235168064115,18.007761121808766,-1.9724379122703322,0.1486566092631135,0.2102589084551626,0.007732703406678823,0.10480775880628046
601.5235168064114,18.11825573844616,-1.937787416841845,0.23160519948157454,0.2318995319898472,0.03819887832935649,0.1089166672956384
601.6235168064115,18.211498375387624,-2.009269407684177,0.2933724008384879,0.16453401574452348,0.059091357122559945,0.08089108338246781
601.7235168064115,18.24113107225706,-1.9924115506928277,0.2992815365507385,0.1726231240827629,0.059091357122559945,0.08089108338246781
601.8235168064114,17.88522644372801,-1.7578477037278808,-0.01638447149286712,0.3602381284607152,-0.057303281518947716,0.14555897211667765
601.9235168064115,17.883301480171124,-1.7210960960211747,-0.022114799644769707,0.3747940256724028,-0.057303281518947716,0.14555897211667765
602.0235168064114,18.093667840576813,-1.3255333506236124,0.15395389853048685,0.68602821921365,0.009772197791132323,0.25268115570652483
602.1235168064114,18.10911209141882,-1.2556671229236986,0.1549311183096003,0.7112963347843082,0.009772197791132323,0.25268115570652483
602.2235168064115,18.073167292779672,-1.351216105075882,0.11314388258164867,0.5982933219791242,-0.005671655124397471,0.20308315739867633
602.3235168064114,17.98475674006986,-1.5659861899648855,0.028798401365163737,0.38904429822374387,-0.03619731503667219,0.12000961972928167
602.4235168064115,17.84849051520696,-1.6294502809547002,-0.0902134940735443,0.3162911160081317,-0.07785376259379755,0.0896196958329616
602.5235168064114,17.566018758059325,-1.71766709291145,-0.33273909261399615,0.22277942290764646,-0.16488277183938438,0.051890246866555224
602.6235168064113,17.82046720288756,-1.7893952207473345,-0.10999083436601999,0.1504928836714749,-0.0786277940136552,0.024144577582295525
602.7235168064115,17.809074980480876,-1.7742252094922546,-0.11785361376739624,0.15290734142970774,-0.0786277940136552,0.024144577582295525
602.8235168064114,18.003065296537056,-1.7285696691538608,0.044801595299194065,0.18147903677215094,-0.0172281375544154,0.03386891353708438
602.9235168064114,18.007459315379204,-1.710252420908956,0.04307878154375213,0.18486592812586014,-0.0172281375544154,0.03386891353708438
603.0235168064114,18.186514510026804,-1.7133098563077227,0.18822069191143254,0.16919212815694565,0.036282315015787756,0.02669706856082795
603.1235168064113,18.20551799079301,-1.6962571581492396,0.19184892341300802,0.17186183501302602,0.036282315015787756,0.02669706856082795
603.2235168064115,18.466798949834434,-1.613121912632545,0.39640932083658204,0.2287192548361405,0.10884647559501837,0.046134257854166985
603.3235168064114,18.41906556447804,-1.5907369518980385,0.3334131208887561,0.2327349674361867,0.08192707997233813,0.04591795394975163
603.4235168064113,18.81925476026883,-1.7634100364944743,0.6458844498144827,0.07585279394471024,0.1917713361438358,-0.01198106293819011
603.5235168064114,18.793367882426352,-1.463461002613358,0.5864591147460768,0.3237586993705566,0.16262978167460795,0.07973574361831594
603.6235168064113,18.989232636015107,-1.334042471429933,0.7158171924973086,0.4111626628929813,0.2034053901709737,0.10818147795289193
603.7235168064113,19.061831382215708,-1.292385297750861,0.7361577315144106,0.421980810688273,0.2034053901709737,0.10818147795289193
603.8235168064114,19.25194032172202,-1.3768512896491696,0.8530639513281848,0.32716545747719716,0.23846414023709483,0.07003778713712779
603.9235168064113,19.338439037555943,-1.3437845549657947,0.8769103653518726,0.33416923619090355,0.23846414023709483,0.07003778713712779
604.0235168064114,19.127567566612402,-1.6524914301883096,0.6462273977496338,0.05859489308735504,0.14496201095128788,-0.03150449056755774
604.1235168064113,19.192915116442062,-1.6467894633324167,0.6607235988447494,0.055444444030602134,0.14496201095128788,-0.03150449056755774
604.2235168064112,18.849679685093708,-1.4532289323640877,0.33465035972648915,0.20722232697302512,0.021969579975260042,0.024068464094726308
604.3235168064114,18.796598610074916,-1.221209296513551,0.26402746687676576,0.3855168197102006,-0.004563228462645192,0.08771970280011719
604.4235168064113,18.74567403632108,-1.105142435770686,0.19937995201191572,0.4577310584982893,-0.027736180011220204,0.1104679203678793
604.5235168064113,18.69014372129084,-1.3383642771267823,0.13184833145113128,0.23064270560022615,-0.0517449534064436,0.022789705667444926
604.6235168064113,18.472932006841386,-1.2734313489708975,-0.0641353550528348,0.26723930985460687,-0.12053980751610173,0.03507958994455735
604.7235168064112,18.46591577229853,-1.2465320200357386,-0.076189335804434,0.2707472688490594,-0.12053980751610173,0.03507958994455735
604.8235168064114,18.2533915412069,-1.3835154830882064,-0.25896397048864556,0.1367287871052859,-0.18248729221734794,-0.014886809498427703
604.9235168064113,18.226582707696974,-1.3699170384251822,-0.2772126997103638,0.1352401061554445,-0.18248729221734794,-0.014886809498427703
605.0235168064112,18.45787991175008,-1.497206608329412,-0.0785202622344903,0.019209388210869104,-0.10383858508562951,-0.05560062554817267
605.1235168064113,18.44950869260119,-1.4955636726360642,-0.08890412074306742,0.013649325656044252,-0.10383858508562951,-0.05560062554817267
605.2235168064112,18.81054916354077,-1.5270283995699097,0.2084045666422664,-0.018711380473572826,0.007280763112442162,-0.06521404441794142
605.3235168064112,18.957585412309978,-1.2337055799255947,0.3151485240971696,0.22090342868418147,0.045908953544484134,0.02385915209682396
605.4235168064113,18.520681134020318,-1.2917665166208718,-0.06941147659115389,0.15721807586436834,-0.09457410301680749,0.00016826563488477053
605.5235168064112,18.506314419828932,-1.5521664827445307,-0.08484585386417828,-0.07798290169679609,-0.09679003988845097,-0.08643582271607596
605.6235168064113,18.362264336634112,-1.367026172475771,-0.2065220972623469,0.07230235847252622,-0.13716982295274324,-0.029519978818647465
605.7235168064112,18.340926277793134,-1.359943536522618,-0.22023907955760877,0.06935036059066416,-0.13716982295274324,-0.029519978818647465
605.8235168064111,18.42619641551175,-1.2946170319674681,-0.14511034304726136,0.11419240698817355,-0.10530419537606087,-0.012480898293416788
605.9235168064113,18.411158860230124,-1.2832601957601024,-0.15564076258488183,0.11294431715883017,-0.10530419537606087,-0.012480898293416788
606.0235168064112,18.857592959289796,-1.1884956731781664,0.21502982421763517,0.18604614794126167,0.031533731817827794,0.01576502639771634
606.1235168064112,18.879253610370654,-1.1698122332520475,0.21818319739941866,0.18762265058103367,0.031533731817827794,0.01576502639771634
606.2235168064112,18.529343201008594,-1.2296351867262167,-0.08754897147268903,0.12443295600107784,-0.08001645215274261,-0.0074666762566415155
606.3235168064111,18.721473788334926,-0.8577598479204052,0.07359626178209078,0.4230853913151937,-0.01838570624899566,0.10088160270034492
606.4235168064113,18.77271297463396,-0.8119105965458574,0.10827021131363407,0.43567275468368794,-0.005204725589582253,0.10177773105713957
606.5235168064112,18.80728274108848,-0.9678730895061384,0.12818284076564165,0.27544560223557946,0.0023707661882995884,0.039036888445240864
606.6235168064111,18.83861695489686,-1.390294667605651,0.1437618012716751,-0.09063224441618982,0.007902169876731893,-0.09346147368852034
606.7235168064112,18.85303264587343,-1.399825199415726,0.14455201825934935,-0.0999783917850546,0.007902169876731893,-0.09346147368852034
606.8235168064111,19.256291102725587,-1.2915343645378043,0.4681684258768138,-0.01188057427339416,0.12449472564477307,-0.05858926470497599
606.9235168064112,19.3037304189415,-1.2930153682886691,0.48061789844129393,-0.01773950074389309,0.12449472564477307,-0.05858926470497599
607.0235168064112,19.23331888622787,-1.0238248941273638,0.39047774968833915,0.20517346650872842,0.08640295170629185,0.025014207286205598
607.1235168064111,19.272798675955197,-1.0031824764400787,0.39911804485896046,0.2076748872373467,0.08640295170629185,0.025014207286205598
607.2235168064112,19.164510179527365,-0.8794388946374831,0.28430565751804115,0.29485628712237855,0.04181954597530339,0.05538900434067359
607.3235168064111,19.108510765059293,-0.9459348913799619,0.21736261262331433,0.22022221169816886,0.01590427747753188,0.02637554415388408
607.423516806411,18.889026433611217,-0.5730074289177179,0.01858513039503119,0.511583757794875,-0.056428323363092614,0.12990204681926243
607.5235168064112,18.960619957744647,-0.5923356357345282,0.0731333675582959,0.4639759721699716,-0.034112722342195353,0.10759066726211088
607.6235168064111,18.887113298195686,-0.6164992133607939,0.0028549770430506636,0.4162996218889534,-0.05822117130542999,0.0866636849637265
607.7235168064111,18.887107690043464,-0.5744359327470703,-0.002967140087493659,0.42496599038532806,-0.05822117130542999,0.0866636849637265
607.8235168064111,19.246640327265702,-0.9342708500440992,0.29004174349267403,0.10107045865789574,0.04964834278114233,-0.032913197424307615
607.923516806411,19.275892743328846,-0.92432837016544,0.29500657777078376,0.09777913891546797,0.04964834278114233,-0.032913197424307615
608.0235168064112,19.405086404753686,-0.9549183495519245,0.3817656912436847,0.0582157994154196,0.07896239423272272,-0.04682062432070477
608.1235168064111,19.443657785849183,-0.9493308727319909,0.3896619306669498,0.05353373698335338,0.07896239423272272,-0.04682062432070477
608.223516806411,19.388807369938068,-0.8490437807198912,0.319306999833169,0.1272058705084903,0.05070295424713847,-0.018714892313257014
608.3235168064111,19.219706026855988,-0.9213282937462615,0.15523042426485598,0.054612266253193965,-0.010927788932266716,-0.04430822032194584
608.423516806411,18.977143058662218,-1.0282374085374155,-0.06012336666393306,-0.042129012193002136,-0.0882757847322444,-0.07740757814232035
608.5235168064111,19.08739382898824,-1.0195882882381875,0.031375439908921984,-0.03858342658141001,-0.05108017416790763,-0.07325209558075559
608.6235168064111,19.359631042631477,-0.7134709872360807,0.249591961287251,0.209157200073517,0.029437849999848727,0.01809247784280188
608.723516806411,19.38473742801018,-0.6924648048395342,0.2525357462872332,0.21096644785779556,0.029437849999848727,0.01809247784280188
608.8235168064111,19.298279254354348,-1.1477291447171292,0.16260122839577373,-0.1788717809778323,-0.004103980784906192,-0.12225598685780148
608.923516806411,19.314518857289986,-1.166227602749184,0.16219083031728349,-0.19109737966360132,-0.004103980784906192,-0.12225598685780148
609.023516806411,19.314885130049248,-1.1769961811420804,0.1440914140896013,-0.19172907760466815,-0.011778340519877924,-0.11690450265498117
609.1235168064111,19.329235379755627,-1.19675361141585,0.1429135800376119,-0.20341952787018222,-0.011778340519877924,-0.11690450265498117
609.223516806411,19.481287358691414,-1.286609681787392,0.2562074102412897,-0.27186154518853684,0.0295616818140583,-0.13726134908936746
609.323516806411,19.71009168855591,-1.2567301228709002,0.42978121899603905,-0.2374864949582541,0.09172831798248796,-0.11985421401630535
609.423516806411,19.871916374022348,-1.248273077168858,0.5372596010490538,-0.22246992079382555,0.12721651630649244,-0.11017222621313763
609.523516806411,19.581033829901706,-1.2342511475167084,0.25318767975751005,-0.20212184408213973,0.017181472670250178,-0.09862393732107205
609.6235168064111,19.58545274578218,-1.0757328323520117,0.2375063585709915,-0.06468275610650207,0.010908221960734637,-0.04587210190859931
609.723516806411,19.609257922749062,-1.0824304684721984,0.238597180767064,-0.06926996629735782,0.010908221960734637,-0.04587210190859931
609.8235168064109,19.783320946100037,-0.8116240020195801,0.3616593688371719,0.15326970378093055,0.05422538089404896,0.03515142082870043
609.923516806411,19.819758009888275,-0.7961212745373222,0.3670819069265842,0.1567848458638054,0.05422538089404896,0.03515142082870043
610.023516806411,19.93476681005674,-0.3906287528365452,0.44091167028905354,0.48729578489146125,0.07995078108036305,0.1542049603769102
610.123516806411,19.97925773099106,-0.3411281495455031,0.44890674839709166,0.5027162809291558,0.07995078108036305,0.1542049603769102
610.223516806411,20.102964776578606,-0.369485571719106,0.5220339726261803,0.452764585536031,0.10347244814801189,0.13075588696547819
610.3235168064109,20.15169074394736,-0.7214584915069111,0.5290242622918296,0.13442988936709546,0.10224930024437658,0.010823216355426907
610.423516806411,20.102954281230826,-0.2632142725362202,0.4544269815195078,0.5015866492710483,0.07162857301956228,0.14208493135329825
610.523516806411,20.05104885146616,-0.3487583696007193,0.3775954930436239,0.3995902085489083,0.040488001436885745,0.09929980972502099
610.6235168064109,19.763635701946367,-0.5590889400219936,0.1118730478427624,0.20340247552166987,-0.05677604204714452,0.02548461385291359
610.723516806411,19.77453912652042,-0.5386212694005339,0.1061954436380402,0.2059509369069647,-0.05677604204714452,0.02548461385291359
610.8235168064109,19.631238346733845,-0.48771497933772573,-0.026735805583329646,0.2339049402391563,-0.10264725499768494,0.03474958359674676
610.9235168064109,19.628051529900524,-0.46415073739582097,-0.037000531083100474,0.23737989859883177,-0.10264725499768494,0.03474958359674676
611.023516806411,19.74282620153039,-0.4552314474246231,0.05657291775382477,0.22764370408771445,-0.06372552508306056,0.02976538607261357
611.1235168064109,19.748164865680355,-0.4323182500855096,0.05020036524552451,0.2306202426949731,-0.06372552508306056,0.02976538607261357
611.223516806411,19.855228154919196,-0.3847448944302909,0.1288486822412846,0.25365507852192637,-0.033021292144687936,0.03696031825582686
611.3235168064109,20.13678455480088,-0.6479742823615701,0.3514588173478236,0.01682886291122468,0.04929262038414814,-0.050081263715216394
611.4235168064108,19.945621748838988,-0.5803902202813312,0.16826391612361344,0.06627056319613531,-0.018620001010067236,-0.03055742680907401
611.523516806411,19.902283329777262,-0.650732959941241,0.11476056284193167,-0.002222514769892185,-0.03776582851139182,-0.05465058926152512
611.6235168064109,19.90798307259512,-0.8124910045557435,0.10635135006774676,-0.14022708613454332,-0.03943608924546447,-0.10211584531154377
611.7235168064109,19.918421027155667,-0.827024292395759,0.10240774114319942,-0.15043867066570002,-0.03943608924546447,-0.10211584531154377
611.8235168064109,20.285429318915487,-1.116628082040741,0.3955573124751174,-0.3868706362088206,0.06804487185071423,-0.18343971698203398
611.9235168064108,20.325325274522214,-1.1562323442464966,0.4023617996601826,-0.4052146079070073,0.06804487185071423,-0.18343971698203398
612.023516806411,20.187484515491988,-0.9869137242986158,0.26098342582929723,-0.23732711200924883,0.014528096461913225,-0.11304398533022297
612.1235168064109,20.213655498557202,-1.0112116554261692,0.2624362354754872,-0.24863151054226085,0.014528096461913225,-0.11304398533022297
612.2235168064108,20.14068317838754,-0.9130799890507791,0.18142082812081328,-0.1582056473810295,-0.015254277672541434,-0.07655323410373013
612.3235168064109,19.850417751134188,-0.5653587336047089,-0.07920547510001077,0.13724883991585268,-0.1096608689319025,0.033137897241170805
612.4235168064108,19.860600865081306,-0.534543231400727,-0.07468356515315908,0.15449365601835183,-0.1040697186654503,0.03813308462097581
612.5235168064108,19.835946666071365,-0.5608251956186057,-0.09941722502145946,0.12259529463342876,-0.10938128159423759,0.024984519519359687
612.6235168064109,20.101116445619436,-0.400106399292586,0.1181953357456506,0.24700774870555867,-0.02697900733530252,0.0686445513110297
612.7235168064108,20.11280108415731,-0.3750624016654981,0.1154974350121228,0.2538722038366554,-0.02697900733530252,0.0686445513110297
612.8235168064109,20.257709447735404,-0.49005787140496926,0.22206745888460275,0.14557612506337025,0.01205538739983656,0.02751633079783718
612.9235168064108,20.279976470560843,-0.47536267724465653,0.2232729976245853,0.14832775814315147,0.01205538739983656,0.02751633079783718
613.0235168064107,20.072256366300266,-0.7075963521211321,0.028397210807477043,-0.05497724465887889,-0.06016714940229466,-0.047116389965803904
613.1235168064109,20.074795251634004,-0.7133296585368571,0.022380495867239367,-0.05968888365546571,-0.06016714940229466,-0.047116389965803904
613.2235168064108,19.848816603388677,-0.5958054070826084,-0.17294111171403861,0.037468621401607595,-0.12853226439028598,-0.010575821491793383
613.3235168064108,19.860150321508442,-0.4993479759099882,-0.16119738269907252,0.1136729563102637,-0.11957006109511992,0.017384167900087878
613.4235168064108,20.002683074919513,-0.6622112358013132,-0.0409179897247867,-0.028070552330275975,-0.07183286269506228,-0.03406352042335393
613.5235168064107,20.031639918848857,-0.7523682412376771,-0.019381861278408963,-0.10574174407803029,-0.06118525324599323,-0.06140685339576351
613.6235168064109,20.252627551590162,-0.509631406878278,0.15958291786183537,0.09656282841786112,0.005545174419289332,0.013241886089857317
613.7235168064108,20.26861356924843,-0.49990891460605147,0.16013743530376381,0.09788701702684566,0.005545174419289332,0.013241886089857317
613.8235168064107,20.269147288616942,-0.3548456120779959,0.15001283960910972,0.21276350595049784,0.002283728469853391,0.054585892270139276
613.9235168064108,20.28415999122022,-0.33329633202156567,0.15024121245609537,0.21822209517751923,0.002283728469853391,0.054585892270139276
614.0235168064107,19.956703421163688,-0.41176547472259056,-0.1369830868176939,0.13866737390018113,-0.10238027484830502,0.023463149885267875
614.1235168064107,19.942493211107674,-0.3977814215831429,-0.1472211143025267,0.14101368888870847,-0.10238027484830502,0.023463149885267875
614.2235168064108,20.009737324179532,-0.5068767284059043,-0.08895354230243653,0.04183231830583306,-0.07764032692213954,-0.01295493707417323
614.3235168064107,20.114633105282515,-0.18773777191309488,-0.0007689247897359388,0.3029148213218925,-0.04268025592305043,0.08199592985241569
614.4235168064108,20.14908594089991,-0.3815085697298257,0.023812634895284172,0.12634973846912784,-0.03226558654544156,0.015745665736067532
614.5235168064107,19.938155573024122,-0.0638992179820348,-0.16265109109700415,0.38765270566509547,-0.10020004181438591,0.11137423194288479
614.6235168064106,20.02641455928446,-0.14590055818753372,-0.0855939112975917,0.2990759911340032,-0.06880500192285424,0.07566445006830648
614.7235168064108,20.017511143145075,-0.11561463682375003,-0.09247441148988651,0.30664243614084413,-0.06880500192285424,0.07566445006830648
614.8235168064107,20.09915990223983,-0.23690021694967922,-0.021723820613363663,0.19010988838673124,-0.0402621969760912,0.03149509967149149
614.9235168064107,20.096786209193613,-0.21773175261264424,-0.0257500403109737,0.1932593983538811,-0.0402621969760912,0.03149509967149149
615.0235168064107,20.279655767765842,-0.33499038457896985,0.12535168194970342,0.08402257059439859,0.016029464142574387,-0.008765919201322497
615.1235168064106,20.292271083281513,-0.32663195711554416,0.1269546283639594,0.08314597867426714,0.016029464142574387,-0.008765919201322497
615.2235168064108,20.305621954814242,-0.3941206185315695,0.12903538177222598,0.019894635395885228,0.01620201821464103,-0.031139807724967068
615.3235168064107,20.20652297726409,-0.28909708034741227,0.03646811239199126,0.10272657292844324,-0.018116345549767373,-3.720173751802988e-05
615.4235168064106,20.186202646274708,-0.37975863375504204,0.014830144381449036,0.019643356042786334,-0.025273630686625914,-0.029826654590739875
615.5235168064107,20.100085374377418,-0.45905914087759186,-0.06289520210774556,-0.052438535697032974,-0.05315298570623579,-0.05526807693575079
615.6235168064106,20.40491696761675,-0.5099958758560594,0.18996296108607855,-0.09529258750346221,0.03992956198860921,-0.06863576757276457
615.7235168064107,20.424112911535303,-0.5198683134442718,0.19395591728494038,-0.10215616426074023,0.03992956198860921,-0.06863576757276457
615.8235168064107,21.06618116728168,-0.7470458724796238,0.715045752108575,-0.28970249411759225,0.22673960140025398,-0.1340931721120414
615.9235168064106,21.13881944049947,-0.7766865877519157,0.7377197122485798,-0.3031118113287842,0.22673960140025398,-0.1340931721120414
616.0235168064107,21.17418070704336,-0.5406075560161956,0.7295400478931147,-0.09504696036438985,0.21616029320813493,-0.054192534041173926
616.1235168064106,21.248215513298643,-0.5503832147228312,0.7511560772139085,-0.10046621376850232,0.21616029320813493,-0.054192534041173926
616.2235168064105,21.17461849539185,-0.5680053927660881,0.6483550151792252,-0.11189953348972251,0.17122860317983063,-0.05634978591669569
616.3235168064107,21.317879306445352,-0.6033535977891223,0.7306617960096738,-0.13742105588356063,0.19497916646808208,-0.06354644340234152
616.4235168064106,21.159617554459917,-0.5924307679436955,0.5572628622531787,-0.12321229297548163,0.12534361012921733,-0.05617311213567205
616.5235168064106,20.990776217383345,-0.29896882416829573,0.3762062569600967,0.1318941003107452,0.05357052483180848,0.03982191181127708
616.6235168064106,20.83551964443965,-0.3222333254276736,0.22142513417042306,0.10575166672140257,-0.004166119499208587,0.029033634400005386
616.7235168064105,20.857641327259177,-0.31151299058354315,0.22100852222050257,0.10865503016140046,-0.004166119499208587,0.029033634400005386
616.8235168064107,20.619644690256518,-0.3299926476749927,0.006368268098176141,0.08779427137132044,-0.08106377087626779,0.020646794239403146
616.9235168064106,20.619876198211955,-0.32110998656667183,-0.0017381089894432655,0.08985895079525888,-0.08106377087626779,0.020646794239403146
617.0235168064105,20.582012747477204,-0.029156125846634108,-0.04117844253829615,0.3296427137877167,-0.09248432039232156,0.10728783797655564
617.1235168064106,20.577432481621408,0.0043445847220667765,-0.05042687457754093,0.34037149758538693,-0.09248432039232156,0.10728783797655564
617.2235168064105,20.658767478237465,0.014329132231123743,0.012453314583616797,0.33085547024541495,-0.06643596309159552,0.1000260030559834
617.3235168064106,20.758236239004546,0.08261136097070249,0.08862923638264239,0.36975654460920115,-0.036259652877857984,0.11048394998349294
617.4235168064106,20.63850031945597,0.1085777848840794,-0.021630557805636257,0.3712884649518955,-0.074754350870618,0.1070716691644763
617.5235168064105,20.786799448371905,0.10539229569439469,0.10056191256012895,0.3471974125057935,-0.02668048763212833,0.09425942446495006
617.6235168064106,20.781320416403837,0.010231481408569987,0.08512408553751871,0.24948892077827003,-0.03128453750526028,0.055892274501242976
617.7235168064105,20.789676402270057,0.035459834858880004,0.08199563178699552,0.25507814822838926,-0.03128453750526028,0.055892274501242976
617.8235168064105,21.0691884691089,-0.12593502235631732,0.30742228420511547,0.10116382074122021,0.05210853810041055,-0.0027921414452277693
617.9235168064106,21.100191240219957,-0.11583260098940767,0.3126331380151636,0.10088460659669705,0.05210853810041055,-0.0027921414452277693
618.0235168064105,20.929564133505576,-0.19349498782268265,0.14879572700051977,0.01996220409081665,-0.009270594892810095,-0.03409517548633598
618.1235168064105,20.944397353231167,-0.1916692432910323,0.14786866751123856,0.016552686542182275,-0.009270594892810095,-0.03409517548633598
618.2235168064105,21.036000876524955,-0.025598721862236707,0.210783341684533,0.14865097236717845,0.013785055713911297,0.014511615254239635
618.3235168064105,20.966979689025962,0.053171943496793994,0.13639033723235125,0.20326812574202283,-0.013823226054256668,0.033751631872078594
618.4235168064106,20.501245241626606,0.04795184107423249,-0.2629910257589936,0.18547653975872444,-0.157500453244149,0.026161962923343284
618.5235168064105,20.353587226274612,0.30510762427897536,-0.3823917033741462,0.39124201956195237,-0.19592851533034966,0.10095884559593546
618.6235168064104,20.571872222912962,0.3550271172184318,-0.18848599557211526,0.40979552497435845,-0.11895317597413413,0.10398770191181703
618.7235168064105,20.552428857475853,0.396526608225484,-0.2003813131695449,0.42019429516555434,-0.11895317597413413,0.10398770191181703
618.8235168064105,20.837328823224723,0.38285572507671434,0.04039320347768711,0.3847367219458997,-0.027980694024718818,0.08764933412971672
618.9235168064105,20.841228240102367,0.42176764394196187,0.03759513407521459,0.3935016553588734,-0.027980694024718818,0.08764933412971672
619.0235168064105,20.91113631219976,0.5400011201976146,0.09390684146499796,0.4681190973814399,-0.005484512499455585,0.11163039628438008
619.1235168064104,20.920499573783754,0.5873711819171369,0.0933583902150529,0.47928213700986777,-0.005484512499455585,0.11163039628438008
619.2235168064105,21.102226616876333,0.3933881048379491,0.23601932029377026,0.2908136421002852,0.04623378006711847,0.04002235613516947
619.3235168064105,20.99486738103688,0.2396455571838056,0.13039746510407194,0.1423766657398012,0.006064573187951061,-0.015143227531485677
619.4235168064104,20.89571944999123,-0.0009452412357929081,0.03782167802019723,-0.06882641385779345,-0.02757411721222107,-0.0903304106884793
619.5235168064105,20.939423372545217,0.03689040065558567,0.0695019947626007,-0.039380994915508505,-0.014806465551439604,-0.07616314999655915
619.6235168064104,20.872049823201365,0.24415086579325504,0.006460288082917553,0.12689693659897996,-0.03700185417126807,-0.013887872348698135
619.7235168064104,20.872510842738798,0.2567711200914124,0.0027601026657899045,0.12550814936410984,-0.03700185417126807,-0.013887872348698135
619.8235168064105,20.38664521340376,-0.04058848091329917,-0.4076498127165546,-0.1299059392271753,-0.18475002019099135,-0.10473842661214397
619.9235168064104,20.34495648203119,-0.054102766969064645,-0.4261248147356369,-0.14037978188838018,-0.18475002019099135,-0.10473842661214397
620.0235168064105,20.187053161875617,0.25718866469349655,-0.5439882166186556,0.11898748413069224,-0.22189135656400322,-0.007497837174602194
620.1235168064104,20.131544883430983,0.269049923920682,-0.5661773522750357,0.1182377004132327,-0.22189135656400322,-0.007497837174602194
620.2235168064103,19.940044551195665,0.2518264732380044,-0.6994772711691168,0.09360343394392408,-0.26201763838628855,-0.01606522610839719
620.3235168064105,20.18184805835931,0.2507959453685589,-0.46260331465151383,0.08340934264213261,-0.16616276349069614,-0.019172945132781383
620.4235168064104,20.34850849204339,0.19646194954514326,-0.3017271049660045,0.029982784817007186,-0.10208816618573421,-0.037642397063305154
620.5235168064104,20.722501534608423,0.12303441606946378,0.03594873193813515,-0.03872521494564935,0.026888693568557026,-0.061553831636440695
620.6235168064104,21.134948436991902,0.3072363834140784,0.3775087654855105,0.1099482455727898,0.14906620587984992,-0.006106285662484438
620.7235168064103,21.17344464456982,0.31820067654303497,0.3924153860734819,0.10933761700654192,0.14906620587984992,-0.006106285662484438
620.8235168064105,21.05960834513169,-0.1771033799240243,0.27859201842734466,-0.31090970445604293,0.10230391751696877,-0.15743991728728057
620.9235168064104,21.08797906656198,-0.2089815499560353,0.2888224101790322,-0.32665369618475665,0.10230391751696877,-0.15743991728728057
621.0235168064103,21.19533147484116,-0.4046904113709582,0.3655214126755892,-0.48863552917843395,0.12679670958321493,-0.21347127282831058
621.1235168064104,21.23251759965669,-0.4546213206530127,0.37820108363392796,-0.5099826564612941,0.12679670958321493,-0.21347127282831058
621.2235168064103,21.43354080249331,-0.16881723788585062,0.5259092155731524,-0.2531526787431709,0.17556056419270377,-0.11368885443636757
621.3235168064103,21.0217749988743,-0.09446428922515854,0.15251340473255098,-0.18103526943674297,0.033112442124860586,-0.0834763512463112
621.4235168064104,21.25071214298494,-0.011311028598158877,0.333125039673147,-0.10569418965996995,0.0971176932299905,-0.0534684536834807
621.5235168064103,20.974475860758545,-0.1633841122870654,0.07631210940556356,-0.23135460523624868,-0.0016952853020013176,-0.09776632094266677
621.6235168064104,20.931817987190982,-0.22625175935877886,0.03445450873935827,-0.27338482284689075,-0.016725613889556325,-0.10931702508288214
621.7235168064103,20.935179809995468,-0.2541368267688565,0.03278194735040416,-0.28431652535516905,-0.016725613889556325,-0.10931702508288214
621.8235168064102,21.061016092917814,0.256737633977572,0.13465472872152218,0.15185523219851596,0.02113274926240946,0.05180800113970846
621.9235168064104,21.074587229536295,0.27218219720314357,0.136768003647766,0.15703603231249388,0.02113274926240946,0.05180800113970846
622.0235168064103,21.456484536828068,0.32873167915499424,0.44601308354181995,0.19254661065548745,0.13245026756241804,0.06181684248829268
622.1235168064103,21.50174809652007,0.34829542443298894,0.4592581102980648,0.19872829490431812,0.13245026756241804,0.06181684248829268
622.2235168064103,21.54746162293323,0.25709587549718405,0.47177675525070256,0.11320666160352373,0.13218794377967807,0.028922766609420072
622.3235168064102,21.883690873247247,0.27062997101420366,0.727339680375494,0.11782203778911282,0.22048900897475646,0.02954633183100663
622.4235168064104,21.745683224518288,0.008201990560692847,0.5734800365765986,-0.10504923501744264,0.15698621279594316,-0.05142707852610752
622.5235168064103,22.003481775257768,-0.06586156592548643,0.7608235549296838,-0.1641159550676451,0.220622879700379,-0.07128118750386848
622.6235168064102,22.23075243249403,-0.0018285392848066684,0.9073227253340348,-0.10483479579093762,0.2654876848009194,-0.04749859371233091
622.7235168064103,22.322812143451564,-0.012549511832477035,0.9338714938141629,-0.10958465516217719,0.2654876848009194,-0.04749859371233091
622.8235168064102,22.031864430321523,0.2826025067857741,0.636998714974691,0.13895689202473133,0.14782129291097434,0.04366734000731533
622.9235168064102,22.09630340828356,0.29671653268828707,0.6517808442657917,0.14332362602546386,0.14782129291097434,0.04366734000731533
623.0235168064103,21.853840660978804,0.32456402026977754,0.4024815545192688,0.15854041615250827,0.05019283316321474,0.04753206854751206
623.1235168064102,21.89433978059651,0.3406557222277511,0.4075008378355857,0.16329362300725517,0.05019283316321474,0.04753206854751206
623.2235168064103,21.904611895589557,0.5444868811086141,0.3869969421109019,0.3222263687565609,0.04097545348720864,0.10283643034033767
623.3235168064102,21.936723718738712,0.4780383942851709,0.38538631774441223,0.24989938198258513,0.038895611633338496,0.07294081784395415
623.4235168064101,21.744812117878794,0.5843904788221773,0.19775587568977435,0.32386302101087533,-0.03024290434669915,0.09684623026056662
623.5235168064103,21.69974581746898,0.7497387914721589,0.13911948634387933,0.44640016196959337,-0.05086087012726287,0.1383970366293367
623.6235168064102,21.682220357982708,0.4780238976963326,0.10817922753437237,0.1996632874991642,-0.06018240210401243,0.045078947750151116
623.7235168064102,21.692737368725627,0.4982156211850044,0.10216098732396976,0.20417118227418035,-0.06018240210401243,0.045078947750151116
623.8235168064102,21.724245532851707,0.6470657345109904,0.11427360778087506,0.31702857209200297,-0.0535799905826444,0.08470785364568759
623.9235168064101,21.735404993676873,0.6791921309883895,0.10891560872261549,0.325499357456564,-0.0535799905826444,0.08470785364568759
624.0235168064103,21.738625002182303,0.6652540391986902,0.09790029301391336,0.29361517764727113,-0.055483864362002734,0.069742352434991
624.1235168064102,21.748137612161877,0.6949642687255649,0.09235190657771813,0.3005894128907639,-0.055483864362002734,0.069742352434991
624.2235168064101,21.66147394884226,0.918407307679022,0.007381205011444,0.46649481021760447,-0.08416624879871712,0.12675112643336245
624.3235168064102,21.6512593214934,0.8291206671259018,-0.009885735602033907,0.3654219894134834,-0.08739097020699235,0.08558736641224222
624.4235168064101,21.737577511534315,0.6563494059854216,0.0542347495019131,0.20134112559816078,-0.06108873911685328,0.023684737701890488
624.5235168064102,21.773566176931684,0.575651491943391,0.07466417960924611,0.11771395124146504,-0.05124976783450941,-0.007977723972290164
624.6235168064102,21.838924343582562,0.63561867931377,0.11775019326615788,0.1565604360694587,-0.03386764890403575,0.0062197389992260845
624.7235168064101,21.85053002466465,0.6513058216156977,0.11436342837575739,0.15718240996938077,-0.03386764890403575,0.0062197389992260845
624.8235168064102,21.79050348850128,0.9354400436486167,0.05245592465725823,0.38121616592295265,-0.054818711908916296,0.08703710735820033
624.9235168064101,21.795474987407456,0.9739968457776674,0.04697405346637158,0.38991987665876476,-0.054818711908916296,0.08703710735820033
625.02351680641,21.996841651792806,0.8499983014764453,0.20688786996428793,0.257095533492798,0.005431790017705763,0.03429693420241224
625.1235168064102,22.01755759773935,0.8758793394967728,0.20743104896605924,0.2605252269130439,0.005431790017705763,0.03429693420241224
625.2235168064101,21.755429332368717,0.9749652872952103,-0.026998780105780197,0.3239440918058589,-0.079425798668551,0.055815112727000266
625.3235168064101,21.526167002690553,1.01946191234444,-0.22499551521678657,0.3393729999134712,-0.14867436805247888,0.059378745646381736
625.4235168064101,21.433051131208988,1.156901625442918,-0.29788321708053606,0.430260054242558,-0.16961962157958754,0.08983860259867654
625.52351680641,21.368771988646753,0.986417350158329,-0.3437665418557987,0.2569804024262237,-0.18034210241461496,0.022731585076122426
625.6235168064102,21.349142318764954,1.0437533715681746,-0.34882628851759007,0.2851629781330859,-0.1756642547508064,0.0320103058050818
625.7235168064101,21.313381368639476,1.0724297209104825,-0.3663927139926547,0.28836400871359114,-0.1756642547508064,0.0320103058050818
625.82351680641,21.619745406725542,0.8068412360610348,-0.09723438554980766,0.04873379035593251,-0.07179372805006157,-0.05519318998832984
625.9235168064101,21.609662999530297,0.8114386491466923,-0.10441375835482361,0.043214471357092,-0.07179372805006157,-0.05519318998832984
626.02351680641,21.717805217573,0.838677657498411,-0.007889627483741174,0.06612533357367738,-0.032948101488585575,-0.04235886028623001
626.1235168064101,21.716851514317185,0.845078396554349,-0.011184437632600481,0.06188944754505341,-0.032948101488585575,-0.04235886028623001
626.2235168064101,21.820870478899558,0.778948142176332,0.07298378265944819,-0.001714380744810091,-0.0013619124056120716,-0.0636542032432296
626.32351680641,21.93153429377679,0.41445666913373386,0.15971468797399807,-0.31125389236582945,0.03028918280590589,-0.17336859681964095
626.4235168064101,21.96960342581068,0.6111100862746258,0.18096704437115158,-0.14039093011124443,0.0368678244426178,-0.105886607346277
626.52351680641,21.70075355851706,0.8833599597954069,-0.06218164051694126,0.09334952402858808,-0.054645449081058395,-0.015927854733765442
626.62351680641,21.663641204152242,1.1527163580776127,-0.09303428167020684,0.3055303214967148,-0.06379894093677288,0.060629072814610455
626.7235168064101,21.654018781280524,1.1835725355913997,-0.09941417576389283,0.3115932287781841,-0.06379894093677288,0.060629072814610455
626.82351680641,21.767406507724157,1.335361144278061,-0.001982254780909962,0.4153501266431209,-0.025998522496444965,0.09530927813514879
626.92351680641,21.767078289633584,1.3773727033330585,-0.00458210703055505,0.42488105445663793,-0.025998522496444965,0.09530927813514879
627.02351680641,21.846933590787746,1.1019112693539503,0.058257854910543215,0.1620904803326265,-0.00275329141460039,-0.0052479298550258124
627.12351680641,21.85274560982172,1.1180940777379231,0.05798252576908343,0.1615656873471244,-0.00275329141460039,-0.0052479298550258124
627.2235168064101,21.775476891033385,1.1354224971179998,-0.011276058398203856,0.16202731393394118,-0.02766573871742818,-0.004894100123154386
627.32351680641,21.80961036426635,1.2552269205176598,0.01570465374026308,0.2478472869078691,-0.01682694912813889,0.026340038565242398
627.4235168064099,21.913017796938625,1.0820759277348728,0.09865398759940885,0.08745062040994474,0.013725122589477556,-0.03211715797983658
627.52351680641,22.026102701885378,1.4048790160625861,0.18870136853256947,0.35190916384644894,0.046600979529164456,0.06643549565939824
627.62351680641,21.934011848222934,1.4006758184257817,0.10116959612548193,0.3259022088369174,0.013361876984637755,0.05474264624925468
627.72351680641,21.944195617220405,1.4335397525407274,0.10250578382394601,0.3313764734618441,0.013361876984637755,0.05474264624925468
627.82351680641,22.31557567772437,1.3347117296349196,0.40279250703636454,0.22785869526482588,0.12109502056071077,0.015606417056410799
627.9235168064099,22.35646040353077,1.3575756312466634,0.4149020090924246,0.22941933697046554,0.12109502056071077,0.015606417056410799
628.02351680641,22.01486110472298,1.6448504121388834,0.10337731264804177,0.44429303533763004,0.0028084985290601425,0.09092741031112966
628.12351680641,22.025212878480417,1.6897343527241608,0.10365816250094753,0.4533857763687347,0.0028084985290601425,0.09092741031112966
628.2235168064099,21.976890483419776,1.3970612707462766,0.05518144123801013,0.1838102224455264,-0.014799693786345384,-0.009031198430634421
628.32351680641,22.202473608803803,1.2144720905335777,0.23869149302630763,0.015558275169689308,0.05260369605091807,-0.0695923599698026
628.4235168064099,22.07586560129058,1.0857184317828543,0.1187820342355537,-0.09837319420126431,0.0074175220985504345,-0.10794892721947072
628.5235168064099,21.79855704148486,1.010538786066395,-0.12911090138264114,-0.16437081255880076,-0.08476280530977534,-0.12827384159383876
628.62351680641,21.970595697758576,0.716601528420897,0.01610758540357344,-0.4047447259658854,-0.029349284448721688,-0.20976315806502985
628.7235168064099,21.97205970987669,0.6750782400340221,0.01317265695870394,-0.4257210417723693,-0.029349284448721688,-0.20976315806502985
628.82351680641,21.6170327881978,0.7552714110760227,-0.2863369125246334,-0.34362930170178774,-0.13667508804463896,-0.17247875979722233
628.9235168064099,21.58771572150514,0.7200460871068906,-0.30000442132908484,-0.3608771776814943,-0.13667508804463896,-0.17247875979722233
629.0235168064098,21.75506192279671,1.2892972930394575,-0.14911438496945045,0.12927883780650648,-0.07722034765687155,0.011887665798855113
629.12351680641,21.739764382561457,1.3022846151491203,-0.15683641973514814,0.13046760438639363,-0.07722034765687155,0.011887665798855113
629.2235168064099,21.468493452196302,1.1330869269488786,-0.3765262956126532,-0.018439262912947677,-0.1537699055113967,-0.0419517949953499
629.3235168064099,21.644830232460816,1.1092942111772524,-0.2114348612059314,-0.0407407030733615,-0.08801401487459548,-0.048504193321500494
629.4235168064099,21.74636484234985,1.5076258405676435,-0.11800286876987273,0.2858314244204958,-0.05110786919418316,0.07033254406758979
629.5235168064098,21.451388880164483,1.6731942248423266,-0.3663292808220152,0.409257356203786,-0.14127910053524798,0.11318679037959836
629.62351680641,21.411517273726137,1.5850402332874154,-0.3825567277405616,0.3140220103875947,-0.14203607314985398,0.07502749750298249
629.7235168064099,21.37255142058637,1.6168175718136606,-0.3967603350555341,0.3215247601378861,-0.14203607314985398,0.07502749750298249
629.8235168064098,21.44932417926899,1.550326512843697,-0.3177759761276161,0.249704198488799,-0.10949058750941022,0.04716206325387076
629.9235168064099,21.416999128718636,1.575532743008881,-0.3287250348785721,0.2544204048141925,-0.10949058750941022,0.04716206325387076
630.0235168064098,21.799103180636116,1.5162598227271145,0.016479298632417264,0.19340606374182934,0.02226368299323489,0.0247715143538322
630.1235168064098,21.800862428914325,1.5357242866730711,0.01870566693174126,0.19588321517721313,0.02226368299323489,0.0247715143538322
630.2235168064099,21.895605831914235,1.309937676173131,0.09797892887455424,-0.0037653096572929923,0.0500882134103853,-0.04773117704218358
630.3235168064098,21.873554650827558,1.318116141365122,0.07601347253781418,-0.0012142665158265962,0.040259803518734705,-0.04508066735580812
630.4235168064099,21.89378310011375,1.0831347544379053,0.09035744295431046,-0.19885166660787168,0.04398458687806133,-0.11433021024300408
630.5235168064098,21.774037975182903,1.3506925674190964,-0.01614114780699566,0.03506344865895554,0.0028699442827925734,-0.02399626740571005
630.6235168064097,21.726589527076907,1.2617365594932837,-0.053867679450044365,-0.04323113096721792,-0.010835553677385788,-0.0511758858103895
630.7235168064099,21.721148581363508,1.2571575669675035,-0.054951234817784425,-0.048348719548263856,-0.010835553677385788,-0.0511758858103895
630.8235168064098,21.970973133168435,1.0996195764640988,0.15929873685844687,-0.1820856177343037,0.06782129432793106,-0.09816181277558997
630.9235168064098,21.987242113325923,1.0809202056267861,0.16608086629124152,-0.19190179901186494,0.06782129432793106,-0.09816181277558997
631.0235168064098,22.24302709481147,1.221258650575531,0.3817567608092847,-0.07074220182836642,0.14624651270778447,-0.05139462988085604
631.1235168064097,22.281934003455902,1.213927457243297,0.39638141208004984,-0.07588166481644736,0.14624651270778447,-0.05139462988085604
631.2235168064099,22.479104567255824,1.2356261337715266,0.5412437404162487,-0.05669691899366806,0.19328023510200937,-0.04266951074996409
631.3235168064098,22.59483414615474,1.157735766912349,0.6115285440043716,-0.12093818397315412,0.2118469647600698,-0.06437336232926609
631.4235168064097,22.510088692068862,0.846522654291374,0.5106843889053574,-0.3733177578610061,0.16779468007499038,-0.15255979801081382
631.5235168064098,22.617216041217137,1.0050544049960746,0.5749343256260718,-0.22107564082443676,0.18539416865172176,-0.09088921133418872
631.6235168064097,22.657239160010498,1.0982804749192265,0.5782204001532457,-0.1349998965652988,0.1798946879693236,-0.05680869355750428
631.7235168064097,22.715960673465684,1.0844964417949061,0.5962098689501821,-0.1406807659210505,0.1798946879693236,-0.05680869355750428
631.8235168064098,22.659128949347508,1.2528729680645043,0.5167581071180501,0.004016817123205071,0.14470452697514025,-0.002872927871985089
631.9235168064097,22.71152828269414,1.2532602851374646,0.5312285598155511,0.003729524336006823,0.14470452697514025,-0.002872927871985089
632.0235168064098,22.697575636687024,1.404976989277876,0.4889626733529362,0.12450611216812998,0.12409320063309756,0.039553389400533885
632.1235168064097,22.747092370025435,1.41762536744168,0.5013719934162346,0.12846145110817977,0.12409320063309756,0.039553389400533885
632.2235168064096,22.6090240186284,1.6031548665751205,0.3569440995175618,0.27442875675804507,0.06745338526793732,0.09049323032977684
632.3235168064098,22.489775889534744,2.1008661119547702,0.23320271266357714,0.6747839022952395,0.01990894171390848,0.23210124450852054
632.4235168064097,22.448024478336503,1.7284446883986153,0.18107750072332596,0.33495421417758714,0.00037308538395918606,0.10192764201478954
632.5235168064097,22.403802477935074,1.8543875639281588,0.12753070194730604,0.4234651239950455,-0.019493010530791527,0.1307633486810195
632.6235168064097,22.429052906125474,1.7286440378665977,0.13602387388354428,0.2978531542557129,-0.015728053499818696,0.08109607762936183
632.7235168064096,22.442576653246316,1.7588348336802881,0.13445106853356384,0.3059627620186417,-0.015728053499818696,0.08109607762936183
632.8235168064098,22.35107898335472,1.8083132372559976,0.04531021181487699,0.3276203270285599,-0.04748695545183415,0.08550725631459125
632.9235168064097,22.35537256975895,1.841502806240396,0.040561516269697895,0.3361710526600113,-0.04748695545183415,0.08550725631459125
633.0235168064096,22.335225558220525,1.6566157223849516,0.016017865779337764,0.17249239006193964,-0.054604935841377274,0.025988178957000257
633.1235168064097,22.336554320119255,1.6739949022859546,0.010557372195192587,0.1750912079576432,-0.054604935841377274,0.025988178957000257
633.2235168064096,22.122936418232346,1.6421450473096935,-0.17298236925277738,0.13694448586159683,-0.11891604839289252,0.011372711163382945
633.3235168064097,22.210374578983302,1.7443999942550918,-0.0963608908634687,0.21179571035737957,-0.08666521768904324,0.03804874293956718
633.4235168064097,22.36303466526582,1.7027316098904408,0.03009796938569241,0.16371340515857652,-0.03788509954475807,0.01944378325201947
633.5235168064096,22.343441707605283,1.701539153693004,0.007041577241943235,0.15061307113951955,-0.04502859068104368,0.013904518901149472
633.6235168064097,22.457050689734807,1.5772952436494858,0.09633571904424328,0.03745329933180798,-0.011210770106122071,-0.0271183851247676
633.7235168064096,22.46662820778869,1.5809049816570395,0.09521464203363209,0.034741460819333686,-0.011210770106122071,-0.0271183851247676
633.8235168064095,21.97683179060054,1.4188640190316861,-0.32078309352875584,-0.10488883370137936,-0.16112802813695593,-0.07644749619789931
633.9235168064097,21.943947841106933,1.4079928981805434,-0.3368958963424734,-0.11253358332117971,-0.16112802813695593,-0.07644749619789931
634.0235168064096,22.137850568867147,1.2024075691987044,-0.16428522877018933,-0.2816929087647335,-0.09324477497601352,-0.13490490726041404
634.1235168064096,22.120955822115246,1.1735637537859223,-0.17360970626779282,-0.295183399490778,-0.09324477497601352,-0.13490490726041404
634.2235168064096,22.214209081977604,1.1020768884481933,-0.090671744040753,-0.3426723382830165,-0.059925338732966425,-0.1471001861263982
634.3235168064095,22.168369763561227,1.0044551826719477,-0.12731333315673996,-0.40953718557012864,-0.07109269903508444,-0.16597427716639998
634.4235168064097,22.292869124598194,0.9064959620438222,-0.020175450742492954,-0.47237316504429755,-0.029849599445078916,-0.1825538330387521
634.5235168064096,22.14517660022945,1.2027863202331117,-0.14826331857994618,-0.19721352022725763,-0.07623100788830589,-0.07452229557303157
634.6235168064095,21.907663301112322,1.3173805706238269,-0.34020202511937603,-0.09396731864729671,-0.14268464741398934,-0.034878801481367516
634.7235168064096,21.872929675363263,1.307809444751677,-0.35447048986079444,-0.09745519879543822,-0.14268464741398934,-0.034878801481367516
634.8235168064095,21.983916772347165,1.4066985242178365,-0.24636966331014407,-0.012117942393400952,-0.09844097944562404,-0.0032148739751656046
634.9235168064096,21.958787601118917,1.4054706556086203,-0.2562137612547087,-0.012439429790917585,-0.09844097944562404,-0.0032148739751656046
635.0235168064096,22.103963678895315,1.4676902984618607,-0.12520063856551017,0.04115381473353073,-0.04796813779913288,0.016592036054126808
635.1235168064095,22.091203774349783,1.4718886401154805,-0.1299974523454191,0.042813018338941904,-0.04796813779913288,0.016592036054126808
635.2235168064096,21.794893648530344,1.6297361022224197,-0.36991014474228606,0.17083901856564657,-0.13287732241083028,0.06191993811592944
635.3235168064095,21.697716503336142,1.8895824987791707,-0.4332159551809251,0.3789680451233878,-0.15110202449148813,0.1349980794360114
635.4235168064095,21.592103492164526,1.8651370899264184,-0.4994236087268432,0.3405979549949596,-0.16954814959505918,0.11639931627213962
635.5235168064096,21.96149776374066,2.079457388522879,-0.15516198127781777,0.5052988148086148,-0.03562858182532447,0.17275432816027145
635.6235168064095,22.108084410341235,2.4156195736697543,-0.024176317136308433,0.7566216733177163,0.012881900859105677,0.25657175576345626
635.7235168064095,22.1057311881319,2.492564599780361,-0.022888127050397573,0.7822788488940678,0.012881900859105677,0.25657175576345626
635.8235168064095,22.163227356070866,2.6474370753156062,0.028583030363716646,0.8681690147093105,0.03116629241218352,0.2776924025281232
635.9235168064095,22.166241490569295,2.735642438799096,0.031699659604932165,0.8959382549620976,0.03116629241218352,0.2776924025281232
636.0235168064096,21.98190461246149,2.583669583829273,-0.12967287826912316,0.7227339044727422,-0.030683411067435343,0.20533060115719115
636.1235168064095,21.968783907579255,2.6569696272822654,-0.13274121937586392,0.7432669645884427,-0.030683411067435343,0.20533060115719115
636.2235168064094,21.902477077910184,2.5286115066078065,-0.17973063009493778,0.5960789588094726,-0.0465449608274706,0.1451688794720299
636.3235168064095,22.040241973844484,2.8783823737921503,-0.05331783349076419,0.8516656618712583,0.001211019566309715,0.23240861840140947
636.4235168064095,22.24569479304623,2.747392832397577,0.12182704406117474,0.69603044461446,0.06439441504753089,0.16826980274022407
636.5235168064095,22.27336808430478,2.7510457879983314,0.14130636380889772,0.6559604722466937,0.06922889834630949,0.14732109636218968
636.6235168064095,22.094853558317755,2.6910166958535875,-0.011781450859697375,0.5668375636399019,0.011538212666140447,0.11012837592515266
636.7235168064094,22.093733104295115,2.7482510940971507,-0.01062762959308438,0.5778504012324072,0.011538212666140447,0.11012837592515266
636.8235168064095,22.19856322119572,2.6725084810360245,0.07963432378619202,0.479934700912799,0.04405206622614546,0.07144112636422123
636.9235168064095,22.206746913905462,2.720859156759081,0.08403953040880256,0.4870788135492146,0.04405206622614546,0.07144112636422123
637.0235168064094,22.406956427397326,2.5112582209871377,0.2522115845763073,0.27072217071450355,0.10451345711581302,-0.011710144779368367
637.1235168064095,22.432700153140573,2.5382718873347283,0.2626629302879029,0.2695511562365651,0.10451345711581302,-0.011710144779368367
637.2235168064094,22.594491557597657,2.298262776429297,0.3852461912221698,0.04862960729520363,0.14500850809456733,-0.09053489123582549
637.3235168064094,22.39407133068997,2.371332772960014,0.19834455613715557,0.09676222913983527,0.07162503483850526,-0.06984005066077015
637.4235168064095,22.456647631979735,2.1842313982344366,0.24070114780336702,-0.0719033540127142,0.08433006296776127,-0.1278135090742847
637.5235168064094,22.832840850580407,2.371874783510119,0.5514784484836786,0.08183073969655467,0.19642301463826417,-0.06650472196499585
637.6235168064095,22.90145831803725,2.4130390403437745,0.5814742467485556,0.10256035470645096,0.20015589195727163,-0.0566993226088794
637.7235168064094,22.960606522171837,2.4230115792013662,0.6014898359442646,0.09689042244556817,0.20015589195727163,-0.0566993226088794
637.8235168064093,22.88685227274825,2.1804490034685307,0.5096993514001789,-0.11753207769302977,0.15983458809576268,-0.13194839341647033
637.9235168064095,22.93862138082882,2.1680360537321275,0.5256828102097769,-0.1307269170346948,0.15983458809576268,-0.13194839341647033
638.0235168064094,23.062678453756444,2.036140703383947,0.588302225285725,-0.24745877226205806,0.17325703077974014,-0.17085524980553812
638.1235168064094,23.12237496143893,2.0105405499087077,0.6056279283637029,-0.26454429724261574,0.17325703077974014,-0.17085524980553812
638.2235168064094,22.89001708378448,2.0460431925851856,0.37893679299560556,-0.2299155700083496,0.08513337487924533,-0.15230529346994978
638.3235168064093,22.705878359123954,1.811110639761279,0.2005113008266153,-0.42103575172231256,0.017019912695688005,-0.21595725813248517
638.4235168064095,22.57440898386589,1.7132573956795718,0.076324838587092,-0.48763063760215053,-0.02842568415268462,-0.2320924107308014
638.5235168064094,22.52029649454977,1.6258934024882896,0.02052465955196383,-0.542733914303962,-0.04805950889510592,-0.2438353733425909
638.6235168064093,22.6086596149816,1.7814663028116364,0.08747882591166033,-0.3936455822852518,-0.022186925048613027,-0.18171135805969085
638.7235168064094,22.617296562947534,1.7411931877927567,0.085260133406796,-0.4118167180912457,-0.022186925048613027,-0.18171135805969085
638.8235168064093,22.73446112516614,2.180782267316965,0.17492478282564072,-0.030688254032683604,0.011425437226917703,-0.037712925669426356
638.9235168064093,22.75201073063484,2.1775248772853484,0.17606732654833276,-0.0344595465996271,0.011425437226917703,-0.037712925669426356
639.0235168064094,22.970439370049107,2.5917293513041497,0.349236513816111,0.31286527546343446,0.07504999723688309,0.09023518976500818
639.1235168064093,23.00573827141687,2.623467054799289,0.35674151353979244,0.3218887944399271,0.07504999723688309,0.09023518976500818
639.2235168064094,23.17526646285324,2.50010110336585,0.47511281189609383,0.2024684229814915,0.1150879864751544,0.044162231980685696
639.3235168064093,23.111504602888626,2.497552454248138,0.3926315711232408,0.18771455606060825,0.08084155940893539,0.037224848897552454
639.4235168064092,23.26590399923915,2.6405542027241586,0.49598554255158034,0.2935386576344175,0.11523386073424496,0.0738349803599046
639.5235168064094,23.220659388724222,2.4161969238198546,0.4254805749075512,0.08448130082692601,0.08482217293437867,-0.005855683301347184
639.6235168064093,23.019270763996335,2.678219911973476,0.23136121759917005,0.29232956072871996,0.011775661484105235,0.06878896299694148
639.7235168064093,23.042465764063678,2.7077968128613397,0.23253878374758086,0.2992084570284157,0.011775661484105235,0.06878896299694148
639.8235168064093,22.63257223080834,2.482825085470205,-0.12784528180323573,0.0955176916334543,-0.11930252189548698,-0.006875969192516037
639.9235168064092,22.61919119001855,2.4923424747875793,-0.1397755339927736,0.09483009471420333,-0.11930252189548698,-0.006875969192516037
640.0235168064094,22.678640850566996,2.492152746003083,-0.08948830290221367,0.07661153842049706,-0.09662348949573328,-0.01587411487564004
640.1235168064093,22.669208902829308,2.4997345292707474,-0.09915065185177821,0.0750241269329345,-0.09662348949573328,-0.01587411487564004
640.2235168064092,22.798302781266713,2.589664969658904,0.007047867343550089,0.1413672486277802,-0.054781773400430875,0.008492638396793453
640.3235168064093,22.281865623842,2.327995210372329,-0.43277151075460024,-0.08753581905268416,-0.21303933287533888,-0.07465146411438205
640.4235168064092,22.37213536190487,2.598479578442531,-0.34229786618779867,0.13514896116484046,-0.1726877470208961,0.007872391467744502
640.5235168064092,22.401780543709464,2.773109683095272,-0.3039135071403588,0.2731502670572815,-0.1520545677362722,0.058392798303731154
640.6235168064093,22.594641221775944,2.7259287440760467,-0.13338849354855714,0.2175223535198621,-0.08509080915306537,0.03638007154623894
640.7235168064092,22.580876918375335,2.7478628797857443,-0.14189757446385592,0.2211603606744827,-0.08509080915306537,0.03638007154623894
640.8235168064093,23.055063648007657,3.0447988627553424,0.25619922266671674,0.44934192169115855,0.061951767706519514,0.11651834957185146
640.9235168064092,23.08099332911284,3.0903156466722757,0.26239439943736304,0.4609937566483331,0.061951767706519514,0.11651834957185146
641.0235168064091,22.607845884531457,3.0766341107417845,-0.1538009338501884,0.4209551666236312,-0.0926842111608352,0.09741300472954556
641.1235168064093,22.59200237009061,3.1192166924278544,-0.16306935496628455,0.43069646709659903,-0.0926842111608352,0.09741300472954556
641.2235168064092,22.745987530291533,3.1492786939690314,-0.030509759062548585,0.4293272141195462,-0.04146478118831535,0.09342763759118768
641.3235168064092,22.681160619162593,2.947237851994894,-0.08639436517997875,0.23424442548821056,-0.06031620457289779,0.01944893638977556
641.4235168064092,22.6622406951156,2.7118064625084015,-0.1007121509710762,0.023043243248609114,-0.06330750138116266,-0.05697792257706927
641.5235168064091,22.481489700388632,2.839687938544906,-0.2534976675457946,0.1245622864497843,-0.11760502695400996,-0.017502100050143077
641.6235168064093,22.693530104842328,3.0089894372163504,-0.06794845990819247,0.2517930176601355,-0.04646645834506581,0.028688754946429584
641.7235168064092,22.68650292655979,3.034312182757073,-0.07259510574269483,0.25466189315477583,-0.04646645834506581,0.028688754946429584
641.8235168064091,22.758144837981895,3.290668523647793,-0.011678671570886631,0.4474478025600537,-0.022827903888800447,0.09681154135272532
641.9235168064092,22.756862831305362,3.3358973616106242,-0.01396146195976979,0.45712895669533943,-0.022827903888800447,0.09681154135272532
642.0235168064091,22.70683464401633,3.051746924782483,-0.05854034605023584,0.1919355849887317,-0.03866980347263966,-0.0026111064446965523
642.1235168064092,22.70078726039394,3.070927427749137,-0.06240732639750069,0.191674474344262,-0.03866980347263966,-0.0026111064446965523
642.2235168064092,22.579200381333127,2.9160381479321,-0.16191919846234043,0.04811858450519914,-0.07321077031752798,-0.0540110935533906
642.3235168064091,22.43293068679536,2.8847764983562434,-0.27824129845384415,0.012897072421874906,-0.11292663389153966,-0.06480267335994137
642.4235168064092,22.59134170266014,2.9144351470325347,-0.13442139002313352,0.03003417545545125,-0.05693116164172107,-0.05633429585421705
642.5235168064091,22.948452899326934,2.864741364054509,0.17868073831988834,-0.02024994542569874,0.06126091473992104,-0.07277409057256602
642.623516806409,22.919440007421496,3.1219594621448095,0.14568346984089087,0.18584011617858992,0.04715527431537963,0.003637399415375678
642.7235168064092,22.934244130777184,3.1405616607597704,0.15039899727243528,0.186203856120128,0.04715527431537963,0.003637399415375678
642.8235168064091,22.71104100260415,3.206220329831953,-0.04395308610118839,0.22473267465630062,-0.025021202478904048,0.01718253349764827
642.9235168064091,22.706520587981636,3.2287795099650762,-0.04645520634907937,0.22645092800606584,-0.025021202478904048,0.01718253349764827
643.0235168064091,22.434068417558517,2.8657420760660046,-0.28265965631956264,-0.09429746030851573,-0.11264764048002221,-0.09986705829225843
643.123516806409,22.405239213724187,2.8558129947437014,-0.2939244203675546,-0.10428416613773249,-0.11264764048002221,-0.09986705829225843
643.2235168064092,22.7241890954679,3.070104876630762,-0.015391320638779954,0.07115843652645394,-0.007990734871394914,-0.03335337147333389
643.3235168064091,22.629199414048134,3.0266576509598613,-0.09468638830928088,0.02584843134723644,-0.036591715958001717,-0.048543407102678855
643.423516806409,22.479390024701566,3.069153547182358,-0.21472811505668188,0.054044937693928,-0.07860569368330642,-0.036692508997494884
643.5235168064091,22.316734844968877,2.604966552934405,-0.3436198975796981,-0.3494942223579982,-0.12347753740184586,-0.18391932743501183
643.623516806409,22.56522861266499,2.5755180675552607,-0.12093769893573374,-0.3626092049935738,-0.038739212234687556,-0.1820295378663996
643.7235168064091,22.55294114671024,2.5383469993665626,-0.12481162015920337,-0.3808121587802179,-0.038739212234687556,-0.1820295378663996
643.8235168064091,22.251236508606155,3.141906194012532,-0.3693229072357546,0.13097987444451475,-0.12581877120707186,0.00838678313984808
643.923516806409,22.21367512402658,3.1550461153726705,-0.38190478435645037,0.1318185527584988,-0.12581877120707186,0.00838678313984808
644.0235168064091,22.488211328515238,3.1182685635376446,-0.12477817755290767,0.08907563321726801,-0.025734763548407202,-0.007928984103810773
644.123516806409,22.475604836942217,3.1271364819388445,-0.12735165390774605,0.08828273480688766,-0.025734763548407202,-0.007928984103810773
644.223516806409,22.34693571873062,3.1761802529860685,-0.22611196740684125,0.12063296476854131,-0.0604714472651417,0.00395949069366291
644.3235168064091,22.07005023630581,3.3357161552121504,-0.44558007227947233,0.24384115155589628,-0.13823399945813145,0.04840349356793533
644.423516806409,22.166795948780564,3.227721736851608,-0.34149544974934304,0.13952060434627725,-0.09566932966302796,0.009262146901396505
644.523516806409,22.126873597068478,3.106825836904319,-0.35561382765209687,0.02553578852687917,-0.09735675987676035,-0.03304657660612376
644.623516806409,22.142810815636523,3.3489818090587744,-0.3222479866113556,0.21929291741271315,-0.08181682410218062,0.03752549646112333
644.723516806409,22.11017693285491,3.371098728282331,-0.33042966902156623,0.22304546705882206,-0.08181682410218062,0.03752549646112333
644.8235168064091,22.312920484673352,3.0149160489120286,-0.14379850694057983,-0.08698695517453664,-0.011815901910896123,-0.0756000311289386
644.923516806409,22.298481554469753,3.005839353238939,-0.14498009713166837,-0.09454695828742363,-0.011815901910896123,-0.0756000311289386
645.0235168064089,21.97268897149914,2.9195776744646427,-0.41664186275044723,-0.15875950227425212,-0.11289601831086149,-0.0941518676910069
645.123516806409,21.93046030513248,2.9032309648987393,-0.4279314645815488,-0.16817468904336566,-0.11289601831086149,-0.0941518676910069
645.223516806409,21.985213327542304,2.865288325418337,-0.35773123196965706,-0.19459520136353406,-0.08346697490725002,-0.10025169574487869
645.323516806409,22.271991822878412,3.1635417577095772,-0.09467650114144066,0.06041764201516608,0.01542147410195839,-0.004338206760724522
645.423516806409,22.257304324777312,2.9291837547245505,-0.09753277632702644,-0.13787304257121663,0.013833648257054569,-0.07528287966340949
645.5235168064089,22.657685868210468,2.8418504826796145,0.2563683538318566,-0.20773154450679218,0.14452821589577927,-0.09823204109113193
645.623516806409,22.6955618107923,2.866038420694997,0.2803695736736609,-0.18019815358038946,0.1479708208391636,-0.08485383925609705
645.723516806409,22.724338622263833,2.847594336140695,0.2951666557575638,-0.18868353750599146,0.1479708208391636,-0.08485383925609705
645.8235168064089,22.44667066267959,3.267600783073774,0.05556366151785608,0.16366810094562861,0.05644270840514792,0.044380280041013784
645.923516806409,22.45250924237341,3.2841894945685652,0.06120793235837857,0.16810612894973603,0.05644270840514792,0.044380280041013784
646.0235168064089,22.468774595437754,3.1287984074968764,0.0712786369352561,0.026219315033107742,0.05697494877063073,-0.009343341171639416
646.1235168064089,22.476187333875135,3.1313736222943294,0.07697613181232046,0.025284980915943587,0.05697494877063073,-0.009343341171639416
646.223516806409,22.3037096801147,3.297548070831936,-0.06721496568533,0.159123168911171,0.0028445419431524024,0.03899970341183741
646.3235168064089,22.507745712063915,2.888374790720495,0.11016401602157168,-0.1911895895350896,0.06737111154233161,-0.08918484748352017
646.423516806409,22.340074306297666,3.2336319717555435,-0.03175523661759674,0.10017950047513811,0.013706323473317877,0.018487958740912386
646.5235168064089,22.419500774038678,3.1563284309223443,0.040566255935559584,0.02756386749282008,0.0400110743542608,-0.008928860320420309
646.6235168064088,22.46547624154156,3.2247503598892537,0.0791567577510709,0.080677299810868,0.05248202675238206,0.010411966287773806
646.723516806409,22.473654327450436,3.2328701497017907,0.08440496042631626,0.0817184964396468,0.05248202675238206,0.010411966287773806
646.8235168064089,22.507528701810358,3.6795837010074193,0.1104496018044853,0.4474949294172085,0.059964270282157686,0.14227792413021842
646.9235168064089,22.518873483342222,3.7250445835698014,0.11644602883270244,0.46172272183023355,0.059964270282157686,0.14227792413021842
647.0235168064089,22.622114892364984,3.6134118139954645,0.20404758668746587,0.34391388550497476,0.09107328221526413,0.09448126431045467
647.1235168064088,22.642975017444787,3.648275608867482,0.213154914908984,0.35336201193601163,0.09107328221526413,0.09448126431045467
647.223516806409,22.739730595356555,3.628561883013626,0.2845438861952952,0.3170971260989602,0.11356552544450026,0.0780839590179164
647.3235168064089,22.360950028027478,3.5204776128377193,-0.04678964576270237,0.20814707993983556,-0.0112978223911549,0.035830738728363905
647.4235168064088,22.561001778613353,3.956432158835208,0.12212932752282779,0.5532871749757328,0.05008959617447283,0.15830135038738247
647.5235168064089,22.718453483781616,4.0155691726424925,0.25177920689838273,0.5716871922936749,0.09629972434342254,0.15924754709551994
647.6235168064088,22.786526657269604,3.8632744108226884,0.2965747771870216,0.41480231260112915,0.10897842267718015,0.09736069242177237
647.7235168064088,22.816729027101697,3.9052414455449203,0.3074726194547421,0.4245383818433086,0.10897842267718015,0.09736069242177237
647.8235168064089,23.051110337413345,3.46979861779232,0.4882246194762858,0.04112631124564965,0.17065118919089306,-0.04350186987130915
647.9235168064088,23.10078605530688,3.473693739567525,0.5052897383953596,0.0367761242585227,0.17065118919089306,-0.04350186987130915
648.0235168064089,23.011860803290325,3.643383967154168,0.40672822559076144,0.1729543945608852,0.129148439790936,0.007945568170499684
648.1235168064088,23.05317936804832,3.660719134451093,0.4196430695698433,0.17374895137793445,0.129148439790936,0.007945568170499684
648.2235168064087,22.971588533114932,3.8610613071976125,0.3293977613182939,0.32515262022801156,0.09189342978544393,0.061969214115325924
648.3235168064089,23.17966481595161,4.010787506176676,0.48537396269236627,0.4287155038703,0.14537702731688032,0.09720457164685123
648.4235168064088,23.120296053322676,3.9116887433536083,0.4097062543367784,0.3211791614559719,0.11281297055437264,0.055160312340690715
648.5235168064088,23.054176397855485,4.035207802399122,0.3284412258658527,0.4043212237441708,0.07850178629451056,0.08374119156779831
648.6235168064088,22.7939620668655,3.8532464192596754,0.092988760391104,0.22956898361863734,-0.00921919718437822,0.01815969535637807
648.7235168064087,22.803214846918678,3.8762941160983,0.09206684067266702,0.2313849531542735,-0.00921919718437822,0.01815969535637807
648.8235168064089,22.977963893094653,4.170554470531382,0.229858674518158,0.4577923073426302,0.04120680172778053,0.09913037607964306
648.9235168064088,23.001155794555086,4.216829353146001,0.2339793546909323,0.4677053449505855,0.04120680172778053,0.09913037607964306
649.0235168064087,22.60748939843713,4.3473751892973045,-0.11167733217652487,0.5483381174068311,-0.08602781187250863,0.12510784934374217
649.1235168064088,22.5958915261601,4.402834540284783,-0.12028011336378747,0.5608489023412224,-0.08602781187250863,0.12510784934374217
649.2235168064087,22.612543928634317,3.9944051755663037,-0.10470392764913075,0.19039773613992259,-0.0772958777450862,-0.012261002907083318
649.3235168064087,22.548629962033893,3.7270315060216923,-0.15701913600227468,-0.049328717363963735,-0.09354119706578316,-0.09857089010304192
649.4235168064088,22.564471424345744,3.818597714559017,-0.13979227542277012,0.020648928707556396,-0.08394549165957617,-0.06994489727814501
649.5235168064087,22.81058984110093,3.8195722657569307,0.07577000059095036,0.01302353684132777,-0.0009143842515941109,-0.07017718711156117
649.6235168064088,22.94509894382902,3.7033415348313126,0.18092281932427057,-0.0903046545955507,0.037030660601650445,-0.10466804319003611
649.7235168064087,22.96337637906444,3.6937877291558165,0.18462588538443225,-0.1007714589145448,0.037030660601650445,-0.10466804319003611
649.8235168064086,22.690179624417407,3.9627698550787493,-0.05337529391815637,0.11732374907608613,-0.050090111457218284,-0.023102187191757384
649.9235168064088,22.6845916444683,3.974386719050415,-0.05838430506388503,0.11501353035690724,-0.050090111457218284,-0.023102187191757384
650.0235168064087,22.546251716662084,4.272447964865751,-0.17338092019116766,0.3539194276742267,-0.08985434673702457,0.06489488861529519
650.1235168064087,22.52846435290928,4.308164382076259,-0.18236635486487215,0.3604089165357577,-0.08985434673702457,0.06489488861529519
650.2235168064087,22.683785019809164,4.2743642865649605,-0.04682347311812284,0.3091293165882441,-0.037659737114083804,0.04417305606315414
650.3235168064086,22.7146116172889,4.270058450709184,-0.02059187968098893,0.2840292419713494,-0.026729754513244643,0.03349113579317412
650.4235168064088,22.82740030321951,4.11355320627522,0.07221212990630894,0.1350413238282941,0.007737334798096206,-0.02113168937911767
650.5235168064087,22.76166187586179,4.202553152120878,0.01023199229810069,0.19733002291107296,-0.015528414778393056,0.002580227704676155
650.6235168064086,22.494811932645813,4.155344877015887,-0.21335233533616524,0.14255930702850728,-0.09558023830309409,-0.01712674965039608
650.7235168064087,22.472998797920653,4.169515173970504,-0.2229103591664877,0.14084663206346534,-0.09558023830309409,-0.01712674965039608
650.8235168064086,22.63288547584121,3.6103682916613855,-0.08043494687849577,-0.33434232187961943,-0.0405746450338727,-0.18743346956977186
650.9235168064087,22.62463910792819,3.5759968921255667,-0.08449241138188396,-0.35308566883660086,-0.0405746450338727,-0.18743346956977186
651.0235168064087,22.50516897193965,3.693723333597938,-0.18929686440926033,-0.2408521434576773,-0.07942643212881943,-0.13925983040350978
651.1235168064086,22.485842153338098,3.668941820100176,-0.19723950762213505,-0.2547781264980156,-0.07942643212881943,-0.13925983040350978
651.2235168064087,22.632426734308687,3.747720856422207,-0.06671790566430155,-0.18229339412637516,-0.0294217866557721,-0.1082642164446819
651.3235168064086,22.36021343783846,3.744466759734679,-0.29267972025986616,-0.18019619671673806,-0.11068173444720511,-0.10358734243718072
651.4235168064085,22.477823884427657,4.027952688243621,-0.1813252118587302,0.05804269701204437,-0.06648727745625649,-0.014448775028726699
651.5235168064087,21.887816791996446,3.9947722914110284,-0.67930686345723,0.02344988409039341,-0.24864701623973087,-0.026653406979720407
651.6235168064086,21.89054506694205,3.9241638387767086,-0.6445568534959633,-0.03906537802971552,-0.22715336930745048,-0.04808695379615183
651.7235168064086,21.8249536147459,3.920016866204755,-0.6672721904267135,-0.0438740734093318,-0.22715336930745048,-0.04808695379615183
651.8235168064086,22.017975715462534,3.937068194578855,-0.47028085126586067,-0.03301042990624588,-0.1469721797453047,-0.04305199165927394
651.9235168064085,21.970212769437264,3.933551891629937,-0.4849780692403778,-0.03731562907216936,-0.1469721797453047,-0.04305199165927394
652.0235168064087,22.065551142508703,3.9974487740710334,-0.37704045077382703,0.01892453951653339,-0.10195628358799295,-0.020008806729868038
652.1235168064086,22.027337316013416,3.999241183989036,-0.38723607913261704,0.016923658843548406,-0.10195628358799295,-0.020008806729868038
652.2235168064085,22.14522312710397,4.183215119249408,-0.2669298938150282,0.16508240629458085,-0.05482717153143728,0.03385360886687494
652.3235168064086,22.1935808329378,4.636806960149721,-0.2091146793081521,0.5323701400963187,-0.03176379148173539,0.16554470421953807
652.4235168064085,21.97143268532344,4.821629605175524,-0.37925969353900874,0.6565523522929521,-0.0920392898676542,0.2041363142580093
652.5235168064086,21.823586894461403,4.989094973906551,-0.4825618776567609,0.7628244837867336,-0.12692584589208764,0.23574827982858618
652.6235168064086,21.97059259925128,4.84585994769046,-0.3328350197818456,0.6050120607055499,-0.06836670741044733,0.17078959575340646
652.7235168064085,21.936967263736072,4.907215101739725,-0.3396716905228841,0.622091020280875,-0.06836670741044733,0.17078959575340646
652.8235168064086,22.012069769857707,4.813266871656801,-0.255433919125033,0.5094856123993492,-0.03541448222838912,0.12414899919077525
652.9235168064085,21.986349305534088,4.8648361778926414,-0.2589753673478687,0.5219005123184154,-0.03541448222838912,0.12414899919077525
653.0235168064085,22.338021494189807,4.573994089057693,0.056731386220428615,0.24723890937067847,0.08144500803937892,0.019996961514391495
653.1235168064086,22.344101857852056,4.598817964802366,0.06487588702437762,0.24923860552212035,0.08144500803937892,0.019996961514391495
653.2235168064085,22.135222305069064,4.4696980325872335,-0.10619988633859696,0.12432763405989852,0.016721827984850723,-0.025526027640998684
653.3235168064085,22.802498947065907,4.26290195484776,0.46506085977186445,-0.06071257488502548,0.2242584277300869,-0.09156569798920369
653.4235168064085,22.710434933656366,4.328297408286136,0.37149143140183055,-0.010667556773047163,0.18238425911695427,-0.07033804277091933
653.5235168064085,22.701769953686007,4.138378031245686,0.3495612632275616,-0.1782777596703756,0.16749191168658442,-0.12946015159662302
653.6235168064086,22.47343539426297,4.612956764127068,0.14731960295845442,0.21401051860082132,0.08853636670378376,0.01566298296210189
653.7235168064085,22.488610036392323,4.634436130901941,0.15617323962882473,0.2155768168970301,0.08853636670378376,0.01566298296210189
653.8235168064084,22.408535476531448,4.670800546478105,0.0859995481714636,0.22858680255111027,0.060211928010606264,0.019584411243189135
653.9235168064085,22.41743649098866,4.693757148789464,0.09202074097253245,0.23054524367543186,0.060211928010606264,0.019584411243189135
654.0235168064085,22.205299448385226,4.681619904391058,-0.08217165142500811,0.2011264021990237,-0.0037772646653065345,0.007672655812910451
654.1235168064085,22.197063396919397,4.701770907890029,-0.08254937789153885,0.20189366778031492,-0.0037772646653065345,0.007672655812910451
654.2235168064085,22.52876913907895,4.707075480804734,0.19945690658599555,0.19037430158417618,0.09820221990925458,0.0032654281489373485
654.3235168064084,22.403637612760104,4.366716525296962,0.08695136134411517,-0.10865106374223157,0.053631321847142664,-0.10506577168152986
654.4235168064085,22.194485999655615,4.298527248672012,-0.08880115982621047,-0.1659091617291351,-0.011751234978937451,-0.12182926063328203
654.5235168064085,22.260419821686117,4.286900621792208,-0.025611090438930454,-0.17334430108109372,0.012111905782667805,-0.12008118828241303
654.6235168064084,22.00718777886738,4.055149650658227,-0.23228347522750453,-0.3610850250265051,-0.0628389922950359,-0.18301482176851402
654.7235168064085,21.983645236383122,4.018126074046682,-0.2385673744570167,-0.37938650720338146,-0.0628389922950359,-0.18301482176851402
654.8235168064084,22.00961401232549,3.9312619272534826,-0.20433170424703853,-0.43910280502736876,-0.04850714413079621,-0.1983836049500237
654.9235168064084,21.988938306180124,3.8863597287259855,-0.20918241866011925,-0.4589411655223756,-0.04850714413079621,-0.1983836049500237
655.0235168064085,22.075355055145728,4.441595168110033,-0.12232664139060159,0.023145196399741726,-0.014718830451768493,-0.01658134141402544
655.1235168064084,22.06304879685442,4.443826781042935,-0.1237985244357771,0.02148706225834069,-0.014718830451768493,-0.01658134141402544
655.2235168064085,22.41768944855959,4.346327345062154,0.17963469316615777,-0.062145775676860436,0.0953938664540997,-0.045985753367647875
655.3235168064084,22.275497249978436,4.357992511055333,0.054189194363900246,-0.05166095308712024,0.04621046294628682,-0.04052728609064317
655.4235168064083,22.30870330139602,4.4462686419673085,0.08169192934132927,0.021366055116830752,0.054470728046882404,-0.012889140981336769
655.5235168064085,22.054586363551337,4.6668376476880225,-0.1385724895606229,0.20620585886017068,-0.029210915038015588,0.05564099424630131
655.6235168064084,22.324640068000928,4.665352061970357,0.09402045687703785,0.1933725402981874,0.05570194362563489,0.049052482342731886
655.7235168064084,22.334320623406764,4.6849345784118945,0.0995906512396026,0.1982777885324617,0.05570194362563489,0.049052482342731886
655.8235168064084,22.742389150707027,4.9233363264389745,0.43273714629922794,0.38214493168614694,0.17325729433459536,0.11304719697791767
655.9235168064083,22.78652915180858,4.962116055592443,0.45006287573267173,0.3934496513839284,0.17325729433459536,0.11304719697791767
656.0235168064085,23.011017128610117,4.97022616977541,0.6241518972407263,0.38200821437461924,0.2322567924888405,0.10585745841299501
656.1235168064084,23.074593602296577,5.008956278504901,0.6473775764895893,0.3925939602159091,0.2322567924888405,0.10585745841299501
656.2235168064083,22.892119347125863,5.217003711839977,0.4643065993664481,0.5417116055150935,0.1577553126920922,0.15554899558066385
656.3235168064084,23.086223575480947,5.219184246341043,0.6035142496897105,0.5133161605416771,0.20272932364988072,0.13964399071323927
656.4235168064083,23.228507365641207,5.17863098714774,0.6909795022036944,0.45107477096218135,0.22698567923835825,0.11231921338545008
656.5235168064083,23.112289623745454,5.1018166376731635,0.5533935994939277,0.35796796687410326,0.16756084551723613,0.07390307295377163
656.6235168064084,23.087132182288414,5.220532672496733,0.5027144831561906,0.4332047808355234,0.14324757853692432,0.09820036929775845
656.7235168064083,23.13811986849667,5.264344152426734,0.51703924100987,0.4430248177652903,0.14324757853692432,0.09820036929775845
656.8235168064084,22.552743567414254,5.01193365887231,0.00013082038535457358,0.20855891590032735,-0.04905035706731378,0.010664507652752174
656.9235168064083,22.552511397667452,5.032842873000587,-0.004774215321372344,0.2096253666656016,-0.04905035706731378,0.010664507652752174
657.0235168064082,22.39845205155719,5.169320440594407,-0.14920497206346622,0.31402270808743693,-0.10288878951618205,0.050067148979344
657.1235168064084,22.383017110403237,5.200973047148091,-0.15949385101509847,0.3190294229853782,-0.10288878951618205,0.050067148979344
657.2235168064083,22.512351327493676,4.945253987659296,-0.04868416657909162,0.08702319374439102,-0.05915554472054752,-0.03494964187522279
657.3235168064083,22.352454468013406,4.401172954422915,-0.1846266659705603,-0.37673495615785846,-0.10653246160758434,-0.2015123454700038
657.4235168064083,22.256760561859803,4.328383086831354,-0.25896796167451896,-0.42496138930649197,-0.12952377926160114,-0.2115791470057535
657.5235168064082,22.198121036582837,4.152156046409005,-0.29951127888700146,-0.5591381274613745,-0.13975301090717937,-0.2531911848708117
657.6235168064084,22.294829953470984,4.258788071260426,-0.20789232696482815,-0.4498225364904604,-0.10168177761616118,-0.20497559360993317
657.7235168064083,22.273532311886438,4.212780939643373,-0.218060504726435,-0.4703200958514351,-0.10168177761616118,-0.20497559360993317
657.8235168064082,22.05931094899838,4.298802471493787,-0.38817228029923945,-0.3805372662361275,-0.15960596695704102,-0.16543812086698526
657.9235168064083,22.019695691133617,4.259921554265786,-0.4041328769949653,-0.39708107832284856,-0.15960596695704102,-0.16543812086698526
658.0235168064082,22.14822690848129,4.442156677868955,-0.2756447031180409,-0.2231998421556208,-0.1064546985055054,-0.09514657521961914
658.1235168064082,22.120130164676954,4.41936096077729,-0.2862901729685939,-0.23271449967758487,-0.1064546985055054,-0.09514657521961914
658.2235168064083,21.81283714365819,4.738626593622483,-0.527949389951662,0.04018240766555028,-0.18988244918959193,0.006154748352710737
658.3235168064082,22.090315184188952,4.934095360333567,-0.26860057098362916,0.200229828105437,-0.08846691604353223,0.06385090290838084
658.4235168064083,22.22421107152454,4.89799246438695,-0.1435933587942953,0.16015453718809297,-0.040145800176045,0.047191806617215185
658.5235168064082,22.288512846968974,4.532781948396997,-0.07981342949404452,-0.16007843148248876,-0.015011253906571029,-0.07245128228657417
658.6235168064081,22.23679055749185,4.622166332474126,-0.11751830922302403,-0.08040537224612204,-0.02806425194479407,-0.04132400599340963
658.7235168064083,22.22489840530981,4.613919175219535,-0.12032473441750727,-0.08453777284546864,-0.02806425194479407,-0.04132400599340963
658.8235168064082,22.504283264535747,4.676825279799306,0.1193438275365274,-0.027482602719233275,0.05960815653286465,-0.018758781509524647
658.9235168064082,22.516515688072065,4.6739832256198355,0.1253046431898152,-0.029358480870186165,0.05960815653286465,-0.018758781509524647
659.0235168064082,22.49615487805889,4.625783711425478,0.10294218420404846,-0.07130521964447274,0.04916434295982483,-0.033947026876777184
659.1235168064081,22.506694918194082,4.618483454326654,0.10785861850002648,-0.07469992233214737,0.04916434295982483,-0.033947026876777184
659.2235168064083,22.394789599821966,4.79528833291046,0.01066466986607444,0.073763519676681,0.012288444122301942,0.020524648390286088
659.3235168064082,22.05598274872476,4.924808070890684,-0.27376483928323536,0.1774627374118206,-0.09179469097835821,0.05730916320590607
659.4235168064081,21.917609049829302,4.819987093331889,-0.3747317346203092,0.08207184010490945,-0.12492985351587549,0.021050355452927084
659.5235168064082,21.959817509358047,4.845395281871132,-0.318188479143253,0.09874006317292415,-0.09933494019858694,0.026412328725248672
659.6235168064081,22.123187288054723,4.943658915354481,-0.16587765535740737,0.17391900188524467,-0.040838941627831214,0.052389644603544484
659.7235168064082,22.106395327810837,4.961312763766027,-0.1699615495201914,0.1791579663456003,-0.040838941627831214,0.052389644603544484
659.8235168064082,21.952541838091186,4.8815567395597625,-0.28639227992775473,0.10277657279346117,-0.08110861107541784,0.02283815556986314
659.9235168064081,21.923497067043062,4.891948587616949,-0.29450314103528913,0.1050603883504454,-0.08110861107541784,0.02283815556986314
660.0235168064082,21.55587210717167,4.8286090064132,-0.590190879480284,0.04757821229464432,-0.1869637914341006,0.0017163700594778532
660.1235168064081,21.495918200266527,4.833375409492957,-0.6088872586236771,0.047749849300591944,-0.1869637914341006,0.0017163700594778532
660.223516806408,21.618277142969838,5.071738087638446,-0.47460329797001527,0.24023337479362483,-0.13171683835630163,0.07069884551774526
660.3235168064082,21.663852533934545,5.310026946432242,-0.40904057739477473,0.4254688366916358,-0.10302898957052085,0.13517443507468818
660.4235168064081,21.831752475902274,5.368391454062351,-0.2455315422407401,0.45144956125350605,-0.04028306756679166,0.13964333941404283
660.5235168064081,22.005135630591603,5.217357624136433,-0.07922842206574579,0.2977022564261638,0.02286663547608543,0.07789412941915388
660.6235168064081,21.916295914080703,5.107072950130217,-0.14412540946533658,0.19006233071504547,-0.001355937017899378,0.036556395380044945
660.723516806408,21.901876593449092,5.126261965178604,-0.1442610031671264,0.19371797025304663,-0.001355937017899378,0.036556395380044945
660.8235168064082,21.4823865701671,5.287710685366572,-0.48361745180013915,0.3158997830259727,-0.1246455548836796,0.07954159029867625
660.9235168064081,21.43340159721271,5.319698371620633,-0.4960820072884958,0.3238539420558331,-0.1246455548836796,0.07954159029867625
661.023516806408,21.540664843935733,5.409154412336092,-0.37650882704028377,0.3786474841830597,-0.07661070835924609,0.09639495856662346
661.1235168064081,21.50263090768986,5.447501135547284,-0.3841698978762188,0.3882869800397352,-0.07661070835924609,0.09639495856662346
661.223516806408,21.572787786100783,5.124398721680507,-0.3013323163415609,0.09954215248080184,-0.04392824205178455,-0.010635810196951312
661.3235168064081,21.625870196386746,5.20036414606054,-0.23561172941271827,0.15350305990589055,-0.01838155821619782,0.009276769917514575
661.4235168064081,21.759239105463823,5.113102109451765,-0.10706383864634822,0.06993162619122749,0.028687664915260622,-0.02102170773526841
661.523516806408,21.90475030741568,5.21640733759684,0.029975905885340937,0.14996338696938097,0.07843102451036316,0.009218920907588024
661.6235168064081,21.97974393815711,5.291721838942112,0.09718638749617628,0.20042208099021575,0.09983549755107383,0.026959117353559756
661.723516806408,21.98996175439447,5.311898842627882,0.10716993725127458,0.20311799272556927,0.09983549755107383,0.026959117353559756
661.823516806408,22.395465048243036,5.293534904893199,0.44668393827769,0.17299016149302482,0.2194229633831402,0.01494733943749869
661.9235168064081,22.441230556887785,5.310908657739712,0.4686262346160339,0.17448489543677673,0.2194229633831402,0.01494733943749869
662.023516806408,22.433227156297296,5.392150199498873,0.44040968168059336,0.2279683271700653,0.20026575481496198,0.03346403525573421
662.123516806408,22.47826945323944,5.415114352392163,0.46043625716209413,0.2313147306956395,0.20026575481496198,0.03346403525573421
662.223516806408,22.48738663849339,5.364276948375474,0.44896036406713724,0.17362283324693645,0.1888890288540493,0.011569532882027896
662.323516806408,22.38217848416146,5.348075894285958,0.34091813288614564,0.14677697653809396,0.14264010873393118,0.0014357140450589837
662.4235168064081,22.199781106476525,5.465033774699748,0.17482421316803506,0.23110216797860403,0.07753108901369983,0.031620350452626504
662.523516806408,22.139349667951322,5.338027314553344,0.11526450276576237,0.10625113370150129,0.0525751274123875,-0.015512370673404677
662.6235168064079,22.270544136546754,5.30127444961347,0.2195218166520957,0.06582432064560599,0.08826877945895563,-0.029434552326569458
662.723516806408,22.29293766210929,5.3077097089164065,0.2283486945980033,0.06288086541294503,0.08826877945895563,-0.029434552326569458
662.823516806408,22.444222114339098,5.28729974861234,0.34372337824074956,0.03632013909867313,0.12681773612507954,-0.0383828670702009
662.923516806408,22.479228540843806,5.290739848186857,0.3564051518532604,0.03248185239165217,0.12681773612507954,-0.0383828670702009
663.023516806408,22.02310999962866,5.230339166770595,-0.05629663693105579,-0.01971863345298464,-0.03146523639270196,-0.054635455201864525
663.1235168064079,22.017323009753596,5.22809412614929,-0.059443160570323124,-0.025182178973166124,-0.03146523639270196,-0.054635455201864525
663.223516806408,21.880750109172794,5.623711590812294,-0.17095795365436833,0.29737487536815466,-0.07060109336020479,0.06302587690695442
663.323516806408,21.69403020239484,5.724043156515425,-0.32026213766724904,0.36221222454711094,-0.12242947176144224,0.08420877493218434
663.4235168064079,21.54651297486894,5.6280467130529575,-0.42789682739254764,0.2614572588329945,-0.15686578862542197,0.04506206891377318
663.523516806408,21.749669364131606,5.512061869069594,-0.23147871281915863,0.14469618907288542,-0.07822881219796367,0.00041305954009037554
663.6235168064079,21.68162686998345,5.458566381902844,-0.27619980003772887,0.08887619118804782,-0.09153218968791205,-0.019592077352440496
663.7235168064079,21.65354922903123,5.467356040634888,-0.28535301900652216,0.08691698345280333,-0.09153218968791205,-0.019592077352440496
663.823516806408,21.89429629960873,5.311527948194361,-0.07058444969203936,-0.05077313881249564,-0.010678591674314928,-0.06838730342905086
663.9235168064079,21.887184461681162,5.306108697795972,-0.07165230885946988,-0.057611869155394506,-0.010678591674314928,-0.06838730342905086
664.023516806408,21.89310110473231,5.256830523443651,-0.06029060123342838,-0.09763737646570307,-0.005758999391124661,-0.07962604090539482
664.1235168064079,21.887043249612017,5.246668655592564,-0.060866501172540326,-0.10559998055623532,-0.005758999391124661,-0.07962604090539482
664.2235168064078,21.980438363053423,5.524042175278955,0.021210185819828076,0.12382852196000545,0.024089957657998623,0.005526397221766316
664.323516806408,22.072208677675942,5.467293421166515,0.09885321412110676,0.06677899789838845,0.051502402891710555,-0.015319006952457522
664.4235168064079,21.93915888947152,5.356834649492013,-0.014899126417379652,-0.031105864689902268,0.008578698597120772,-0.04986786833443327
664.5235168064079,21.855831832747892,5.602649174463919,-0.08443039466881445,0.17616909005481013,-0.017517796038284596,0.028284101026883696
664.6235168064079,21.918688106013,5.600009561313713,-0.02699469779431387,0.16223270548284804,0.003821814410382568,0.022280266719522962
664.7235168064078,21.916007745305624,5.61634423319558,-0.02661251635327596,0.1644607321547983,0.003821814410382568,0.022280266719522962
664.823516806408,21.44764838632483,5.685933405934981,-0.41654594576608295,0.21022828156241868,-0.13811715199732902,0.03786848405298022
664.9235168064079,21.40530320598827,5.7071455765114685,-0.4303576609658033,0.21401512996771327,-0.13811715199732902,0.03786848405298022
665.0235168064078,21.921803524128585,5.652634687842547,0.031174441232199035,0.14858953684653312,0.036402418296630296,0.01118871466811755
665.1235168064079,21.92510298034329,5.667549585100562,0.03481468306186703,0.1497084083133464,0.036402418296630296,0.01118871466811755
665.2235168064078,21.647554717016785,6.0710241269426035,-0.1951170541193843,0.47064663937428397,-0.04794920611356755,0.1259082533188143
665.3235168064078,21.510393337459668,6.262231534188959,-0.2985753968737674,0.6027684366056747,-0.0838984376636787,0.16916481274139827
665.4235168064079,21.760735006299456,6.24415140751928,-0.07394843178833059,0.5544925477496313,0.00022038069335557353,0.14578906886659748
665.5235168064078,21.488401728624915,5.957287822631652,-0.3016847847877902,0.27684788801073795,-0.08422014223662128,0.03819621178469229
665.6235168064079,21.53824878138307,5.754486678468444,-0.2434161156053913,0.09107725667768436,-0.06017530557320916,-0.029700143909481128
665.7235168064078,21.51360629329469,5.763445903416657,-0.24943364616270675,0.08810724228673895,-0.06017530557320916,-0.029700143909481128
665.8235168064077,21.334620361225255,6.156215858005716,-0.38388731832356393,0.39922449558717493,-0.10677020378991608,0.08240705224263067
665.9235168064079,21.295697778373896,6.196550342825702,-0.3945643387025701,0.40746520081144927,-0.10677020378991608,0.08240705224263067
666.0235168064078,21.142094799697837,6.153773866965944,-0.4958136208472865,0.3489437214360081,-0.13840776561186718,0.05911902407842609
666.1235168064078,21.091821398785036,6.188963834229945,-0.5096543974084763,0.35485562384385205,-0.13840776561186718,0.05911902407842609
666.2235168064078,21.194815490214264,6.0566153826178555,-0.39504295222659735,0.2223419519317361,-0.09201883827131238,0.009465625848886619
666.3235168064077,21.163946361972584,6.159547356655248,-0.3966017891074002,0.29046161511578794,-0.08923400009670156,0.033774615991708855
666.4235168064079,21.300356489321135,5.952135168225539,-0.25895154344429483,0.09906956606677329,-0.03632107103792791,-0.03606303811475171
666.5235168064078,21.348964415634146,5.751374955352222,-0.19838008110391944,-0.08384206431595008,-0.012517851528009612,-0.1020808908108212
666.6235168064077,21.286990206511966,5.454770139396552,-0.23451544918763995,-0.33051530059367745,-0.02509487144998975,-0.18676415659403522
666.7235168064078,21.26341318723592,5.420784788554166,-0.23702493633264235,-0.34919171625310647,-0.02509487144998975,-0.18676415659403522
666.8235168064077,21.302979971229536,5.62979876814236,-0.1865464351255847,-0.16570554469449617,-0.005864039804545019,-0.11408033106058729
666.9235168064077,21.284296007517952,5.612657812017603,-0.18713283910603934,-0.17711357780055748,-0.005864039804545019,-0.11408033106058729
667.0235168064078,21.45067391710542,5.688685917296369,-0.034171222460272356,-0.11034007388777232,0.049533092364205236,-0.08588336951044984
667.1235168064077,21.447504460321216,5.67722249306005,-0.029217913223856338,-0.11892841083880949,0.049533092364205236,-0.08588336951044984
667.2235168064078,21.406695531385633,6.027348206051633,-0.05593903303317466,0.17089629676344636,0.038094265011762565,0.021157701555262573
667.3235168064077,21.589321551121376,5.913856957293818,0.1058777227261455,0.06416421117069707,0.09566617912884806,-0.018232790008335775
667.4235168064076,21.6385166783895,5.836930735448512,0.1471054647826857,-0.006183938387874529,0.1070958110251221,-0.042803454029492524
667.5235168064078,21.594676773696396,5.865505395449474,0.10702113046551108,0.014586423089013886,0.08826416772287789,-0.03358011466556824
667.6235168064077,21.71700238006035,5.981299317681086,0.20802961510411697,0.10533703534642767,0.12149973605024844,0.00012221182858318524
667.7235168064077,21.73841284025102,5.991833632274874,0.22017958870914459,0.10534925652928599,0.12149973605024844,0.00012221182858318524
667.8235168064077,22.028022020655413,6.3837296793719585,0.45415005824939714,0.41903646933632366,0.20164521903989882,0.11258118332322566
667.9235168064076,22.07444525257551,6.426196232222168,0.4743145801533687,0.430294587668636,0.20164521903989882,0.11258118332322566
668.0235168064078,21.886155536116735,6.692263158040381,0.2913156649535825,0.6306547175774208,0.12641669094480767,0.18209333697880678
668.1235168064077,21.915919186066787,6.756239096482958,0.3039573340480518,0.6488640512752849,0.12641669094480767,0.18209333697880678
668.2235168064076,21.871494477781848,6.732701341669027,0.25392880528390765,0.593521813287706,0.10378412596904059,0.15571031131864516
668.3235168064077,21.692896247272724,6.5314329391992745,0.09245071553131064,0.3913756430886288,0.041166095272728284,0.07692155132588294
668.4235168064076,21.46827665272887,6.536038035294115,-0.09779734136890851,0.37032731049021317,-0.028999341078426874,0.06661619996812332
668.5235168064077,21.402412314396287,6.564642255352543,-0.14878641752089933,0.36952528094732545,-0.046828200346384144,0.06386818279925617
668.6235168064077,21.09196115212214,6.520684946431737,-0.39833675486965425,0.3091509306023946,-0.13511338738133244,0.03995956940027992
668.7235168064076,21.051451909698304,6.551799837338949,-0.4118480936077752,0.313146887542419,-0.13511338738133244,0.03995956940027992
668.8235168064077,21.206234369268092,6.478190684849371,-0.2614397634825334,0.229411332430512,-0.07574143930230046,0.008163729118680588
668.9235168064076,21.17971168572335,6.501172636737994,-0.26901390741275655,0.23022770534237932,-0.07574143930230046,0.008163729118680588
669.0235168064075,21.351334114548465,6.105915307319115,-0.11109343627452589,-0.12297098540643826,-0.015888103464870063,-0.12154362806550006
669.1235168064077,21.340145330403672,6.093010490638125,-0.11268224662101507,-0.13512534821300484,-0.015888103464870063,-0.12154362806550006
669.2235168064076,21.40869089114108,5.976745725511117,-0.04791245245180815,-0.23137800182267781,0.008076483846485221,-0.15170977289954665
669.3235168064076,21.442684311805134,5.814829189745388,-0.014546709032195205,-0.3615048634876845,0.019939426280671725,-0.1933106731886032
669.4235168064076,21.459084267888272,5.882782630185849,0.0021903604282643417,-0.29435168887485796,0.025261679272375492,-0.16230039568888133
669.5235168064075,21.288435056864113,5.938922372948576,-0.14228095402546442,-0.2369926002328801,-0.029237056090970444,-0.13520585076287744
669.6235168064077,21.226191865631325,5.973321915176367,-0.18489317320293686,-0.20220694194917602,-0.04354645850561552,-0.11790634386327353
669.7235168064076,21.20748481601852,5.952511689262153,-0.18924781905349444,-0.21399757633549266,-0.04354645850561552,-0.11790634386327353
669.8235168064075,21.41553783670518,6.289547284446835,-0.002426480150590539,0.06957892438295524,0.026180160020283595,-0.011993932789254438
669.9235168064076,21.41542608949022,6.296445207221193,0.00019153585144139184,0.06837953110402815,0.026180160020283595,-0.011993932789254438
670.0235168064075,21.672124684893372,6.2026356875112,0.21737999060139357,-0.008573509206054764,0.10409687201253409,-0.037175120548293444
670.1235168064076,21.69438316831358,6.201592460987853,0.22778967780264936,-0.012291021260884953,0.10409687201253409,-0.037175120548293444
670.2235168064076,21.722754024087397,6.084362410175103,0.24241162786089118,-0.11136216014421046,0.10561807851998482,-0.07137856618184985
670.3235168064075,21.31339317900626,6.286777558636888,-0.11184035676126552,0.05966242076521672,-0.027306314466478757,-0.006904112880612823
670.4235168064076,21.2849823903641,6.122059686563455,-0.12876216235836704,-0.08149085616694471,-0.03242931313132624,-0.05726927010162455
670.5235168064075,21.003100498471294,6.042383197127047,-0.3631195980120204,-0.1479051886586643,-0.11811410178670068,-0.07961357114499984
670.6235168064075,20.998277880621327,6.169362875262154,-0.3483332848181639,-0.039020361370870595,-0.1085244877439597,-0.0377684341055653
670.7235168064076,20.96290192970074,6.165271996954533,-0.35918573359257466,-0.04279720478143228,-0.1085244877439597,-0.0377684341055653
670.8235168064075,20.613825661456442,6.086646222433861,-0.6324538238545783,-0.10786658376856081,-0.20406358172361477,-0.05982341236082407
670.9235168064075,20.549559961162352,6.0755604469951985,-0.6528601820269444,-0.11384892500464458,-0.20406358172361477,-0.05982341236082407
671.0235168064075,20.907848125482932,6.167549270490103,-0.3236890036968096,-0.03524638539780025,-0.07868082199902265,-0.02969794501284259
671.1235168064075,20.875085821003285,6.163876142225262,-0.3315570858967047,-0.038216179899081805,-0.07868082199902265,-0.02969794501284259
671.2235168064076,21.034552833497372,6.513763295376692,-0.17910768723508222,0.25015411031174745,-0.020784151391155595,0.07480604796321402
671.3235168064075,20.77757715014972,6.461816261076446,-0.38199288074669296,0.19322179729451483,-0.09395057128363576,0.05149592873046345
671.4235168064074,20.657394811736594,6.604945572156425,-0.45907397736506106,0.3000659665415787,-0.11838515902528401,0.08796010952384023
671.5235168064075,20.556979310885044,6.592651765345524,-0.5172621697479377,0.2724533083440891,-0.13556911831332025,0.07455491848595916
671.6235168064075,20.819020448003013,6.5866283733156346,-0.2701099400748728,0.25225930598693824,-0.04157234988971846,0.06465303867680039
671.7235168064075,20.79180159224607,6.612177569107718,-0.2742671750638456,0.25872460985461976,-0.04157234988971846,0.06465303867680039
671.8235168064075,20.880680487295507,6.438434753161042,-0.17814487750086738,0.1010735363577906,-0.004399697866103364,0.005904843918542668
671.9235168064074,20.862844001056107,6.448571631016405,-0.1785848472874773,0.10166402074964433,-0.004399697866103364,0.005904843918542668
672.0235168064075,20.915238592907254,6.74285699666982,-0.11872266378318912,0.332501849856548,0.017926976499006826,0.0874712308887268
672.1235168064075,20.903455961411442,6.776544537809888,-0.11692996613329007,0.34124897294541273,0.017926976499006826,0.0874712308887268
672.2235168064074,20.86647148204196,6.700769401810167,-0.13621859957526442,0.25915239168245496,0.01031371514009207,0.054885499162577706
672.3235168064075,20.97401299811114,6.618626269747334,-0.033412995022094084,0.17441143980970272,0.04739640890735672,0.02223272520965911
672.4235168064074,20.91762450256171,6.492162044967136,-0.07291883424219438,0.05809370432590823,0.03142383798896242,-0.020272007111727712
672.5235168064074,20.728645006265154,6.679004625803626,-0.2261014148549722,0.21036779438008954,-0.02653302445632237,0.036539689893346876
672.6235168064075,20.886331378730947,6.95045878759849,-0.07915937787153035,0.4196862838527057,0.027402477752864265,0.11019258739954987
672.7235168064074,20.878552453332563,6.992978378920719,-0.07641913009624642,0.43070554259265065,0.027402477752864265,0.11019258739954987
672.8235168064075,21.197162048578882,6.742666951068415,0.19708748385119812,0.19996813647782666,0.12518314145036089,0.023519928745613136
672.9235168064074,21.217496712671235,6.762781364359907,0.2096057979962228,0.20232012935238583,0.12518314145036089,0.023519928745613136
673.0235168064073,21.412066044853212,6.784407316817013,0.36720342073565787,0.21050874941017017,0.17797842302344416,0.026964955768748987
673.1235168064075,21.449676279041945,6.805593016536903,0.38500126303802656,0.21320524498704874,0.17797842302344416,0.026964955768748987
673.2235168064074,21.279647949755024,6.711043610828663,0.22885808400509852,0.12039194358585267,0.11516177967721972,-0.0072945082607348555
673.3235168064074,21.036847134420583,6.720292752979686,0.01662518714079929,0.11736905878278563,0.03363605184871733,-0.008124469412485633
673.4235168064074,20.830466537480927,6.758040517028185,-0.152903219563944,0.1379997663832108,-0.028777779218621895,-0.0004356909951180798
673.5235168064073,20.681222612982854,6.578688765426246,-0.27081209289538805,-0.026580173494721675,-0.07142510300772047,-0.061015809259932136
673.6235168064075,20.290134274577735,6.705364439739355,-0.5794598586172865,0.07386660729140829,-0.18013061102628414,-0.022858544476503317
673.7235168064074,20.23128763566093,6.712636807746106,-0.5974729197198986,0.07158075284376003,-0.18013061102628414,-0.022858544476503317
673.8235168064073,20.332043912994624,6.747493013025665,-0.4823112861893689,0.09376042200083459,-0.13226428921132513,-0.01365733111178944
673.9235168064074,20.283151462929563,6.756800768570202,-0.49553771511051947,0.09239468888965378,-0.13226428921132513,-0.01365733111178944
674.0235168064073,20.582530259592367,6.581981318198865,-0.2137784382916883,-0.06800855079406223,-0.024416652735160617,-0.07284185820047362
674.1235168064075,20.56103033249949,6.5748162538284465,-0.21622010356520768,-0.07529273661411953,-0.024416652735160617,-0.07284185820047362
674.2235168064074,20.315356215022288,6.471324704692107,-0.40465605961613776,-0.1612853503244074,-0.09158618490480272,-0.10107465357268373
674.3235168064073,20.154432657093913,6.8913067903539424,-0.5146546404793967,0.19226107373392132,-0.12832846566199646,0.030526519134147653
674.4235168064074,20.11650536508475,6.550230779325378,-0.5157130219599922,-0.10137908326217288,-0.12407789638045287,-0.07585732757544818
674.5235168064073,20.171167311773356,6.437970865694979,-0.43626282360211677,-0.19563536586616787,-0.09002191053829547,-0.10776827914764261
674.6235168064072,20.233687684694008,6.5278220913125145,-0.3568847465685367,-0.11604280610583709,-0.05815705323144773,-0.07540505367495841
674.7235168064074,20.197708424770948,6.5158407854335385,-0.3627004518916894,-0.12358331147334321,-0.05815705323144773,-0.07540505367495841
674.8235168064073,20.239259672040838,6.757539985228316,-0.3039727358882752,0.07921265360408011,-0.034933149103384104,0.00029159640042428214
674.9235168064074,20.20868773270645,6.765462708570737,-0.3074660507986184,0.07924181324412258,-0.034933149103384104,0.00029159640042428214
675.0235168064073,20.60293638997136,7.065196683271526,0.052612160872628815,0.3181801920780262,0.09933217588969073,0.08561656463692673
675.1235168064072,20.60869426693807,7.0974427853024835,0.06254537846158885,0.3267418485417111,0.09933217588969073,0.08561656463692673
675.2235168064074,20.453362191328896,7.050250056173456,-0.062146333369472166,0.2691945007298809,0.05071405170040062,0.061903195687742135
675.3235168064073,20.45350077475623,7.151935271476916,-0.05194919473050143,0.33739882117411074,0.05258167574319765,0.08434518098471919
675.4235168064072,20.367036266061284,7.353103956801092,-0.1143930098115799,0.483298024466274,0.028141332535925587,0.13363529371573113
675.5235168064073,20.447974031916754,7.295083003897521,-0.03228680382023444,0.40549640918372837,0.05753855498186401,0.10006949170704355
675.6235168064072,20.72687554883738,7.530748139317696,0.20714502630963874,0.5754549296971986,0.14178943448845704,0.15735159686734582
675.7235168064074,20.748298998640816,7.589080390271834,0.2213239697585038,0.5911900893839547,0.14178943448845704,0.15735159686734582
675.8235168064073,20.6676748819989,7.151935873968834,0.14592316078219356,0.19635205289300892,0.10844452192157397,0.009681642353926379
675.9235168064072,20.682809420686713,7.171619487469887,0.15676761297434108,0.19732021712840067,0.10844452192157397,0.009681642353926379
676.0235168064073,20.743165046356722,7.188491438947799,0.20704144261646107,0.1928007538035544,0.12346980343422485,0.006839760394264281
676.1235168064072,20.76448653963552,7.207805713130108,0.21938842295987232,0.1934847298429802,0.12346980343422485,0.006839760394264281
676.2235168064071,20.703770915175575,7.305737057493293,0.16257057203281267,0.25883991502069303,0.09849178212178672,0.03003739072453602
676.3235168064073,20.466773333007527,7.145088845861995,-0.04081227772225024,0.10635741863830706,0.020798069692230012,-0.026230867421999142
676.4235168064072,20.307449431475703,7.030111087504952,-0.1677273803722071,0.0004489415225138651,-0.0257689544838721,-0.06326545945418216
676.5235168064073,20.281871646712695,6.915197792769639,-0.1777628749573639,-0.10353641784659798,-0.028534200622458813,-0.09922214452520212
676.6235168064072,20.2501210673898,6.977101875402173,-0.19208420737532927,-0.053663233900667705,-0.032668872294433667,-0.07780812357869
676.7235168064071,20.23074930229081,6.971346511394219,-0.19535109460476968,-0.06144404625852963,-0.032668872294433667,-0.07780812357869
676.8235168064073,19.98215394162605,6.847288542761863,-0.39115560882876116,-0.1648618522507237,-0.1028734065791681,-0.11181775168598479
676.9235168064072,19.94252401371031,6.830243268778377,-0.4014429494866686,-0.176043627419312,-0.1028734065791681,-0.11181775168598479
677.0235168064071,19.988233600188575,7.029158316359474,-0.34201121294647335,-0.004543340159890319,-0.07826441169210031,-0.045166902301207255
677.1235168064072,19.95364115683542,7.028478147831978,-0.34983765411569406,-0.009060030390017206,-0.07826441169210031,-0.045166902301207255
677.2235168064071,20.06221183508223,7.048256561176236,-0.23810401958014887,0.0036392445182311358,-0.03508677264904903,-0.03899151760715177
677.3235168064073,19.865321667123812,7.11735319784448,-0.386909890923528,0.057149385040373285,-0.08802759266173361,-0.01821591088715903
677.4235168064072,20.02652792409245,7.322054293664995,-0.2293588833165563,0.2191896502143553,-0.027974061040704677,0.04053932036456496
677.5235168064071,19.82093384925307,6.9839295440138915,-0.389060308367263,-0.0836359168882394,-0.08614560566524794,-0.07244965747017781
677.6235168064072,19.61497874436156,7.024258474214866,-0.5358195313266196,-0.050563426923816664,-0.135952650270461,-0.05801110761117099
677.7235168064071,19.560717027977596,7.018912075984433,-0.5494147963536534,-0.05636453768492849,-0.135952650270461,-0.05801110761117099
677.823516806407,19.569629428482582,7.023608898429137,-0.5091838260620464,-0.05651214372284529,-0.11644818679855495,-0.05681831784415888
677.9235168064072,19.518128804942315,7.017673592467623,-0.5208286447419177,-0.062193975507268934,-0.11644818679855495,-0.05681831784415888
678.0235168064071,19.58606758444986,6.734409363582257,-0.4298012090756305,-0.2998677395369965,-0.07865795666769938,-0.1412067604800961
678.1235168064072,19.5426941737589,6.703716555826114,-0.4376670047424112,-0.3139884155850254,-0.07865795666769938,-0.1412067604800961
678.2235168064071,19.924513966046845,6.215608341090297,-0.09171777294926253,-0.7035487567602776,0.04911795392470773,-0.27587736087539627
678.323516806407,20.174871967668068,6.485461217584165,0.13107904988154045,-0.44663135932054443,0.12850704394968876,-0.17291899770905522
678.4235168064072,20.185146929780714,6.87558847690981,0.14104382823905764,-0.10533261098962939,0.12746522774194835,-0.044340712716651215
678.5235168064071,19.887503090086458,7.2803544561231845,-0.11475556297995887,0.244198978874238,0.02790289196196516,0.08598476797693097
678.623516806407,20.010332341345507,7.4520311604452525,-0.0007277086430368621,0.37347249532427496,0.06800878004170552,0.12920110060536602
678.7235168064071,20.010599614381412,7.49002441548076,0.006073169361142968,0.38639260538482917,0.06800878004170552,0.12920110060536602
678.823516806407,19.595183213089594,7.711439526777356,-0.33546982654899393,0.5491402701870902,-0.05850370461767021,0.18292357176122745
678.9235168064072,19.56134371191156,7.7672681716549485,-0.34132019701076893,0.567432627363238,-0.05850370461767021,0.18292357176122745
679.0235168064071,19.507767928960032,7.487857348249925,-0.36844977176925664,0.305197852895448,-0.06771081603246654,0.08143961587444151
679.123516806407,19.47058439770298,7.518784331618813,-0.3752208533724971,0.31334181448288473,-0.06771081603246654,0.08143961587444151
679.2235168064071,19.646350482400738,7.2959629592472695,-0.20455547353775175,0.11189749880480265,-0.003631837829360579,0.006260081699224859
679.323516806407,19.506185889235734,7.235939073281631,-0.3054988438782192,0.05318418242308434,-0.04027946607267829,-0.015213976260604587
679.423516806407,19.83868621198948,7.1324843832843055,-0.007894256842637573,-0.03780650237820055,0.06860955542370309,-0.04729458841649416
679.5235168064071,19.807332125898885,6.988959830067637,-0.02760347645479759,-0.16137675717508201,0.05875876804387264,-0.09105019965060923
679.623516806407,19.9756930801831,7.013921220250179,0.1199069141665091,-0.13632884308059665,0.10982405297872092,-0.07881929786009764
679.7235168064071,19.988232891864662,6.999894239452798,0.13088931946439616,-0.14421077286661715,0.10982405297872092,-0.07881929786009764
679.823516806407,19.65899075070238,6.769573638517082,-0.14342016623578485,-0.33259187057628625,0.0066338804368054755,-0.14440888080914227
679.923516806407,19.644681903480997,6.73559240705544,-0.14275677819210492,-0.34703275865718736,0.0066338804368054755,-0.14440888080914227
680.0235168064071,20.28930925249716,6.781852529976407,0.4204681227416587,-0.2938726851758928,0.2141510132453767,-0.12006018937970525
680.123516806407,20.332426819837508,6.751864960511948,0.44188322406617686,-0.30587870411385243,0.2141510132453767,-0.12006018937970525
680.2235168064069,20.07277541474527,7.049131544243248,0.21004238418870189,-0.04745919627974566,0.12269076993027102,-0.023058270202443304
680.323516806407,19.96910753884048,7.349726774443727,0.11702987980598993,0.20464714761926023,0.08433013065147682,0.06900987761160304
680.423516806407,19.756558597107837,7.324815621418979,-0.06109887438403832,0.17391493092148363,0.016981532542014316,0.05551590359495802
680.5235168064071,19.774144739691188,7.500930753410017,-0.039103141867348847,0.314440377568301,0.024506779796767214,0.10521149453245174
680.623516806407,19.72766753917313,7.550374010659257,-0.07204661876979979,0.3393224838322035,0.011745676903300617,0.1103544626904098
680.7235168064069,19.720521605680673,7.584858031355898,-0.0708720510794708,0.35035793010123445,0.011745676903300617,0.1103544626904098
680.823516806407,19.51291939418429,7.484213502616245,-0.23729929145217393,0.25249397320227496,-0.04906932434225764,0.07216461747749106
680.923516806407,19.488944118417383,7.509823723023836,-0.24220622388639523,0.2597104349500175,-0.04906932434225764,0.07216461747749106
681.0235168064069,19.367619076517386,7.918345847449779,-0.3243132336574978,0.5909311713948159,-0.0760311126679051,0.19103173993506045
681.123516806407,19.33480759758825,7.978394123289019,-0.33191634492429867,0.610034345388348,-0.0760311126679051,0.19103173993506045
681.2235168064069,19.13386342487644,7.996885193945793,-0.47853747205002006,0.5933495531262649,-0.1262357455594225,0.17819455902363115
681.323516806407,19.10766961482387,8.074846490141217,-0.47242908916886517,0.6259406520157663,-0.11941052643903087,0.18354020662012757
681.423516806407,18.774860628073498,7.951029807760278,-0.7209993212108081,0.49010332562353737,-0.20483340669323702,0.1282524876853276
681.5235168064069,18.512327961579523,7.6270011717189945,-0.904309966321801,0.18460534187268837,-0.26520098599435,0.01105007838681285
681.623516806407,18.55157876627158,7.521546788620836,-0.8222103984953251,0.08382093657532652,-0.2260389620914841,-0.02543871649644252
681.7235168064069,18.468227531611667,7.52980168869588,-0.8448142947044529,0.08127706492568458,-0.2260389620914841,-0.02543871649644252
681.8235168064068,18.702002839886458,7.225990425145077,-0.6027347927462474,-0.1801265018299383,-0.13058970226833627,-0.11889150283572074
681.923516806407,18.641076412100407,7.207383317447879,-0.6157937629730988,-0.1920156521135266,-0.13058970226833627,-0.11889150283572074
682.0235168064069,19.121200118606147,7.393151909717429,-0.16387651433791314,-0.023239675482353964,0.04145308574117801,-0.05085712891923466
682.123516806407,19.10501973260104,7.390573656524594,-0.15973120576378969,-0.028325388374284367,0.04145308574117801,-0.05085712891923466
682.2235168064069,19.124566731012077,7.4702268979976365,-0.12625535437166005,0.03471099340389214,0.0520454476418225,-0.026421662340873966
682.3235168064068,19.187503683314496,7.607302077138207,-0.05777184474071976,0.14345660415246267,0.0751019169070968,0.013887990608759886
682.423516806407,19.373912021756862,7.128759738953381,0.10901125748121439,-0.260911288056216,0.13259926697464636,-0.1316024168064907
682.5235168064069,19.560955198466043,7.344239985653007,0.27312381905207217,-0.06772600952139148,0.18852728488127068,-0.05562872200010946
682.6235168064068,19.40616056955936,7.515158816044403,0.14020855606955496,0.0729819178412631,0.13380844891692723,-0.003245996078175842
682.7235168064069,19.420850467410922,7.522440777848149,0.15358940096126594,0.07265731823344507,0.13380844891692723,-0.003245996078175842
682.8235168064068,19.369139918932955,7.824242897607142,0.1114780894028362,0.31615975614805425,0.11397192370590711,0.08459099292096858
682.923516806407,19.380857587491782,7.856281828186598,0.12287528177344245,0.32461885544016267,0.11397192370590711,0.08459099292096858
683.0235168064069,18.748810938977787,7.807761444817697,-0.40713846002267534,0.2655677616528508,-0.08320106033315129,0.0602353508550338
683.1235168064068,18.70768108767389,7.8346193977372325,-0.4154585660559829,0.2715912967383487,-0.08320106033315129,0.0602353508550338
683.2235168064069,18.82875890256648,7.911299194431059,-0.2883593632683264,0.3181385459010693,-0.034296055871865766,0.07477124946120764
683.3235168064068,19.049467028184477,8.061138706317477,-0.08194478997057712,0.42360689343155616,0.04216325206947594,0.11023287982574434
683.4235168064067,18.825301386965453,7.930733504201561,-0.25723907695308984,0.29197170904781833,-0.02263988661540009,0.05908045347666471
683.5235168064069,18.966768496773657,8.11735451000031,-0.11567802618708647,0.4317311771879356,0.03068267806684838,0.10836277922822204
683.6235168064068,18.988330841625874,8.029706372587102,-0.08526847271154485,0.33460191580571425,0.04054037804081245,0.06969799260410453
683.7235168064069,18.980006696244914,8.063515054130741,-0.08121443490745807,0.3415717150661342,0.04054037804081245,0.06969799260410453
683.8235168064068,18.616438794588223,8.038251940129989,-0.37412779199691254,0.29745468098894473,-0.0671569689156073,0.05086143209586881
683.9235168064067,18.57869023054399,8.068251715389335,-0.38084348888846714,0.302540824198527,-0.0671569689156073,0.05086143209586881
684.0235168064069,18.453502313837586,7.7351721825213025,-0.4618207803828405,0.002625625814789392,-0.09459923660737697,-0.06014767627566968
684.1235168064068,18.406847239616308,7.735134006721403,-0.47128070404356964,-0.0033891418127721053,-0.09459923660737697,-0.06014767627566968
684.2235168064067,18.626129458191716,7.832005341433447,-0.25906973923110876,0.07087947720948805,-0.01454554349592889,-0.03134994154980747
684.3235168064068,18.534208623590352,7.769554786915595,-0.3159367952521678,0.009956988983489191,-0.034735770127956735,-0.05226241412024308
684.4235168064067,18.409287731146467,7.678232344985296,-0.3967620925404561,-0.07104186751528054,-0.06265965827801404,-0.0794318702921129
684.5235168064069,18.249631755367208,7.575784093009155,-0.5059007463794513,-0.1598665234704099,-0.10079930059861678,-0.10921135874067416
684.6235168064068,18.398582354385773,7.471193246553939,-0.3501219695098267,-0.24316145782295348,-0.04100016054418262,-0.13512997586017472
684.7235168064067,18.363365156632103,7.4462014508923655,-0.3542219855642412,-0.25667445540895867,-0.04100016054418262,-0.13512997586017472
684.8235168064068,18.46543962423689,7.551876472121801,-0.2434720953764771,-0.16250047496770795,0.0006156600360660916,-0.096765353684832
684.9235168064067,18.441095492999445,7.5351425978566215,-0.24341052937287055,-0.17217701033618235,0.0006156600360660916,-0.096765353684832
685.0235168064066,18.74165887489381,7.381344311514676,0.03234438536302821,-0.30657348279818514,0.10184018637862113,-0.1450831632584757
685.1235168064068,18.745402514362013,7.349961547418521,0.04252840400090421,-0.3210817991240525,0.10184018637862113,-0.1450831632584757
685.2235168064067,18.549540158233157,7.614348530550245,-0.11392442165600597,-0.0908805158463943,0.04166135601386343,-0.05730557404202671
685.3235168064068,18.6947159055721,7.649133174835744,0.021636063326375035,-0.059831217063860985,0.08953650353740848,-0.04399546696756784
685.4235168064067,18.284035648602316,7.547083088025675,-0.3125943894710272,-0.14312308505186508,-0.03435259003593599,-0.07228354258915938
685.5235168064066,17.980424776636433,7.492484816406927,-0.5500121056760978,-0.1843615615839198,-0.12110066087462802,-0.08480562035081789
685.6235168064068,17.97756047937101,7.901808306440523,-0.5183929936168171,0.15907627824816473,-0.10533442648830012,0.04122394431288169
685.7235168064067,17.925194507876935,7.917922053986889,-0.5289264362656375,0.16319867267944915,-0.10533442648830012,0.04122394431288169
685.8235168064066,18.119582991465382,7.865751203785878,-0.3339971412590832,0.10912941669344721,-0.031214357423274785,0.01990469957695931
685.9235168064067,18.086027205552313,7.876763668953123,-0.33711857700141495,0.11111988665114586,-0.031214357423274785,0.01990469957695931
686.0235168064066,17.921609015221414,8.132964751635592,-0.4558433244871931,0.3178112436296624,-0.07499756829293093,0.09418305826575941
686.1235168064068,17.875649694931166,8.165216791289932,-0.46334308131649643,0.3272295494562512,-0.07499756829293093,0.09418305826575941
686.2235168064067,18.437394093021066,8.22178984430331,0.034533401042361814,0.3558965576378802,0.10751279486952318,0.10108758792462849
686.3235168064066,18.781185609014592,8.093594216745913,0.3308303047896038,0.2291689187545889,0.21155485566261575,0.0515684409355769
686.4235168064067,18.65664636657584,8.013035197993283,0.22022294585612415,0.1489417904590684,0.16398860995999054,0.020952682287819147
686.5235168064066,18.538409633471808,7.874318770786862,0.11534160901535462,0.0200930876277924,0.11902445615501589,-0.027259158142083868
686.6235168064065,18.43876227282016,7.71714983390827,0.034569105598511944,-0.1133472672962293,0.08561118313897281,-0.07407081609706813
686.7235168064067,18.44264723929571,7.705444753098146,0.043130223912420905,-0.12075434890594622,0.08561118313897281,-0.07407081609706813
686.8235168064066,18.536582928889032,8.073886356184085,0.12644017634335988,0.18580845418440767,0.11279244452522147,0.03867886730014594
686.9235168064067,18.549790908746015,8.092660595939051,0.1377194207958974,0.18967634091442753,0.11279244452522147,0.03867886730014594
687.0235168064066,18.61322654462483,8.120451239308062,0.1896685401779987,0.19933598338235528,0.12744950227324536,0.040385774560476956
687.1235168064065,18.632830646153977,8.140586766519082,0.20241349040531165,0.2033745608383993,0.12744950227324536,0.040385774560476956
687.2235168064067,18.59735075869576,8.064971052031582,0.16834758390960436,0.1282460901208836,0.11054434172554367,0.011988471613154701
687.3235168064066,18.727882310243487,8.15855588375352,0.2744807006393822,0.1966595405782332,0.14518742931048678,0.036312480991962916
687.4235168064065,18.403034276030617,8.156331238146635,-0.004138787549359469,0.1821230387864111,0.03936484192469532,0.029798150137202956
687.5235168064066,18.500803964502495,8.135280861896169,0.08403315367982453,0.15152962880380524,0.0705948045532944,0.017436932181639844
687.6235168064065,18.613894863739734,7.872754985545934,0.1775973306278863,-0.07501883643582072,0.10178343828076898,-0.0643194101804531
687.7235168064067,18.63216351399395,7.864931504851438,0.1877756744559771,-0.0814507774538748,0.10178343828076898,-0.0643194101804531
687.8235168064066,18.32080669437149,7.607363192858312,-0.07842240683169305,-0.29501371928366843,0.0014757238933464506,-0.13918619743084382
687.9235168064065,18.3129718323078,7.577165889942819,-0.07827483444235854,-0.30893233902674017,0.0014757238933464506,-0.13918619743084382
688.0235168064066,18.16909178297307,7.696498704750555,-0.19157837560413798,-0.19580893732938046,-0.039624366388497645,-0.09282604706141712
688.1235168064065,18.14973582358073,7.676453680782329,-0.19554081224298414,-0.20509154203551372,-0.039624366388497645,-0.09282604706141712
688.2235168064065,17.85132101523843,7.639034812240204,-0.43095793612593575,-0.22791423308624517,-0.12321135712719516,-0.09768289018909683
688.3235168064066,17.895145564069754,7.718132729016565,-0.3697193580328093,-0.15241292790455024,-0.09640897051896827,-0.06682503628005883
688.4235168064065,17.91089659830119,7.855516563513825,-0.3351805095711421,-0.03319360852100707,-0.08046012971976209,-0.021680968619801295
688.5235168064066,17.59204157639053,7.92233723843035,-0.5881739658368316,0.024480129526543312,-0.17127342579649096,0.00035200450858979826
688.6235168064065,17.893999577399864,7.842985245112577,-0.30546939170704623,-0.04271644132078582,-0.06317122777488733,-0.023725141850692414
688.7235168064065,17.863136782090315,7.838594975271249,-0.3117865144845292,-0.04508895550585291,-0.06317122777488733,-0.023725141850692414
688.8235168064066,18.385145129717788,8.049409064166438,0.142971855575955,0.129539384151681,0.10374481705899502,0.03967836094036066
688.9235168064065,18.39996103936066,8.062561394386297,0.15334633728184505,0.13350722024571346,0.10374481705899502,0.03967836094036066
689.0235168064064,18.136399210043834,8.277474859756863,-0.07379727207233965,0.3050761656882239,0.016419907689959178,0.10031409448333424
689.1235168064065,18.12910158237504,8.308484046798144,-0.07215528130334149,0.315107575136571,0.016419907689959178,0.10031409448333424
689.2235168064065,18.074339919503615,8.230796741733581,-0.11007287929884957,0.2348203620204854,0.002133452664756865,0.06791671014328081
689.3235168064066,18.153395361690702,8.170209500637448,-0.034185825387279045,0.17130858338262145,0.02970609929762762,0.04247489118065079
689.4235168064065,18.371763897609135,8.07407344237918,0.15282639101193293,0.08215047992011859,0.09614492206338719,0.008982855160514232
689.5235168064064,18.452013893417863,7.988714575455644,0.21787757557282592,0.003298631880073937,0.11669785655665912,-0.020380090549348515
689.6235168064065,18.16370632666637,7.98360841894649,-0.02803903810728855,-0.003123418025929859,0.02382696991367142,-0.021950110068067297
689.7235168064065,18.161021557705215,7.983186326593557,-0.025656341115923572,-0.005318429032734592,0.02382696991367142,-0.021950110068067297
689.8235168064064,17.840378844090644,7.951507011735073,-0.28679258264325047,-0.036149986801541696,-0.0711541430366614,-0.03305728230000535
689.9235168064065,17.811343815111094,7.947726726643413,-0.2939079969469263,-0.03945571503154674,-0.0711541430366614,-0.03305728230000535
690.0235168064064,17.857406725481223,8.302588823036766,-0.23727645914420414,0.257464267568621,-0.047909615121783225,0.07596308206287353
690.1235168064065,17.833439531491162,8.32871506520398,-0.242067420656389,0.2650605757749187,-0.047909615121783225,0.07596308206287353
690.2235168064065,18.05664734268883,8.4901600898188,-0.04115908314971494,0.3834430086967041,0.026376136472919087,0.11570218082286302
690.3235168064064,18.23502694069978,8.287716964940834,0.11472467985942235,0.19398151275641784,0.08221325612592298,0.04295166147833322
690.4235168064065,18.328091511724228,8.19198472526213,0.19035614626584607,0.103335285473163,0.10654824473383254,0.008908940044351457
690.5235168064064,18.429679518185928,8.027837584908259,0.2715201288407074,-0.04444486473264885,0.13268923630611099,-0.04582977455232641
690.6235168064063,18.356000815324396,8.049593830849382,0.20063939507375536,-0.027305478299403496,0.10234969464798596,-0.0380505278581893
690.7235168064065,18.37657650330504,8.046673030380147,0.21087436453856792,-0.031110531085227617,0.10234969464798596,-0.0380505278581893
690.8235168064064,17.925015914281943,7.439159255902575,-0.17363022840911205,-0.5312742332210096,-0.04071133759052546,-0.21583889923034255
690.9235168064065,17.907449334753053,7.384952638084246,-0.17770136216817015,-0.5528581231440733,-0.04071133759052546,-0.21583889923034255
691.0235168064064,17.574155221160105,7.4861439854158025,-0.44949543762246724,-0.4507619642928896,-0.1390536283287413,-0.17317626890101118
691.1235168064063,17.528510409256256,7.440201907642051,-0.4634008004553287,-0.468079591182975,-0.1390536283287413,-0.17317626890101118
691.2235168064065,17.260164100374283,7.857454974589114,-0.6611250834433143,-0.10261054228701172,-0.20543755236825068,-0.03587028810121151
691.3235168064064,17.71916274274477,8.127098142210492,-0.23953749741815203,0.1270817457329668,-0.04434155937141954,0.048550180252462605
691.4235168064063,17.56579774052393,8.090845931968524,-0.3512465262063528,0.09143732103345047,-0.08306767354362271,0.03402847167957144
691.5235168064064,17.40497412522801,8.18455030944504,-0.46725483591027683,0.16672906004535648,-0.12299759451684703,0.06049701203469396
691.6235168064063,17.428510099233897,8.081504541923513,-0.42079034233516555,0.07413498556170567,-0.10181057417888162,0.02517054987564834
691.7235168064065,17.385922012129427,8.089043893229073,-0.4309713997530676,0.07665204054927394,-0.10181057417888162,0.02517054987564834
691.8235168064064,17.454782215545507,8.454021139421256,-0.35035534222163,0.3745001910800482,-0.06972071427847117,0.13146928364164334
691.9235168064063,17.419398077751982,8.492128504947432,-0.3573274136494708,0.38764711944420055,-0.06972071427847117,0.13146928364164334
692.0235168064064,17.353391709154575,8.378142796310295,-0.3921317242694581,0.2770523863310156,-0.08061605613833178,0.08780276783516561
692.1235168064063,17.313775456446976,8.406287048782547,-0.40019332988328393,0.28583266311452415,-0.08061605613833178,0.08780276783516561
692.2235168064062,17.193743707180264,8.43346312257613,-0.47437774356513374,0.29309290915136055,-0.10449548848601181,0.08725753121717444
692.3235168064064,17.154252692103782,8.52213531979703,-0.4777103143915069,0.35089816086772424,-0.10190232999524013,0.10501870402162071
692.4235168064063,17.16977270586958,8.66966943720614,-0.4349226021457528,0.4535215084924505,-0.08277734851867914,0.13805030039745544
692.5235168064064,17.20714964447637,8.29572882416268,-0.3733243757092853,0.10955981726114108,-0.056871112161206716,0.0063253195723266264
692.6235168064063,17.326339464367646,8.098026253122638,-0.24900181431949633,-0.06132730184796882,-0.009997078445879423,-0.055099564265725175
692.7235168064062,17.301389297543487,8.091618025116519,-0.2500015221640834,-0.06683725827453632,-0.009997078445879423,-0.055099564265725175
692.8235168064064,17.101331920914202,8.352224053741223,-0.39668705914693614,0.1469113758873193,-0.0627111163320241,0.023287955979103124
692.9235168064063,17.061349659417886,8.367031631109835,-0.40295817078013285,0.1492401714852275,-0.0627111163320241,0.023287955979103124
693.0235168064062,17.13318764817986,8.5315658968462,-0.31502764286560087,0.27952486036014046,-0.028460571358313275,0.07056596330731547
693.1235168064063,17.101542581036465,8.559871212698788,-0.31787370000143605,0.28658145669088164,-0.028460571358313275,0.07056596330731547
693.2235168064062,17.082052803558987,8.568044182100675,-0.310387290420248,0.2764815689556891,-0.024729129104683733,0.06441191453613096
693.3235168064064,17.041752317351538,8.094878772961867,-0.32053925883269047,-0.1344690023684445,-0.02752708743950078,-0.08663623057794093
693.4235168064063,16.959328248631845,8.309119936411408,-0.3650034377850166,0.044635555506340574,-0.04258488349788247,-0.019309012737044093
693.5235168064062,17.089509315268607,8.21414373434754,-0.22578924668255565,-0.04192185239272363,0.010607045116771609,-0.050467374596190134
693.6235168064063,16.891580403095013,8.089106573051975,-0.3701566533946558,-0.14608205775450583,-0.0418259935335403,-0.08596204366079574
693.7235168064062,16.854355607787912,8.074068557058235,-0.37433925274800606,-0.1546782621205776,-0.0418259935335403,-0.08596204366079574
693.8235168064061,17.320149766042817,8.093914892787913,0.04191692457840215,-0.13375902825748595,0.11066750582627913,-0.07534892415793297
693.9235168064063,17.324894796029795,8.080162245341356,0.05298367516104516,-0.14129392067328952,0.11066750582627913,-0.07534892415793297
694.0235168064062,16.95027159413216,8.05903581329135,-0.2580593010910243,-0.16193476189220013,-0.007394178363457543,-0.08221188131239594
694.1235168064063,16.92442869313121,8.042431277695545,-0.2587987189273711,-0.17015595002345094,-0.007394178363457543,-0.08221188131239594
694.2235168064062,16.820594295276535,8.247543803143943,-0.3242557666052657,0.004845281395738824,-0.030766148015950755,-0.016489807864510153
694.3235168064061,16.822002646742444,8.531341491994754,-0.29877135037148456,0.23923418551116082,-0.0203595850192529,0.06892894705726148
694.4235168064063,16.76316040884365,8.69143250396463,-0.3247744756804647,0.35792389257059687,-0.029011706559800045,0.10901544255331355
694.5235168064062,16.897426347093752,8.439333482687788,-0.1842080307062104,0.12311793739507869,0.02417834466286456,0.01854918695488593
694.6235168064061,16.712543717638432,8.523895723163259,-0.3199053192281134,0.18427829969548443,-0.025618049726727578,0.03978774452977017
694.7235168064062,16.680425095466944,8.54252249185548,-0.32246712420078966,0.18825707414846687,-0.025618049726727578,0.03978774452977017
694.8235168064061,16.844947056803214,8.432085080100503,-0.16117169195264014,0.08409350643544063,0.03365732830172524,0.0005681631421739913
694.9235168064063,16.828998174249435,8.440497271559769,-0.15780595912246304,0.0841503227496581,0.03365732830172524,0.0005681631421739913
695.0235168064062,16.610356784985562,8.252892706667394,-0.31948485214858025,-0.07716837692636469,-0.024935212417980968,-0.05731827569801944
695.1235168064061,16.578283623708643,8.244889277596274,-0.32197837339037605,-0.08290020449616142,-0.024935212417980968,-0.05731827569801944
695.2235168064062,16.575695488671318,8.60299241180857,-0.2997747838105197,0.2132651453782149,-0.016016157037843076,0.050972557478298534
695.3235168064061,16.723565955568112,8.418139979461575,-0.15185763028885865,0.04642536988498745,0.038462845810695326,-0.01124900979113419
695.423516806406,16.804083800937796,8.365781205924913,-0.06870181672787436,-0.0015714099719005715,0.06709350080559223,-0.02805565500728831
695.5235168064062,16.84544456872586,8.18668706542667,-0.020818551805370462,-0.15668674606402724,0.08235856693120985,-0.08413410059147496
695.6235168064061,16.823740513307133,8.161201365315819,-0.029193046105607082,-0.17282289389676803,0.07636982673304082,-0.0868997794376366
695.7235168064062,16.821203057830235,8.14348457702893,-0.02155606343229258,-0.18151287184054354,0.07636982673304082,-0.0868997794376366
695.8235168064061,16.698489619286214,8.879078985074544,-0.11665495827089856,0.43214536901459366,0.03864024547482066,0.1367720660966314
695.923516806406,16.687017324686508,8.922977382306446,-0.11279093372342,0.4458225756242444,0.03864024547482066,0.1367720660966314
696.0235168064062,16.437907733824616,9.139487959181523,-0.31508621268068315,0.5992156378353528,-0.03821436733300884,0.1865329239913175
696.1235168064061,16.406208040719914,9.200342187584958,-0.3189076494139806,0.6178689302344675,-0.03821436733300884,0.1865329239913175
696.223516806406,16.559084505722577,8.890342249273159,-0.16910436191163075,0.32965235861091186,0.01726529719579483,0.07645838294044982
696.3235168064061,16.48468085665193,9.068221000046899,-0.2157638118995921,0.4576770701300416,-0.0003647297230462594,0.1200217857986241
696.423516806406,16.432386054456412,9.409800236013037,-0.24130636652883033,0.7126698187794436,-0.009572397875712279,0.2071498549054579
696.5235168064062,16.682660889194295,9.202327595526056,-0.006326567685806509,0.495055362995331,0.07790032629940677,0.11940010285910199
696.6235168064061,16.799093646770828,9.39547245000586,0.09820043872642042,0.6245599299296066,0.11277813254029709,0.1615025044830769
696.723516806406,16.80947758130616,9.458735955521178,0.10947825198043988,0.6407101803778996,0.11277813254029709,0.1615025044830769
696.8235168064061,16.611934165073066,9.307910120649106,-0.05412272502286151,0.48161087281116866,0.04927155479264206,0.09925893046190612
696.923516806406,16.60676825034475,9.356567502582488,-0.04919556954360178,0.49153676585735023,0.04927155479264206,0.09925893046190612
697.023516806406,16.464872005843677,9.206559866125067,-0.15903655181429965,0.33577515239161976,0.007596385767162291,0.039453211209585726
697.1235168064061,16.449006332591065,9.240334647420323,-0.1582769132375824,0.3397204735125837,0.007596385767162291,0.039453211209585726
697.223516806406,16.477378484887122,9.070136138858432,-0.12083682420965296,0.17540433683784903,0.020843075685884123,-0.020902349615514848
697.3235168064061,16.329198128866423,9.25593943954479,-0.23320660090214493,0.31354591422423383,-0.020859677853270656,0.029845549672619834
697.423516806406,16.404757176089642,9.314919099825406,-0.1530994109349079,0.3391460248291381,0.008811964039226506,0.03795471083851277
697.523516806406,16.086945349422827,9.081360528934859,-0.41230539775704234,0.11493014445854485,-0.08761433075477867,-0.045996056833632636
697.6235168064061,16.03336535671432,8.903986191325536,-0.43094265654236047,-0.04470797948593718,-0.09117498726602508,-0.10151869179357563
697.723516806406,15.989815216123795,8.89900779991798,-0.4400601552689547,-0.05485984866528551,-0.09117498726602508,-0.10151869179357563
697.8235168064059,16.242071882941737,9.03325195139516,-0.20114223480446541,0.05039945691124845,-0.0011490607369113587,-0.060124241023738964
697.923516806406,16.22195191415758,9.037991275881174,-0.20125714087815672,0.04438703280886635,-0.0011490607369113587,-0.060124241023738964
698.023516806406,16.09377729529076,9.00540549664102,-0.2861553748502296,0.005772156245165279,-0.030366436993737735,-0.07248803507765128
698.1235168064061,16.06500992562073,9.005620272090148,-0.2891920185496075,-0.001476647262609738,-0.030366436993737735,-0.07248803507765128
698.223516806406,16.17845617650911,8.81988389401869,-0.17385507001152226,-0.16122716285651512,0.012382718255060647,-0.12719055864025874
698.3235168064059,16.11481428270301,8.67776434515111,-0.21153958860357938,-0.27835826991927876,-0.0017992792360661414,-0.16497579559886807
698.423516806406,15.913125482945578,8.70950709274721,-0.3616224135673725,-0.2451373473460899,-0.05591406447177027,-0.14714844909525301
698.523516806406,15.793812804824002,8.929966910889071,-0.4384547358248699,-0.05054227809397846,-0.08232635232122823,-0.07008330359625768
698.6235168064059,15.828547268571093,8.772364701919631,-0.3811948013356847,-0.18263973943290607,-0.05871348675755678,-0.11488041746652877
698.723516806406,15.790134221003685,8.75352632588898,-0.38706615001144834,-0.1941277811795746,-0.05871348675755678,-0.11488041746652877
698.8235168064059,16.20647775950299,8.704030763870458,-0.014197750576012264,-0.22781810243389763,0.07824250264710286,-0.1222809161602794
698.923516806406,16.205449196958625,8.680637549046233,-0.006373500311291304,-0.24004619404994226,0.07824250264710286,-0.1222809161602794
699.023516806406,16.17647658588576,8.57925940648111,-0.033111764172839675,-0.31249039229025233,0.06272809737930041,-0.14303983121054453
699.1235168064059,16.173479049955375,8.547295168096062,-0.026838954434915338,-0.32679437541129375,0.06272809737930041,-0.14303983121054453
699.223516806406,16.177047579316156,8.854157258690387,-0.015633443140635174,-0.06095595447276448,0.0645094813910742,-0.04255245799142174
699.3235168064059,16.040329091666308,9.009525770817381,-0.12302885201214216,0.06944814195961603,0.02302816075148635,0.006178843582407861
699.4235168064058,16.1217510362176,8.844969166179613,-0.04299553921368217,-0.07112341184939162,0.05108878679341931,-0.0444468375799143
699.523516806406,16.141850222917295,8.680903626013903,-0.01713159134650905,-0.20908093146076556,0.05878364662907537,-0.09360450009311425
699.6235168064059,16.065360697669984,8.826118582285563,-0.07349462646948719,-0.0815224204856064,0.036342966535242965,-0.044570869127728896
699.723516806406,16.0581929498557,8.817743485891352,-0.06986032981595794,-0.08597950739838538,0.036342966535242965,-0.044570869127728896
699.8235168064059,15.554278195272108,8.637645170672235,-0.4795174503946408,-0.23135951461682286,-0.113056273573402,-0.09510668092374919
699.9235168064058,15.505761168864822,8.614033685805955,-0.4908230777519707,-0.24087018270918914,-0.113056273573402,-0.09510668092374919
700.023516806406,15.604772035652882,8.676317179023387,-0.3792209324711552,-0.17669771606448545,-0.06882610069806552,-0.06805849012574185
700.1235168064059,15.566505811902312,8.658307114966327,-0.38610354254095547,-0.18350356507705345,-0.06882610069806552,-0.06805849012574185
700.2235168064058,15.70507453870021,8.567003509782081,-0.2455369483410778,-0.25009359024663935,-0.01557664864128993,-0.08950313661635445
700.3235168064059,15.833382534978295,8.561742352200882,-0.11857446138049131,-0.2422230563347082,0.03125124964616114,-0.0834159110124585
700.4235168064058,15.641388872060086,8.655961359016684,-0.2651584492369552,-0.15273147950390967,-0.022793579694056196,-0.04833629860575546
700.523516806406,15.79676114175227,8.437705708949839,-0.1109775746262479,-0.33027189988572636,0.03521343288985876,-0.11192465749212012
700.6235168064059,15.676096408964373,8.499399329506614,-0.19844510450920536,-0.2631546588041815,0.0024080621563264265,-0.08388026365405908
700.7235168064058,15.656263938824253,8.47266446230795,-0.19820429829357294,-0.27154268516957974,0.0024080621563264265,-0.08388026365405908
700.8235168064059,15.549936829380817,8.73806657335853,-0.2688476308078143,-0.037485119120408604,-0.022932497591673345,0.003438604753578295
700.9235168064058,15.522937403812103,8.73433525447026,-0.27114088056697955,-0.037141258645051085,-0.022932497591673345,0.003438604753578295
701.0235168064057,15.476011846531115,9.294626729201845,-0.2917156466964059,0.4300537623095914,-0.030079503952833375,0.17162048898202942
701.1235168064059,15.446689884341671,9.338490207877774,-0.2947235970916933,0.4472158112078178,-0.030079503952833375,0.17162048898202942
701.2235168064058,15.26126269189138,8.926382232555213,-0.42714132885465883,0.0875514499715685,-0.0768142420800943,0.03645246170277325
701.3235168064059,15.27100040188244,9.007466363708499,-0.3904229976110523,0.15128711220220797,-0.060636645004795764,0.05819832900175055
701.4235168064058,15.52915506857583,8.966088931290514,-0.1494520370684874,0.11035682859383074,0.028542589979596203,0.04143534358736314
701.5235168064057,15.310463197691009,8.945431030506441,-0.32187368367950164,0.08732538200762704,-0.03644025898243254,0.03142987457342523
701.6235168064059,15.520145858090128,8.928715545679896,-0.12483018385911808,0.06942382271649353,0.03591615618444241,0.023893368806222597
701.7235168064058,15.507842420485149,8.93577739479557,-0.12123856824067711,0.07181315959711361,0.03591615618444241,0.023893368806222597
701.8235168064057,15.77619040989487,8.892786340733368,0.11746698009328453,0.03435597403893469,0.12147001451823138,0.010018434595748582
701.9235168064058,15.788544457976808,8.896272030310245,0.12961398154512424,0.03535781749851092,0.12147001451823138,0.010018434595748582
702.0235168064057,15.51764502916151,8.68297667632052,-0.0981201504302667,-0.14373082179380473,0.033811093809885014,-0.05501687083788026
702.1235168064059,15.50800206958752,8.66832850978693,-0.09473904104927358,-0.14923250887760026,0.033811093809885014,-0.05501687083788026
702.2235168064058,15.56880581530487,8.717324901279355,-0.03312635530555799,-0.10188097181364998,0.05484070566215696,-0.03605836407916151
702.3235168064057,15.393115273431498,8.934990574436627,-0.17272752815665654,0.08444089660415896,0.001977112480112786,0.03267377219680181
702.4235168064058,15.172668868387253,8.925288815661208,-0.34124693899138187,0.07263782990903794,-0.05892958783967146,0.02727002883958379
702.5235168064057,15.247566886307443,9.28251630394842,-0.2531639426842358,0.37336875503757916,-0.02408837407140975,0.136991136504454
702.6235168064056,15.086300152623771,9.39100332825974,-0.36819048268358595,0.44498226300197685,-0.06469186058470133,0.15773152934673723
702.7235168064058,15.049157645052437,9.436290212206734,-0.3746596687420649,0.4607554159366721,-0.06469186058470133,0.15773152934673723
702.8235168064057,15.277409547469656,9.804805654091984,-0.16166063664211217,0.7429742282633561,0.014178903560948527,0.25376689079568904
702.9235168064058,15.261314378323227,9.880371911372402,-0.16024274628601537,0.7683509173429597,0.014178903560948527,0.25376689079568904
703.0235168064057,15.248363355181711,9.671573298016806,-0.15397185427231,0.5523524009248448,0.016599915698623152,0.16572062675367125
703.1235168064056,15.233049169332988,9.727637141243008,-0.1523118627024492,0.5689244636001969,0.016599915698623152,0.16572062675367125
703.2235168064058,15.078086907845993,9.493380505928325,-0.266780201020408,0.3451035406463986,-0.025338390889218694,0.07949141148270525
703.3235168064057,14.918652633679148,9.253650161082223,-0.3807670210052977,0.12430880850340663,-0.06594765549970749,-0.003287744332254955
703.4235168064056,14.88981726911669,9.324319166747395,-0.3794142708047777,0.17192976989588793,-0.06307861082821173,0.013905383349537174
703.5235168064057,15.076939416144201,9.079386805901155,-0.19197244983065695,-0.05003300287511133,0.008753317706427802,-0.06833035539704234
703.6235168064056,15.221819732229301,8.835944537422558,-0.055095328942348525,-0.252555019830464,0.05778776507229521,-0.13841079735874448
703.7235168064058,15.21659913816042,8.80999698145268,-0.04931655243511112,-0.26639609956635735,0.05778776507229521,-0.13841079735874448
703.8235168064057,15.171142646027494,8.91337265960046,-0.07706918089675088,-0.17107477820515238,0.045775007296995344,-0.09882664140987887
703.9235168064056,15.16366460297431,8.895771048572913,-0.07249168016705551,-0.1809574423461313,0.045775007296995344,-0.09882664140987887
704.0235168064057,14.949715761046727,9.269041602887407,-0.2402344596307527,0.1366058081362382,-0.01658868484325461,0.019998893354621523
704.1235168064056,14.925609371659458,9.282802178167792,-0.24189332811507666,0.13860569747169854,-0.01658868484325461,0.019998893354621523
704.2235168064055,14.978477665038048,9.285326135305946,-0.17947992398289564,0.13118952433575232,0.006550222048514499,0.016621341901833776
704.3235168064057,14.83003380646294,9.368146122920301,-0.28851238967581744,0.1908358616054122,-0.03341576347015146,0.037605000665933176
704.4235168064056,14.66033951918057,9.001895035167832,-0.4086667992762454,-0.12273004926689296,-0.07558507112928964,-0.07617734674696588
704.5235168064057,14.238923721535222,8.8678280688865,-0.7430439468985646,-0.2337747227327832,-0.19675178985431657,-0.11425777938382721
704.6235168064056,14.42946096505604,8.833006260116466,-0.542321068755882,-0.2541369122265012,-0.11728888718296278,-0.11745810096974246
704.7235168064055,14.374642413744587,8.807005278388992,-0.5540499574741676,-0.26588272232346477,-0.11728888718296278,-0.11745810096974246
704.8235168064057,14.473908285415694,8.764507108054891,-0.43978479904024925,-0.2912153969973827,-0.07257831787884528,-0.12259531882379654
704.9235168064056,14.429566913922317,8.734772591761061,-0.4470426308281272,-0.3034749288797512,-0.07257831787884528,-0.12259531882379654
705.0235168064055,14.664273439331994,9.18839677659721,-0.2203162597310906,0.0931724677789634,0.012384960786360935,0.026898175266968957
705.1235168064056,14.642303738162788,9.197848514251454,-0.2190777636524528,0.09586228530566397,0.012384960786360935,0.026898175266968957
705.2235168064055,14.726840695823418,9.217497071115684,-0.12947865021957392,0.106725955189519,0.04429530225491726,0.02983014465307228
705.3235168064057,14.501886191282107,9.207050165728981,-0.303391382346276,0.09199448371191611,-0.020685894881960765,0.023419524027691437
705.4235168064056,14.169628763304269,9.362762254555195,-0.5560773947811865,0.21483562414130203,-0.11115851607122078,0.06662639242055651
705.5235168064055,13.769623888317062,9.398554296973389,-0.8627805041937469,0.23340330302621637,-0.22074632314794096,0.07100967075652868
705.6235168064056,13.875147966928266,9.40656510388542,-0.7249152761741262,0.22761333157796243,-0.16308117981303738,0.06639314783059895
705.7235168064055,13.801841033411856,9.429658402782348,-0.7412233941554152,0.23425264636101628,-0.16308117981303738,0.06639314783059895
705.8235168064055,14.150417791770128,9.778322265580952,-0.4049034312445684,0.5106096252098719,-0.035469316356434924,0.16376233442912358
705.9235168064056,14.109750102063833,9.830202039774155,-0.40845036288021674,0.5269858586528066,-0.035469316356434924,0.16376233442912358
706.0235168064055,14.17536444931303,10.096561322678895,-0.32602189259258135,0.71531577956814,-0.005152872060362534,0.22452032004572975
706.1235168064056,14.142736495693425,10.169215502236037,-0.3265371797986183,0.7377678115727435,-0.005152872060362534,0.22452032004572975
706.2235168064055,14.438089867629827,10.250022479266944,-0.05459128903478356,0.7650837229049824,0.0932431044082884,0.22626499864565383
706.3235168064055,14.573710628285921,9.900374328959522,0.072895314011477,0.4318256701525139,0.13629698927365264,0.09747543847363982
706.4235168064056,14.605170389277161,9.731894390666094,0.10602931648977724,0.26695117232914195,0.1433380219599458,0.03486197446179343
706.5235168064055,14.665499924130756,9.423039784583947,0.1624950673734531,-0.015552496963682265,0.15895827534580806,-0.07043571666651369
706.6235168064054,14.452360706198457,9.337907874505099,-0.012456180885212139,-0.09099715066435415,0.09014976221060775,-0.09493161840265592
706.7235168064055,14.451565836920988,9.328333501346636,-0.0034412046641390647,-0.1004903125046327,0.09014976221060775,-0.09493161840265592
706.8235168064055,14.192865056575405,9.406503310956808,-0.20964308114371344,-0.03511416600519609,0.012338912431849036,-0.06757086448252722
706.9235168064056,14.171962443023165,9.40265404003387,-0.20840918990052684,-0.04187125245345803,0.012338912431849036,-0.06757086448252722
707.0235168064055,13.815835678444946,9.360337787076022,-0.4878771515377583,-0.0807777760992272,-0.08965559543455297,-0.07939610864239374
707.1235168064054,13.766599685314043,9.351863028922894,-0.4968427110812054,-0.08871738696345936,-0.08965559543455297,-0.07939610864239374
707.2235168064055,13.429634814725167,9.49589023048036,-0.7440486516652812,0.02955560677370939,-0.1756931553593149,-0.03412351541925536
707.3235168064055,13.318653804157528,9.44349791582186,-0.7916159008586721,-0.019813431350384228,-0.18662327150220626,-0.050754586951742994
707.4235168064054,13.133545561405283,9.646237574674526,-0.8974781154525527,0.1438272707459993,-0.21810233744933233,0.009741231106884136
707.5235168064055,13.399950478700394,9.615192884907103,-0.6121799923673813,0.10606210482692349,-0.10424312846373855,-0.004522063384277613
707.6235168064054,13.42817594636147,9.437646145498016,-0.5480138354774914,-0.0490118968313533,-0.07735008179128947,-0.05989546087726967
707.7235168064055,13.37298781240469,9.432445478510488,-0.5557488436566309,-0.055001442919088435,-0.07735008179128947,-0.05989546087726967
707.8235168064055,13.49426463074484,9.582707890529116,-0.4155432114629243,0.07022393337218993,-0.023712800397804962,-0.01208107164069619
707.9235168064054,13.452591745596598,9.589669878508126,-0.4179144915027026,0.06901582620812141,-0.023712800397804962,-0.01208107164069619
708.0235168064055,13.732453244170205,9.365099620536089,-0.14520584734080041,-0.12365184595487119,0.07785275484575274,-0.0810271187786513
708.1235168064054,13.718321923210366,9.352329300346721,-0.13742057185623222,-0.13175455783272896,0.07785275484575274,-0.0810271187786513
708.2235168064053,13.785761854376267,9.603659098118339,-0.06252957625020555,0.07825049223510162,0.10208715369546181,-0.002791636541673137
708.3235168064055,13.854548584379724,9.113689499257408,0.010308519414165636,-0.3366261356947419,0.12490693883119598,-0.15282856475293635
708.4235168064054,13.766642872496185,9.361999082652623,-0.05156946320575215,-0.11918674728206573,0.09805992628715629,-0.06938236422961394
708.5235168064055,13.971048873071958,9.382692631768641,0.13796829163855887,-0.09804841519938673,0.16469476646759476,-0.059044942585410216
708.6235168064054,13.790600101296365,9.406955550284856,-0.007295630949013501,-0.07571043455218794,0.10638297583962536,-0.0489307036069657
708.7235168064053,13.790402453080661,9.39913985331161,0.003342666634939359,-0.08060350491288006,0.10638297583962536,-0.0489307036069657
708.8235168064055,13.83051378156686,9.315338141623783,0.04707898406096765,-0.14767784027229752,0.11847463537182676,-0.07124670038426902
708.9235168064054,13.83581405314981,9.300214124094648,0.05892644759813955,-0.15480251031071796,0.11847463537182676,-0.07124670038426902
709.0235168064053,14.076802200204948,8.956113489254212,0.2658084203995175,-0.43699706570355074,0.18898851221012644,-0.17127886183037688
709.1235168064054,14.104327984805991,8.911557388374643,0.2847072716205559,-0.4541249518866118,0.18898851221012644,-0.17127886183037688
709.2235168064053,14.107289528346882,8.590442615010767,0.2816335603747239,-0.6975407567980906,0.18105339368956724,-0.2524485748575159
709.3235168064055,14.176799119595941,8.397695646414649,0.3337227747508619,-0.8241740768254294,0.19343583659563596,-0.28913961806583266
709.4235168064054,14.324871242646871,8.571320202901228,0.4475063330718994,-0.6411481555706334,0.22752856627185525,-0.21314525839754234
709.5235168064053,13.659856986447586,8.450911844044878,-0.1408765402594567,-0.7095090482619435,0.0009524108258330832,-0.23046710920971686
709.6235168064054,13.508435398070786,8.697665074629118,-0.2546499595064137,-0.47049191504129934,-0.04010209932270941,-0.136616398317511
709.7235168064053,13.482769891623555,8.649932801133446,-0.25866016943868103,-0.484153554873038,-0.04010209932270941,-0.136616398317511
709.8235168064052,13.19392179420826,8.900147303020454,-0.4810571665467856,-0.25240009941941344,-0.11902255027308246,-0.048839456955230454
709.9235168064054,13.145220964802148,8.8746630957937,-0.4929594215741101,-0.2572840451149431,-0.11902255027308246,-0.048839456955230454
710.0235168064053,13.201203872164676,9.38748218805806,-0.4186553140843033,0.19352840008068417,-0.08837782225941179,0.11804862902428119
710.1235168064054,13.15889645164489,9.407425271211277,-0.4274930963102565,0.2053332629831284,-0.08837782225941179,0.11804862902428119
710.2235168064053,13.068755918836715,9.488136958885635,-0.4753265788074554,0.2661986068567425,-0.10246063594633882,0.13564667484034648
710.3235168064052,12.845090452924337,9.463771754997666,-0.6331523257001261,0.23673333613742534,-0.15623310898389214,0.1200747519381425
710.4235168064054,12.809386582614772,9.681851343285524,-0.6251993880890736,0.40826377789663026,-0.1477221085299686,0.17727420643162387
710.5235168064053,12.81740096530077,9.62197500666055,-0.5787009839622758,0.3394515226839045,-0.12500627029077016,0.1454114409339485
710.6235168064052,12.719098810905136,9.528592064869061,-0.6242059476206068,0.24874586058312054,-0.13690574174473152,0.10772029123411214
710.7235168064053,12.655993687434263,9.554005252383579,-0.6378965217950986,0.25951788970654643,-0.13690574174473152,0.10772029123411214
710.8235168064052,12.594878549351343,9.661884472695714,-0.6489706975641888,0.3363286877843918,-0.1360076349140224,0.1311518635276039
710.9235168064054,12.529301441420264,9.696173100791839,-0.6625714610556096,0.3494438741371701,-0.1360076349140224,0.1311518635276039
711.0235168064053,13.0195797704804,9.568893197781623,-0.20561934273552215,0.22236523141425288,0.036132989784868536,0.07914018433834803
711.1235168064052,12.99919850115579,9.59152542184472,-0.2020060437570386,0.2302792498480805,0.036132989784868536,0.07914018433834803
711.2235168064053,13.071584015768615,9.462684584598586,-0.1216415946109581,0.1128298901645089,0.06385071611235163,0.03417220954286571
711.3235168064052,12.95490531417382,9.737618089747118,-0.20335180767896993,0.33569716031171376,0.031752115449391806,0.11358806254197187
711.4235168064051,12.988366702987173,9.546979539453599,-0.15563747220515836,0.16204110980855024,0.04783069147152248,0.04724809214420504
711.5235168064053,12.65533148689542,9.584956703816433,-0.42397807931477527,0.18511226795382668,-0.05342883156723692,0.054002975473046624
711.6235168064052,12.833192575136845,9.33261747426794,-0.24648098045947714,-0.03231770261474673,0.01249278264468423,-0.02579734623662666
711.7235168064053,12.808606941004088,9.329256717275277,-0.245231702195007,-0.03489743723841292,0.01249278264468423,-0.02579734623662666
711.8235168064052,12.968616166692104,9.424720441679304,-0.08784551585963135,0.04438940345815716,0.06968376919233059,0.00365349416672669
711.9235168064051,12.96018003395211,9.42917764949595,-0.08087713894040463,0.044754752874829495,0.06968376919233059,0.00365349416672669
712.0235168064053,13.035979498625961,9.240667655266593,-0.008300297550322088,-0.11896794934216012,0.09230948961819012,-0.05667362057581093
712.1235168064052,13.03561101631902,9.228487492229508,0.0009306514114885284,-0.12463531139973606,0.09230948961819012,-0.05667362057581093
712.2235168064051,13.099265276032684,9.134552368962988,0.06257160736154506,-0.197147095433555,0.11123671386629336,-0.08065078462312306
712.3235168064052,12.789439241844635,9.11319427830091,-0.19238719970250412,-0.20624506569159778,0.01428628967165986,-0.08102457347992449
712.4235168064051,12.657688831529597,9.366550181180605,-0.28444400026645383,0.011501114221557267,-0.01946185023513071,-4.301246977174433e-05
712.5235168064053,12.373827879301539,9.371536244993502,-0.5058783778551433,0.014764690487791663,-0.10083622977040764,0.0011601768633152042
712.6235168064052,12.560032040278802,9.412015578804944,-0.3192177560187686,0.04693187037741386,-0.029901535606235277,0.012638388852278562
712.7235168064051,12.527960756998922,9.416771957786942,-0.32220790957938944,0.048195709262640565,-0.029901535606235277,0.012638388852278562
712.8235168064052,12.320792784271383,9.5052253534947,-0.46971078903945,0.11759689263409343,-0.08192128764374135,0.036904557593723394
712.9235168064051,12.273412098929262,9.517169565546066,-0.4779029178038167,0.1212873483934624,-0.08192128764374135,0.036904557593723394
713.023516806405,12.500773586320681,9.367415028119428,-0.2538167222013769,-0.010627384523399055,0.00293368361604366,-0.012354268131547143
713.1235168064052,12.47540658251859,9.366290518326428,-0.25352335383977215,-0.011862811336555455,0.00293368361604366,-0.012354268131547143
713.2235168064051,12.378840747246555,9.620128806727323,-0.31239147003171447,0.19692112383147467,-0.0184317530504084,0.06297989658191872
713.3235168064052,12.133767624741427,9.736750335276168,-0.49384892015129683,0.2836885540314603,-0.08387642357540871,0.09210064312305415
713.4235168064051,12.231612050950933,10.13866057494301,-0.37963379620265797,0.5999840825867823,-0.0396169562871597,0.2022109389366769
713.523516806405,12.221934426835848,10.160933119838445,-0.35910902324569866,0.5872067464065546,-0.030538694878735215,0.19006135287875622
713.6235168064052,12.274755487394163,9.999076478212968,-0.2884678817264983,0.42414230837096684,-0.003968499282059768,0.1248579563746338
713.7235168064051,12.245888856725129,10.042114998831899,-0.2888647316547039,0.43662810400841884,-0.003968499282059768,0.1248579563746338
713.823516806405,12.261831309410535,9.642898322850964,-0.2511724194990289,0.08163134895262922,0.010017304047087103,-0.00762061495339636
713.9235168064051,12.236764153980834,9.651023354671471,-0.25017068909431883,0.08086928745728854,0.010017304047087103,-0.00762061495339636
714.023516806405,12.71041807221622,9.863196097123222,0.1736430245898986,0.25092183167479093,0.1651779665223848,0.05443372412488248
714.1235168064052,12.728608264507846,9.888560448911361,0.19016082124215963,0.2563652040872866,0.1651779665223848,0.05443372412488248
714.2235168064051,12.789093542294143,9.943173421625437,0.24043658706889343,0.28544157591837416,0.17736923856075368,0.06291090572413849
714.323516806405,12.60318913962401,9.76995063129832,0.08100200744044388,0.1234206363308186,0.11281462181920614,0.0020011748112273714
714.4235168064051,12.441289661776409,9.316105321895577,-0.04934722364865979,-0.26010954651659873,0.0616860932818692,-0.13559132565433424
714.523516806405,12.279702837304011,9.203335449590995,-0.17811158373025482,-0.34699760444519084,0.01166022839934898,-0.16259006732901685
714.623516806405,12.447351773232604,9.09348987439285,-0.023227385587907136,-0.4243497924980172,0.06708218883785436,-0.18446885231106336
714.7235168064051,12.445364445618,9.050132550881433,-0.016519166704112548,-0.4427966777291487,0.06708218883785436,-0.18446885231106336
714.823516806405,12.091327780487724,9.084733162502342,-0.3022967535265408,-0.3961836182259212,-0.03844149773690522,-0.1613000869403115
714.9235168064051,12.060905897646345,9.044308300244992,-0.3061409033002366,-0.41231362691997436,-0.03844149773690522,-0.1613000869403115
715.023516806405,12.587048215430652,9.366087035484728,0.1619421131599085,-0.12181872469608704,0.13464752731966373,-0.0493033041074767
715.123516806405,12.603915664383226,9.353658646494594,0.17540686589186263,-0.1267490551068302,0.13464752731966373,-0.0493033041074767
715.2235168064051,12.645873050597448,9.171216929381576,0.2085927274643447,-0.2712499485425752,0.14176956127644336,-0.09936741098262164
715.323516806405,12.438446283085534,9.281992154562134,0.030337751535093934,-0.16591691301702055,0.07165461966082591,-0.057652917551138015
715.4235168064049,12.590155918165213,9.267804033354887,0.1606614017871263,-0.1694665369503828,0.11611459368873886,-0.05685845520210232
715.523516806405,12.341224296688388,9.102180348473603,-0.05603468032634518,-0.30156221742660216,0.031470475414191665,-0.103400886612538
715.623516806405,12.227062009973821,9.196794131995942,-0.14302511827661177,-0.20893059820942553,-0.0010279337369606331,-0.06652449865513455
715.7235168064051,12.212754358477454,9.175568449681695,-0.14312791165030797,-0.21558304807494805,-0.0010279337369606331,-0.06652449865513455
715.823516806405,12.110968394914075,8.853621212883256,-0.2160466335175599,-0.46883661420879474,-0.02737590104627917,-0.15488204009741718
715.9235168064049,12.089226852057108,8.805963141261934,-0.21878422362218533,-0.48432481821852236,-0.02737590104627917,-0.15488204009741718
716.023516806405,11.945944824199575,9.196504903406495,-0.32158370194686864,-0.12945329172947087,-0.06332803106258521,-0.019677618875381706
716.123516806405,11.913469813849606,9.183461186139183,-0.3279165050531214,-0.13142105361700726,-0.06332803106258521,-0.019677618875381706
716.2235168064049,11.91199339302096,8.930285289411096,-0.30797615776164056,-0.33093400800289746,-0.05383980852917447,-0.0905372859538806
716.323516806405,12.021160119081287,9.034519212874542,-0.1955172843979543,-0.2252318928697878,-0.01090231497029353,-0.04900877753089654
716.4235168064049,12.273134267468322,8.73437677959033,0.028904167007216437,-0.458441401101097,0.07050716095950152,-0.13087240758167382
716.523516806405,12.175249707016423,9.016785082195538,-0.05098057378272617,-0.19134609916811351,0.0382761840626185,-0.027712896455469885
716.623516806405,11.824624678643154,8.868649639024381,-0.33379092860917886,-0.3000275540297569,-0.06506903442845256,-0.06564160931854979
716.7235168064049,11.790920240610125,8.83831867557484,-0.3402978320520182,-0.3065917149616059,-0.06506903442845256,-0.06564160931854979
716.823516806405,11.892233620686245,9.302874672531933,-0.23272485503768847,0.09685353264635403,-0.023482594704417457,0.08200893781970399
716.9235168064049,11.868843722208975,9.312970070485656,-0.2350731145081281,0.10505442642831697,-0.023482594704417457,0.08200893781970399
717.0235168064048,11.698274221573536,9.498492779835923,-0.36075157482505155,0.2581052072344796,-0.0683881480042726,0.13427939165227584
717.123516806405,11.661857123350961,9.524974697517669,-0.3675903896254881,0.27153314639972553,-0.0683881480042726,0.13427939165227584
717.2235168064049,11.563715667461139,9.606209715787825,-0.42512888230578016,0.3289352101377289,-0.08669770809943188,0.15005295611055638
717.323516806405,11.625554695555511,9.622971196507288,-0.3457440328574256,0.3298793719660363,-0.054613924018462545,0.14496443169417977
717.4235168064049,11.53899976539679,9.123830206666698,-0.3941416467306547,-0.09421980650483033,-0.07011385397068244,-0.012300887784291087
717.5235168064048,11.605436110867148,9.150492051047538,-0.3098560241171037,-0.06465913580055879,-0.036265849239921794,-0.0009641368756478207
717.623516806405,11.696742494629937,9.258446402404564,-0.211938960250678,0.029288889109106535,0.00034496841370116466,0.03271520354125959
717.7235168064049,11.675550323446958,9.261538867333178,-0.2119044634093079,0.032560409463229516,0.00034496841370116466,0.03271520354125959
717.8235168064048,11.37728825699093,9.408384534494784,-0.44175989648518815,0.15396801555906267,-0.08263121949809016,0.07511430178966222
717.9235168064049,11.332699111244859,9.42415690755966,-0.4500230184350084,0.16147944573803913,-0.08263121949809016,0.07511430178966222
718.0235168064048,11.578237748279282,9.56456601593276,-0.20910648988999586,0.2728078172235996,0.00949392681210423,0.11287030986481453
718.123516806405,11.557374568924313,9.592411149204482,-0.20815709720878414,0.28409484821009645,0.00949392681210423,0.11287030986481453
718.2235168064049,11.425789552356944,9.821158152529428,-0.29925113574216905,0.4598604354407998,-0.02374641722285003,0.17186893994848834
718.3235168064048,11.545144697889576,10.00257395867447,-0.1760808940586482,0.5891299295851333,0.02199740541639971,0.21243003952430434
718.4235168064049,11.399496970118104,10.059834370815949,-0.2802925105949865,0.6081384195855121,-0.016416980486851633,0.21162881960049654
718.5235168064048,11.223997703382794,10.013383333655224,-0.40863797823651554,0.5370252536244167,-0.06339190207557749,0.1776539976834338
718.6235168064047,11.208603231665256,10.321435999758322,-0.39359754365599336,0.7631075553311846,-0.05568363519780753,0.252256770156015
718.7235168064049,11.168965059123613,10.399008039142329,-0.3991659071757817,0.7883332323468205,-0.05568363519780753,0.252256770156015
718.8235168064048,11.253231591735357,10.153875099648197,-0.299737249411022,0.5435617013894309,-0.017317093827163642,0.1547831460595297
718.9235168064049,11.223171281325078,10.209005185517514,-0.3014689587937407,0.559040015995405,-0.017317093827163642,0.1547831460595297
719.0235168064048,11.03795552403614,9.904055567001597,-0.42654267534274043,0.27455044248431254,-0.06033934865016648,0.04654515402458749
719.1235168064047,10.994999559758655,9.931743337020125,-0.43257661020775157,0.2792049578867671,-0.06033934865016648,0.04654515402458749
719.2235168064049,11.027001655604996,10.075499858257427,-0.3758498721968097,0.3790387414464051,-0.03767410974356261,0.08068605702048623
719.3235168064048,10.799631165413775,9.464370529986216,-0.5389419860626484,-0.15380311118767095,-0.09572602514947834,-0.11506174801711183
719.4235168064047,10.320671141118813,9.704973707841248,-0.9010782386027703,0.045866042213665255,-0.223001125095833,-0.0393415314503749
719.5235168064048,10.589311615658108,9.132509456816091,-0.6140176258558038,-0.4494670710555409,-0.10830685942198992,-0.22026813739603368
719.6235168064047,10.440921038306538,9.100032407734545,-0.6965224740975076,-0.4603400635150867,-0.13414845284197544,-0.216273713595509
719.7235168064049,10.37059804863248,9.052917032814992,-0.7099373193817234,-0.48196743487466714,-0.13414845284197544,-0.216273713595509
719.8235168064048,10.252934006484773,9.45880219646906,-0.763081363761493,-0.12879778760178806,-0.14891195389145004,-0.08178816446297693
719.9235168064047,10.175881310339237,9.445513476886578,-0.7779725591506245,-0.13697660404807832,-0.14891195389145004,-0.08178816446297693
720.0235168064048,10.150240090109596,9.653188660586679,-0.7448356738060635,0.034766216936578505,-0.13040734941323603,-0.018000292944363137
720.1235168064047,10.075104485981994,9.656575280815611,-0.7578764087473753,0.032966187642143825,-0.13040734941323603,-0.018000292944363137
720.2235168064046,10.073479835532833,9.53504890252194,-0.7087764459885968,-0.0715298310282916,-0.10796600685498804,-0.054837451700032284
720.3235168064048,10.053794933009167,9.61497917644249,-0.6761004657556052,-0.004254275527084439,-0.09212623722631522,-0.028506895167122022
720.4235168064047,10.164041856446312,9.863396937046778,-0.5372438471662662,0.197836912464919,-0.03867339938302103,0.04497822016620546
720.5235168064048,10.220095780451775,9.58772385038864,-0.44657274159595356,-0.049544644880266074,-0.003623644516546738,-0.04776044009493357
720.6235168064047,10.208518196840348,9.593742154941664,-0.419493436341843,-0.04510604930722678,0.006270248185519998,-0.04446047905578877
720.7235168064046,10.16660020444713,9.589009247615667,-0.41886641152329157,-0.04955209721280161,0.006270248185519998,-0.04446047905578877
720.8235168064048,10.090535812741003,9.426107328674687,-0.44643903732421286,-0.18481979399505272,-0.0038582451796035644,-0.09165774798747651
720.9235168064047,10.045872617782724,9.407167060535262,-0.44682486184217285,-0.19398556879379203,-0.0038582451796035644,-0.09165774798747651
721.0235168064046,10.117818553569514,9.414726958892045,-0.3507875928504154,-0.17348112385805112,0.03083566152660888,-0.07901019373626912
721.1235168064047,10.082893972592059,9.396983795537533,-0.3477040266977503,-0.1813821432316888,0.03083566152660888,-0.07901019373626912
721.2235168064046,10.074673938073488,9.296181846239667,-0.32269601948703985,-0.25701715599241287,0.03875340159699693,-0.10330644797868958
721.3235168064048,10.294405356951474,9.509173340146209,-0.10721876642964465,-0.06811196386496371,0.1158531615484286,-0.031205831024582548
721.4235168064047,10.413546003832575,9.224151845721218,0.011719238887589085,-0.3001009467764535,0.15460736732567973,-0.1132701751233432
721.5235168064046,10.434908129176574,8.970908993689333,0.043872169744001335,-0.5011085638917665,0.1607959322960181,-0.18310806629681675
721.6235168064047,10.344673452565688,9.012654375596984,-0.019166625592916087,-0.44317149365611685,0.13227037770582734,-0.15580205820831067
721.7235168064046,10.343418141894926,8.967558215940372,-0.005939587822345384,-0.4587516994769337,0.13227037770582734,-0.15580205820831067
721.8235168064045,10.442945723789956,9.225586324221025,0.09104560423102322,-0.2261335555430585,0.16283679221470074,-0.06746891086558564
721.9235168064047,10.452864468174146,9.20263562411236,0.10732928345251551,-0.23288044662962626,0.16283679221470074,-0.06746891086558564
722.0235168064046,10.511881084604791,9.569577111381884,0.16631537859557774,0.0900781706583896,0.17918717860204508,0.05310589916019795
722.1235168064047,10.529408558357385,9.578850457943538,0.18423409645580668,0.09538876057441664,0.17918717860204508,0.05310589916019795
722.2235168064046,10.389155370713938,9.504807342347766,0.06961328421826918,0.03166545853446559,0.13132217052332204,0.028343369942110206
722.3235168064045,10.585981173430547,9.752090514710776,0.24174308864140903,0.23770450182588576,0.1892548973653287,0.10188026429861642
722.4235168064047,10.55114644461,9.81264002708864,0.21088360153811672,0.27774633801429083,0.17128257406238354,0.11258481468096318
722.5235168064046,10.388540901917633,10.20255449390502,0.06936100769669373,0.5970177163322135,0.11246339826917771,0.22599109458122008
722.6235168064045,10.013569088547067,10.223748686053064,-0.23650191574246782,0.5870392690224031,-0.0018680203079889657,0.21432436935319452
722.7235168064046,9.989909556871249,10.283524234802153,-0.23668871777326697,0.6084717059577518,-0.0018680203079889657,0.21432436935319452
722.8235168064045,9.958986938580441,10.195887591131108,-0.24389695307961953,0.5067010975584814,-0.004676303585784136,0.1701017805042397
722.9235168064047,9.934573861754517,10.247408209789548,-0.24436458343819858,0.5237112756089285,-0.004676303585784136,0.1701017805042397
723.0235168064046,10.22000751132215,10.225390415729619,0.013311078602934614,0.4803755420483384,0.08876945786096115,0.14890568404820245
723.1235168064045,10.221782466471746,10.274172498354648,0.022188024389022655,0.49526611045314506,0.08876945786096115,0.14890568404820245
723.2235168064046,10.328167485818744,9.995329388873001,0.11721585000239652,0.23918817327009956,0.11988178001783517,0.05170899780195229
723.3235168064045,10.327236097817929,9.928972054252748,0.1180676158547834,0.16895346463634853,0.11582409125840956,0.02442078011808771
723.4235168064045,10.465925506731963,9.781182613822894,0.23452844079365415,0.03574184624918404,0.15368508700731245,-0.024219974257979497
723.5235168064046,10.649137775961401,9.797588276405184,0.3865754338826518,0.04435363145722474,0.20435809466632707,-0.02015748124379213
723.6235168064045,10.5242762349699,9.9745884606185,0.27058902965844644,0.1842494241962756,0.15517206630479705,0.03066410018216994
723.7235168064046,10.552110998267308,9.993166723539066,0.2861062362889473,0.18731583421449677,0.15517206630479705,0.03066410018216994
723.8235168064045,10.132593926360713,9.929146974206857,-0.07012602145134036,0.12227812199722048,0.021185559111155598,0.006270689606351603
723.9235168064045,10.12568725201114,9.9414061398546,-0.06800746554022673,0.12290519095785507,0.021185559111155598,0.006270689606351603
724.0235168064046,10.024719689285648,9.64602598052893,-0.14464834321741044,-0.1390212008106321,-0.007389563350905446,-0.09051738282349779
724.1235168064045,10.010217907147165,9.631671273533764,-0.14538729955250032,-0.14807293909297364,-0.007389563350905446,-0.09051738282349779
724.2235168064044,10.087391126694227,9.618416189206945,-0.06992043590614012,-0.15547407515306544,0.020131223740829485,-0.08992531008070684
724.3235168064045,10.033807699687735,9.760229326365533,-0.10714416923329304,-0.03302780559325921,0.005834792700164191,-0.042359476750205134
724.4235168064045,9.838214689769478,9.651421512681964,-0.26010219549651914,-0.12393134686941015,-0.049593526303405515,-0.07343549785853644
724.5235168064046,9.601614448089666,9.622509115681597,-0.44588457121316394,-0.1450342112403876,-0.11663294713682948,-0.07850149573405993
724.6235168064045,10.006042723313938,9.673457319196654,-0.08478083591219791,-0.09876795437803597,0.017765470939692413,-0.05912124420961376
724.7235168064044,9.997653467077424,9.663284917537812,-0.08300428881823028,-0.10468007879899197,0.017765470939692413,-0.05912124420961376
724.8235168064045,9.862968204139305,9.54932611776194,-0.18695531278218008,-0.19474112450315736,-0.020610233709671362,-0.08909275837865335
724.9235168064045,9.844169621692556,9.529406541519748,-0.18901633615314534,-0.2036504003410146,-0.020610233709671362,-0.08909275837865335
725.0235168064044,9.617632405138798,9.464634174884491,-0.35966445647152145,-0.2436400117597087,-0.08042611227863194,-0.09879820139093726
725.1235168064045,9.581263828930203,9.439776182701532,-0.3677070676993956,-0.2535198318988159,-0.08042611227863194,-0.09879820139093726
725.2235168064044,9.417691195508684,9.574441519212884,-0.4807362279540699,-0.13124642521265603,-0.11834070284358347,-0.051394700765297625
725.3235168064045,9.474719500114343,9.680613830533535,-0.40375246577484364,-0.03681040727346493,-0.08597883300707782,-0.015359747263777153
725.4235168064045,9.230837408299012,9.619299020160144,-0.5809789649510148,-0.085721924489683,-0.1468535826808882,-0.03234698894500582
725.5235168064044,9.169318568837587,9.215898983785442,-0.5979739550532336,-0.42515688537423474,-0.14770986955109233,-0.1561314843467522
725.6235168064045,9.297831296377526,9.16549529544547,-0.4560031086723675,-0.4466114629019169,-0.09119775138993305,-0.15822342600623185
725.7235168064044,9.251774996753381,9.12004303202529,-0.46512288381135247,-0.46243380550252566,-0.09119775138993305,-0.15822342600623185
725.8235168064043,9.436895932653332,9.29041973639487,-0.2784089632368146,-0.30075706667135016,-0.019628046123011986,-0.09494466733925085
725.9235168064045,9.408956896098998,9.259869306390996,-0.28037176784911844,-0.3102515334052882,-0.019628046123011986,-0.09494466733925085
726.0235168064044,9.093266217567638,9.569357721145428,-0.5311107083030111,-0.03778865563464966,-0.11229274935562382,0.006545011633326495
726.1235168064045,9.039593682990485,9.565611580640125,-0.5423399832385888,-0.037134154471316114,-0.11229274935562382,0.006545011633326495
726.2235168064044,8.704661334610355,9.474179709133727,-0.786248470154555,-0.10872753223459793,-0.19632196202132843,-0.0193703780712906
726.3235168064043,8.611668232769127,9.556083795015464,-0.8171299042148148,-0.03331083261110061,-0.2004207602156482,0.008622839808207314
726.4235168064045,8.571391033739923,9.556973814069865,-0.8019329071198517,-0.029009617595417297,-0.18769949257331903,0.009855922313316235
726.5235168064044,8.645465171826714,9.58868285346971,-0.6872782549372549,0.0014168700523984998,-0.13823284915151324,0.02069567110391351
726.6235168064043,8.59740076802619,9.418026448545309,-0.6833962742833558,-0.13697526444368607,-0.1318493455352998,-0.029606691635513542
726.7235168064044,8.528401893870083,9.404180888642744,-0.6965812088369038,-0.13993593360724146,-0.1318493455352998,-0.029606691635513542
726.8235168064043,8.63229652063254,9.086276301472271,-0.5617669204977688,-0.39359240003585816,-0.07749434308104025,-0.11971510681285642
726.9235168064045,8.575732356867281,9.046318485934565,-0.5695163548058834,-0.40556391071716014,-0.07749434308104025,-0.11971510681285642
727.0235168064044,8.867662095108285,9.172679786507722,-0.28209555746490134,-0.27629855217179644,0.030548674781056363,-0.0681125009470136
727.1235168064043,8.839605282735725,9.144709368785833,-0.2790406899867985,-0.28310980226649163,0.030548674781056363,-0.0681125009470136
727.2235168064044,9.062351001182327,9.001558080300827,-0.06792520048279874,-0.38419173525106615,0.10568718890428563,-0.10192749345762744
727.3235168064043,8.923830590385835,8.92679226080724,-0.168495820497826,-0.42423283579496596,0.06519220361124098,-0.11272918741821791
727.4235168064042,9.225689953427548,9.209997508817272,0.10239846379336968,-0.16701470780495747,0.16063131845653622,-0.016457523593834886
727.5235168064044,9.269753464641429,9.559479592738343,0.14684806423393673,0.1433467513587668,0.17115548944774706,0.09841941020592658
727.6235168064043,9.278241506846443,9.093587977397883,0.15811629197642468,-0.24190728358474675,0.16904728068384495,-0.04307297435534606
727.7235168064044,9.294898372447529,9.069181884167596,0.17502102004483225,-0.24621458102028723,0.16904728068384495,-0.04307297435534606
727.8235168064043,9.41157736064344,9.499288379725488,0.27249994887850504,0.12483960031744964,0.19785521062755637,0.09181651984233757
727.9235168064042,9.439816631584401,9.512231422356432,0.29228546994124266,0.13402125230167505,0.19785521062755637,0.09181651984233757
728.0235168064044,8.714956117825214,9.553330506848985,-0.3282468312196553,0.1651682923144755,-0.037135213883144405,0.09956626409888633
728.1235168064043,8.681945758633862,9.570345167400912,-0.33196035260796636,0.17512491872435507,-0.037135213883144405,0.09956626409888633
728.2235168064042,8.359488980197215,9.747445723579878,-0.5757770596338966,0.31606476091342994,-0.12384550259323567,0.1465500805390896
728.3235168064043,8.265052726612813,9.884455990417603,-0.6186147018541166,0.41789942215591525,-0.1349414612630341,0.17809915764160247
728.4235168064042,8.28352654690037,10.059665839058287,-0.5648407324930568,0.5447952162341065,-0.11065774363858427,0.2172136053405875
728.5235168064044,8.321154783892137,10.020841342919622,-0.49452611040264416,0.48610944058563865,-0.08048628343195716,0.1876087599423657
728.6235168064043,8.270381686568552,10.346762768022815,-0.5033359057035821,0.7320171049199713,-0.08076071659470133,0.2689549205790358
728.7235168064042,8.219644292415266,10.42130925311764,-0.5114119773630449,0.7589125969778504,-0.08076071659470133,0.2689549205790358
728.8235168064043,8.384406833605167,10.1539711097901,-0.3396010272246736,0.5006870540814801,-0.015720031716861673,0.16627248451021465
728.9235168064042,8.350368130724146,10.204871177620754,-0.3411730303963583,0.5173143025324864,-0.015720031716861673,0.16627248451021465
729.0235168064041,8.305464479628938,9.684535731709863,-0.35982274938079695,0.057436215679055026,-0.024206061607674217,-0.006027275242280035
729.1235168064043,8.269361174382771,9.690249216901563,-0.36224335554156767,0.0568334881548262,-0.024206061607674217,-0.006027275242280035
729.2235168064042,8.361584546018294,9.680155579119791,-0.2578759091885148,0.0432659604563112,0.014359119606692956,-0.010677762619223779
729.3235168064043,8.409610032669939,9.467675795927411,-0.19447277393195173,-0.13833360827455796,0.0369376396944618,-0.07600965178995611
729.4235168064042,7.864049028291633,9.491607994234279,-0.6278004090972545,-0.1145366590863245,-0.12082661719817818,-0.06475143855140733
729.5235168064041,7.834725050710551,9.401822108744938,-0.6106028220466532,-0.187464089812484,-0.10997108074090821,-0.08921829277077115
729.6235168064043,7.907090784991879,9.432613883112602,-0.5105194156851469,-0.15530451602197448,-0.0699218161407436,-0.07450615689802925
729.7235168064042,7.855689234342707,9.41671090072593,-0.5175115972992149,-0.16275513171177064,-0.0699218161407436,-0.07450615689802925
729.8235168064041,7.821451407778174,9.54924755053336,-0.5120549274955607,-0.04602090049206968,-0.06607158514284966,-0.02958359494171607
729.9235168064042,7.769915557102833,9.544497542509438,-0.5186620860098546,-0.048979259986245326,-0.06607158514284966,-0.02958359494171607
730.0235168064041,7.922316338440501,9.298185939328254,-0.3532069617341339,-0.2600660161809542,-0.003325710804071815,-0.1069248939215148
730.1235168064043,7.8869790137130185,9.271644713240516,-0.35353953281454154,-0.27075850557312026,-0.003325710804071815,-0.1069248939215148
730.2235168064042,8.27834857893953,9.156540046125906,0.0005744755857539658,-0.3534872879956234,0.12467827697084424,-0.13276438754393965
730.3235168064041,8.174874825183732,9.30402144974232,-0.07448222477587271,-0.213933113332656,0.09278763850363682,-0.07745716125915299
730.4235168064042,8.197724918312426,9.343912509067767,-0.040429946539874036,-0.17091646071160535,0.10173085065618807,-0.05925552005575149
730.5235168064041,8.119479370943798,8.960096872913159,-0.09448322996995899,-0.4889871149539661,0.07791917848803023,-0.17418322339482228
730.623516806404,8.423251900669904,8.968197292852114,0.17267969588301652,-0.45884282369346363,0.17143349269471142,-0.15715002633984115
730.7235168064042,8.441377037721704,8.921527260351004,0.18982304515251106,-0.4745578263274692,0.17143349269471142,-0.15715002633984115
730.8235168064041,8.550514169433391,9.107035980680246,0.28116805718924853,-0.29732087788387507,0.19824575583227533,-0.08778651270180296
730.9235168064042,8.579622203931518,9.076864960328308,0.3009926327725031,-0.30609952915406735,0.19824575583227533,-0.08778651270180296
731.0235168064041,8.585081894217122,8.979081016397082,0.2975012818195622,-0.3681551296260181,0.18925053372225287,-0.10642780002876694
731.123516806404,8.615778275067662,8.94173336443437,0.31642633519177027,-0.3787979096288851,0.18925053372225287,-0.10642780002876694
731.2235168064042,8.54985256727836,8.992570771502223,0.25352604097361264,-0.31595933913618457,0.1597003239050606,-0.0800699627827868
731.3235168064041,8.472617306106429,9.233521207784124,0.18261711070735281,-0.09663124529540916,0.12804490513337297,0.0021993744301143925
731.423516806404,8.618572223704017,9.151100809060827,0.3009223406425206,-0.15630737714352141,0.16613055903834417,-0.01927729794830226
731.5235168064041,8.492605798817573,9.266894618866544,0.18266365295968628,-0.0461976872940596,0.1161273933876282,0.021973399997894192
731.623516806404,8.379237885293845,9.113715492874286,0.08465590127657407,-0.16618958278012658,0.07660452951864823,-0.021785198794275987
731.7235168064042,8.388086498069109,9.096987608602278,0.09231635422844935,-0.16836810265955715,0.07660452951864823,-0.021785198794275987
731.8235168064041,7.771286724450437,9.344376541074812,-0.42319247712391517,0.05169583795597951,-0.11315688464391331,0.05919762987840686
731.923516806404,7.728401692314866,9.349842113019797,-0.4345081655882962,0.057615600943814814,-0.11315688464391331,0.05919762987840686
732.0235168064041,7.8356461750574615,9.424362600081443,-0.31147909561451337,0.1225430987034121,-0.0621688392965824,0.08111112581189087
732.123516806404,7.804187421299556,9.437022465580831,-0.31769597954416595,0.1306542112845938,-0.0621688392965824,0.08111112581189087
732.223516806404,7.8625173016337895,9.247237450915511,-0.24881885187161734,-0.028580734300392614,-0.03504956801688409,0.021083919790886037
732.3235168064041,7.7491140682668656,9.326065670618181,-0.32656394093884955,0.041475699831938266,-0.062099873460977534,0.045673350265231116
732.423516806404,7.794759840613752,9.5518466496831,-0.267496480719071,0.22828306286205646,-0.03853478482351397,0.11101836241691862
732.5235168064041,7.8738265574100055,9.563137436018868,-0.18021804117107404,0.22908368714205696,-0.004747986550158553,0.1072255922472627
732.623516806404,7.6488260668504395,9.325841945883877,-0.35228091459681526,0.02550755874714555,-0.0666128081495358,0.030480613395819256
732.723516806404,7.613264911350043,9.328545104825567,-0.3589421954117628,0.028555620086724704,-0.0666128081495358,0.030480613395819256
732.8235168064041,7.800441210754127,9.623986618009404,-0.1793588105477455,0.27242198998745276,0.0008500041399964395,0.11689660814099594
732.923516806404,7.7825095797200685,9.651813300048829,-0.17927381013374594,0.2841116508015417,0.0008500041399964395,0.11689660814099594
733.0235168064039,7.977992967457245,9.484722962491345,-0.0017716740414992448,0.12759673032715854,0.06497417694401468,0.054646985559082095
733.123516806404,7.978140670937816,9.497755870451874,0.004725743652911087,0.1330614288830742,0.06497417694401468,0.054646985559082095
733.223516806404,8.108057044812368,9.498409134509334,0.11846819772899508,0.1278837145399936,0.10370439221661165,0.050829540925796675
733.3235168064041,8.088499309685767,9.49937754829008,0.10201262607591013,0.12291024504156854,0.09393000515849918,0.047190264194996015
733.423516806404,7.9116245888833445,9.474644464666397,-0.04432627903661803,0.0969602577570646,0.03771095406722492,0.03619340968875915
733.5235168064039,7.772996214138076,9.421058287222111,-0.1560802303484188,0.046517864045811964,-0.0051195002166284295,0.01628859311213938
733.623516806404,7.53750811354836,9.9030966074942,-0.33887536614729535,0.44043735674126605,-0.07084036563074031,0.15677632403156685
733.723516806404,7.503266375105508,9.947924224788444,-0.34595940271036296,0.45611498914440846,-0.07084036563074031,0.15677632403156685
733.8235168064039,7.490456500522524,10.084679406077212,-0.33179234315676354,0.5490358762650752,-0.06238900879650407,0.18525953515320076
733.923516806404,7.456965321162818,10.140509291379562,-0.33803124403642243,0.5675618297804206,-0.06238900879650407,0.18525953515320076
734.0235168064039,7.192609041014015,10.13539391215407,-0.5464907612703267,0.5372482964490514,-0.13853638396814555,0.1685477552377466
734.123516806404,7.137267282967066,10.18996148057524,-0.5603443996671601,0.554103071972849,-0.13853638396814555,0.1685477552377466
734.223516806404,7.094271454683802,10.305782577510355,-0.5627929474414306,0.6200018065518851,-0.13441757688935432,0.18613987462530687
734.3235168064039,7.018421251699189,10.12138369807776,-0.5921160051255308,0.4326168607638969,-0.14020412390387607,0.11159178925841433
734.423516806404,6.991170248852822,9.842051556895317,-0.5790152525846648,0.17778756017011055,-0.1304134124194574,0.016217460046411294
734.5235168064039,7.102282430216041,9.90126263693356,-0.44620141434331106,0.21463476968139628,-0.07633818133867501,0.029187010396114862
734.6235168064038,6.930438954222801,9.820487475792715,-0.5590006986914563,0.13340496734303148,-0.11425481869506399,-0.0009483823300709647
734.723516806404,6.873967610260102,9.833823230615385,-0.5704261805609783,0.13331012911002424,-0.11425481869506399,-0.0009483823300709647
734.8235168064039,7.019183355383862,9.28497777062533,-0.41306610866949983,-0.3324187797132886,-0.05319905740795446,-0.1687637617054234
734.923516806404,6.977610749229815,9.250892073845426,-0.41838601441030254,-0.34929515588385396,-0.05319905740795446,-0.1687637617054234
735.0235168064039,7.230469044594935,9.69524572346361,-0.17069509847725042,0.033905040292080274,0.040451842222295,-0.023894968207139024
735.1235168064038,7.213601793958337,9.69851675265178,-0.1666499142550246,0.03151554347136855,0.040451842222295,-0.023894968207139024
735.223516806404,7.218613265227304,9.422363013941244,-0.14476844717034706,-0.20073505533900704,0.046893194645047084,-0.1063463858057993
735.3235168064039,7.1194726688556464,9.355288418784639,-0.21142189078843152,-0.2500736417769007,0.020898581304285617,-0.12035279430207467
735.4235168064038,7.061266391211543,9.368390967576268,-0.2401956359105374,-0.23024507106392222,0.009756853595285015,-0.10892751250413531
735.5235168064039,7.251877628558481,9.139022133930844,-0.0547519940753692,-0.4164503403565501,0.07814761907072576,-0.17347526584321146
735.6235168064038,7.137062163811959,9.163557576708538,-0.1379161236589511,-0.37869213838758303,0.04534584715913435,-0.1537407167454537
735.723516806404,7.123497280681842,9.124919659285998,-0.13338153894303148,-0.39406621006214937,0.04534584715913435,-0.1537407167454537
735.8235168064039,7.02212715666102,9.49228158512013,-0.20463389168987686,-0.0716019532143215,0.01729798710618885,-0.03190676029964759
735.9235168064038,7.001750257427582,9.484961855997208,-0.20290409297925954,-0.07479262924428336,0.01729798710618885,-0.03190676029964759
736.0235168064039,6.6982442184082265,9.457659903405826,-0.4428977926494799,-0.09443250288482648,-0.07182250899335772,-0.03788103353489498
736.1235168064038,6.653595326598353,9.448027247949678,-0.45008004354880915,-0.09822060623831252,-0.07182250899335772,-0.03788103353489498
736.2235168064037,6.658309840866948,9.4734788678195,-0.4156649359978677,-0.07281100892729105,-0.05680013871025556,-0.02740778778095048
736.3235168064039,6.742343145124679,9.316650899598953,-0.3155606558412502,-0.1999940114488958,-0.01825632989265951,-0.07244165942530373
736.4235168064038,6.5785818060044,9.139365862503016,-0.4270895292620514,-0.3364029405290245,-0.05785908215986003,-0.11875570529798438
736.5235168064039,6.432525715767028,9.351816540376568,-0.5214703243616522,-0.13813764554242783,-0.09070528616700516,-0.041384614486612195
736.6235168064038,6.63486266903297,9.306962016714879,-0.31917003226847945,-0.16761802204376267,-0.014497087362960098,-0.050460100465439195
736.7235168064037,6.602873180369337,9.289947914008192,-0.32061974100477414,-0.17266403209030198,-0.014497087362960098,-0.050460100465439195
736.8235168064039,6.555266483192392,9.194457038183439,-0.33663473312897807,-0.23934974987683819,-0.020222642783627745,-0.0718848535916104
736.9235168064038,6.521501896665607,9.170162638927819,-0.338656997407339,-0.2465382352359927,-0.020222642783627745,-0.0718848535916104
737.0235168064037,6.24614275328831,9.072324295656294,-0.5430146519390358,-0.31534269069183346,-0.09382056138906299,-0.09445639529307488
737.1235168064038,6.191372185287386,9.0403177446106,-0.5523967080779548,-0.32478833022115383,-0.09382056138906299,-0.09445639529307488
737.2235168064037,6.219717905648587,9.176454746345255,-0.49196384737609716,-0.19501923064255655,-0.06860776973260152,-0.04451992282897279
737.3235168064039,6.259692491976043,9.334885121118779,-0.4236030592766453,-0.051087466322714464,-0.04119986717226964,0.009178049193194246
737.4235168064038,5.999376755159962,9.357687919734744,-0.6085352211639842,-0.02723324724362456,-0.10647286869882513,0.017402259200212683
737.5235168064037,5.868266794618998,9.258594037990107,-0.6791216290398817,-0.10766136312167501,-0.12869506081200574,-0.012851038840869234
737.6235168064038,5.86502686742581,9.118713028305232,-0.6378373335601811,-0.21501143406531922,-0.1091703049280603,-0.050835189580576146
737.7235168064037,5.800697282545211,9.096957708950818,-0.6487543640529773,-0.2200949530233722,-0.1091703049280603,-0.050835189580576146
737.8235168064036,5.8945956755926945,9.310238785573196,-0.5259718488416416,-0.03146518993439275,-0.06050342415836163,0.01860800730592946
737.9235168064038,5.841695973587666,9.307185306616283,-0.5320221912574861,-0.029604389203797262,-0.06050342415836163,0.01860800730592946
738.0235168064037,5.924806006021761,8.871351089762756,-0.42050794655829166,-0.39159491150279835,-0.01688307699935273,-0.11400054026236674
738.1235168064038,5.882670795980878,8.83162159591111,-0.4221962542582292,-0.40299496552905056,-0.01688307699935273,-0.11400054026236674
738.2235168064037,5.626676678286335,8.600395895474367,-0.6013736436438308,-0.571120337674554,-0.08098105835260216,-0.1702180757247954
738.3235168064036,5.7478536535190035,8.567822286290887,-0.4567670944476451,-0.5669954259463,-0.025341238819933623,-0.1625653786414433
738.4235168064038,5.722689285658906,8.831706188790276,-0.4421632120638079,-0.3187084602356038,-0.019154436918460877,-0.0677091681528819
738.5235168064037,5.81750298417281,8.940753806372298,-0.32447753109474736,-0.20514818442222468,0.025187207145687663,-0.023404812551060514
738.6235168064036,5.724645851698345,8.80288061651796,-0.3721491460084572,-0.30384775190372615,0.007091449828021085,-0.057913078171970216
738.7235168064037,5.687466394346589,8.772206275936686,-0.37144000102565417,-0.3096390597209311,0.007091449828021085,-0.057913078171970216
738.8235168064036,5.5646109374108255,8.998736053647727,-0.4414187389501586,-0.10108780812053866,-0.01829866378887856,0.019558347748116156
738.9235168064038,5.520377570196805,8.9887250645744,-0.443248605329049,-0.09913197334572438,-0.01829866378887856,0.019558347748116156
739.0235168064037,5.843820024892209,9.15178379955493,-0.13752159769398917,0.04416714483443879,0.0933530103393408,0.0699836737358085
739.1235168064036,5.830534630174519,9.15655043240705,-0.12818629666006356,0.05116551220801327,0.0933530103393408,0.0699836737358085
739.2235168064037,5.685222805365521,8.897696004176327,-0.22928635874666206,-0.15945853849089908,0.05347064811845609,-0.008077715146486739
739.3235168064036,5.6778767385589015,9.083385825113625,-0.21106941462681575,0.00770803325715854,0.058159946961096005,0.05270981167905014
739.4235168064035,5.628777071632577,9.048386805417948,-0.22873915615583154,-0.016680304386146413,0.04968162134484609,0.0420749990675694
739.5235168064037,5.423763715634698,9.087861083842235,-0.38056285486254743,0.022395471708734547,-0.008448341105656856,0.0549130377648852
739.6235168064036,5.421755620423915,9.034782693820045,-0.35148481036741563,-0.01780395437814539,0.0023401332632936936,0.03855020262099777
739.7235168064037,5.386618840053442,9.033195049395333,-0.35125079704108597,-0.013948934116040354,0.0023401332632936936,0.03855020262099777
739.8235168064036,5.918618014783272,8.926285760294006,0.12356290055597492,-0.09774604109026258,0.17473001928583656,0.006934084090116987
739.9235168064035,5.931847954935286,8.91654582660544,0.14103590248454267,-0.09705263268125151,0.17473001928583656,0.006934084090116987
740.0235168064037,5.934065139119678,9.204764532710596,0.14668145453261286,0.15652021114491219,0.1701101680413645,0.09980144528225265
740.1235168064036,5.949583835413131,9.220915561051484,0.16369247133673384,0.16650035567312838,0.1701101680413645,0.09980144528225265
740.2235168064035,5.844595946187937,8.50574695362857,0.0791988675604085,-0.4264560785996738,0.13345303276609652,-0.1164725358912787
740.3235168064036,5.8575453761649285,8.840964436915655,0.09620993648706243,-0.12289920975839898,0.13478869957451511,-0.002404645071830122
740.4235168064035,5.747201948777738,8.77823957989117,0.009514560547340348,-0.16464312399835607,0.09862590412550515,-0.017286356059451086
740.5235168064037,5.870687666890554,8.92526796396808,0.12429124709208526,-0.027025247388851478,0.13752239043526734,0.034019189029914895
740.6235168064036,5.981102436440258,9.067175378762485,0.2187140978984685,0.09508983591816875,0.16660758771189524,0.07653293184735985
740.7235168064035,6.003806884168643,9.077067027013529,0.23537485666964286,0.10274312910289778,0.16660758771189524,0.07653293184735985
740.8235168064036,5.890948140901908,9.593980174005557,0.13892181695610117,0.5292862463131381,0.12598276533515626,0.22738594481130817
740.9235168064035,5.90547023642418,9.648045728360877,0.15152009348960535,0.5520248407942483,0.12598276533515626,0.22738594481130817
741.0235168064034,5.929318913903722,9.826618303982345,0.1719853649113499,0.6712121762024985,0.12915458776290512,0.2608024962405297
741.1235168064036,5.947163223333697,9.895043534083893,0.184900823687658,0.697292425826587,0.12915458776290512,0.2608024962405297
741.2235168064035,5.971308839951419,9.57613259114373,0.20197734575415416,0.40232125657758244,0.13065730418158839,0.14564101663821546
741.3235168064036,6.170044087762987,9.795029721436919,0.36452503936621183,0.5650874628877272,0.18512289629981324,0.19927325139979898
741.4235168064035,6.247004427467502,9.497487996447434,0.4159051416826871,0.2927732702466201,0.19698814146730745,0.09448548473935105
741.5235168064034,6.212071151771769,9.495480558306074,0.36897266323838795,0.27516913741407706,0.17228485319989503,0.08452504483676172
741.6235168064036,6.240596548530825,9.260947789605288,0.37854574752090425,0.06789918307015512,0.16952475451536045,0.007270182828952365
741.7235168064035,6.279298747055456,9.267774058826442,0.3954982229724249,0.0686262013530497,0.16952475451536045,0.007270182828952365
741.8235168064034,6.20340287536845,9.30222738786137,0.3158521007637926,0.09351265091505127,0.13462899612961743,0.016336281084804727
741.9235168064035,6.235661230425523,9.311660334358312,0.3293150003767727,0.09514627902353398,0.13462899612961743,0.016336281084804727
742.0235168064034,5.959971605298628,9.661944719361871,0.07694646577745395,0.38119278961871245,0.036087906147223583,0.11946993739529677
742.1235168064036,5.96784669140712,9.700661348010774,0.08055525639218124,0.39313978335825844,0.036087906147223583,0.11946993739529677
742.2235168064035,5.941361073490604,9.695410122212243,0.055324608196451186,0.3679032465862904,0.025672900370224443,0.10613216612622146
742.3235168064034,5.946750378379824,9.742246531792073,0.05766373068870104,0.38644178207829605,0.025589764718520723,0.10900022635866202
742.4235168064035,5.966104942043748,9.741760197358564,0.07139966213885107,0.364684613780404,0.029624633491456602,0.09729047981293841
742.5235168064034,5.796153093009557,9.784236778554314,-0.07800427386252173,0.3791173492345631,-0.026864606609690388,0.09902231540673297
742.6235168064034,5.7700112738791045,9.709337007233843,-0.09578636726894797,0.29589439581728555,-0.03230722625546506,0.06567217953086055
742.7235168064035,5.760271101020919,9.739254807713268,-0.09901708989449888,0.30246161377038056,-0.03230722625546506,0.06567217953086055
742.8235168064034,5.6699677224426415,9.8324405876809,-0.16835713113949236,0.36244319187557567,-0.05604217104484835,0.0853403779969227
742.9235168064035,5.652851798473445,9.869111608758493,-0.17396134824398485,0.3709772296752796,-0.05604217104484835,0.0853403779969227
743.0235168064034,5.512520794110507,9.337677115532847,-0.28333296315358386,-0.09638927454218614,-0.09405566215281104,-0.08748740328681627
743.1235168064034,5.483717219484412,9.327600751062203,-0.2927385293688564,-0.1051380148708598,-0.09405566215281104,-0.08748740328681627
743.2235168064035,5.2001948897064585,9.339573761975567,-0.5129300153884,-0.0950126115667754,-0.17017838378066424,-0.08071722823321567
743.3235168064034,4.90289000391177,9.461873435959166,-0.7359646946624581,0.007027729820223396,-0.2452431540444477,-0.04086923759971813
743.4235168064033,4.934700822276976,9.171106771623888,-0.6719439535092303,-0.2368015132889145,-0.21327848348827716,-0.12683259561039367
743.5235168064034,5.017230301707521,9.175202917004555,-0.5636431737079789,-0.2252830393519821,-0.16521918215433795,-0.11792183703107482
743.6235168064034,4.841764519026468,9.297690325965057,-0.6782281886037926,-0.11740416755619766,-0.20057511227781996,-0.07506505276697664
743.7235168064035,4.772938824604605,9.285574583945586,-0.698285699831602,-0.12491067283290556,-0.20057511227781996,-0.07506505276697664
743.8235168064034,5.080128614503438,9.211016636461617,-0.4029121184409258,-0.18119254240975022,-0.08624022623997618,-0.09202011462561277
743.9235168064033,5.039406201528183,9.19243728164753,-0.41153614106491554,-0.1903945538723031,-0.08624022623997618,-0.09202011462561277
744.0235168064034,5.009787524038064,9.276106324094002,-0.40838247379265274,-0.10378473315846982,-0.08146566340183296,-0.05458009274481859
744.1235168064034,4.968541948341827,9.26545495031444,-0.41652904013282865,-0.10924274243294672,-0.08146566340183296,-0.05458009274481859
744.2235168064033,5.038175489627315,8.968773380146397,-0.33190374921988186,-0.3497476396930606,-0.047962257334021215,-0.13889165720188812
744.3235168064034,4.722113341782074,8.947178083498434,-0.5742049031131641,-0.3519147479136253,-0.13450009953807973,-0.13464961123897765
744.4235168064033,4.7804102841144225,8.744787762657193,-0.4910084289446599,-0.5024480852690402,-0.09961082231038823,-0.18379762119366544
744.5235168064034,4.5050181543812995,8.967838821613245,-0.6950753215020237,-0.28723518718091523,-0.17157478399282072,-0.09779188936528214
744.6235168064034,4.624018173820148,8.868423895761483,-0.5552283439111375,-0.3547128234903193,-0.11496797916026488,-0.11845494695364168
744.7235168064033,4.567920499533284,8.832360338677715,-0.5667251418271535,-0.3665583181856727,-0.11496797916026488,-0.11845494695364168
744.8235168064034,4.865616564138522,9.032201856416918,-0.28229407532060563,-0.18103936040795796,-0.007768900387246515,-0.047058969678061974
744.9235168064033,4.837348312104551,9.01386262552775,-0.2830709653593296,-0.18574525737575986,-0.007768900387246515,-0.047058969678061974
745.0235168064032,4.911249748774118,8.857333896180647,-0.1960613103635849,-0.30293019028357376,0.02474731364612999,-0.08715233250697804
745.1235168064034,4.891767354305964,8.826605115489713,-0.19358657899896853,-0.3116454235342835,0.02474731364612999,-0.08715233250697804
745.2235168064033,4.458245782699477,8.517113134284843,-0.5352146631896454,-0.5491562580817999,-0.09952115202844469,-0.16922155389318197
745.3235168064034,4.3164482678640645,8.362564234652702,-0.6189298893304461,-0.6483574359002062,-0.1263976488838335,-0.19899716239348708
745.4235168064033,4.420745569852118,8.213982922225721,-0.49304576027485647,-0.7363697317315588,-0.0763906715751258,-0.2234199930409705
745.5235168064032,4.43962091314205,8.41679233682068,-0.4417448065451624,-0.5222665051311948,-0.05453889188054531,-0.13636398420415582
745.6235168064034,4.534764702070487,8.237592246076083,-0.3314626614929881,-0.6397002873781419,-0.012811113767407109,-0.1735360645145219
745.7235168064033,4.501554380352382,8.172754537015756,-0.3327437728697276,-0.6570538938295782,-0.012811113767407109,-0.1735360645145219
745.8235168064032,4.481332664394066,8.582667162293353,-0.3237436272519706,-0.28157798104163095,-0.00926334009345538,-0.03245176844568256
745.9235168064033,4.448911984968357,8.554347105346922,-0.32466996126131736,-0.28482315788620366,-0.00926334009345538,-0.03245176844568256
746.0235168064032,3.991928486215112,8.281585602301217,-0.6813245298011852,-0.4931771992273227,-0.13863894976172636,-0.10719452781321315
746.1235168064034,3.92310283848609,8.23173190973935,-0.6951884247773767,-0.5038966520086586,-0.13863894976172636,-0.10719452781321315
746.2235168064033,3.913389560822066,8.559668883395476,-0.6588025868953002,-0.20268845052207668,-0.12049188173273201,0.004694247886540964
746.3235168064032,4.191815785677602,8.655061840248813,-0.381013452312756,-0.10590480615863675,-0.014885723436726103,0.039548994703008156
746.4235168064033,4.160966220107289,8.681731698445626,-0.3764185752297872,-0.07144342829900553,-0.012689604711101109,0.050487569630228504
746.5235168064032,4.0891677086376905,8.745107686794707,-0.4069961614838735,-0.006536265433539972,-0.023555661833581848,0.07252664397934268
746.6235168064031,4.03187241370069,8.745774224001012,-0.42301369258869403,0.001503380425858727,-0.028481383062711356,0.0728084790026364
746.7235168064033,3.9894286375264483,8.746288604438613,-0.42586183089496904,0.0087842283261323,-0.028481383062711356,0.0728084790026364
746.8235168064032,4.104298171614293,9.162063021077172,-0.29792945416166505,0.35919945636853967,0.018727827269281985,0.19641753794637268
746.9235168064033,4.0745988653344325,9.19896505440381,-0.2960566714347343,0.3788412101632037,0.018727827269281985,0.19641753794637268
747.0235168064032,3.872966405770709,8.860388437745053,-0.4410719944005822,0.08135923917088149,-0.035435960656014495,0.08085778171245887
747.1235168064031,3.828682026527411,8.868928650570695,-0.44461559046618043,0.08944501734212003,-0.035435960656014495,0.08085778171245887
747.2235168064033,4.0517946457680845,8.843850968864768,-0.2257672843871795,0.06918656613151795,0.044878117603888296,0.0706906769998851
747.3235168064032,3.884689408439007,8.916693291734006,-0.3429200924366873,0.13086852770202595,0.0005568614334587538,0.09045430688938154
747.4235168064031,3.6614118603522554,9.140048607648431,-0.49979427539526106,0.3126151228817444,-0.05609465318836817,0.15237901034718523
747.5235168064032,3.731535250546273,8.825651103079016,-0.4019148275744103,0.03275091432939165,-0.017726547837877818,0.04372631177098653
747.6235168064031,3.606235868230621,8.717364906023747,-0.47417766661296895,-0.0547468670886469,-0.04314126665943395,0.010825536922548347
747.7235168064033,3.5586023952359613,8.711944346999488,-0.4784917932789182,-0.053664313396390585,-0.04314126665943395,0.010825536922548347
747.8235168064032,3.432551793829876,9.008290482884235,-0.5483077773289513,0.1958224545725458,-0.06699933851995085,0.0999607727835242
747.9235168064031,3.377386019404432,9.028372532205388,-0.5550077111809403,0.20581853185088914,-0.06699933851995085,0.0999607727835242
748.0235168064032,3.536157024386522,9.210547400271453,-0.38472972716856857,0.3474715634431432,-0.00344057681324288,0.14691502990570562
748.1235168064031,3.497666848785634,9.246029131765264,-0.3850737848498925,0.36216306643370044,-0.00344057681324288,0.14691502990570562
748.223516806403,3.4776539330688436,8.976983963946736,-0.37004221730330833,0.1249198915904197,0.0021121396118646205,0.05654579757424666
748.3235168064032,3.9855251215592893,8.863998756677871,0.08803684073836111,0.025830058310788166,0.16894192099088873,0.01864028359132431
748.4235168064031,3.8969220506913445,9.172403111384657,0.02334615387044691,0.27934104812922095,0.13948986708828495,0.10887223721116115
748.5235168064032,4.082986509343931,8.933579920748922,0.19464109249592856,0.06252468913570175,0.1978252566141317,0.02503478592342677
748.6235168064031,4.08355597737033,9.11367135222106,0.1979378204359996,0.2078011937606893,0.19188142318447032,0.07616488375624285
748.723516806403,4.104309166529832,9.13483229601589,0.2171259627544292,0.21541768213630666,0.19188142318447032,0.07616488375624285
748.8235168064032,3.4251228415709356,8.95718826821626,-0.3498086385597354,0.05614906893627765,-0.02069912745185848,0.015592563135327323
748.9235168064031,3.3900384820777347,8.96288113792556,-0.35187855130491935,0.05770832524980896,-0.02069912745185848,0.015592563135327323
749.023516806403,3.450628022480426,8.89264721184505,-0.27797738542344314,-0.0035426892649260263,0.005700802929788515,-0.0069873444249358655
749.1235168064031,3.4228587879526926,8.892258006196432,-0.2774073051304635,-0.004241423707420566,0.005700802929788515,-0.0069873444249358655
749.223516806403,3.754252211047553,8.864483183558027,0.02143274119902382,-0.02742993557898983,0.11341730323320491,-0.015054451101339747
749.3235168064032,3.9913414351157943,8.490111415619642,0.22973073506498837,-0.3383992529303992,0.18518074068104343,-0.12704502698341708
749.4235168064031,3.9001777479220587,8.60148771495558,0.1527044465905324,-0.23105241438746724,0.1506893281629031,-0.08399874105942541
749.523516806403,3.726070017238511,8.821170611610045,0.004324492529107629,-0.03227301525930377,0.09009129963129266,-0.007718069404995975
749.6235168064031,3.5650255620278837,8.888894388596604,-0.12092170500159362,0.02530063166498712,0.041686526191918954,0.013176695153154519
749.723516806403,3.5531418241586947,8.891490335238867,-0.11675305238240552,0.026618301180301375,0.041686526191918954,0.013176695153154519
749.823516806403,3.4390058600437885,9.003062128251404,-0.1985767362625553,0.11406308297513368,0.010429802883426948,0.0431358877224524
749.9235168064031,3.419200335431923,9.014684115987546,-0.19753375597421116,0.11837667174738481,0.010429802883426948,0.0431358877224524
750.023516806403,3.704615628494881,8.643097902962353,0.060460799605724175,-0.1988497255697176,0.10423143620873568,-0.07381452924733875
750.1235168064031,3.711182865636507,8.622843857759115,0.07088394322661196,-0.20623117849446154,0.10423143620873568,-0.07381452924733875
750.223516806403,3.9266223995134837,8.57974778049409,0.25392882603220635,-0.23181134868755515,0.16657163716276757,-0.0803424281578819
750.323516806403,3.976194430911998,8.781051680319084,0.2902046451967211,-0.05253925986297041,0.17371993561110205,-0.012558929570973432
750.4235168064031,3.7632368669470497,8.901217010934545,0.10592455288208663,0.04948999503832467,0.10092374864625064,0.024475575503644063
750.523516806403,3.7623467092571747,9.065286128787976,0.10571196289575677,0.18738136391718158,0.09710322367368172,0.07434419767946943
750.6235168064029,3.6513192860094357,9.10725424790124,0.01420130866649319,0.21360268150853703,0.06060874311240371,0.08107219070713537
750.723516806403,3.65304246059165,9.129019877005659,0.02026218297774183,0.22170990057926163,0.06060874311240371,0.08107219070713537
750.823516806403,3.6144225682360167,8.687040521956582,-0.008286564817519465,-0.1536641471278572,0.047944983426998496,-0.056786138859102525
750.9235168064031,3.6138336366713992,8.67139017654948,-0.0034920664748130745,-0.1593427610137752,0.047944983426998496,-0.056786138859102525
751.023516806403,3.5485429119975227,8.68770508486452,-0.050409545952231294,-0.13424571569602195,0.029955571412326493,-0.04461927244113419
751.1235168064029,3.5436517352593655,8.674057416932724,-0.04741398881100137,-0.1387076429401313,0.029955571412326493,-0.04461927244113419
751.223516806403,3.600700336894344,8.685043607926195,0.006779390307737835,-0.1225204972944214,0.048445030072401,-0.03721242840737653
751.323516806403,3.582374280947865,8.559528655601522,-0.004549338128104934,-0.22042251546718608,0.042552114243686275,-0.0712951120824266
751.4235168064029,3.5230612752365684,8.763969675716124,-0.049344659840868464,-0.04083865533157434,0.024844924330579655,-0.0043461127159969415
751.523516806403,3.5064623572192684,8.9526585024769,-0.05699444205869222,0.12296058575955791,0.02108768207477271,0.056122622264398195
751.6235168064029,3.431891965915671,8.947223249446056,-0.11207457121071861,0.11376908936110906,0.0004686446659112366,0.050821077232981196
751.723516806403,3.4206868520179134,8.958854263768348,-0.11202770674412742,0.11885119708441412,0.0004686446659112366,0.050821077232981196
751.823516806403,3.5111391404657404,9.345596763982615,-0.027934652542216117,0.4318519165684574,0.03072396998806162,0.16116260072775093
751.9235168064029,3.508499295061461,9.389587768643059,-0.02486225554341275,0.44796817664121785,0.03072396998806162,0.16116260072775093
752.023516806403,3.267722238461237,8.97416027227407,-0.22385567876282825,0.07734662238363658,-0.04339375334860664,0.02040569215117609
752.1235168064029,3.245119701818232,8.98199696297318,-0.22819505409768495,0.07938719159875234,-0.04339375334860664,0.02040569215117609
752.2235168064028,3.2565813986332297,8.938117559983006,-0.20388055472572658,0.03868052131901546,-0.0330457617470213,0.005072212653022124
752.323516806403,3.0995875668025734,8.908516522462756,-0.3218406081372044,0.011290488601489297,-0.0748218952943196,-0.005023406963053896
752.4235168064029,3.085950233004435,8.787300514557465,-0.31361153919045764,-0.08989424400102106,-0.0691501478163926,-0.04112465318567095
752.523516806403,3.0394534608744035,8.779808881355423,-0.33324083763584805,-0.092555638715753,-0.07386391821233844,-0.04059038815736427
752.6235168064029,3.1791880006077786,8.659432158686593,-0.1968366732621166,-0.18777685964727056,-0.022021288014603645,-0.0732375304065425
752.7235168064028,3.1593942268415116,8.64028828506985,-0.19903880206357497,-0.19510061268791815,-0.022021288014603645,-0.0732375304065425
752.823516806403,3.2418018766183296,8.861131414187547,-0.11702302235610412,-0.0035193094580538656,0.008169624579754443,-0.0016799694236880464
752.9235168064029,3.2301404225056287,8.860771083394624,-0.11620605989812942,-0.0036873064004225176,0.008169624579754443,-0.0016799694236880464
753.0235168064028,3.095375432245145,8.857750020205165,-0.2261337636017884,-0.004621517867793305,-0.034215301636489365,-0.0015565591775508099
753.1235168064029,3.0725909793767525,8.857280085622497,-0.229555293765442,-0.004777173785548598,-0.034215301636489365,-0.0015565591775508099
753.2235168064028,3.4536066847024447,8.605744464654892,0.10270019361490479,-0.21162906445045787,0.08701029154879507,-0.07569871467797258
753.323516806403,3.3792090868787983,8.550898546193773,0.03988665277844579,-0.2469379968649398,0.060953078247360834,-0.08573708648320989
753.4235168064029,2.743915748176907,8.68594785973481,-0.48511047052498235,-0.12367318564057916,-0.13077072041368754,-0.03846432331740486
753.5235168064028,2.499889936909823,8.865110878183389,-0.6657020180825838,0.035801241340994786,-0.19287604985767093,0.021668259682449835
753.6235168064029,2.431562195648647,8.748571563472325,-0.6856472379889995,-0.06084552785649707,-0.19311314809308017,-0.013719018492082125
753.7235168064028,2.3620319061093458,8.742418415594221,-0.70495855279829,-0.062217429705704035,-0.19311314809308017,-0.013719018492082125
753.8235168064027,2.2994457579781535,8.504098954157454,-0.7187840493491138,-0.2537866210737913,-0.19164220457526296,-0.08173281859730055
753.9235168064029,2.226609142020265,8.478311627957053,-0.7379482698066662,-0.2619599029335325,-0.19164220457526296,-0.08173281859730055
754.0235168064028,2.1983953700064602,8.426512067107836,-0.7201581671455655,-0.29568062391883027,-0.17877712854282202,-0.0922538451512402
754.1235168064029,2.1254856676490888,8.396482735490155,-0.7380358799998721,-0.30490600843396687,-0.17877712854282202,-0.0922538451512402
754.2235168064028,2.2532591667990176,8.126385271369731,-0.5877429994740873,-0.5110263145312953,-0.11804440371114332,-0.16288025937232814
754.3235168064027,2.4402524690002125,7.961159837727693,-0.39252486181951546,-0.6216879805957106,-0.042613180752231306,-0.19703273807489663
754.4235168064029,2.402535562452947,7.806703697912287,-0.3953341604742409,-0.7165427112639153,-0.04208900329702414,-0.22397946825035314
754.5235168064028,2.3912969093164542,7.581808569027899,-0.37503822327431013,-0.8685264157269377,-0.03300393167525061,-0.2716912324397509
754.6235168064027,2.1559833049214814,7.650680425161567,-0.5422075398103315,-0.7665911723056864,-0.09208566986378808,-0.22545617612927435
754.7235168064028,2.1013021225910538,7.572894027050244,-0.5514161067967229,-0.7891367899186446,-0.09208566986378808,-0.22545617612927435
754.8235168064027,1.9821630864406667,7.905918716361596,-0.6141726712315254,-0.46879493592457333,-0.11163844321440798,-0.10167625434071002
754.9235168064029,1.920187627101357,7.85853084149737,-0.6253365155529814,-0.4789625613586582,-0.11163844321440798,-0.10167625434071002
755.0235168064028,2.0067945011646304,8.101595247935384,-0.508594308813221,-0.24719717317134945,-0.06443203606270242,-0.014333929051361886
755.1235168064027,1.955612910103042,8.076803860973016,-0.5150375124194854,-0.24863056607648434,-0.06443203606270242,-0.014333929051361886
755.2235168064028,1.916486589074557,7.694980336430826,-0.5109325489341529,-0.5438999890013041,-0.06062269629302183,-0.11973322021888329
755.3235168064027,2.0767016579547977,7.709377523369769,-0.3391707716578045,-0.49808240258779174,0.004169682671228719,-0.09881951203848925
755.4235168064026,2.1994387044227,7.824265361048705,-0.2086905329854236,-0.37199517309092883,0.05112238394661122,-0.05006563583204376
755.5235168064028,2.18200007894136,8.068835905512396,-0.20084902673370844,-0.1367598541540713,0.052134249213063026,0.0383882518184353
755.6235168064027,2.212780351527544,7.99447582008528,-0.15367898485376566,-0.18295422837293265,0.06726139966643388,0.020470284739260988
755.7235168064028,2.1977487600404793,7.976282748671658,-0.1469528448871131,-0.18090719989900375,0.06726139966643388,0.020470284739260988
755.8235168064027,2.351827936716524,8.535109478556935,0.002873144289050585,0.2952464034311492,0.11981854229317938,0.1903572761709214
755.9235168064026,2.352714343856894,8.565585905280875,0.014854998518357625,0.31428213104822406,0.11981854229317938,0.1903572761709214
756.0235168064028,2.737806227068313,8.353312103703269,0.3443052680652025,0.12226152256229912,0.2342935245368129,0.1119265322809386
756.1235168064027,2.773408221497484,8.36609788862089,0.36773462051886247,0.1334541757903828,0.2342935245368129,0.1119265322809386
756.2235168064026,2.7202104640160223,8.23012096608535,0.31546166577325063,0.02124501852981195,0.20695457484382615,0.06766217384462675
756.3235168064027,2.534240713507555,8.36368979440302,0.15250179419398321,0.1372083637256594,0.1400374964927079,0.10717906200251909
756.4235168064026,2.401753382487426,8.303972967397218,0.04324761913977824,0.08703812002195577,0.09554151772489036,0.08534666360489362
756.5235168064028,2.3535674960205126,8.486689812790447,0.007249706977039285,0.2434440077375104,0.07865327013414893,0.13979089399168493
756.6235168064027,2.3210036421156834,8.451051609584088,-0.012811068953145096,0.20754974055012024,0.06858471858194763,0.12193017006937812
756.7235168064026,2.3200654588132794,8.472416234489426,-0.005952597094956571,0.21974275755704695,0.06858471858194763,0.12193017006937812
756.8235168064027,2.5047122713213668,8.708762649330405,0.1542367104118954,0.40683437787759263,0.1239056848977677,0.1843849512307841
756.9235168064026,2.52075547078703,8.75036801187428,0.1666272789016609,0.42527287300065425,0.1239056848977677,0.1843849512307841
757.0235168064025,2.24789443423752,8.519518372927436,-0.05800764948493253,0.2161020116293061,0.03942211084786104,0.10223378228048383
757.1235168064027,2.2422907798432585,8.5416397430018,-0.05406543840014105,0.22632538985736841,0.03942211084786104,0.10223378228048383
757.2235168064026,2.015727847036681,8.623430027170254,-0.23397747984225006,0.2848340525449416,-0.026974573039770328,0.11955376429738149
757.3235168064027,1.9283382431340752,8.40660886313074,-0.29033605913940896,0.09197938328486463,-0.04652666294172683,0.04543592043688749
757.4235168064026,1.6785597505591299,8.390714590812557,-0.4780950596037469,0.0756824093711546,-0.11262785340952236,0.03796320958047917
757.5235168064025,1.614978560288053,8.502776397776628,-0.5024320497113192,0.1683309202475956,-0.11747506313123388,0.07067741220867849
757.6235168064027,1.7984262355948462,8.48803283129089,-0.31993749747044603,0.1491557865441868,-0.047442513866942745,0.06127927308128817
757.7235168064026,1.7661952732784965,8.503254806310702,-0.32468174885713597,0.15528371385231005,-0.047442513866942745,0.06127927308128817
757.8235168064025,1.624175321782143,8.026368569913163,-0.42183453686539435,-0.2460710437626194,-0.0812597125632375,-0.08540987752820753
757.9235168064026,1.5815855695327288,8.001334416149225,-0.4299605081217292,-0.2546120315154518,-0.0812597125632375,-0.08540987752820753
758.0235168064025,1.712064422535971,7.996127592473956,-0.2962759062310219,-0.24699896927367207,-0.03078220399435447,-0.07986152593612653
758.1235168064027,1.682282920892856,7.971028387916873,-0.29935412663046157,-0.2549851218672956,-0.03078220399435447,-0.07986152593612653
758.2235168064026,1.544449459756425,7.993527729746075,-0.39192367153364277,-0.2231246053854653,-0.06310088633155918,-0.06556848407990222
758.3235168064025,1.5926299326705051,7.7653553616079245,-0.32454636175606205,-0.40086742942377884,-0.03625197626681676,-0.12751825500125125
758.4235168064026,1.9330194431911754,7.951418089292141,-0.01842317255048163,-0.2269492492328919,0.07556685953633907,-0.06058480506784386
758.5235168064025,1.8793570631385037,7.506570157927466,-0.05573902325638675,-0.5923649306787396,0.05893054399620868,-0.19289537949735616
758.6235168064024,1.9680357979236314,7.8180033006652,0.028055380798606318,-0.3062133907131091,0.0870173041351226,-0.083510346274027
758.7235168064026,1.9712764225241726,7.786964409862477,0.03675711121213045,-0.3145644253405232,0.0870173041351226,-0.083510346274027
758.8235168064025,1.8357775320178034,8.122566066178837,-0.07202935409333702,-0.02053464581643613,0.04416318468802987,0.024933594677706637
758.9235168064026,1.8287954125319006,8.12063726957058,-0.06761303562452801,-0.018041286348662065,0.04416318468802987,0.024933594677706637
759.0235168064025,1.9485715158462036,7.907704254301332,0.044963417514925046,-0.19820413741645942,0.08414591422836684,-0.04305475727355039
759.1235168064024,1.9534885871688332,7.887668566773336,0.05337800893775407,-0.20250961314381055,0.08414591422836684,-0.04305475727355039
759.2235168064026,1.8009588856998353,8.004360230653882,-0.0696802005167977,-0.09388934641104381,0.036666142182292694,-0.0025481753915828353
759.3235168064025,2.2681888374974233,8.035684346803093,0.3323164986587647,-0.060223985248165086,0.18180260863058104,0.00972705505568339
759.4235168064024,2.1700746526932075,8.006425779584417,0.24067655690943732,-0.0784171636029393,0.14215763314138652,0.002854827656070531
759.5235168064025,1.9542779784998154,8.31573557546038,0.04807908818164415,0.19202483908965928,0.06548244510310959,0.10232288964010984
759.6235168064024,1.821190531134858,8.266343118031626,-0.05997431912032312,0.1454593794919459,0.02416366025260315,0.08198239170893325
759.7235168064026,1.8153139175240809,8.281298967939387,-0.057557953095059504,0.1536576186628504,0.02416366025260315,0.08198239170893325
759.8235168064025,1.4299364727854842,7.955627513750726,-0.371103883514693,-0.12164976645465256,-0.0901198242026834,-0.020379591725993892
759.9235168064024,1.392375485313036,7.943360639146642,-0.3801158659349531,-0.1236877256272501,-0.0901198242026834,-0.020379591725993892
760.0235168064025,1.191977495615334,8.001748544682844,-0.5218355697110948,-0.0652430936997034,-0.1375415972640169,0.0019225070129401146
760.1235168064024,1.1391062306579531,7.9952338478479446,-0.535589729437484,-0.06505084299840956,-0.1375415972640169,0.0019225070129401146
760.2235168064024,1.2461846640381102,8.057237538604548,-0.41534868073244846,-0.008461411798765018,-0.08915088900243914,0.022152234619781774
760.3235168064025,1.1964318474777709,7.992846073250156,-0.43079499977705155,-0.059264821052493435,-0.09153062304841911,0.002965545177452133
760.4235168064024,1.1972322054454478,8.113471926304232,-0.40313160860442926,0.04518563463873596,-0.07823992278569335,0.04031155533991958
760.5235168064025,1.006576505521696,7.910427456566389,-0.5398630349181417,-0.12776954924113024,-0.12603184425312952,-0.02485247691776578
760.6235168064024,1.0230750556540416,7.99466372985971,-0.49350416819542137,-0.050418800124994445,-0.10477350925355675,0.0037385142575310296
760.7235168064024,0.9732007712882774,7.989640542418502,-0.5039815191207675,-0.050044948699241684,-0.10477350925355675,0.0037385142575310296
760.8235168064025,1.060700111381847,8.302175384487708,-0.3976596639770277,0.21218353346064342,-0.06208756943912121,0.0978051232823336
760.9235168064024,1.0206237071369855,8.323882763450163,-0.40386842092093417,0.2219640457888679,-0.06208756943912121,0.0978051232823336
761.0235168064023,1.1336779870575129,8.549362897358764,-0.27194483886959575,0.4047405124623002,-0.009244660196052246,0.1615668655492259
761.1235168064024,1.1064372798695359,8.590644782932797,-0.27286930488920225,0.4208971990172448,-0.009244660196052246,0.1615668655492259
761.2235168064024,1.2365096338628858,8.299210443881007,-0.14305415287813075,0.1617895547731855,0.037970331954882655,0.06282926230848311
761.3235168064025,1.0797545976859744,8.148396084152605,-0.25912175737021337,0.02872346504833122,-0.005703823282330996,0.01240083448438583
761.4235168064024,0.8877509827565194,8.104809644992283,-0.39758548610113453,-0.008328036706172603,-0.055483173604180744,-0.001329212244676116
761.5235168064023,0.7498026739035284,8.096201353503114,-0.4873053028298381,-0.015078923280943568,-0.08668942418015368,-0.0037658596661418902
761.6235168064024,0.6052058710829755,7.9946216709023545,-0.5750983979165628,-0.0976876919348403,-0.1152170569751153,-0.03321497665023064
761.7235168064024,0.547119946006497,7.984686826825628,-0.5866201036140639,-0.10100918959986034,-0.1152170569751153,-0.03321497665023064
761.8235168064023,0.9476988473221033,8.047967578752466,-0.21475905611986032,-0.045293958608442306,0.02366727956149095,-0.012443228517801365
761.9235168064024,0.9263412781078958,8.043375966749027,-0.21239232816370798,-0.04653828146022414,0.02366727956149095,-0.012443228517801365
762.0235168064023,0.4962925887442761,8.294392717014114,-0.5487468594960695,0.16661970195206718,-0.09840528780618606,0.06555709961879186
762.1235168064024,0.440925876355562,8.31138247270744,-0.5585873882767015,0.1731754119139553,-0.09840528780618606,0.06555709961879186
762.2235168064024,0.6268960613939891,7.922230048972749,-0.3671582859631681,-0.15519627449686593,-0.02571925586365889,-0.0545817076197454
762.3235168064023,0.7323611504155947,7.9037595846725335,-0.2501428489634614,-0.16288486984214573,0.017853870779469122,-0.055388866567694546
762.4235168064024,0.7956372761693301,7.719287027162358,-0.17511805043651205,-0.3066292781861575,0.04429321984885072,-0.10494461780972847
762.5235168064023,0.9864084981552977,7.746601269407812,0.008173841495227305,-0.2672883186896683,0.11060581043253305,-0.08659587400015317
762.6235168064022,0.7543848102901329,7.558574351219032,-0.17427457611238878,-0.4081607734940017,0.04083756053863194,-0.13394415142334606
762.7235168064024,0.737161540481564,7.517088553112457,-0.17019082005852001,-0.4215551886363546,0.04083756053863194,-0.13394415142334606
762.8235168064023,0.8830776906811942,7.7988541718884345,-0.026316762567568083,-0.16587951338591655,0.09258663024622724,-0.03691201910760118
762.9235168064024,0.8809089475756662,7.782081660454281,-0.017058099542932727,-0.16957071529668172,0.09258663024622724,-0.03691201910760118
763.0235168064023,0.9246738735401664,7.943961002177722,0.03852216503459121,-0.021824471969423404,0.11184841629674279,0.01855553877165198
763.1235168064022,0.9290853321251047,7.94187133267464,0.049707006664255315,-0.019968918092259893,0.11184841629674279,0.01855553877165198
763.2235168064024,0.7513284521656125,8.03661698168357,-0.09134456025551937,0.0614609537094962,0.05687012476568669,0.04709892980450191
763.3235168064023,0.5398765033477246,7.863452504339981,-0.25591053681464904,-0.0833716039511323,-0.005163646129495131,-0.0070183571176348145
763.4235168064022,0.7532976210396701,8.032754213608722,-0.05793738740013953,0.0621712319546715,0.06649085578630322,0.04541995705880258
763.5235168064023,0.9159527555031836,7.787786643127646,0.09323495660575849,-0.14745441659848005,0.1200722824020223,-0.0334337404936108
763.6235168064022,0.6767804291744673,7.7787549909396,-0.10128554142219981,-0.1459643102365403,0.04561022577026229,-0.03170276698152579
763.7235168064024,0.6668799261610855,7.764000046081018,-0.09672451884516736,-0.1491345869346972,0.04561022577026229,-0.03170276698152579
763.8235168064023,0.6857312473882133,8.028467314543484,-0.06857203543279415,0.07973722852407707,0.054156276772724846,0.05206154305472729
763.9235168064022,0.6791448252288034,8.036701345111156,-0.0631564077555266,0.08494338282954506,0.054156276772724846,0.05206154305472729
764.0235168064023,0.7798196395743417,7.636576206622842,0.02777486278224922,-0.24779865498207423,0.08415693195297268,-0.06954041429543234
764.1235168064022,0.7830179105123283,7.611448639053181,0.036190555977538834,-0.25475269641161113,0.08415693195297268,-0.06954041429543234
764.2235168064021,0.8826980835194824,7.506561649047379,0.12404426089244432,-0.32680224480029957,0.11284498501847719,-0.09289024069768526
764.3235168064023,1.1546672684615786,7.163262195150205,0.35297542202836846,-0.5944166462685533,0.1921472238949513,-0.18637452230476081
764.4235168064022,1.3292113812634563,7.183264667002228,0.4870182858701957,-0.5468960472040646,0.23360005994021826,-0.16265251834568717
764.5235168064023,1.2198804867317934,7.117527502958647,0.3735195160255229,-0.5718794868031363,0.18286020993876828,-0.16586243991700553
764.6235168064022,1.0991836913040227,7.275804669919068,0.26000794609554434,-0.4106962501997724,0.135341555389895,-0.1021993574210281
764.7235168064021,1.1258611936905019,7.234224048112023,0.27354210163452153,-0.4209161859418659,0.135341555389895,-0.1021993574210281
764.8235168064023,0.9263615248306653,7.410146786981176,0.09550117782560402,-0.25169294579939094,0.06543806085256054,-0.03794568091363303
764.9235168064022,0.9362388329174792,7.384787763996693,0.10204498391085412,-0.2554875138907508,0.06543806085256054,-0.03794568091363303
765.0235168064021,1.0382894228662416,7.427217694888253,0.180761566311087,-0.19948632841267247,0.09041651144778631,-0.015458537851536239
765.1235168064022,1.0568176620546152,7.407191769357701,0.18980321745587797,-0.2010321821978282,0.09041651144778631,-0.015458537851536239
765.2235168064021,0.8103052417530066,7.116158604810506,-0.022046542860657835,-0.4255782221666292,0.010644316795142508,-0.09544893777769091
765.3235168064023,0.6486825974840185,7.043256131278293,-0.15499101246560174,-0.4599994345785134,-0.03818347487700508,-0.10445132383808384
765.4235168064022,0.30410874670165144,7.041026080451247,-0.4319039928413506,-0.4339873913049824,-0.13677034477464728,-0.09137903334052695
765.5235168064021,-0.17593941339724337,6.740537351443367,-0.8205430624728692,-0.6617407564528673,-0.2757860367049694,-0.17187035856284202
765.6235168064022,0.03171385377423316,6.815102749705965,-0.6067794146665866,-0.5625496222885942,-0.18877185840635918,-0.1301928275606084
765.7235168064021,-0.029907946984400392,6.758196823339355,-0.6256566005072053,-0.5755689050446432,-0.18877185840635918,-0.1301928275606084
765.823516806402,0.17666923394559172,7.048784550412291,-0.4225246784886547,-0.29889557276861667,-0.1092050758054645,-0.02557406968814982
765.9235168064022,0.1338707407176398,7.018767122786947,-0.43344518606921606,-0.3014529797374351,-0.1092050758054645,-0.02557406968814982
766.0235168064021,0.1109253152546254,7.41997491716126,-0.4228274366269819,0.058404198309475276,-0.10025305460714234,0.1064588225206878
766.1235168064022,0.06814130631883245,7.426347631104821,-0.4328527420877098,0.06905008056155858,-0.10025305460714234,0.1064588225206878
766.2235168064021,0.24255673683820092,7.4003699230237565,-0.261641427475502,0.05218449705189786,-0.03480169622702628,0.0965904309892908
766.323516806402,0.4533832377754236,7.7993059942214185,-0.0658243437069051,0.3893654791900105,0.03781470966951764,0.2151159645237245
766.4235168064022,0.5509995369383165,7.628885583403834,0.02432342785867415,0.23766859169689886,0.06899285165866215,0.15300935374127572
766.5235168064021,0.6692864156761027,7.654426810782039,0.13052187599438625,0.25382932760817944,0.10580762370000715,0.1533259209414601
766.623516806402,0.5899856950307535,7.745503697639497,0.0640934408253437,0.3225248142836105,0.07804252246186545,0.1724363236302795
766.7235168064021,0.596785251725607,7.778618360686056,0.0718976930715409,0.339768446646662,0.07804252246186545,0.1724363236302795
766.823516806402,0.6232035080340029,7.649240452896964,0.09477040594796007,0.22185017466171172,0.08332902185342647,0.12395340215451192
766.9235168064022,0.6330971937380802,7.67204523737394,0.10310330813331409,0.23424551487717982,0.08332902185342647,0.12395340215451192
767.0235168064021,0.18543044829834152,7.9020376080651324,-0.2786943166455173,0.41065972047639115,-0.06023508011568478,0.18122710761956579
767.123516806402,0.15725984123323727,7.9440097156508305,-0.2847178246570803,0.42878243123833126,-0.06023508011568478,0.18122710761956579
767.2235168064021,0.13131084224742423,8.16632679998665,-0.2883957774808353,0.5938958621219598,-0.05938801193963573,0.23395283260295624
767.323516806402,0.21879497691026392,8.230382996160595,-0.1963344108005617,0.6202036396403572,-0.023680445241200616,0.23500682286960123
767.423516806402,0.3492470843649224,7.98833575066996,-0.07397789066060367,0.392456982090559,0.0213449889811509,0.144918159832312
767.5235168064021,0.24296480550658478,8.016106437282836,-0.15694235473710466,0.3965564450742057,-0.010205115059671921,0.14109183273643366
767.623516806402,0.3293826837042468,8.037499959616621,-0.07325855416198472,0.3950764284033832,0.0203344032757378,0.13550900423973097
767.7235168064021,0.3221585003044173,8.077685147478215,-0.07122511383440816,0.4086273288273748,0.0203344032757378,0.13550900423973097
767.823516806402,0.2429656343123801,7.828619205927112,-0.12801165808129666,0.18155554040369876,-0.0006082032131930482,0.04880958352958873
767.923516806402,0.23016142748819612,7.847018807885112,-0.1280724784026159,0.1864364987566532,-0.0006082032131930482,0.04880958352958873
768.0235168064021,0.18413825447031532,7.478790514892354,-0.1508251963587154,-0.12890924188713093,-0.007417526665508524,-0.06649077882656747
768.123516806402,0.16901864720113002,7.46556713680952,-0.1515669490252656,-0.13555831976978164,-0.007417526665508524,-0.06649077882656747
768.2235168064019,0.007288525884252026,7.4561851727819946,-0.27402048439661614,-0.13849722314750548,-0.05137222801499548,-0.06515993535273944
768.323516806402,-0.04037473271128868,7.185730182768107,-0.29596801926745464,-0.35846628897679556,-0.05749727200683348,-0.14240556766802598
768.423516806402,0.25207241741523656,7.147926984412149,-0.03406401212903511,-0.37373123659434554,0.039125439343650675,-0.14277287902834765
768.5235168064021,0.5254392929437552,6.975717861818901,0.20761176383256952,-0.5022618027607426,0.12727521749992382,-0.18483942684763022
768.623516806402,0.7215827300171418,6.976838552985389,0.36522255809566245,-0.47778485734576925,0.1795118185500888,-0.16945420687602342
768.7235168064019,0.7590025449194236,6.928212796216477,0.383173739950655,-0.4947302780333562,0.1795118185500888,-0.16945420687602342
768.823516806402,0.9003170896036196,7.011393329429139,0.48399574885497215,-0.40048633420936836,0.20892378217544466,-0.12921655564727727
768.923516806402,0.9497612833999481,6.970698613230003,0.5048881270724976,-0.41340798977408433,0.20892378217544466,-0.12921655564727727
769.0235168064019,0.8162688343119744,6.863026610595386,0.37389590805731515,-0.48810368272839055,0.15457632200860455,-0.15354920020082663
769.123516806402,0.8544313067278021,6.813448496321474,0.3893535402581967,-0.5034586027484942,0.15457632200860455,-0.15354920020082663
769.2235168064019,0.5600916707716547,6.8778019312474825,0.1273539744806231,-0.42374643983541854,0.05437609485404801,-0.11944853816203707
769.323516806402,0.5875665215802569,6.900566309844367,0.14494916104649996,-0.38094009609543045,0.05880585761781372,-0.09963485813487341
769.423516806402,0.41560111272118566,6.8688925676055,-0.004245105851584917,-0.3852089645287905,0.0028240019442090994,-0.09759296401325951
769.5235168064019,0.04166330644329021,7.22223220539284,-0.3250699453578562,-0.060742278070345816,-0.11622523751409988,0.025464627892218733
769.623516806402,-0.06290221750816949,7.124380769223182,-0.39595498115051403,-0.13373091339988805,-0.13759190148456119,-0.0015861187645230083
769.7235168064019,-0.10318567513060643,7.110999747289383,-0.40971417129895765,-0.1338895252763402,-0.13759190148456119,-0.0015861187645230083
769.8235168064018,-0.1921237886410871,7.405653431918203,-0.4627061468563582,0.1200873665915914,-0.15175395680931278,0.089731996949387
769.923516806402,-0.23915317311083467,7.418110828562126,-0.4778815425373102,0.12906056628654233,-0.15175395680931278,0.089731996949387
770.0235168064019,-0.04999252118824781,7.421356246572276,-0.298086090727969,0.12955261770205106,-0.08203498453277586,0.08664495176284187
770.123516806402,-0.08021130518375037,7.434744733101314,-0.30628958918125776,0.13821711287834706,-0.08203498453277586,0.08664495176284187
770.2235168064019,-0.19005036558977323,7.302255754271521,-0.379943607410353,0.02606344401152811,-0.1056716282987507,0.043307350007689795
770.3235168064018,0.04137103141606023,7.354160810955749,-0.16366785594259534,0.0712743214725869,-0.023018622002418637,0.05810129239299841
770.423516806402,-0.05379030301292766,7.800446688855869,-0.2313026259229413,0.43831969948720295,-0.046603731717819924,0.18762784031687701
770.5235168064019,-0.4650037630087011,7.735937459672805,-0.5693829706381328,0.36399178902608775,-0.1702178678221723,0.15335307629322723
770.6235168064018,-0.6428112103161049,8.037131419574049,-0.6859127341836677,0.5963281709201669,-0.2060947388600301,0.23106583804734324
770.7235168064019,-0.7124329574288683,8.097919565856387,-0.7065222080696989,0.6194347547249327,-0.2060947388600301,0.23106583804734324
770.8235168064018,-0.5890622063942268,7.8381487012450375,-0.5621169624433425,0.37476241162124047,-0.1456732234059243,0.13446293448500402
770.923516806402,-0.6460022687556694,7.8762972570796395,-0.5766842847839548,0.3882087050697592,-0.1456732234059243,0.13446293448500402
771.0235168064019,-0.7456851322977163,7.311683427555278,-0.6234747735735321,-0.10771105221165281,-0.15672533995543,-0.051648230997476785
771.1235168064018,-0.8088162363547885,7.300654081179135,-0.6391473075690608,-0.11287587531139578,-0.15672533995543,-0.051648230997476785
771.2235168064019,-0.5940659220894747,6.879413338705965,-0.4227122545134271,-0.45535340635699695,-0.07290256254586804,-0.1726426519911168
771.3235168064018,-0.48353151669747335,6.815558826163001,-0.30128860398037316,-0.48715659670631095,-0.026004067254162773,-0.17790408231087537
771.4235168064017,-0.45979635219610115,7.084688715824129,-0.2590540795847685,-0.24259395541142498,-0.009818705152556763,-0.08383329337870436
771.5235168064019,-0.29130025617057037,7.255648226978076,-0.09287420507228818,-0.08432104050731144,0.052155850857532764,-0.022472665707108284
771.6235168064018,-0.5174654253424459,7.181773212553371,-0.2676899871635976,-0.14026260485178704,-0.0127531378795444,-0.04170175102193953
771.7235168064019,-0.5442981897482401,7.167538443313062,-0.2689653009515538,-0.14443277995398668,-0.0127531378795444,-0.04170175102193953
771.8235168064018,-0.11890074679907428,7.135159758851019,0.10820827968174217,-0.1634303569000603,0.12469061949120963,-0.04708441064775304
771.9235168064017,-0.10745646573345499,7.118581301107789,0.1206773416308518,-0.16813879796483133,0.12469061949120963,-0.04708441064775304
772.0235168064019,-0.17712080376239245,6.6288285798821605,0.07249987002559483,-0.5683142869729826,0.10498407465739797,-0.1907238377848189
772.1235168064018,-0.16934589638655353,6.571043531995992,0.08299827749132507,-0.5873866707514471,0.10498407465739797,-0.1907238377848189
772.2235168064017,-0.34668863276256684,6.717404356459006,-0.061132375714590216,-0.43681005372211207,0.04914170647633944,-0.12987056383053192
772.3235168064018,-0.0816838027994198,6.536706840745945,0.1714047424328874,-0.5633761999855248,0.13207892746535202,-0.1709732217651904
772.4235168064017,-0.09918532726109791,6.656500808928704,0.15529865496177414,-0.43479474246203914,0.12149661201178066,-0.11873781698595973
772.5235168064019,0.17553875795925608,6.490528413912111,0.38974544816133294,-0.5505096006971661,0.20391239473544714,-0.15697072967012313
772.6235168064018,0.17352720966947474,6.501788404644423,0.3753094481503806,-0.5110615345760096,0.1913556890297228,-0.13722206681038768
772.7235168064017,0.21201493292962553,6.449996140852819,0.39444501705333546,-0.5247837412570359,0.1913556890297228,-0.13722206681038768
772.8235168064018,0.022633145968506255,7.0862549270513355,0.22160802062615725,0.03262244917222995,0.12170759355537575,0.06863911275045005
772.9235168064017,0.0454024859988776,7.0898603675323075,0.23377877998168375,0.03948636044726871,0.12170759355537575,0.06863911275045005
773.0235168064016,0.06089573375348681,6.832775337920236,0.23762745629060467,-0.17221377130985077,0.11834282374819763,-0.010717180286139612
773.1235168064018,0.08525019350132229,6.8155003748877965,0.24946173866544058,-0.1732854893384662,0.11834282374819763,-0.010717180286139612
773.2235168064017,0.17896568440992394,6.8066031829430065,0.317923733056038,-0.16737132844391792,0.1387932198762037,-0.008211338212809402
773.3235168064018,-0.02252980793610249,7.015256949301149,0.13518043027395152,0.0195679695402409,0.06715134781944093,0.05973649276816919
773.4235168064017,-0.234064871072779,6.968417209854127,-0.045260149979054906,-0.01486899679773267,-0.0004116648023294728,0.04524663454473183
773.5235168064016,-0.1926432200590706,6.726211347878216,-0.005800095059855147,-0.21559590169082282,0.01423325684335028,-0.0303242816346767
773.6235168064018,-0.28187314725140017,7.005297986240976,-0.07793616115058395,0.0285933766033974,-0.012288042234149971,0.058211139857989085
773.7235168064017,-0.28972820357762213,7.008448379600602,-0.07916496537399784,0.034414490589191014,-0.012288042234149971,0.058211139857989085
773.8235168064016,-0.5759194383709643,7.0113200253383114,-0.3124839794615877,0.039398055646221314,-0.09639844996918315,0.05787584596020599
773.9235168064017,-0.6076498285670129,7.015549210132741,-0.32212382445851917,0.04518564024224981,-0.09639844996918315,0.05787584596020599
774.0235168064016,-0.5744942448566394,6.82298669226745,-0.28224291465136797,-0.12034691583341597,-0.07997841786634363,-0.006072498679123656
774.1235168064018,-0.6031184284111475,6.810921638190695,-0.2902407564380132,-0.12095416570132916,-0.07997841786634363,-0.006072498679123656
774.2235168064017,-0.4027509867001451,7.016452205994938,-0.10737589258897091,0.05764083784642463,-0.011050718028776663,0.058207536973333696
774.3235168064016,-0.15955877094128287,7.071056405884149,0.10495102946019828,0.10389772177962274,0.06671585443091317,0.07284079764690835
774.4235168064017,-0.20879688714193492,6.784081546328949,0.06174506344340893,-0.1338808708696068,0.04871011178929352,-0.015030256161916153
774.5235168064016,-0.09706520079225954,6.615003976177069,0.15715017582291216,-0.26794551737180566,0.08227527183681416,-0.06383769388935687
774.6235168064015,-0.11724389400453562,6.768520170718188,0.13527685200417902,-0.1258719732707,0.07142263082581579,-0.010671930203636729
774.7235168064017,-0.10335909564996922,6.755879613740082,0.14241911508677035,-0.1269391662910651,0.07142263082581579,-0.010671930203636729
774.8235168064016,-0.21243416405293944,6.632296691876412,0.049347610018919776,-0.22072759626465002,0.03590207352434664,-0.044335523821880926
774.9235168064017,-0.2073198926834185,6.610002254630808,0.05293781737135934,-0.22516114864684417,0.03590207352434664,-0.044335523821880926
775.0235168064016,-0.725401019442277,6.887122396177986,-0.38202555032727975,0.022189345040839713,-0.12353683749567357,0.04737197658234476
775.1235168064015,-0.7642212586624474,6.88957819056498,-0.3943792340768359,0.02692654269906988,-0.12353683749567357,0.04737197658234476
775.2235168064017,-0.7041515051882159,6.719793887126024,-0.3235696813821459,-0.11053613460095826,-0.09350346570593494,-0.0036352672322210247
775.3235168064016,-0.5306020650641202,6.602889775224964,-0.1594972342681601,-0.19904653659128557,-0.030314737494071833,-0.035534368254514184
775.4235168064015,-0.4268097498456242,6.724701872163148,-0.06297288056789424,-0.08580568884845019,0.005624809557951013,0.0063440490612362635
775.5235168064016,-0.5180705742334162,6.460919790196955,-0.1354744808937588,-0.3025942598716471,-0.021463409681235758,-0.07370821861064486
775.6235168064015,-0.7029810636422,6.641317010681836,-0.27961037329201904,-0.13652631883664165,-0.07265670082309598,-0.011596059463331108
775.7235168064017,-0.7313053844755566,6.627606398500836,-0.28687604337433853,-0.13768592478297634,-0.07265670082309598,-0.011596059463331108
775.8235168064016,-0.6173655959704456,6.627372622302926,-0.17614188811254078,-0.12781743609263538,-0.030239658168171847,-0.007683417489214546
775.9235168064015,-0.6351309830725242,6.614552461606228,-0.17916585392935522,-0.12858577784155614,-0.030239658168171847,-0.007683417489214546
776.0235168064016,-0.7405827080589449,6.562017310498269,-0.24825379818264245,-0.16738154367854213,-0.052254299188929015,-0.022847574123530688
776.1235168064015,-0.7656693593731306,6.545164918259813,-0.2534792281015306,-0.16966630109089312,-0.052254299188929015,-0.022847574123530688
776.2235168064014,-0.8189890181063427,6.347010005962611,-0.28172072388545494,-0.3210341302526026,-0.06056626602447891,-0.07632382782330485
776.3235168064016,-0.8780084160007755,6.648402865902593,-0.31344489301525225,-0.05058234815548692,-0.0699185508895041,0.024310878073072376
776.4235168064015,-0.593021669031711,6.6956584715077945,-0.05747509937576215,-0.005191427240290229,0.025010322582325717,0.039714798096705445
776.5235168064016,-0.6968048642520966,6.591886105461792,-0.13935910004019655,-0.08934639297121276,-0.006275094714628067,0.007267804961624921
776.6235168064015,-0.5337820000103412,6.645247822752278,0.006757401955261993,-0.03744894157753993,0.04663238211507917,0.02559312509992472
776.7235168064014,-0.5328730979042405,6.641630894220027,0.01142064016676567,-0.03488962906754979,0.04663238211507917,0.02559312509992472
776.8235168064016,-0.7592226587831719,6.1814261683511145,-0.17439581353103856,-0.4073869083372644,-0.022535131421349122,-0.10868189206569401
776.9235168064015,-0.7767749157933663,6.140144068057098,-0.17664932667317143,-0.4182550975438239,-0.022535131421349122,-0.10868189206569401
777.0235168064014,-0.7912286499201404,6.294451989547504,-0.17578512099027985,-0.2753516231765663,-0.021308002336104793,-0.05582223097189293
777.1235168064015,-0.8089137020308732,6.26663771607495,-0.17791592122389324,-0.2809338462737632,-0.021308002336104793,-0.05582223097189293
777.2235168064014,-1.1833420919149749,6.432992906120265,-0.47617758988196046,-0.1261915917947659,-0.1282519940573781,0.0016863267506212684
777.3235168064016,-0.8395512829007648,6.830554251691946,-0.15955043121511622,0.21560600496296817,-0.008211974687887771,0.12531699209629732
777.4235168064015,-0.7723619176066217,6.736972967102643,-0.09129707194837215,0.13284787246374505,0.01672386629188114,0.09114933266843012
777.5235168064014,-0.9062564365086587,6.640849453781821,-0.19695210865277013,0.0483740211308368,-0.023067351535518893,0.056691178446951804
777.6235168064015,-1.1409534046906054,6.625149669376609,-0.3774229699602079,0.036930933062814204,-0.08730312021965675,0.05056292868741122
777.7235168064014,-1.1791322172876892,6.629095577326324,-0.38615328198216564,0.04198722593155073,-0.08730312021965675,0.05056292868741122
777.8235168064014,-1.1447017994478288,6.275462389953626,-0.332304697659751,-0.24887160362902117,-0.06427951244671175,-0.055903265016179406
777.9235168064015,-1.1782536667760837,6.250295713265609,-0.33873264890443094,-0.2544619301306467,-0.06427951244671175,-0.055903265016179406
778.0235168064014,-1.0265841554687924,5.956347264455894,-0.1903021070450101,-0.4933348364567351,-0.008212845700022607,-0.14310386879817205
778.1235168064015,-1.0456554304018197,5.906298261466159,-0.1911233916150135,-0.5076452233365718,-0.008212845700022607,-0.14310386879817205
778.2235168064014,-1.1003780574560198,5.788687609651299,-0.22148815773785543,-0.5764026986054474,-0.01888210778477054,-0.162634096326641
778.3235168064014,-1.165366622978183,5.679417571869918,-0.2592966821968519,-0.634990836514786,-0.03197011594229021,-0.1779508137820035
778.4235168064015,-0.9451599728216739,5.627125659412961,-0.05797721938512477,-0.6428288546952613,0.041860112213291084,-0.17438055305070152
778.5235168064014,-1.1195008639677677,5.846171862069543,-0.1988612551861656,-0.418167460817007,-0.0119240341120758,-0.08524273389244022
778.6235168064013,-1.3956464486079656,5.818701652648544,-0.41247108501616764,-0.41455020943664933,-0.08850957892671196,-0.08089459218416441
778.7235168064014,-1.4373361050042734,5.776842158743901,-0.4213220429088509,-0.4226396686550768,-0.08850957892671196,-0.08089459218416441
778.8235168064014,-1.2929766578382766,5.582218402645883,-0.2762487024155285,-0.5542366526659328,-0.03327124803289117,-0.12477486732618029
778.9235168064015,-1.320767884320032,5.526170863042582,-0.2795758272188222,-0.5667141393985679,-0.03327124803289117,-0.12477486732618029
779.0235168064014,-1.8516459980410154,5.903494680210466,-0.7106650470528634,-0.2138761721383375,-0.19064944167146175,0.008388207501722006
779.1235168064013,-1.9236657499545926,5.882149004034161,-0.7297299912199922,-0.21303735138816607,-0.19064944167146175,0.008388207501722006
779.2235168064014,-1.5048743242943032,5.757033332719097,-0.33954800915014993,-0.29770418710278185,-0.04285498807632063,-0.02228276086659964
779.3235168064014,-1.5747760717656742,5.490226298209454,-0.37386084653614393,-0.4972655256465867,-0.05379581826387466,-0.09369479079148336
779.4235168064013,-1.5146263626673309,5.3984733041130015,-0.2980264679230683,-0.540841656459854,-0.024477665552313545,-0.10596012073970462
779.5235168064014,-1.6528481550765926,5.607988293383967,-0.39357281664332344,-0.3264367829127637,-0.05899359677742484,-0.023117766820285657
779.6235168064013,-1.6585547227281594,5.747007292236393,-0.37132752784167544,-0.1875663135918941,-0.048846250235524524,0.027442638397565687
779.7235168064014,-1.695931706763556,5.728387874069166,-0.3762121528652346,-0.1848220497521338,-0.048846250235524524,0.027442638397565687
779.8235168064014,-1.2646992482033321,5.833024601992608,0.010665054599771382,-0.0824189996206876,0.09324638395150578,0.06276791457554748
779.9235168064013,-1.2631665108235994,5.825096541603424,0.01998969299491348,-0.07614220816313856,0.09324638395150578,0.06276791457554748
780.0235168064014,-1.6996875675988496,6.0907122188299265,-0.33733260902249596,0.15512387271091388,-0.03975034718738366,0.14356086509220042
780.1235168064013,-1.7336195802370051,6.106942410426464,-0.3413076437412307,0.16947995922012088,-0.03975034718738366,0.14356086509220042
780.2235168064012,-1.7844492724719512,6.004825729305871,-0.3589875783354043,0.08521594624782526,-0.044699701864989,0.1081857323029008
780.3235168064014,-1.6790434863494508,6.278897122353466,-0.2445268820687794,0.31675823906534667,-0.001365850536126513,0.18806250851072415
780.4235168064013,-1.50124589818345,6.497806683517098,-0.07671562472825053,0.4889039016098853,0.059263140640325604,0.24304475269834525
780.5235168064014,-1.5672148355229762,6.5466030882535735,-0.12116006646909679,0.5120931139726652,0.04058838209205211,0.24263412762810546
780.6235168064013,-1.5397301644542953,6.45383375903784,-0.0844362364288488,0.4170253302247738,0.05236550526844413,0.19989905419268722
780.7235168064012,-1.5479119605708307,6.496535787331241,-0.07919968590200915,0.43701523564402434,0.05236550526844413,0.19989905419268722
780.8235168064014,-1.458686010355485,6.410749953354666,0.0068426101659698315,0.3492463265393102,0.08164535286091565,0.16114864378877103
780.9235168064013,-1.4575935225745849,6.446480329227508,0.01500714545205397,0.36536119091817265,0.08164535286091565,0.16114864378877103
781.0235168064012,-1.6581219833503071,6.214951561099025,-0.15073482934901303,0.1627272935581742,0.017202880272982904,0.08341594505696985
781.1235168064013,-1.6731094518838638,6.23164137018015,-0.14901454132171238,0.17106888806388257,0.017202880272982904,0.08341594505696985
781.2235168064012,-1.8736199189965987,6.60483221635328,-0.3015308952774802,0.4722404728542254,-0.03849777076388443,0.18845436871980495
781.3235168064014,-1.96433016780881,6.536650285840563,-0.3561070892495887,0.394180404444335,-0.056980564762782175,0.1533856440119034
781.4235168064013,-1.8913296542537412,6.859835568519411,-0.27138128035266157,0.6424584927526189,-0.024337646237002283,0.23690975332575934
781.5235168064012,-1.9030756126619033,6.930684344036592,-0.2604783744548415,0.6707651669894454,-0.019393128374455424,0.2386091926908878
781.6235168064013,-1.9582412223126908,6.677444735041855,-0.28647908041429,0.4303820230953519,-0.02806828715175095,0.14397769837630053
781.7235168064012,-1.9870294717898525,6.721202825843232,-0.2892859091294625,0.4447797929329689,-0.02806828715175095,0.14397769837630053
781.8235168064011,-1.859083659168201,6.468678938351036,-0.16309486034469872,0.21196359679819513,0.01814547825338271,0.05471541702524933
781.9235168064013,-1.875302417811426,6.490148875116011,-0.16128031251935798,0.21743513850072752,0.01814547825338271,0.05471541702524933
782.0235168064012,-2.013156964756334,5.662295915331295,-0.26549450930623697,-0.4842303919125029,-0.021522270094973456,-0.2010517292515058
782.1235168064013,-2.039814027037469,5.612867617493718,-0.26764673631573727,-0.5043355648376809,-0.021522270094973456,-0.2010517292515058
782.2235168064012,-1.8704696952602722,5.637380034827095,-0.106823182568472,-0.46190807008277346,0.037334412562770564,-0.1786211959780581
782.3235168064011,-1.8651803883634377,5.639332992146192,-0.08982512634032,-0.4389277815721979,0.04216753820032477,-0.16384090911825977
782.4235168064013,-2.0734620802476593,5.782728068407886,-0.2512751201861252,-0.3004796458436746,-0.017637980223020627,-0.1083233927848135
782.5235168064012,-1.8731208704326554,5.575648614577939,-0.059136264004689826,-0.46165664342833435,0.05425066213030938,-0.16367830998399188
782.6235168064011,-1.9895928172661357,5.575045486780989,-0.14560092310184844,-0.4399046135526654,0.021120495766870008,-0.15002676620134892
782.7235168064012,-2.0040473070975056,5.530304891594654,-0.14348887352515854,-0.4549072901728208,0.021120495766870008,-0.15002676620134892
782.8235168064011,-1.9092148481017974,5.466356079739059,-0.05131092199421317,-0.4850245458013277,0.053510825854679187,-0.1555942616306576
782.9235168064013,-1.9140783861719517,5.417075653850705,-0.045959839408737956,-0.5005839719644147,0.053510825854679187,-0.1555942616306576
783.0235168064012,-2.078851636484365,5.302882572592364,-0.17701669469888315,-0.5667451973685615,0.0033538072156279047,-0.17330590754015904
783.1235168064011,-2.096536536918159,5.24534152331786,-0.17668131397732068,-0.5840757881225617,0.0033538072156279047,-0.17330590754015904
783.2235168064012,-2.13241755547093,5.189228407344706,-0.19148732392766163,-0.5988038498664465,-0.0021143183036064373,-0.172372377663326
783.3235168064011,-2.304360319250936,5.308689995952906,-0.32008771938665753,-0.46595078730603506,-0.048894416558105634,-0.11805683172841411
783.423516806401,-2.2191272125108688,5.243308467633843,-0.22742024673712538,-0.4927338606168554,-0.01367647500968213,-0.12342720919866546
783.5235168064012,-2.3180064265216647,5.485119382519685,-0.29418133954910636,-0.25658780251926405,-0.037920836292513554,-0.031936923195793374
783.6235168064011,-1.8971081337201798,5.517093783378491,0.07554488998599675,-0.21228231594216904,0.09674845141243757,-0.01492644347526352
783.7235168064012,-1.8890699024645063,5.495790919566868,0.0852197351272537,-0.21377496028969742,0.09674845141243757,-0.01492644347526352
783.8235168064011,-1.8386284290736612,6.1415787469500005,0.12945311275398072,0.33388978111419537,0.10927047726443194,0.18205034405001458
783.923516806401,-1.8251367654119537,6.175877976781638,0.14038016048041396,0.35209481551918026,0.10927047726443194,0.18205034405001458
784.0235168064012,-1.8991184290527192,6.020852271010519,0.07838246159401785,0.21752267887423318,0.08311275189464162,0.1285423909577225
784.1235168064011,-1.890864619133852,6.043247250852709,0.08669373678347445,0.23037691796999374,0.08311275189464162,0.1285423909577225
784.223516806401,-2.0591872589968205,5.629190792332914,-0.052348147511226406,-0.1171692321305727,0.029897985221306364,-0.0007336054382014179
784.3235168064011,-2.0028081418529933,5.887185790951621,0.0022922420823712456,0.10740131557654567,0.0487175134497209,0.08056183131580898
784.423516806401,-1.9861629704199666,5.960566081106336,0.0205930044996873,0.1666854932720152,0.05356537205991496,0.09893042993796072
784.5235168064012,-1.9660572522793398,5.641096926379691,0.04123311658483941,-0.1101850944962555,0.05923169701497906,-0.006652150882720018
784.6235168064011,-1.847807592824579,5.5851135922962225,0.14153384702661825,-0.147778957506397,0.0932588341921401,-0.019877095632777144
784.723516806401,-1.8331879139509701,5.570236311067433,0.1508597304458238,-0.1497666670696729,0.0932588341921401,-0.019877095632777144
784.8235168064011,-1.8866340334233573,5.864088813121319,0.10241201930243907,0.10227186594762848,0.07226376382387933,0.07117700514489315
784.923516806401,-1.876031512674004,5.8746718847417965,0.10963839568482042,0.10938956646211132,0.07226376382387933,0.07117700514489315
785.023516806401,-1.6473044698496655,5.873233276143728,0.2997332916993866,0.10469290419819285,0.13896093965920725,0.06656312744127707
785.1235168064011,-1.616636335981388,5.884035382200769,0.3136293856653263,0.11134921694232965,0.13896093965920725,0.06656312744127707
785.223516806401,-1.547509250874338,5.634095124799478,0.3583149460314947,-0.09721861787975666,0.15008017372396798,-0.01063799930314624
785.3235168064011,-1.6168606880809369,5.1790660608454395,0.2843037016690828,-0.46913084192406057,0.11764491065459998,-0.14484277183677827
785.423516806401,-1.5204394305595865,4.94934512206121,0.35203721174165803,-0.6334894283687097,0.13784966655479472,-0.19858254935536776
785.523516806401,-1.5563171772882816,5.1999805787177715,0.30412363737189607,-0.38503111776571586,0.11497517642623267,-0.09979193427208963
785.6235168064011,-1.3094582121611482,5.3171600141627415,0.4946022057314054,-0.2666468316703333,0.17950548126865992,-0.053822205615812885
785.723516806401,-1.259100464181711,5.2902262199676535,0.512552753858255,-0.2720290522319097,0.17950548126865992,-0.053822205615812885
785.8235168064009,-1.4095562389074023,5.3354800566788345,0.36055429072565703,-0.21906833608499415,0.11766467644572311,-0.03330400243453582
785.923516806401,-1.3729124864525573,5.313406703058132,0.3723207583702454,-0.22239873632845228,0.11766467644572311,-0.03330400243453582
786.023516806401,-1.6621223716218754,5.150757919669966,0.10975151326327973,-0.34201814286002113,0.01781588419105741,-0.07525323701450606
786.1235168064011,-1.6510581408745768,5.1161798391988444,0.11153310168238789,-0.349543466561482,0.01781588419105741,-0.07525323701450606
786.223516806401,-1.7547419895244998,5.215962977244014,0.01785797641530163,-0.24582604924147264,-0.01665712449091907,-0.035350349508110626
786.3235168064009,-1.852923243604534,5.1048770817536235,-0.06774334810813032,-0.32126175213719554,-0.047240097270783515,-0.06137017906412988
786.423516806401,-2.3057358817414055,5.263877402861046,-0.44264718946656806,-0.16982865244193,-0.18087461990435616,-0.004870949107732503
786.523516806401,-2.5232868782822147,5.100150438759622,-0.6089247847636942,-0.295300425000621,-0.23581552588280463,-0.05088865642312657
786.6235168064009,-2.431568340688973,4.963967119111727,-0.5049976861131438,-0.3878370608934543,-0.18984321707395832,-0.08220558772604802
786.723516806401,-2.483017325385729,4.924772385083697,-0.5239820078205655,-0.39605761966607034,-0.18984321707395832,-0.08220558772604802
786.8235168064009,-2.360164649017024,4.920331839504057,-0.3978233750385151,-0.3747769327021604,-0.13774057551565502,-0.07156408611854873
786.923516806401,-2.4006356893985097,4.882496325803197,-0.4115974325900994,-0.381933341314025,-0.13774057551565502,-0.07156408611854873
787.023516806401,-2.3106251444689034,5.473678705021987,-0.3213428503112049,0.1416532254582696,-0.10172415240851596,0.1222941520150936
787.1235168064009,-2.3432680502620364,5.488455498327876,-0.33151526555204724,0.15388264065976784,-0.10172415240851596,0.1222941520150936
787.223516806401,-2.3149557943013197,5.522514192606069,-0.2902139525408272,0.18098047699733777,-0.08313505361802888,0.12762747022122134
787.3235168064009,-2.309705240807597,5.389938739775896,-0.2693783071758905,0.06771699870850463,-0.07251420197710397,0.08202037092846531
787.4235168064008,-2.3928708732812725,5.209013757024824,-0.32301843119521595,-0.07891296490607441,-0.08926047435902715,0.02650293560680421
787.523516806401,-2.329991529069488,5.207661487240903,-0.24973718147638196,-0.0708052201645851,-0.0587824439872371,0.02851229704096183
787.6235168064009,-2.3908260511922204,5.29441126881079,-0.2851042329066961,0.009046704461486886,-0.06941441703447754,0.056087905501193816
787.723516806401,-2.4196835465681024,5.295596378784446,-0.29204567461015335,0.01465549501161392,-0.06941441703447754,0.056087905501193816
787.8235168064009,-2.005796923233135,5.500376177721758,0.06857006525929152,0.18766405425089355,0.0631517262636537,0.11621270379010847
787.9235168064008,-1.998624158075894,5.51972364666578,0.07488523788565114,0.19928532462989382,0.0631517262636537,0.11621270379010847
788.023516806401,-2.22673314126466,5.516135930847337,-0.12267946943110826,0.18855997353205203,-0.012730492891195211,0.10748849899504
788.1235168064009,-2.239064740672215,5.5355293706954996,-0.12395251872022663,0.19930882343154627,-0.012730492891195211,0.10748849899504
788.2235168064008,-2.077831278441222,5.2308167226034135,0.019041770406565153,-0.05767246160694519,0.039369867761144935,0.011453419686421759
788.3235168064009,-1.834393767058527,5.119643937521422,0.22578173884555888,-0.14436622798117096,0.11326362887862645,-0.02033430486135559
788.4235168064008,-1.7011223950916001,5.026656481837346,0.3285539464565765,-0.21097170801482834,0.14627548085487002,-0.04348762308990439
788.523516806401,-1.6298580410169496,5.001315567721694,0.37557147143251185,-0.2187503185723828,0.15828393671675978,-0.04475044790818318
788.6235168064009,-1.7365833738918923,4.979179502463458,0.271117883111678,-0.22325600424829992,0.11491715049028864,-0.044761421069546566
788.7235168064008,-1.7088969998282988,4.956630094933301,0.2826095981606964,-0.2277321463552505,0.11491715049028864,-0.044761421069546566
788.8235168064009,-1.949756856482638,5.154725844853402,0.07037947915563665,-0.04981053305348938,0.03417988854345419,0.020779464105857025
788.9235168064008,-1.9425480091243637,5.1498486888685875,0.07379746800997897,-0.04773258664290556,0.03417988854345419,0.020779464105857025
789.0235168064007,-1.465225852971858,5.374416707912627,0.47041701353685234,0.14729547943190877,0.17704626405679008,0.09118645559383147
789.1235168064009,-1.4172989202978223,5.389602188133808,0.4881216399425555,0.15641412499130436,0.17704626405679008,0.09118645559383147
789.2235168064008,-1.6138246239770728,5.307910061364421,0.30131554517874154,0.0850201004004756,0.10318975261632576,0.062306476636608515
789.3235168064009,-1.8110471077758312,5.34886165396885,0.12014787965900461,0.1180182671387444,0.03341923950518172,0.07199326125023922
789.4235168064008,-2.111270390119256,5.286643119455001,-0.13592147148682981,0.0639946290979381,-0.060227952889116046,0.05004080996273435
789.5235168064007,-2.307346135493987,5.525328142285123,-0.2985595616624898,0.26666034269847283,-0.11829245421021353,0.12281721206131896
789.6235168064009,-2.4601887867011656,5.46971647107342,-0.4118677168960823,0.21081441551745417,-0.1548799307003415,0.0984192328074374
789.7235168064008,-2.5021499580442366,5.491290008789183,-0.4273557099661024,0.22065633879818897,-0.1548799307003415,0.0984192328074374
789.8235168064007,-2.315005885483,5.400871019151547,-0.2509314039203037,0.13690358169605094,-0.0854658200328335,0.06468253378741061
789.9235168064008,-2.34052635497523,5.41488478999011,-0.2594779859235987,0.1433718350748008,-0.0854658200328335,0.06468253378741061
790.0235168064007,-2.1302339686296774,5.169479747761122,-0.06908299510670622,-0.07210259313684647,-0.012943366231044896,-0.017144535332051153
790.1235168064009,-2.1372069849715127,5.162183765770767,-0.07037733172981248,-0.07381704667005393,-0.012943366231044896,-0.017144535332051153
790.2235168064008,-2.3332678833945537,4.824914067702241,-0.22861887889143154,-0.34706647240157396,-0.06962290549627961,-0.11454441374382997
790.3235168064007,-2.315498597158415,4.850934982111587,-0.20114492609770096,-0.3074644089645303,-0.05707563662215938,-0.09606779049553107
790.4235168064008,-2.2135582412073567,4.5954579356087395,-0.10526507182413872,-0.5016531399187508,-0.02040268758114718,-0.1622525360881238
790.5235168064007,-2.1077829485873423,4.688120436610197,-0.0072374323405970335,-0.3955180123164931,0.016697093730112328,-0.11720106005493622
790.6235168064006,-2.0930427958496733,4.744158077940209,0.007184303847518491,-0.32819281150045826,0.021294743450246373,-0.08889323200561955
790.7235168064008,-2.0922178917476693,4.710894330630088,0.009313778192546033,-0.3370821347010323,0.021294743450246373,-0.08889323200561955
790.8235168064007,-1.9813529677976571,4.686440067405249,0.10276768581920882,-0.33812465769909594,0.054311500551911404,-0.08611522896608197
790.9235168064008,-1.9708046417129619,4.6521970254904605,0.10819883587440737,-0.34673618059571587,0.054311500551911404,-0.08611522896608197
791.0235168064007,-1.8420545157880177,4.956001005236308,0.2100979915830594,-0.0756464667707576,0.08879650757982044,0.014411658714071515
791.1235168064006,-1.8206007340918324,4.9485084168528095,0.21897764234103337,-0.07420530089935176,0.08879650757982044,0.014411658714071515
791.2235168064008,-1.8850635431670675,4.919358716910303,0.15575819927041765,-0.09071366541030815,0.06275881372323767,0.007973143400051279
791.3235168064007,-1.942306823814929,5.050658255857246,0.10057810521845342,0.026964223907056863,0.04036657308649437,0.05027056185589428
791.4235168064006,-1.7758838805287152,4.8165075246921365,0.23428778043205914,-0.16316614714957547,0.0871783936273926,-0.019706185812285504
791.5235168064007,-2.020111245064078,4.5017118697479725,0.012537146584620674,-0.4193151791208133,0.001733118458957364,-0.11329132003348312
791.6235168064006,-2.0503829503789985,4.511853541455799,-0.013434715304792762,-0.38738049401758873,-0.007693332131987548,-0.0977976146554395
791.7235168064008,-2.0517648885701396,4.472626503980709,-0.014204048517992566,-0.39716025548314604,-0.007693332131987548,-0.0977976146554395
791.8235168064007,-2.550308910036892,4.37043313876867,-0.42974460054031505,-0.4577739738384725,-0.1580335179840648,-0.11598141666628704
791.9235168064006,-2.594073537680803,4.324075834301533,-0.44554795233870714,-0.46937211550509067,-0.1580335179840648,-0.11598141666628704
792.0235168064007,-2.4775802126262283,4.278076147762665,-0.32476361035923057,-0.4766661262846676,-0.10808848980825603,-0.11357488231655749
792.1235168064006,-2.5105970161111624,4.22984166072266,-0.3355724593400463,-0.488023614516313,-0.10808848980825603,-0.11357488231655749
792.2235168064005,-3.016654831782019,3.9097643356065084,-0.7383872021193872,-0.7222614419058582,-0.24965655829142328,-0.19352229298932433
792.3235168064007,-2.985454336695757,4.090263724254127,-0.6740359793762881,-0.5303147267776039,-0.2171128548662403,-0.11705620892491157
792.4235168064006,-3.1515014872327636,4.208500250914191,-0.7767563033184082,-0.4005667190634114,-0.24635703096114464,-0.06633579814868096
792.5235168064007,-2.854684199885198,4.0274166078401885,-0.47839584296650756,-0.5270529870476339,-0.12660748049227255,-0.11046397472947223
792.6235168064006,-2.777512744169173,4.09867982620638,-0.38688403697135176,-0.4357573837212815,-0.08904883033476177,-0.07381309844922879
792.7235168064005,-2.816646392017946,4.054735022342046,-0.39578892000481986,-0.4431386935661976,-0.08904883033476177,-0.07381309844922879
792.8235168064007,-2.7887626871594264,4.214264080772159,-0.3489310898099802,-0.282096941714664,-0.06907938928318416,-0.013306765954125381
792.9235168064006,-2.824001193086808,4.185987852770948,-0.3558390287382924,-0.2834276183100753,-0.06907938928318416,-0.013306765954125381
793.0235168064005,-2.4927885721914214,3.961792759372314,-0.057054831390154846,-0.44908469438519694,0.04153927482794168,-0.07313995784657756
793.1235168064006,-2.4982863589563045,3.916518590144499,-0.05290090390735501,-0.4563986901698647,0.04153927482794168,-0.07313995784657756
793.2235168064005,-2.7160599400702834,3.9709082263149,-0.2254063891175577,-0.3810546462380327,-0.0222590818548579,-0.043490432582987834
793.3235168064007,-2.8125583193759645,4.16377244632733,-0.2896878925350957,-0.19284981459765974,-0.04486980134468889,0.026192077307650913
793.4235168064006,-2.6665279987711097,4.047913445137985,-0.14867490735452482,-0.2698291476181991,0.007655530255339278,-0.0023492243461982025
793.5235168064005,-2.9751514521922138,3.907761683213676,-0.4004730312874932,-0.3664580753912564,-0.08598145433817347,-0.03784022378789992
793.6235168064006,-2.7215028586410988,3.954748865531119,-0.16520901593862133,-0.3013497666043148,0.0019412587748299792,-0.013168395149676635
793.7235168064005,-2.738014053941072,3.9245480468949667,-0.1650148900611385,-0.30266660611928126,0.0019412587748299792,-0.013168395149676635
793.8235168064004,-2.7017035578573676,4.348978486413056,-0.11872347048336614,0.07131374257967922,0.019199466494236213,0.12172078530876826
793.9235168064006,-2.713479907573249,4.35671846459758,-0.1168035238339399,0.08348582111057265,0.019199466494236213,0.12172078530876826
794.0235168064005,-2.6310897082874254,4.104723687670031,-0.04323445544849417,-0.12101546812955188,0.04326274778193914,0.043477788035613585
794.1235168064006,-2.6351968400933705,4.092839529797239,-0.038908180670294355,-0.11666768932598459,0.04326274778193914,0.043477788035613585
794.2235168064005,-2.7276852698133034,4.189492500350466,-0.10834996423433108,-0.023316373083252465,0.016622328082968832,0.07540344996642065
794.3235168064004,-2.5706877298210635,4.145523543425017,0.03427762454243449,-0.05076942554392827,0.06798478959298886,0.0627398369089871
794.4235168064006,-2.539069501649026,4.282648157814901,0.06420230411301434,0.07229343928257626,0.07633332323783011,0.10461631673945512
794.5235168064005,-2.6885148039615325,4.1945257125161435,-0.06248410766206596,0.001083105841232053,0.02653480921455005,0.07454577803601527
794.6235168064004,-2.669704260079024,4.546557497034476,-0.039164039292761875,0.2974725118480073,0.03398599571011104,0.1780195674755755
794.7235168064005,-2.673450734029754,4.577194846056697,-0.03576543972174613,0.31527446859558916,0.03398599571011104,0.1780195674755755
794.8235168064004,-2.838028161132966,4.228647739331065,-0.16967744360177606,0.02037379830670736,-0.016546784344543333,0.0660841148167605
794.9235168064006,-2.8550786394148897,4.231015539735823,-0.17133212203623266,0.026982209788392424,-0.016546784344543333,0.0660841148167605
795.0235168064005,-2.832938081544488,4.362058137352523,-0.1402854623491572,0.13507019851210064,-0.004732576152458927,0.1013820069004418
795.1235168064004,-2.846990290660153,4.376072067238223,-0.14075871996440267,0.1452083992021356,-0.004732576152458927,0.1013820069004418
795.2235168064005,-2.765841023160088,4.609451465909849,-0.06211916751301549,0.3351213137942254,0.02383803436791571,0.16586738472788076
795.3235168064004,-2.340868214561036,4.463751745612447,0.3025031753023223,0.20175321919818684,0.15582410221027257,0.11160086246773024
795.4235168064004,-2.6201394546873207,4.313001771781873,0.060421810347073966,0.07176421020891649,0.0628077554149606,0.06098964689423502
795.5235168064005,-2.6252679773299477,4.429307817547885,0.05682959185070143,0.1705665611819871,0.05914738191331713,0.09512180915147139
795.6235168064004,-2.671573289684875,4.663705507957596,0.01939522192708889,0.35831751777870996,0.04351817898875664,0.15895295633277284
795.7235168064005,-2.6694161765972195,4.7003320245171825,0.02374703982597049,0.3742128134120089,0.04351817898875664,0.15895295633277284
795.8235168064004,-2.266085100747391,4.382105808775904,0.3627419438548481,0.09476498526499773,0.164885837682897,0.05248118196167849
795.9235168064004,-2.228986477173526,4.391844713212204,0.3792305276231228,0.10001310346116081,0.164885837682897,0.05248118196167849
796.0235168064005,-2.1670051930887793,4.328455325567862,0.417488576709718,0.049361806861956535,0.17344841605693567,0.03376687203742104
796.1235168064004,-2.1243890933375624,4.33356034061424,0.4348334183153958,0.05273849406569557,0.17344841605693567,0.03376687203742104
796.2235168064003,-1.9716505275287353,4.163601829620349,0.5422043559066361,-0.08829728271455407,0.2059602244847642,-0.01803402977391237
796.3235168064004,-1.898422386407206,4.316388653316326,0.5779078024067447,0.04458352023646406,0.21146480027954045,0.030706269618445046
796.4235168064004,-1.890002078135015,4.251715658043509,0.5571806508327906,-0.009374717598677439,0.19634846413179904,0.010257678252518922
796.5235168064005,-1.687111661459124,4.199350393661718,0.7024899753166471,-0.052201918472352,0.24294177995857458,-0.005888405543316353
796.6235168064004,-1.7443171778960955,4.543326921198618,0.6201034259048477,0.23423352516008636,0.20447882629473527,0.09690117690569716
796.7235168064003,-1.6812844411741954,4.567234779599133,0.6405513085343026,0.24392364285064727,0.20447882629473527,0.09690117690569716
796.8235168064004,-2.093012864009679,4.2339977799661215,0.2639155301169032,-0.04013492214836024,0.06075636515041131,-0.00819594502598008
796.9235168064004,-2.066317529172261,4.22994330802616,0.26999116663193884,-0.0409545166509575,0.06075636515041131,-0.00819594502598008
797.0235168064003,-2.3321218821281446,4.082255968173589,0.028224142255542786,-0.15787949439532573,-0.030000651875665564,-0.049258359721270226
797.1235168064004,-2.3294494711619653,4.066221726935428,0.025224077067972136,-0.16280533036745948,-0.030000651875665564,-0.049258359721270226
797.2235168064003,-2.4110804685229286,3.8980404706850003,-0.047548468259488254,-0.29259228911944973,-0.05519811804377084,-0.09404617500215853
797.3235168064004,-2.3010921687538644,3.674398151283084,0.04358608187046368,-0.46350534099235297,-0.0199809122947334,-0.15249378132282293
797.4235168064004,-2.0613327422471843,3.9023763889706804,0.23714027132767165,-0.25232520839656775,0.05061325153184045,-0.07130393904650417
797.5235168064003,-2.204845559740926,4.328670014214186,0.09822551968276558,0.12548515437029273,-0.0027653096584648804,0.07042616265588836
797.6235168064004,-2.631743447686384,4.198947022224162,-0.2641281120767524,0.015307320974982441,-0.1333095521752025,0.028446993160634093
797.7235168064003,-2.65882280665491,4.200619989287461,-0.2774590672942605,0.018152020291043264,-0.1333095521752025,0.028446993160634093
797.8235168064002,-2.584761430495781,4.152195445953997,-0.20671110963742376,-0.018739014594505114,-0.10321822632529919,0.014661790596731047
797.9235168064004,-2.6059486325911796,4.150394853447528,-0.21703293226996775,-0.017272835534830007,-0.10321822632529919,0.014661790596731047
798.0235168064003,-2.703053247799429,4.039524314337451,-0.2857832939269893,-0.10497701914138573,-0.1232529272644637,-0.01711461890487431
798.1235168064004,-2.732247841828491,4.028941039328775,-0.2981085866534525,-0.10668848103187549,-0.1232529272644637,-0.01711461890487431
798.2235168064003,-2.568658284183966,3.62173604874772,-0.14928534578830563,-0.43480823022412907,-0.06505613226631934,-0.13419761281320572
798.3235168064002,-2.5640043850737673,3.1438194476354426,-0.13906185223155254,-0.8095071364893962,-0.05896067641934809,-0.2649393992710338
798.4235168064004,-2.4235256914170082,3.2461893758450393,-0.01651685068195298,-0.6840182156399824,-0.012593588044164418,-0.2104435676302017
798.5235168064003,-2.23180797284551,3.110819375510947,0.14851020563532535,-0.7612137412781816,0.04905644286435816,-0.23111768627693513
798.6235168064002,-2.4075591354953376,3.011929360018509,-0.004817377744183477,-0.8020889873675493,-0.00799338658177761,-0.23747917041512787
798.7235168064003,-2.4080808402026657,2.930533065429566,-0.005616716402362329,-0.8258369044090945,-0.00799338658177761,-0.23747917041512787
798.8235168064002,-2.0102228464824408,2.947434097660936,0.3219577132449539,-0.7675924878475068,0.10992457697763132,-0.20830283055961754
798.9235168064004,-1.9774774522730116,2.8696333347232796,0.33295017094273205,-0.788422770903497,0.10992457697763132,-0.20830283055961754
799.0235168064003,-2.1970002913177606,3.1513277942312037,0.13249220306836978,-0.5066930966913192,0.03327007066359879,-0.09839166593134781
799.1235168064002,-2.183584720657618,3.100166526232462,0.13581921013472664,-0.516532263284445,0.03327007066359879,-0.09839166593134781
799.2235168064003,-2.1994784809980903,2.800259468228421,0.11452580869287028,-0.7303603631342451,0.024378715372989246,-0.1715627095567653
799.3235168064002,-2.1279013375704094,3.0984561621036497,0.16738589540839743,-0.43760546428360647,0.042750669734040035,-0.05941026304477573
799.4235168064001,-2.0725337027167905,3.2008017851221435,0.20355979421944975,-0.32304098280599053,0.05426611385321009,-0.016201128604668588
799.5235168064003,-2.1524169053886673,3.090873049313927,0.1225813602843867,-0.3907174120362833,0.02223178494693081,-0.040522191716127684
799.6235168064002,-2.332629881319311,3.1281883306085,-0.03486703058074815,-0.331821641772682,-0.03533662804535295,-0.017979159970979795
799.7235168064003,-2.336293267517618,3.094916270631331,-0.038400693385288266,-0.3336195577697824,-0.03533662804535295,-0.017979159970979795
799.8235168064002,-2.4274429655177654,3.251083160294295,-0.11819075998848552,-0.17929798357097346,-0.06393439730917455,0.03803485165888369
799.9235168064001,-2.4395817135031486,3.233343536195508,-0.12458419971939716,-0.17549449840508854,-0.06393439730917455,0.03803485165888369
800.0235168064003,-2.16357666681355,3.423516278341098,0.1122999538645378,0.0016700454190244581,0.024898113703681335,0.10092941051746673
800.1235168064002,-2.152222180858588,3.4241879299355866,0.11478976523490367,0.011762986470761952,0.024898113703681335,0.10092941051746673
800.2235168064001,-1.8333482563587646,3.289554848545979,0.3724956919713028,-0.09037503278770254,0.11706624961625542,0.060672047719021016
800.3235168064002,-1.9966573601592832,3.2383882042345427,0.21517439807466682,-0.11964951118443916,0.055478848110174825,0.04788239501404519
800.4235168064001,-2.145021896468586,3.4599158290751255,0.07942737496991273,0.07713102753933263,0.004471537726264414,0.11672423653025368
800.5235168064003,-2.2696946088278094,3.401064229447392,-0.03414912379342419,0.03160248191519937,-0.03780228060098973,0.09566359524293037
800.6235168064002,-2.457736803083549,3.258057078687362,-0.19084866244918464,-0.07935730058861168,-0.09293621622999311,0.05250058606285038
800.7235168064001,-2.4772863504095994,3.2503838515588215,-0.2001422840721755,-0.07410724198233141,-0.09293621622999311,0.05250058606285038
800.8235168064002,-2.6887550885861615,3.333676260596017,-0.3705582483354908,0.00657240484234642,-0.15181165517774878,0.07982510681302439
800.9235168064001,-2.726569971695564,3.3347326266143154,-0.38573941385325183,0.014554915523641597,-0.15181165517774878,0.07982510681302439
801.0235168064,-2.746164604276057,3.6080505272738717,-0.39272557408613235,0.24802785772074343,-0.15117432794926755,0.16127704226599435
801.1235168064002,-2.786193033324472,3.6336596982573117,-0.4078430068810797,0.2641555619473649,-0.15117432794926755,0.16127704226599435
801.2235168064001,-2.6017348788045007,3.679337929418013,-0.23524823478686033,0.29547881990498565,-0.08338439239658006,0.166727703275958
801.3235168064002,-2.757174500550558,4.151053334512147,-0.35408866213957213,0.6797349721539895,-0.12364715108820348,0.29975090345748523
801.4235168064001,-2.708492905332663,3.940398981085382,-0.29611397987281435,0.47913590830898856,-0.09825470399243365,0.2170749344481927
801.5235168064,-2.6741624458004236,4.083839298584481,-0.2505487507313978,0.581294209566488,-0.07771882115301443,0.24669585916379752
801.6235168064002,-2.6840172121614505,3.957305103090286,-0.24539590913358092,0.45317747322284024,-0.07305890683319075,0.19197978413366482
801.7235168064001,-2.708922097608952,4.003582749333195,-0.25270179981689334,0.47237545163618927,-0.07305890683319075,0.19197978413366482
801.8235168064,-2.7199215660619145,4.252840592112966,-0.2471155982379283,0.6571603206440603,-0.06820275413312961,0.25140332266125986
801.9235168064001,-2.7449741396564074,4.3198136407907715,-0.2539358736512506,0.6823006529102206,-0.06820275413312961,0.25140332266125986
802.0235168064,-2.812273923957687,4.1233568313209235,-0.29746101244462625,0.4859637112485792,-0.08207727999156707,0.17124108344537925
802.1235168064002,-2.8424304116021495,4.1728094078630775,-0.30566874044379416,0.5030878195931404,-0.08207727999156707,0.17124108344537925
802.2235168064001,-2.6931830850734255,3.8046000989711537,-0.16418352572161818,0.1749299272173967,-0.028017529610582313,0.04738806880174082
802.3235168064,-2.6172676136794424,3.963292444963357,-0.08927641091184163,0.29707517461092176,0.0002966522850034875,0.08987579051912258
802.4235168064001,-2.6087737602325407,3.986907222819912,-0.0747817245442721,0.3006778904433112,0.0055185094193750915,0.08794496359613056
802.5235168064,-2.75869775873082,3.629193753859101,-0.1967088249490981,-0.02123753017581648,-0.03989007750966592,-0.033818059297774095
802.6235168064,-2.6666162430099294,3.376202541033825,-0.10787761992972447,-0.23066495354975672,-0.006424430718451467,-0.10760743583971424
802.7235168064001,-2.6774361271565086,3.352598008499618,-0.1085200630015705,-0.24142569713374282,-0.006424430718451467,-0.10760743583971424
802.8235168064,-2.744231101976153,3.4257248830867466,-0.154609937440234,-0.17102950755737945,-0.022572751502743935,-0.07831932851653496
802.9235168064001,-2.7598049594777114,3.4082303356884016,-0.15686721259051145,-0.17886144040904361,-0.022572751502743935,-0.07831932851653496
803.0235168064,-2.966344101517809,3.343007218075755,-0.315307046245853,-0.22338918386124137,-0.0783456808198918,-0.09093117063498284
803.1235168064,-2.9982665345464645,3.320213643836477,-0.32314161432783506,-0.23248230092473138,-0.0783456808198918,-0.09093117063498284
803.2235168064001,-3.0138405756760704,3.2131291148296293,-0.3167466208925751,-0.3102257401364453,-0.07320685109505973,-0.11555611296205272
803.3235168064,-3.1349291507718755,3.068468416667257,-0.398897165736062,-0.4159483866573574,-0.10047203099676139,-0.14963382428763833
803.4235168063999,-2.834104674742388,3.06729123525902,-0.1256090385506432,-0.39702789149627005,0.001811719690106836,-0.1374842300568163
803.5235168064,-2.587494722296654,3.1720931195444586,0.09736362340752325,-0.28709298034229164,0.08441078368421977,-0.09194566022358111
803.6235168064,-2.40179458144392,3.127903121844367,0.25134781187302435,-0.3086330806634876,0.13688528433479907,-0.09636686214133534
803.7235168064001,-2.3759753738349074,3.0965579794672684,0.26503634030652296,-0.3182697668776343,0.13688528433479907,-0.09636686214133534
803.8235168064,-2.388657855401933,3.495758486887276,0.24551936879925698,0.027727667965701232,0.12486635638165572,0.031327588757249177
803.9235168063999,-2.363481586740123,3.49868789162763,0.2580060044374112,0.0308604268414233,0.12486635638165572,0.031327588757249177
804.0235168064,-2.341617853264076,2.94352038441031,0.26581610463723904,-0.42743542239187926,0.12292579575068928,-0.1346747439085519
804.1235168064,-2.314421613821624,2.90010346845162,0.2781086842122968,-0.4409028967827222,0.12292579575068928,-0.1346747439085519
804.2235168063999,-2.206358588988986,2.8280146183608816,0.3565474874112905,-0.4768679233968511,0.1468136843361385,-0.1427446394117765
804.3235168064,-2.1741672629914217,3.1660019975885083,0.3677015660370257,-0.16932307082702452,0.14552847290423582,-0.026282803899073504
804.4235168063999,-2.24433974712117,2.9811732543906886,0.2928484481805012,-0.3100399060347913,0.11325301526961379,-0.07579661484085412
804.5235168064,-1.931329327260495,3.0063861967006775,0.5475949835890594,-0.269407771903085,0.20350047524166856,-0.05804566855247689
804.6235168064,-2.0982576431738877,2.7221830614560685,0.3832981929029831,-0.4864142753149759,0.13692741228233976,-0.13368163410359382
804.7235168063999,-2.059243186822214,2.6728732257540986,0.3969909341312046,-0.49978243872532313,0.13692741228233976,-0.13368163410359382
804.8235168064,-2.338825216785729,2.5447129106989173,0.14351329066621163,-0.5768228876181062,0.040036523984559494,-0.1564867715886425
804.9235168063999,-2.3242737050991984,2.4862481880792173,0.14751694306466392,-0.5924715647769562,0.040036523984559494,-0.1564867715886425
805.0235168063998,-2.451856455297834,2.5597705118096057,0.02305301176941667,-0.49345057289967126,-0.009217171320742998,-0.1140203784014156
805.1235168064,-2.449597239977493,2.5098553526275627,0.022131294637341113,-0.5048526107398283,-0.009217171320742998,-0.1140203784014156
805.2235168063999,-2.3511437123539554,2.4833770061663816,0.10118427673353858,-0.49601973789037174,0.019664699784721722,-0.10676209478187404
805.3235168064,-2.5070126950229694,2.292430876046287,-0.0364165550751451,-0.6239757324638932,-0.031188363486404764,-0.14920398170406088
805.4235168063999,-2.394796242943512,2.441565113338828,0.05679897084560933,-0.46416877411988017,0.003588238086814851,-0.08655275540784399
805.5235168063998,-2.6314707044756918,2.3946109014014536,-0.15120040584005157,-0.4729131292958346,-0.0736597408964473,-0.08658555335281232
805.6235168064,-2.72444079968401,2.2540431384718334,-0.2228071509399142,-0.5578785266003455,-0.09682127961800005,-0.11391267811594274
805.7235168063999,-2.7472056211760703,2.1976857224212707,-0.2324892789017054,-0.5692697944119295,-0.09682127961800005,-0.11391267811594274
805.8235168063998,-2.6502612921142568,2.3200358222421165,-0.14392067532580857,-0.4323039654732443,-0.061867383617453885,-0.06060719215385719
805.9235168063999,-2.6649626965649453,2.276502389733963,-0.1501074136875624,-0.43836468468863826,-0.061867383617453885,-0.06060719215385719
806.0235168063998,-2.485553203136306,2.4510217546393256,0.015253496582267979,-0.25819561863923046,0.002868351114634654,0.007950645136826778
806.1235168064,-2.4840135117225035,2.4252419460010515,0.015540331693731835,-0.2574005541255467,0.002868351114634654,0.007950645136826778
806.2235168063999,-2.664761423637431,2.596424429581074,-0.13560312326489546,-0.09450666099538416,-0.05181882072184817,0.0660956644325775
806.3235168063998,-2.751896530930415,2.487923695347578,-0.20239459883682434,-0.17067033866348053,-0.07426703399410352,0.036141204131499675
806.4235168063999,-2.76675332909682,2.8228659736870636,-0.20504336694753073,0.12253635095638821,-0.07254220447363002,0.13997914885297624
806.5235168063998,-2.787474443810981,2.849129844140795,-0.2121721343711308,0.14787281142115838,-0.07249569326111463,0.14415385155796756
806.6235168063997,-3.0117843766908794,2.652073369863482,-0.3875070398232747,-0.012415726784181794,-0.1330976281381127,0.08158861117986266
806.7235168063999,-3.051200568813952,2.6512397402409627,-0.4008168026371042,-0.004256865666184398,-0.1330976281381127,0.08158861117986266
806.8235168063998,-2.606941518297067,2.4137305091278645,-0.007728410538358047,-0.19360982588661416,0.014667379210352202,0.010189334214027568
806.9235168063999,-2.607641022454852,2.3944204732102468,-0.006261672617320826,-0.19259089246521002,0.014667379210352202,0.010189334214027568
807.0235168063998,-2.6988442313144594,2.8563869671254407,-0.08174932226256586,0.2112756647188186,-0.013596743770036168,0.1565910458973237
807.1235168063997,-2.7070871472595583,2.8782974888267887,-0.08310899663956824,0.22693476930853673,-0.013596743770036168,0.1565910458973237
807.2235168063999,-3.026471715564491,2.5940456895767676,-0.3427872332115513,-0.010766955234391407,-0.10688528989096872,0.06571025160385202
807.3235168063998,-2.9441905086174867,2.820647847995728,-0.2550775250757503,0.185162277079643,-0.07103268176424181,0.13423629476868404
807.4235168063997,-2.9619867590187936,3.1384001144065286,-0.2554824917789936,0.44433671407975467,-0.06861460210852664,0.2223540901829886
807.5235168063998,-2.7771610243167983,3.1955308347364078,-0.0811985536828166,0.4764411581343517,-0.001455661936566821,0.2259877385175779
807.6235168063997,-2.5456763050807396,3.1848224768792925,0.11732006876573381,0.45015213743712884,0.07017125389063472,0.20847996560289284
807.7235168063999,-2.533593441934696,3.2308800904510844,0.12433719415480686,0.47100013399744656,0.07017125389063472,0.20847996560289284
807.8235168063998,-2.6489901925158983,2.9589136847978286,0.02546284363907515,0.22593906550992815,0.03207603817680848,0.11243900799723111
807.9235168063997,-2.6462835279611094,2.9820697863887857,0.02867044745675308,0.23718296630964103,0.03207603817680848,0.11243900799723111
808.0235168063998,-2.3270655337809867,3.03338918745811,0.2941736107457041,0.2762048842499482,0.1267161293775601,0.12396134685180932
808.1235168063997,-2.2970145920595564,3.0616294826173376,0.3068452236834486,0.28860101893511786,0.1267161293775601,0.12396134685180932
808.2235168063996,-2.4783954601064337,3.039529919960601,0.14285095863612157,0.2585304044664391,0.06291543783466183,0.10872847953220263
808.3235168063998,-2.7398012673713854,2.961734094077342,-0.08279397566002891,0.18262216429906586,-0.021593471083369134,0.07732363746154247
808.4235168063997,-2.755258537394812,2.925610859914129,-0.09082394622133641,0.14527125783910017,-0.023712759860508907,0.06115832585720871
808.5235168063998,-2.8281886108367535,2.638965508758457,-0.14798070609037167,-0.10543018010058262,-0.044024261387876365,-0.033398400703094445
808.6235168063997,-2.8211072513915667,2.5308764568567836,-0.13406020960606171,-0.18880454473153588,-0.03741806605190513,-0.062060488945575754
808.7235168063996,-2.83470036268242,2.51168569993892,-0.13780201621124882,-0.1950105936260878,-0.03741806605190513,-0.062060488945575754
808.8235168063998,-2.6606266060035155,2.5742910166000463,0.014745305648174414,-0.1328497214223485,0.019065928542245134,-0.03739324762607467
808.9235168063997,-2.6590567457959886,2.5608190782196933,0.01665189850239719,-0.13658904618495257,0.019065928542245134,-0.03739324762607467
809.0235168063996,-2.7616740599935854,3.0249537614625823,-0.06741870708216781,0.25723150204868145,-0.01178310268391488,0.1063611104320838
809.1235168063997,-2.768474846215231,3.0512087172196476,-0.06859701735056091,0.2678676130919043,-0.01178310268391488,0.1063611104320838
809.2235168063996,-2.765718451650153,3.160690640999125,-0.06173934865759889,0.34615099893241486,-0.008881008511537154,0.13062625862572763
809.3235168063998,-2.6136141561650823,2.9585791285705145,0.0704162654607944,0.16150197834103888,0.03959510565373083,0.059077224534479084
809.4235168063997,-2.6077309845984695,3.0670097593653676,0.07324943944369286,0.2431232316846439,0.03918849935413856,0.08622549514369225
809.5235168063996,-2.4795043008726925,3.13788198689032,0.18093444884318075,0.2910410399499532,0.0776593926832122,0.10069349034210084
809.6235168063997,-2.3066404154423616,2.962732242632132,0.31669991285406385,0.13282310565283612,0.12380868233283526,0.04042618705756229
809.7235168063996,-2.274351380745321,2.976216684132691,0.3290807810873361,0.13686572435858868,0.12380868233283526,0.04042618705756229
809.8235168063995,-2.544399429172675,2.702484749912128,0.09069272470939804,-0.09498706723928126,0.033597291374895775,-0.04396409489128622
809.9235168063997,-2.5351621702448477,2.69276622271373,0.0940524538468922,-0.09938347672841588,0.033597291374895775,-0.04396409489128622
810.0235168063996,-2.4458924109477773,2.4139434036838856,0.16078433738686138,-0.3363263104587742,0.055685825172153765,-0.13059003890913445
810.1235168063997,-2.4295355480832077,2.3796578224434146,0.16635291990408435,-0.3493853143497055,0.055685825172153765,-0.13059003890913445
810.2235168063996,-2.452260836959647,2.3089953142087,0.13899769245714538,-0.3913192262674453,0.043795799390733754,-0.14094749860648959
810.3235168063995,-2.6363250320608445,2.2587346742971146,-0.023162369648981652,-0.4140960236181621,-0.016884967849374453,-0.14408940816513716
810.4235168063997,-2.441300713927392,2.175049601706757,0.13908453308000138,-0.46270919262080534,0.04229553574600856,-0.15635386911232085
810.5235168063996,-2.5383690272038573,2.348883622800622,0.04772980367656767,-0.2901800323818765,0.006858040772931201,-0.0870741684254443
810.6235168063995,-2.5591074054862593,2.3518814967734634,0.02723549691550284,-0.2722162049918365,-0.0007782928139044801,-0.07752262101603015
810.7235168063996,-2.556387747258775,2.3242722631691612,0.027157667634112287,-0.27996846709345014,-0.0007782928139044801,-0.07752262101603015
810.8235168063995,-2.9479135556342126,2.308474400148246,-0.30325692872831317,-0.27845621168414364,-0.12088648279049628,-0.07449537234011457
810.9235168063997,-2.9788436809210395,2.280256302118092,-0.3153455770073793,-0.2859057489181653,-0.12088648279049628,-0.07449537234011457
811.0235168063996,-3.0521820688037904,2.3691656053677734,-0.3564802320897433,-0.1906010741417662,-0.12991157950325632,-0.036022809030124094
811.1235168063995,-3.0884796499102474,2.3499253839084635,-0.3694713900400571,-0.19420335504477532,-0.12991157950325632,-0.036022809030124094
811.2235168063996,-2.550168332469853,2.288505105779041,0.09588153841642423,-0.2322370119531587,0.042836456825469105,-0.0483733796005512
811.3235168063995,-2.5872238509619154,1.9625603873342123,0.06078898853243744,-0.48900675965997825,0.02848925559079174,-0.1395441370999596
811.4235168063994,-2.6654056829125365,1.7740191700307406,-0.006447789143842312,-0.6173259740089249,0.0031883918078415216,-0.1805514249573924
811.5235168063996,-2.312819456951707,2.1797371525705276,0.2975165365684898,-0.23640965419123758,0.11576375532270453,-0.033655402777266336
811.6235168063995,-1.9917454617485857,2.3130334903200196,0.5501507953046749,-0.11065223154046626,0.20267540672671647,0.0125863132559568
811.7235168063996,-1.9357170051844068,2.3020311987322377,0.5704183359773742,-0.10939360021486887,0.20267540672671647,0.0125863132559568
811.8235168063995,-1.913872731412407,2.536587833909803,0.5612212707186255,0.09286977010442081,0.1921976839587675,0.08441598811681542
811.9235168063994,-1.8567896159208035,2.54629689086082,0.5804410391144847,0.10131136891609467,0.1921976839587675,0.08441598811681542
812.0235168063996,-2.2434499316678504,2.419263205511909,0.22009326335825458,-0.004322927228988804,0.05244605921126706,0.04326822937606147
812.1235168063995,-2.221178375035989,2.419047253935891,0.22533786927937652,3.895708613407822e-06,0.05244605921126706,0.04326822937606147
812.2235168063994,-2.084716817482434,2.165705003539506,0.3249920643898808,-0.2044311274628983,0.08654091186341882,-0.03161486307954182
812.3235168063995,-2.2410768695081895,2.2616708893950213,0.1745778965617778,-0.11050485237296832,0.028582434938591868,0.0035198175257225364
812.4235168063994,-2.273418841900059,2.1867313970367475,0.1359653380624695,-0.16275484202319068,0.013611519848030997,-0.015341441980097285
812.5235168063996,-2.1860171978169154,2.124470294646495,0.20071541534069323,-0.20339695000955776,0.0371127132602431,-0.029740477647366214
812.6235168063995,-2.247339741990434,2.140925324591494,0.13678831804841843,-0.17600769182054202,0.012726195645648527,-0.018866723359984353
812.7235168063994,-2.2335972792073764,2.1232302217926557,0.13806093761298213,-0.17789436415653873,0.012726195645648527,-0.018866723359984353
812.8235168063995,-2.3763783758596473,2.084065243693031,0.009538930684785443,-0.19878111590088424,-0.034072979829050526,-0.0260831987356433
812.9235168063994,-2.3755948476903144,2.0640567161092824,0.006131632701883489,-0.2013894357744462,-0.034072979829050526,-0.0260831987356433
813.0235168063994,-2.392769768304687,1.9093165419882265,-0.020995114464530278,-0.30990448174333624,-0.045213400394832,-0.06271826243529538
813.1235168063995,-2.3950953467531173,1.8780125025016734,-0.025516454504019646,-0.31617630798687435,-0.045213400394832,-0.06271826243529538
813.2235168063994,-2.438743650534442,1.8473918767818087,-0.06398454503714132,-0.3213690853997054,-0.05747284846613322,-0.062331206491602266
813.3235168063995,-2.553487495669595,2.0673325948554853,-0.16053654158757233,-0.11738923732885986,-0.0905586621951472,0.013741878403141262
813.4235168063994,-2.9203634678149837,1.6896228388752785,-0.46052807371607185,-0.41730473836282417,-0.1955861258997849,-0.09429025151021808
813.5235168063994,-3.132858690556228,1.5441397439557283,-0.6223301782959354,-0.5147148583278638,-0.2483223381231291,-0.12668372842782377
813.6235168063995,-2.9382812490485875,1.5172674595249844,-0.43320928460332325,-0.5066448801917954,-0.1711831075476305,-0.11925687796519002
813.7235168063994,-2.9824580930466174,1.4660066871160262,-0.4503275953580707,-0.5185705679883036,-0.1711831075476305,-0.11925687796519002
813.8235168063993,-2.438970051221704,1.9065583864968083,0.02568048383603376,-0.12404238916582878,0.007921051004965679,0.026722014642669087
813.9235168063994,-2.436362397583072,1.8942877576534223,0.02647258893653141,-0.12137018770155823,0.007921051004965679,0.026722014642669087
814.0235168063994,-2.505110754861175,1.811051089236117,-0.02992521818915757,-0.17288706886402197,-0.012127111061478752,0.008541638467078193
814.1235168063995,-2.5081639122354025,1.7938050905420266,-0.0311379292953071,-0.172032905017313,-0.012127111061478752,0.008541638467078193
814.2235168063994,-2.369759520379441,1.7698540607979458,0.08524347147744069,-0.1767694969629907,0.030340544519872833,0.00653622851932829
814.3235168063993,-2.0065108194408747,1.7509791927547962,0.3862365802839264,-0.177140830358302,0.13890559126990118,0.00616531142470407
814.4235168063994,-2.045153792230538,1.7007864089247597,0.3353906824828387,-0.2032831169579186,0.11553579967305622,-0.0034294811665797464
814.5235168063994,-1.82736673005121,1.8509735139481165,0.5048386106659318,-0.058356199149646716,0.1740745049585392,0.05005696451371013
814.6235168063993,-2.1303341666508295,1.8078153618954727,0.2284750048855476,-0.08423109551900161,0.06815750570375706,0.03899795865009563
814.7235168063994,-2.107145878633724,1.799587242136812,0.2352907554559326,-0.08033129965398673,0.06815750570375706,0.03899795865009563
814.8235168063993,-2.335786397817332,1.7654971571842042,0.030939864394206942,-0.09815046113046721,-0.008509841128348107,0.03117710181306305
814.9235168063994,-2.332734960583549,1.7558379965802098,0.03008888028137097,-0.09503275094915666,-0.008509841128348107,0.03117710181306305
815.0235168063994,-2.1349707588816407,2.046745901274582,0.19784788189797997,0.15884327020078154,0.05431675259554196,0.12213465614017396
815.1235168063993,-2.1149143869288833,2.0632409015753455,0.20327955715752924,0.17105673581478784,0.05431675259554196,0.12213465614017396
815.2235168063994,-2.1624613994728175,1.749644231627756,0.15210931100379071,-0.08950860816128808,0.03387567042385746,0.024288611955504066
815.3235168063993,-2.18536607868473,1.5443888731355544,0.12332474355117194,-0.25068130604462185,0.022153357460202923,-0.03491646643952925
815.4235168063992,-2.3259173719954225,1.3856034641150266,-0.0015016969610528999,-0.364092873291562,-0.023708587665184563,-0.07432997304514177
815.5235168063994,-2.2929345887314327,1.0374135611043618,0.024712484124972647,-0.6368027046369751,-0.013110797165330411,-0.1720013991446158
815.6235168063993,-2.1445811441480114,1.2308524714217999,0.14440790311223264,-0.44197322051808463,0.03051720824641542,-0.09606902086879389
815.7235168063994,-2.129987767795536,1.1861748042655857,0.14745962393687834,-0.45158012260497715,0.03051720824641542,-0.09606902086879389
815.8235168063993,-2.315343632357143,1.2030496602629774,-0.018099878057977397,-0.40848922265608123,-0.031007579642889763,-0.07682969533372708
815.9235168063992,-2.3173086580611533,1.1618165895207384,-0.021200636022263554,-0.41617219218944695,-0.031007579642889763,-0.07682969533372708
816.0235168063994,-2.2493603988884288,1.1482654764774602,0.03798811049532413,-0.3992033578562241,-0.007388059493785487,-0.06763958315592734
816.1235168063993,-2.2455985281363686,1.108006942776095,0.03724930454594625,-0.40596731617181064,-0.007388059493785487,-0.06763958315592734
816.2235168063992,-2.066926048071013,1.0745161412423825,0.18185106319380673,-0.4066023261182269,0.04509988348818758,-0.0654411229682149
816.3235168063993,-1.8171964339606155,0.9749215434157023,0.3807460182950194,-0.46195986218087254,0.11592643732020344,-0.08310600707479994
816.4235168063992,-1.919963249017531,1.009920087547901,0.2749071384843139,-0.403096655401659,0.07353378312935635,-0.05901978784741253
816.5235168063994,-2.1279592022855365,1.028387250749192,0.07950556058506453,-0.35867762331002584,-0.0016368151915859136,-0.0404922563619234
816.6235168063993,-2.214656624285911,1.4022593284534253,0.0008752353826635469,-0.025800786139903685,-0.029927387945318344,0.08016822855206127
816.7235168063992,-2.214718737687371,1.4000800909821969,-0.0021175034118655657,-0.01778396328470485,-0.029927387945318344,0.08016822855206127
816.8235168063993,-2.263842706990986,1.4704224782740194,-0.04705375689552684,0.0522676277164079,-0.0454689288120009,0.10323216989738962
816.9235168063992,-2.268775427324594,1.4761654018951413,-0.051600649776722796,0.06259084470613747,-0.0454689288120009,0.10323216989738962
817.0235168063991,-2.519474140933411,1.353311809799977,-0.2561463229889964,-0.026656056098465223,-0.11663912043933673,0.06953378601359725
817.1235168063993,-2.5456719688345437,1.3509938731201958,-0.267810235032946,-0.019702677497096012,-0.11663912043933673,0.06953378601359725
817.2235168063992,-2.6137838333669317,1.7201749170534093,-0.31331877979524725,0.2925431922830111,-0.1288616899421514,0.17904252177651642
817.3235168063993,-2.4504737394475447,1.9665022232640716,-0.16209946787944887,0.490500144186618,-0.06906783925508195,0.24420103409467447
817.4235168063992,-2.6015838585431785,2.0438841459186827,-0.2807362888530887,0.5372354201949872,-0.10940226292956803,0.25220248822426516
817.5235168063991,-2.350834873596945,1.8015840737345747,-0.05151312842831384,0.3092107941993854,-0.020362636911929438,0.15896107057357406
817.6235168063993,-2.317016472593648,1.611887953013321,-0.021154862708010803,0.14313135243071318,-0.008683026976801659,0.09379170438992422
817.7235168063992,-2.319175373999331,1.6266700467783282,-0.02202316540569018,0.15251052286969707,-0.008683026976801659,0.09379170438992422
817.8235168063991,-1.9958592399486628,1.8859679829853109,0.2486454146897451,0.36376893136682936,0.08970891044498557,0.16658404549686195
817.9235168063992,-1.970546153927428,1.92317779634953,0.2576163057342559,0.38042733591653827,0.08970891044498557,0.16658404549686195
818.0235168063991,-2.0224719837532317,1.0403257982418639,0.2018919234594756,-0.36719483408115344,0.0664006092414253,-0.10911235191051297
818.1235168063993,-2.001950788361049,1.0030607530741444,0.2085319843836272,-0.3781060692722196,0.0664006092414253,-0.10911235191051297
818.2235168063992,-2.2552061433998416,1.2141676949536466,-0.012775845699038274,-0.18362769740179588,-0.015919945513413206,-0.03543888512690206
818.3235168063991,-2.23576135290371,1.2420592975609719,0.003112742979983767,-0.14849911380564945,-0.009550679978813117,-0.021443867256507182
818.4235168063992,-2.153730934174674,1.5773481224889108,0.07005429610455216,0.1376463780241727,0.014959927506612593,0.08192697735878955
818.5235168063991,-1.923637533093227,1.4236455316962129,0.2632661871106658,0.002831494920265333,0.08603783873862281,0.02927347516302195
818.623516806399,-1.8728254653157188,1.551342867837299,0.2918143878699334,0.11035855105879015,0.09322865193569721,0.06673288527542895
818.7235168063992,-1.843177883269006,1.562712387369571,0.30113725306351585,0.11703183958634215,0.09322865193569721,0.06673288527542895
818.8235168063991,-2.151970817153413,1.8084600105934499,0.0274723893628135,0.31588978023885245,-0.009294117864720598,0.1356225852426893
818.9235168063992,-2.1492700488064513,1.8407271015435933,0.026542977576340172,0.3294520387631399,-0.009294117864720598,0.1356225852426893
819.0235168063991,-2.246975596761898,1.8034452183955856,-0.05442309011708321,0.2763330189737785,-0.03727117963396014,0.10935748946875973
819.123516806399,-2.2526042616717707,1.831625307740281,-0.058150208080475836,0.28726876792064454,-0.03727117963396014,0.10935748946875973
819.2235168063992,-1.9754507647769906,1.598973991866596,0.17330859940135535,0.08255472150136313,0.04766330152166403,0.03200368241343228
819.3235168063991,-1.9097347812920098,1.7613170250941845,0.2185342742090913,0.21396008074797185,0.06240516145112342,0.07839924603665124
819.423516806399,-1.9874232255275364,1.429147685004772,0.1418593022588803,-0.06954474305930342,0.032472759078673544,-0.02606696994143194
819.5235168063991,-2.0248994054130818,1.474515309353814,0.10055505914666987,-0.027469311324771175,0.015955459559041568,-0.009615600375486161
819.623516806399,-1.9698561963009995,1.4437404259418787,0.13938414156563964,-0.05142715363881558,0.029379737987968262,-0.01785106470136794
819.7235168063992,-1.9557708834544762,1.4385084552544831,0.14232211536444048,-0.05321226010895481,0.029379737987968262,-0.01785106470136794
819.8235168063991,-1.572585128797874,1.931110485781477,0.4551388771276336,0.3560884276928905,0.14227797777048334,0.12992725675855651
819.923516806399,-1.526359851196301,1.9673689648345252,0.469366674904669,0.3690811533687343,0.14227797777048334,0.12992725675855651
820.0235168063991,-1.5814323820204501,2.0090685878655785,0.39641935615529195,0.3890945038249005,0.11026710535970122,0.1334651914126375
820.123516806399,-1.5412391108781596,2.048645364205095,0.40744606669125205,0.40244102296615214,0.11026710535970122,0.1334651914126375
820.223516806399,-1.4845808547732766,1.8180691931563973,0.4312325788429145,0.19226458828787543,0.11487514951807003,0.05328727418885734
820.3235168063991,-1.3058223723711049,1.2963327620634457,0.5562161647936095,-0.2531921623670333,0.15622883914039698,-0.10984558175071199
820.423516806399,-1.42846315905617,1.2524317948083437,0.42316700388255457,-0.2790194155498504,0.10255839023556178,-0.11516766217548088
820.5235168063991,-1.4745718264400174,1.0752718049788086,0.3569661070085708,-0.41719260552829907,0.07421235771209045,-0.16180088432664413
820.623516806399,-1.673513846048137,1.0830813726532995,0.16953884411065986,-0.3920007064638885,0.003961160913013295,-0.14698468390667027
820.723516806399,-1.6565401558325212,1.0431463785874144,0.16993496020196083,-0.40669917485454216,0.003961160913013295,-0.14698468390667027
820.8235168063991,-1.493266336344425,0.781702623200385,0.29252051139155233,-0.6029906980394947,0.048290668066651776,-0.21225386474837457
820.923516806399,-1.4637728318649637,0.7203422840727504,0.2973495781982131,-0.6242160845143129,0.048290668066651776,-0.21225386474837457
821.0235168063989,-1.344500393764737,0.6514433649990717,0.3701188978978152,-0.6516662570973676,0.07106457064272093,-0.2149854100924446
821.123516806399,-1.3071331811216906,0.5852018122387809,0.377225354962097,-0.6731647981066414,0.07106457064272093,-0.2149854100924446
821.223516806399,-1.413527829198367,0.7681037878231396,0.264334230162071,-0.4877668205866787,0.02772893167419141,-0.14077141258990994
821.3235168063991,-1.3453847726785946,0.9861542154744112,0.30204059179517795,-0.2790196082904813,0.04045737063817639,-0.060134446812590836
821.423516806399,-1.4664468584630568,0.8773062606814073,0.18031177950081564,-0.35141277737079585,-0.0049471069339108095,-0.0839359351299885
821.5235168063989,-1.3878990255663881,0.9768971016499455,0.23186218776757342,-0.2446759632041583,0.014348415133748203,-0.0415464398461602
821.623516806399,-1.3169318544073951,0.8881167331677006,0.2728531340438995,-0.30151767717702166,0.028610078524985653,-0.06041481518206711
821.723516806399,-1.2895034906104053,0.8576628913741161,0.2757141418963955,-0.3075591586952229,0.028610078524985653,-0.06041481518206711
821.8235168063989,-1.1474104506175509,0.701845625717526,0.3746101998116357,-0.4151255519972666,0.06358032002376428,-0.0965184062583957
821.923516806399,-1.1096315290362164,0.6598504784864494,0.3809682318140208,-0.4247773926231193,0.06358032002376428,-0.0965184062583957
822.0235168063989,-1.633668345964477,0.9524600345250169,-0.08213366845079462,-0.15692882811557318,-0.1066241603730477,0.003373602368999808
822.123516806399,-1.6424148336114344,0.9367840197252832,-0.09279608448811394,-0.15659146787867273,-0.1066241603730477,0.003373602368999808
822.223516806399,-1.6100165144650511,1.033451111869891,-0.06839837828550856,-0.0637868185490121,-0.09396263189908968,0.03654171563924899
822.3235168063989,-1.423782503643455,1.0257598026516617,0.08484645979221692,-0.061378100057452444,-0.034702345948554376,0.03609100387829944
822.423516806399,-1.5433769520693301,0.6456739619970493,-0.024832486600821838,-0.3657167545520083,-0.07304357712297682,-0.07432847972994674
822.5235168063989,-1.9921047211835712,0.5495635022594958,-0.4154422352130161,-0.42355172257002893,-0.2151525352065385,-0.0928858745399183
822.6235168063988,-1.9947282134354658,0.774672245277339,-0.40379606152724845,-0.2126336077971363,-0.20319642589736944,-0.014025108321060839
822.723516806399,-2.0361238017177357,0.7533387589559909,-0.4241157041170131,-0.2140361186292443,-0.20319642589736944,-0.014025108321060839
822.8235168063989,-1.7438471714927763,0.6125498858166395,-0.16242063092677025,-0.3125895526058064,-0.10046348846700488,-0.048588632406913926
822.923516806399,-1.760591552027812,0.581047987393981,-0.17246697977348444,-0.3174484158465044,-0.10046348846700488,-0.048588632406913926
823.0235168063989,-1.8117521500708222,0.6482006571362343,-0.2144013584785702,-0.24543971946780374,-0.11315219390973436,-0.02235695782294743
823.1235168063988,-1.8337580468882075,0.6235449004003617,-0.22571657786953334,-0.24767541525009645,-0.11315219390973436,-0.02235695782294743
823.223516806399,-2.063462163921864,0.7066979563371553,-0.408604263885033,-0.16096518034919818,-0.17511346308754563,0.009548040504281798
823.3235168063989,-2.2699627570898904,0.7356151596010274,-0.5645727193349734,-0.12255857851024364,-0.22556201401128,0.023101313691830987
823.4235168063988,-2.1157912576666216,0.9349644573507783,-0.4112930169568987,0.053830151776744495,-0.1620854411255021,0.08551991780568079
823.5235168063989,-1.8728181226172558,0.7354268625777637,-0.18257286386388416,-0.11254577722329186,-0.0712790950865561,0.021113768097832483
823.6235168063988,-1.7962759634087457,0.5558562771131194,-0.11080627073875725,-0.24885782855787555,-0.042834260926950044,-0.02845864498366759
823.723516806399,-1.8075707617872718,0.530828201032379,-0.1150896968314581,-0.2517036930562462,-0.042834260926950044,-0.02845864498366759
823.8235168063989,-1.568358197655396,0.5714867250320229,0.08918767949838616,-0.2003288420536208,0.03254032205413204,-0.009030652142114208
823.9235168063988,-1.559276728095295,0.5514086875659685,0.0924417117037964,-0.2012319072678314,0.03254032205413204,-0.009030652142114208
824.0235168063989,-1.5401619947817018,0.4182287464165881,0.10480057538906476,-0.2975064906841998,0.03612373770319705,-0.04390028015495889
824.1235168063988,-1.5295013185542892,0.3882585959474208,0.10841294915938118,-0.3018965186996917,0.03612373770319705,-0.04390028015495889
824.2235168063987,-1.2757771957867239,0.40364917798122046,0.31361162424858263,-0.2685784077588317,0.10892413117143115,-0.030374331288219744
824.3235168063989,-1.4462952750684868,0.6236380684701376,0.15440061165981947,-0.06589272520928774,0.046944855515204394,0.04407393962060323
824.4235168063988,-1.500714095131853,0.4300110077887856,0.10089160530375957,-0.21561882149177555,0.025933457291791896,-0.011193033850401587
824.5235168063989,-1.6547090609118296,0.2618329247893081,-0.037683369593715974,-0.34158692367697385,-0.026404139399874384,-0.057160712368987024
824.6235168063988,-1.8254097142126544,0.3071663856663769,-0.1786193018751568,-0.28173456540751,-0.07626557401085017,-0.03367924455557271
824.7235168063987,-1.8436529722702073,0.27882453290287396,-0.18624585927623488,-0.28510248986306425,-0.07626557401085017,-0.03367924455557271
824.8235168063989,-1.7001612538787645,0.46988777979004315,-0.060168571555948076,-0.10860762570930381,-0.028310744833648933,0.03056774823567867
824.9235168063988,-1.706319664758522,0.45917985596030075,-0.0629996460393104,-0.10555085088573872,-0.028310744833648933,0.03056774823567867
825.0235168063987,-1.682246982952489,0.673174886197228,-0.039832963363351445,0.08869486561841107,-0.01873618116676762,0.10097082719885339
825.1235168063988,-1.6863239601946638,0.6825492268950768,-0.041706581480030765,0.09879194833831019,-0.01873618116676762,0.10097082719885339
825.2235168063987,-2.0669482633628613,0.8166921743784282,-0.35618144616933506,0.2107830204274508,-0.13162824575774634,0.13752030771371146
825.3235168063989,-1.889520878051477,0.9212700422833839,-0.18976205091443743,0.2935084587995672,-0.06619525486027908,0.16248080336647822
825.4235168063988,-1.553674302340543,0.8582978466555281,0.09852676333274134,0.23309610709758768,0.040266339838872914,0.13499300654158436
825.5235168063987,-1.3565603833966227,0.6111496993205121,0.2633616516145551,0.01562829286994309,0.09988536428271388,0.049953965819640705
825.6235168063988,-1.3887923508503557,0.5644644160909472,0.22437678114392842,-0.01923606764237621,0.08222836169107738,0.03567932770024911
825.7235168063987,-1.3659435309275285,0.5627192059652123,0.2325996173130287,-0.015668134872354543,0.08222836169107738,0.03567932770024911
825.8235168063986,-1.2767502694711428,0.4891899324623393,0.29816187308938086,-0.07209770249549749,0.1037308824838796,0.013990358088534379
825.9235168063988,-1.2464154277497432,0.4820501140032226,0.30853496133778296,-0.07069866668664214,0.1037308824838796,0.013990358088534379
826.0235168063987,-1.0227120927979085,0.4827780140703204,0.4773113276300701,-0.062418390275998936,0.16056043020936903,0.016605342772462967
826.1235168063988,-0.9741781578837873,0.4766192017565746,0.4933673706510289,-0.060757855998750374,0.16056043020936903,0.016605342772462967
826.2235168063987,-1.1741620955059229,0.5819242883585504,0.3016730732745481,0.03253715160676351,0.08553397044925962,0.04947472415729966
826.3235168063986,-0.9146251975716337,0.49281831231026096,0.5026138922050986,-0.03964704265612231,0.15563269423660994,0.02156187052583711
826.4235168063988,-1.0154125438389845,0.47980511130759723,0.39210495260183803,-0.04502747473665376,0.11012076184298684,0.01885949786801787
826.5235168063987,-0.8291551212409068,0.5001221668348197,0.5290543177163447,-0.022078856426572653,0.15681151375682273,0.026614494189380764
826.6235168063986,-0.5872138442810448,0.4924959266945431,0.7008165986065531,-0.023980050153923477,0.21308542000215794,0.024980513339294335
826.7235168063987,-0.5160667573202803,0.49022282424584435,0.722125140606798,-0.021481998819990637,0.21308542000215794,0.024980513339294335
826.8235168063986,-0.91888233832495,0.4461001953892376,0.3457706857816508,-0.05426926137949066,0.06883657409785525,0.012152066408688891
826.9235168063988,-0.8839610868762475,0.44073402958332475,0.35265434319144573,-0.05305405473862011,0.06883657409785525,0.012152066408688891
827.0235168063987,-0.9938560342348933,0.3767558854036955,0.23485947460603382,-0.10273438970129813,0.022723314506611872,-0.006822610373382814
827.1235168063986,-0.9702564702017785,0.3664483333817082,0.23713180605669293,-0.10341665073863579,0.022723314506611872,-0.006822610373382814
827.2235168063987,-1.0356932507738505,0.35566127438436024,0.1652626019060847,-0.1044375302451297,-0.004051981874135194,-0.006944073172287352
827.3235168063986,-1.2168222378748315,0.3806450769989999,-0.0012217729193841629,-0.07559569799455047,-0.0645649728788295,0.003744672026429239
827.4235168063985,-1.4738730473960064,0.5683001391034159,-0.2207555391590771,0.085445877169459,-0.1414856386940942,0.061354376311179466
827.5235168063987,-1.3961349635079467,0.6469951073565248,-0.148489985409947,0.1510782895691968,-0.10944794626912213,0.08326037649120453
827.6235168063986,-1.5018180966018888,0.6222369017324108,-0.23429239866728813,0.12629681676701182,-0.13643731151564883,0.07140386342695443
827.7235168063987,-1.5259295230262298,0.6352236027262649,-0.24793612981887161,0.13343720310971702,-0.13643731151564883,0.07140386342695443
827.8235168063986,-1.3063385921255366,0.9207542105317147,-0.06071383371949993,0.36419330280026513,-0.06460592996418896,0.1515832100784807
827.9235168063985,-1.3127330051473016,0.9579314568620991,-0.06717442671591295,0.3793516238080994,-0.06460592996418896,0.1515832100784807
828.0235168063987,-1.0571961383075303,0.9207362209931668,0.15119700247821882,0.33211741072620643,0.01850516455005531,0.12922591171869877
828.1235168063986,-1.041983912236972,0.9545940916243495,0.15304751893322266,0.34504000189806455,0.01850516455005531,0.12922591171869877
828.2235168063985,-0.9580912001627764,0.8653399830934996,0.21178973537357182,0.2555372783251494,0.03905089666038601,0.09248584423615303
828.3235168063986,-0.8490663004067567,0.6588036429148012,0.2893505657887213,0.0710947903150847,0.06588827186672121,0.022391798724468684
828.4235168063985,-0.6959650660937151,0.7997290270649754,0.39876946472487435,0.18338661681931803,0.10300981760321479,0.06185289632346174
828.5235168063987,-0.7044690213676441,0.7553179992668999,0.36703646679592655,0.13585450746466393,0.08742588583610308,0.042074859600480366
828.6235168063986,-0.9247204395350171,0.619839150116166,0.16237303720113,0.01737514678381259,0.010483911514711577,-0.0018619444714914613
828.7235168063985,-0.9084307162573454,0.6215673550721882,0.1634214283526002,0.01718895233666361,0.010483911514711577,-0.0018619444714914613
828.8235168063986,-1.1510923236102104,-0.004562284132195154,-0.05280404618443951,-0.5004665314420383,-0.06857105351625545,-0.18767250310803846
828.9235168063985,-1.1567155834962302,-0.05554729979189195,-0.05966115153605882,-0.5192337817528251,-0.06857105351625545,-0.18767250310803846
829.0235168063984,-1.2351073813510423,0.30141358743866253,-0.1301535700319786,-0.20239568655633375,-0.0926203741164409,-0.06779166548873161
829.1235168063986,-1.2485858402248413,0.28083506045555695,-0.13941560744363535,-0.20917485310521616,-0.0926203741164409,-0.06779166548873161
829.2235168063985,-1.1208382234224874,0.5879497967130035,-0.030607222955969314,0.054402697441115255,-0.04998070507646381,0.02918557158579803
829.3235168063986,-0.7874001791474765,0.23582984232806964,0.24737568376257457,-0.24060927299743026,0.05312689502145673,-0.07863125083312109
829.4235168063985,-0.6652734276855579,0.5554055510512467,0.3333366668531246,0.034700913235479185,0.08224084260583395,0.02290496857890305
829.5235168063984,-0.6584717228888646,0.6808735592325039,0.3183987412263364,0.14081899344865798,0.07365361902286431,0.061132913252027576
829.6235168063986,-0.7229450121865432,0.649612444231222,0.24560472071406253,0.10941424965315333,0.044752741737367166,0.04769689624289227
829.7235168063985,-0.6981607764064729,0.6607923536777414,0.2500799948877952,0.11418393927743822,0.044752741737367166,0.04769689624289227
829.8235168063984,-0.7712408749987822,0.255794055352455,0.17309405741584483,-0.2236482263518849,0.01537975601079855,-0.07510495024114441
829.9235168063985,-0.7538545704771199,0.23305370796602926,0.17463203301692679,-0.23115872137600957,0.01537975601079855,-0.07510495024114441
830.0235168063984,-1.0263097330310036,0.29961805644531586,-0.06549091444213893,-0.15572544054257528,-0.0721257825931308,-0.04286610811637523
830.1235168063986,-1.033219453388193,0.28383118185045464,-0.07270349270146186,-0.16001205135421864,-0.0721257825931308,-0.04286610811637523
830.2235168063985,-1.1154861690477964,-0.08875289583018989,-0.1419078522303983,-0.4577063513640139,-0.09451334582882465,-0.14811175298356288
830.3235168063984,-1.109823562300374,0.036152882792594696,-0.1342786155545021,-0.32974573260872797,-0.08828982957675623,-0.09644467042555474
830.4235168063985,-0.767152744974219,-0.34694231146695026,0.1529519393931364,-0.6271799929989565,0.018587346429226284,-0.19963620166861828
830.5235168063984,-0.5062126629596966,-0.39231535861567707,0.3659022994010699,-0.6315178321990319,0.0968487318753452,-0.19388299552658647
830.6235168063984,-0.4154133871308807,-0.22809468830427054,0.4201308548608451,-0.46323502173594217,0.11290862974901647,-0.12667392612352035
830.7235168063985,-0.37283575849599226,-0.27505156010854726,0.43142171783576216,-0.4759024143483115,0.11290862974901647,-0.12667392612352035
830.8235168063984,-0.1007171264854412,-0.3129819622745205,0.6337792253124737,-0.4788363155550017,0.18229256087469603,-0.1228415854925091
830.9235168063985,-0.03642774114973141,-0.36147980175755023,0.6520084813999681,-0.4911204741042694,0.18229256087469603,-0.1228415854925091
831.0235168063984,-0.3279124571163443,-0.0758193636707332,0.3749473078644686,-0.22572052918502367,0.07613137820261512,-0.022789226562926413
831.1235168063984,-0.29003706943891916,-0.09850536272202948,0.3825604456847232,-0.22799945184131423,0.07613137820261512,-0.022789226562926413
831.2235168063985,-0.4558376143600728,-0.20590788082483205,0.22036982072998487,-0.29984010575847714,0.014808854491772099,-0.04774109229158301
831.3235168063984,-0.22496055458091374,-0.09682872105637833,0.3972836667187738,-0.1885908222572031,0.07873001172509142,-0.005753875904769994
831.4235168063983,-0.47910652926520836,-0.00613609727493764,0.1608059238668011,-0.09896975951857306,-0.009480345087158448,0.026587471972381364
831.5235168063984,-0.1356529419212486,0.08604000792385053,0.44132868743307424,-0.009472283912767986,0.09487384036137803,0.05856034466968157
831.6235168063984,-0.02212352846519306,0.22940912237906638,0.5079600228674145,0.11475476156273935,0.11547667283365079,0.10095155498179369
831.7235168063985,0.029249857185787518,0.2413893563102663,0.5195076901507953,0.12484991706093249,0.11547667283365079,0.10095155498179369
831.8235168063984,-0.05059159697019122,0.192792452268611,0.4220941829155769,0.0839050915786852,0.07638336519849011,0.08254882184202063
831.9235168063983,-0.008000261852680164,0.20159570553568124,0.42973251943541896,0.09215997376287975,0.07638336519849011,0.08254882184202063
832.0235168063984,-0.3437476209324509,0.1700398406525944,0.1141813341670655,0.06188388189281926,-0.04269702200023657,0.06742134114101404
832.1235168063984,-0.33254297262575555,0.17656533554757517,0.10991163196704572,0.06862601600691454,-0.04269702200023657,0.06742134114101404
832.2235168063983,-0.34387095126981276,0.2092676226386523,0.08728116744045432,0.09636510082748458,-0.04932778367901214,0.07495296931131458
832.3235168063984,-0.44179962062210626,0.41594553447835725,-0.00707155556040685,0.26766243071220847,-0.0819090404912807,0.13423059635159187
832.4235168063983,-0.638294172973455,0.08800228558471937,-0.1774979891113693,-0.011430786633051325,-0.14047589283345474,0.029344310482982278
832.5235168063984,-0.502456948986079,0.11208479918588864,-0.05890887751250153,0.01286733060964615,-0.09130136042793333,0.037210137534534476
832.6235168063984,-0.4013571113844536,0.22532928344420539,0.021046384092380178,0.10845200143123303,-0.05918227383081457,0.07010849308320888
832.7235168063983,-0.39954838434437107,0.23652502605273423,0.015128156709304104,0.11546285073954754,-0.05918227383081457,0.07010849308320888
832.8235168063984,-0.38071745486344716,0.284352794967646,0.023885788268888274,0.15229574298870138,-0.053868553020476606,0.08087286408242117
832.9235168063983,-0.3785982188016624,0.29998673358691363,0.018498932966845513,0.16038302939693613,-0.053868553020476606,0.08087286408242117
833.0235168063982,-0.40730359978545844,0.26356149617334973,-0.015298505308088722,0.12784823831773143,-0.06505168105364045,0.06712074286338901
833.1235168063984,-0.4091587087215385,0.27668192371945816,-0.021803673413461643,0.1345603126040795,-0.06505168105364045,0.06712074286338901
833.2235168063983,-0.18408153710440045,0.1522341387555943,0.16071941052127015,0.027456199490385656,0.0032135286113989803,0.026294757450473098
833.3235168063984,-0.15908084732848599,0.1447397116088825,0.16853038227594802,0.021447320341356723,0.005942463387617116,0.023168659621162713
833.4235168063983,-0.2214847742425177,0.25196415328116367,0.10328750329543378,0.11016067366386828,-0.017824668319272402,0.054147471347025675
833.5235168063982,-0.5503174813136734,0.3255706473285042,-0.1899824867321349,0.16866306982954507,-0.1258925150000903,0.07369364245492992
833.6235168063984,-0.27477632535674656,0.17422274433602516,0.0421552350066554,0.03747659868875055,-0.037658000100170494,0.024073811486290307
833.7235168063983,-0.27074909185658536,0.17809077326232806,0.038389434996641776,0.03988397983737739,-0.037658000100170494,0.024073811486290307
833.8235168063982,-0.6521109862932661,-0.3352811942131367,-0.2837465016674627,-0.3847695894304789,-0.152277958271661,-0.129421721802085
833.9235168063983,-0.6812470262514115,-0.37440526176524924,-0.29897429749464954,-0.39771176161070504,-0.152277958271661,-0.129421721802085
834.0235168063982,-0.3772278422181238,-0.17574869514776403,-0.031892302149817156,-0.21464591961666116,-0.04908975489278535,-0.05934121847625117
834.1235168063984,-0.38066252120757443,-0.19750999320184148,-0.03680127763910239,-0.22058004146429436,-0.04908975489278535,-0.05934121847625117
834.2235168063983,-0.6573183689033679,-0.4522044965569695,-0.2682375962865154,-0.41780568815744945,-0.13089729640396122,-0.1279576884297723
834.3235168063982,-0.5564591111826781,-0.4785602390367385,-0.17348110269276695,-0.4172213707763042,-0.09160219831540875,-0.12311562544277371
834.4235168063983,-0.6729775157551656,-0.30318489713172114,-0.26460885067980205,-0.2503318039923889,-0.12119238816516412,-0.058860257937343605
834.5235168063982,-0.7193714247200936,-0.357766339572319,-0.2933428258058296,-0.281138108080064,-0.12735223595712097,-0.0680355752188796
834.6235168063981,-0.9705223544294619,-0.3699589440600361,-0.4894601402776444,-0.2745766526831509,-0.19346930354328506,-0.06324927603432771
834.7235168063983,-1.020435714975012,-0.39773285570856115,-0.5088070706319993,-0.2809015802865923,-0.19346930354328506,-0.06324927603432771
834.8235168063982,-0.7785812828990555,-0.13705171711283398,-0.28465135986709206,-0.04811605163321303,-0.10562980602784043,0.0228368279590362
834.9235168063983,-0.8075745679159442,-0.14174913813636636,-0.29521434046989053,-0.04583236883730629,-0.10562980602784043,0.0228368279590362
835.0235168063982,-0.3683706512980061,-0.01800425490812664,0.09923836853809179,0.05895864861681895,0.044971644357565274,0.05874710396064904
835.1235168063981,-0.35822195622241854,-0.011814654526647397,0.10373553297384422,0.06483335901287851,0.044971644357565274,0.05874710396064904
835.2235168063983,-0.31373034925002063,0.26594042069525786,0.13638408480262462,0.2938114597123934,0.05513816889559313,0.1387745233125839
835.3235168063982,-0.036556170416609954,-0.049240662818581846,0.36312400049991267,0.02012792914215519,0.13574461937392895,0.034710291700748186
835.4235168063981,0.004224718858262151,-0.2056936101350835,0.37984536322189655,-0.10697814442987084,0.13688064718579773,-0.0121101706252539
835.5235168063982,0.20979951939312322,-0.21773733108404725,0.5370160159786344,-0.10928410452753898,0.19007624936965228,-0.01251331418706028
835.6235168063981,-0.003509561732626218,-0.2588000663816514,0.3338548845956403,-0.13525100953879887,0.10997493409419816,-0.02136449378939502
835.7235168063983,0.030425801397455845,-0.272431989804497,0.3448523780050751,-0.1373874589177413,0.10997493409419816,-0.02136449378939502
835.8235168063982,0.018114787031115603,-0.218640535439641,0.3171233241431352,-0.08335975024061998,0.09614798644110008,-0.0010847068683199797
835.9235168063981,0.05030785937760491,-0.226981933998037,0.32673812278723646,-0.08346822092745187,0.09614798644110008,-0.0010847068683199797
836.0235168063982,0.43250556686613545,-0.385228134627834,0.6246080048291016,-0.2054936884594076,0.19978787326491554,-0.04439829847656094
836.1235168063981,0.4959653067153116,-0.40599949496613846,0.644586792155575,-0.20993351830705967,0.19978787326491554,-0.04439829847656094
836.223516806398,0.2525724056260329,-0.5237025352032361,0.40803707842053966,-0.2938142326625082,0.10714578552921829,-0.0728938268033508
836.3235168063982,0.2459049491071091,-0.5762608326689744,0.3784098864401135,-0.3201038808936447,0.09244676517750108,-0.07976975278960093
836.4235168063981,0.40364194229679795,-0.7316236447526807,0.4868285526151522,-0.42928479785952584,0.1282484691955949,-0.11605800884284305
836.5235168063982,0.4745119937935946,-0.8297754048207543,0.5181756324131161,-0.48743877507791766,0.13511551379820189,-0.1331964324874109
836.6235168063981,0.37302583626619407,-0.8512919769615644,0.4040216614076583,-0.47783330053370765,0.08908664624825174,-0.12498645369690826
836.723516806398,0.4138734356381636,-0.8997002392833752,0.41293032603247537,-0.49033194590338713,0.08908664624825174,-0.12498645369690826
836.8235168063982,0.6220987824613977,-0.9090621938900457,0.5600616583299021,-0.4686640823272699,0.13900020218191594,-0.1124605970718093
836.9235168063981,0.6787999493052453,-0.9564909051080881,0.573961678548081,-0.4799101420344406,0.13900020218191594,-0.1124605970718093
837.023516806398,0.38719801074719895,-0.7224519154576067,0.28598844848380106,-0.26394329272464784,0.02673746896196008,-0.03249149104298091
837.1235168063981,0.41593054294042825,-0.7490087021853228,0.2886621953800007,-0.26719244182895036,0.02673746896196008,-0.03249149104298091
837.223516806398,0.5914788690166822,-1.0155416781334492,0.413057758864584,-0.4677528525086292,0.07069579392416891,-0.10326724685501781
837.3235168063982,0.7648775036581368,-0.7773806839169247,0.5308322696831788,-0.24032842886301545,0.11103249750843465,-0.017228486254498826
837.4235168063981,0.831077390854025,-0.7928691262908534,0.5523661860657891,-0.23494741765229318,0.1147979569878075,-0.014681286210663001
837.523516806398,0.6413516871078822,-0.8726874465591583,0.3527678008265692,-0.284332816485618,0.03654155600983404,-0.032323792136025084
837.6235168063981,0.37501246084599243,-0.9342563951765003,0.1061981217310585,-0.3146661221819417,-0.053674811964038394,-0.042029218020231705
837.723516806398,0.3853638989592689,-0.9659331534847666,0.10083064053465954,-0.31886904398396104,-0.053674811964038394,-0.042029218020231705
837.823516806398,0.25004184941619934,-0.8802934213035692,-0.02550350764991912,-0.22561870783373664,-0.09748426453069602,-0.006924458806465958
837.9235168063981,0.24700407732854915,-0.9028899143810061,-0.03525193410300202,-0.22631115371438418,-0.09748426453069602,-0.006924458806465958
838.023516806398,0.38986214314525997,-0.8149891380702491,0.08061904342506576,-0.13072987375120057,-0.051086082020383713,0.029091941527088768
838.1235168063981,0.3976686170776749,-0.8279166657377511,0.07551043522302042,-0.12782067959848772,-0.051086082020383713,0.029091941527088768
838.223516806398,0.465718971168665,-0.6046266382365593,0.12086417577231091,0.06933318224379753,-0.03286223039756293,0.09876770690622531
838.323516806398,0.3516274531474063,-0.8569097361368544,0.011684561737043376,-0.13710059348258377,-0.07144579003752212,0.020487995328891437
838.4235168063981,0.31317207782851947,-0.6963446419997278,-0.028065750226057902,0.00831097617196045,-0.08321642470430424,0.07189295865304769
838.523516806398,0.2228367672835123,-0.6493522325962593,-0.11127481059421587,0.054517032301985666,-0.11098063878445044,0.08625841438768501
838.6235168063979,0.16463111195239438,-0.6162689354368484,-0.16094570711534223,0.08549843593201,-0.12488779062595567,0.09426442304150236
838.723516806398,0.1479121022877067,-0.6072477697284269,-0.17343448617795484,0.09492487823617309,-0.12488779062595567,0.09426442304150236
838.823516806398,0.5087007722598719,-0.6099354330657302,0.13199910579545016,0.09437979551947027,-0.0091437614655355,0.09080693063214462
838.9235168063981,0.5218549640321071,-0.6000434188606083,0.13108472964889537,0.10346048858269713,-0.0091437614655355,0.09080693063214462
839.023516806398,0.5919091112337449,-0.15221504555211737,0.18446730608687037,0.47354720284295765,0.012438196358719511,0.22064728483532148
839.1235168063979,0.6104180328242087,-0.10375708884369009,0.18571112572274118,0.49561193132646975,0.012438196358719511,0.22064728483532148
839.223516806398,0.5871510802786765,-0.33918022450343965,0.15215296444313314,0.28213316613806555,-0.0001301075763471566,0.136157587399213
839.323516806398,0.7778656656112167,-0.12875678426160853,0.29961832189346027,0.4469432234842173,0.05360545006196458,0.19087265461659242
839.4235168063979,0.373925554901407,-0.19491600435704193,-0.05554201316301303,0.3740006252423791,-0.07654220140339679,0.15787390770070558
839.523516806398,0.550289363464267,-0.020307566507620042,0.09352072726894876,0.5059979069616661,-0.018440007931306297,0.20066085446488668
839.6235168063979,0.7225695554086236,-0.16053051844813265,0.22683823482181936,0.36840474494542086,0.030291482366719552,0.14419967989267685
839.723516806398,0.7454048363026704,-0.12296904555407495,0.22986738305849544,0.3828247129347082,0.030291482366719552,0.14419967989267685
839.823516806398,0.730885993270784,-0.06876237679442082,0.20258212713475907,0.41251290334184176,0.0196019234337739,0.15042095349465226
839.9235168063979,0.7512422156014101,-0.026758981692802268,0.20454231947813467,0.4275549986912933,0.0196019234337739,0.15042095349465226
840.023516806398,0.8056706623546129,-0.5427078286247368,0.24399942540006658,-0.02725339290363227,0.035795771752170344,-0.02073723521638507
840.1235168063979,0.8302495837533579,-0.5455368540911792,0.24757900257528037,-0.029327116425268893,0.035795771752170344,-0.02073723521638507
840.2235168063978,1.1860065007186313,-0.7434760093980117,0.5259347676646354,-0.19186945867319416,0.1350277853611408,-0.07829749652021545
840.323516806398,0.86703378072769,-0.9252949638701398,0.22663091535073307,-0.33482801107877563,0.021052841469805447,-0.12719868918303964
840.4235168063979,0.9745631623071521,-0.9219129975204787,0.29911904891328406,-0.31668074325400647,0.04646097470548582,-0.11613079456261283
840.523516806398,1.0728342876763048,-0.8864367576666577,0.3623312513052283,-0.27060163298856105,0.0681741265342517,-0.09488929239640254
840.6235168063979,1.316147355380748,-0.9570015519091412,0.54055775532205,-0.3154564920009201,0.1299744169792669,-0.10755459409574433
840.7235168063978,1.3708530029977988,-0.9890849740796822,0.5535551970199648,-0.3262119514104847,0.1299744169792669,-0.10755459409574433
840.823516806398,1.140019098420799,-1.34038906628153,0.3249970335300028,-0.6004465882763111,0.04182184332459357,-0.20250406066892715
840.9235168063979,1.1727279109903923,-1.4014462454124494,0.32917921786245835,-0.6206969943431855,0.04182184332459357,-0.20250406066892715
841.0235168063978,1.0621782415406005,-1.3153373734357074,0.21697103882920124,-0.5230527433163816,0.0006195778536780237,-0.16160570954450726
841.1235168063979,1.0838784433128186,-1.3684506763151418,0.21703299661456912,-0.5392133142708544,0.0006195778536780237,-0.16160570954450726
841.2235168063978,1.0461190100034572,-1.1807001375895676,0.16770316295611268,-0.35573374203397135,-0.017217655270236342,-0.0899945814620296
841.323516806398,1.220159127921871,-0.9930953365557682,0.29821272438065244,-0.17847514509165444,0.030962455327249613,-0.022590439256321704
841.4235168063979,1.1708564247815498,-0.6605567058471904,0.235478395868959,0.10776405228668126,0.00719768862356213,0.08085511708114881
841.5235168063978,1.1492804482429733,-0.7700377886912257,0.19737600715770318,0.013062636941686986,-0.007195472793739355,0.04301032831185261
841.6235168063979,1.1462388227991613,-0.7824259072730222,0.17779984233571036,0.005931693149231879,-0.013994087917797871,0.03891629108764374
841.7235168063978,1.1639488365931274,-0.7816381565026617,0.17640043354393184,0.009823322257992713,-0.013994087917797871,0.03891629108764374
841.8235168063977,1.5189086278933637,-0.8639882832629636,0.4573746347041411,-0.054560151389457565,0.08858657416865663,0.014553782395104287
841.9235168063979,1.5650890242346847,-0.8693715294899411,0.4662332921210188,-0.05310477314994515,0.08858657416865663,0.014553782395104287
842.0235168063978,1.695168752762211,-1.2486471569223958,0.5452272364149566,-0.3590478406851717,0.11425302880229897,-0.09556283174094858
842.1235168063979,1.750262741547794,-1.285029755149668,0.5566525392952021,-0.3686041238592796,0.11425302880229897,-0.09556283174094858
842.2235168063978,1.7068718943226335,-1.4506241807676623,0.485328235768688,-0.48375714344503457,0.08436903437241844,-0.13344049149107667
842.3235168063977,1.5503206050700145,-1.6221313017698906,0.3210717272186899,-0.5991006263933727,0.021446065354264757,-0.17035263651180332
842.4235168063979,1.7222286228481516,-1.5473471672364147,0.43921345097542963,-0.504567068706883,0.0633209003998291,-0.13034789076004885
842.5235168063978,1.6332100191344443,-1.6888946027743728,0.33098997639628186,-0.594643212933183,0.020849877770887926,-0.15871350004280738
842.6235168063977,1.663054641373751,-1.8005248587384672,0.3302903003073065,-0.6527368204411075,0.019845887642093957,-0.1738342004781612
842.7235168063978,1.6961829008427374,-1.86666771178506,0.3322748890715186,-0.6701202404889474,0.019845887642093957,-0.1738342004781612
842.8235168063977,1.305995149642566,-1.1863515017934163,-0.01947046767627897,-0.07097193390053852,-0.10846237967993869,0.047510125420856524
842.9235168063979,1.3035057909765342,-1.193211144556375,-0.030316705644287636,-0.06622092135844639,-0.10846237967993869,0.047510125420856524
843.0235168063978,0.9000937442094041,-0.9853892577196884,-0.3791391330269254,0.12252872867433326,-0.23219326726158968,0.11567264670330005
843.1235168063977,0.8610188645704403,-0.9725580216187508,-0.4023584597530633,0.13409599334465275,-0.23219326726158968,0.11567264670330005
843.2235168063978,0.7746647250184411,-0.6738163380307914,-0.4629189435573624,0.3801085623201656,-0.2456785631872592,0.19976842246540977
843.3235168063977,0.9057267834749395,-0.8846887510750439,-0.33741818441038407,0.19196063827578186,-0.19099921709707704,0.12445102834285734
843.4235168063976,0.5842272995987884,-1.087705945156541,-0.5946698850712608,0.020988282721326412,-0.27697175415903535,0.058683830112219185
843.5235168063978,0.6094347849524828,-1.1834071260168286,-0.5483851421856101,-0.056705199697173185,-0.24954325047380432,0.027917455077749075
843.6235168063977,0.7094987208286805,-0.8762114918673383,-0.44387406004858665,0.20311230422389917,-0.20286544766336462,0.11996391888419998
843.7235168063978,0.6640969875854417,-0.8553004418504979,-0.4641606048149508,0.21510869611233555,-0.20286544766336462,0.11996391888419998
843.8235168063977,1.0823915576734446,-0.700618501638003,-0.09533160814646603,0.33590121658640476,-0.061686685615156805,0.15890310831854873
843.9235168063976,1.0725499634307316,-0.6662338644378017,-0.1015002767079761,0.35179152741824515,-0.061686685615156805,0.15890310831854873
844.0235168063978,1.267146190380751,-0.9742594981424725,0.0683322180890501,0.08035004119744965,0.0034898693476854287,0.054667936047438026
844.1235168063977,1.2739968615363884,-0.9659511543424981,0.06868120502381833,0.08581683480218848,0.0034898693476854287,0.054667936047438026
844.2235168063976,1.503852387229086,-0.9991598305156403,0.25422705876401913,0.056651467130360816,0.07037142173649466,0.042245343590305115
844.3235168063977,1.225758034005215,-1.0460855952137933,0.005913161739777975,0.01689753261572477,-0.022668870555551016,0.026330160923217084
844.4235168063976,1.5223959639409321,-1.1971420455750823,0.24956804744531585,-0.10630427501065595,0.0661086259475465,-0.01878988309290737
844.5235168063978,1.76022680430047,-1.7180223410116744,0.4388944252053155,-0.5427646716541765,0.13384968073648046,-0.17879701700571915
844.6235168063977,1.6146534624959692,-1.8467467078524724,0.2946393368393133,-0.621097346291014,0.07701371482447009,-0.20044652956711814
844.7235168063976,1.6445024647539952,-1.9098586751293511,0.3023407083217533,-0.6411419992477075,0.07701371482447009,-0.20044652956711814
844.8235168063977,1.4243805371821672,-2.2158978005105583,0.09968555083398331,-0.8604925391786143,0.0004604267005215018,-0.27221096994964705
844.9235168063976,1.434351394399059,-2.3033081092780874,0.09973159350403542,-0.8877136361735543,0.0004604267005215018,-0.27221096994964705
845.0235168063975,1.4970128721440876,-1.7609266108610737,0.14615140141197128,-0.38778887963306086,0.017949447055323184,-0.0813050957705004
845.1235168063977,1.5117177595205815,-1.8001120243032864,0.14794634611750604,-0.395919389210122,0.017949447055323184,-0.0813050957705004
845.2235168063976,1.5476442179665955,-1.4940797236688346,0.16721865292983346,-0.11915357603908015,0.02426117969706372,0.020887513052617407
845.3235168063977,1.8036483340265883,-1.335945889991588,0.3706195746722374,0.024480770318765145,0.09748882171130417,0.07211085162437245
845.4235168063976,1.8373111280120416,-1.4375833472365305,0.3771411420006759,-0.05427844537187248,0.09632376451061851,0.04128485573597453
845.5235168063975,1.6926785381411682,-1.2296992463705172,0.22960299860342562,0.13138610424027358,0.03805341573032081,0.10812403650066214
845.6235168063977,1.8095215969998744,-1.3855106403498383,0.3110895678066628,0.002896443573303616,0.06606081248790664,0.05823696486831208
845.7235168063976,1.8409608578429513,-1.3849298111681672,0.31769564905544745,0.008720140060129528,0.06606081248790664,0.05823696486831208
845.8235168063975,1.800318124952428,-1.2509298041243324,0.26375284809945815,0.12163316751084291,0.04415384577386948,0.09604358956794125
845.9235168063976,1.82691417899128,-1.2382862694253907,0.26816823267685114,0.13123752646765013,0.04415384577386948,0.09604358956794125
846.0235168063975,1.9090030348755067,-1.3422280860271636,0.3172338734248859,0.041217484233703944,0.05997576123953775,0.05950156127524459
846.1235168063977,1.941026301024237,-1.3378088297974107,0.32323144954884786,0.047167640361236524,0.05997576123953775,0.05950156127524459
846.2235168063976,1.9111744359613076,-1.4315974825663285,0.2773379373849385,-0.02822927649696322,0.04123593804650899,0.030322281148537338
846.3235168063975,1.6907473422272916,-1.3262955560339724,0.07275052022549501,0.06473298219758576,-0.034810486223648116,0.0628666807283428
846.4235168063976,1.7105484395235355,-1.2238698095568583,0.0798152272200837,0.149740046814938,-0.031003479743922716,0.09109311004329239
846.5235168063975,1.7627628401638487,-1.0094090422313504,0.1148734559450785,0.3283961537175553,-0.016856338311935823,0.1535180006518777
846.6235168063974,1.5989499305950066,-1.1296458034021422,-0.03208520500741357,0.21730566722608052,-0.06923346252695409,0.10823629260443961
846.7235168063976,1.5953952427816251,-1.1073740552164808,-0.03900855126011842,0.22812929648653926,-0.06923346252695409,0.10823629260443961
846.8235168063975,1.6766812982116543,-0.8527025714850804,0.023563358088782935,0.42975851654751207,-0.044549013607507126,0.17679100382513066
846.9235168063976,1.6788148889524979,-0.8088427648111425,0.019108456728026146,0.44743761693004924,-0.044549013607507126,0.17679100382513066
847.0235168063975,1.9380277170892102,-1.2429046802747705,0.23360891741701992,0.05949399623426946,0.03596375167536098,0.028265034902212605
847.1235168063974,1.9615684275892675,-1.2368139554768383,0.23720529258455275,0.06232049972448815,0.03596375167536098,0.028265034902212605
847.2235168063976,1.9102112795412558,-1.3068573368128742,0.1782934593160899,0.0022310572404090493,0.01338968717115218,0.005697019303872779
847.3235168063975,1.8660212749106668,-1.3334579534640993,0.1274592700580779,-0.01956422475464679,-0.0056202447369107685,-0.0023965504277697093
847.4235168063974,1.9355059287695382,-1.4369700604546731,0.1740346070411453,-0.10338520594136727,0.011396292249256399,-0.03236594207225975
847.5235168063975,1.9488343600892886,-1.6215149590134479,0.17162210450470622,-0.25488338478856426,0.010079353443886543,-0.0869538990641289
847.6235168063974,1.792122509693651,-1.7897609100009928,0.028427819313616456,-0.3805520048053726,-0.04191169931198151,-0.12884453391002781
847.7235168063976,1.794755733128456,-1.828460333151134,0.024236649382412587,-0.39343645819639295,-0.04191169931198151,-0.12884453391002781
847.8235168063975,1.9830060125992608,-1.5243893337323047,0.17455100061156745,-0.12294298896834023,0.013895953327496545,-0.027143810805960112
847.9235168063974,2.000530592427039,-1.5368193516831572,0.17594059594431583,-0.12565737004893376,0.013895953327496545,-0.027143810805960112
848.0235168063975,2.1262163563784995,-1.1990205368661988,0.26738675348085283,0.15983480373563164,0.04651640737171614,0.07614092320717444
848.1235168063974,2.1531876137634187,-1.182656351876615,0.27203839421802023,0.16744889605634217,0.04651640737171614,0.07614092320717444
848.2235168063974,2.1322015602279514,-1.2452119988198502,0.23647075690068556,0.10945930542812829,0.03199171373816498,0.05260881354606141
848.3235168063975,2.1445654889217742,-1.3292286903189432,0.23005391050565782,0.03540750852082436,0.028487999374167947,0.023906682828860406
848.4235168063974,2.0398000658001347,-1.37785728406002,0.1266876284814046,-0.005241161831302075,-0.009855531422470816,0.008474254855044149
848.5235168063975,1.8371659836310024,-1.4928466952322583,-0.05934318759264797,-0.10193823414202566,-0.0784603309840248,-0.027440340712138737
848.6235168063974,1.8607946104323962,-1.7522438977245902,-0.04235307501923312,-0.30938640889720115,-0.06950584085841796,-0.10074930551324698
848.7235168063974,1.8562117737261854,-1.7836862851418473,-0.04930365910506859,-0.3194613394485167,-0.06950584085841796,-0.10074930551324698
848.8235168063975,1.6409607298256614,-2.2163205495152627,-0.2300141776785067,-0.6581596375053698,-0.13209880801267038,-0.21842301797167296
848.9235168063974,1.6172988180177696,-2.283228628355596,-0.24322405847976172,-0.6800019393025172,-0.13209880801267038,-0.21842301797167296
849.0235168063973,1.6220064147877622,-2.109573889163248,-0.22722518236676045,-0.4941928732721612,-0.12026124217958306,-0.14173187392904246
849.1235168063974,1.5986825903401556,-2.159701835860179,-0.23925130658473517,-0.5083660606650848,-0.12026124217958306,-0.14173187392904246
849.2235168063974,1.574670608731602,-2.121751922347721,-0.25085012882807184,-0.44885548937945385,-0.12010692736911278,-0.11530143265616544
849.3235168063975,1.7460220347974618,-1.901089723623705,-0.0972841755783456,-0.23873291796260585,-0.059777039589032466,-0.03508846633027882
849.4235168063974,1.933746945131549,-1.5712279811491745,0.06094524393786011,0.0490644066104692,-0.0004984439347220024,0.06936391718774844
849.5235168063973,2.3672710443936,-1.7336701464421327,0.4283424073212008,-0.08685222278984649,0.13573108131020956,0.016767321839436314
849.6235168063974,2.5451476432829394,-1.6628148556619282,0.5533175836943297,-0.019871117102628053,0.17589627977650052,0.04015422550691482
849.7235168063974,2.601358883051203,-1.664601196244655,0.5709072116719638,-0.015855694551940223,0.17589627977650052,0.04015422550691482
849.8235168063973,2.657346803674435,-1.5842556510796013,0.5849843351951374,0.05965964183339108,0.17412216531946922,0.0669446369581732
849.9235168063974,2.7167158480206286,-1.5779549637114623,0.602396551727108,0.06635410552921753,0.17412216531946922,0.0669446369581732
850.0235168063973,2.845209847894396,-1.6374936406887703,0.6768647338469695,0.01848940880639253,0.1950371653400294,0.0474287597158924
850.1235168063974,2.9138715071058883,-1.6354075560095485,0.696368450380999,0.023232284777988242,0.1950371653400294,0.0474287597158924
850.2235168063974,2.7663443932378082,-1.5852771434147581,0.5346877289520576,0.06714083886016897,0.1296046518818695,0.061477529401093606
850.3235168063973,3.1023452183149023,-1.4300184955169204,0.7845246098548594,0.1967541232667702,0.21591348784514966,0.10615794999561487
850.4235168063974,2.8983247987965495,-1.5945393359284268,0.5706630597638017,0.055319806661672744,0.13091524359907625,0.05163800451854654
850.5235168063973,3.190202344998458,-1.3173669405732555,0.7850501165968967,0.2916632624129608,0.20554476633941615,0.13675529981474221
850.6235168063972,3.146146219796835,-1.1748924640487424,0.7031360365371049,0.3979032501565386,0.16860047992622373,0.1699046271964171
850.7235168063974,3.217302825850275,-1.1342526158970498,0.7199960845297503,0.41489371287620347,0.16860047992622373,0.1699046271964171
850.8235168063973,2.90678719550749,-1.1478645311789029,0.4191795658567683,0.3874694208651328,0.05404679076137088,0.15441524217544572
850.9235168063974,2.9489753860470316,-1.1083455128814574,0.42458424493291275,0.4029109450826984,0.05404679076137088,0.15441524217544572
851.0235168063973,3.092291133909917,-1.2757565089336274,0.5182930446551298,0.24034667070333549,0.08728713876041796,0.08876206117635557
851.1235168063972,3.144556874069184,-1.2512780315574346,0.5270217585311637,0.24922287682096297,0.08728713876041796,0.08876206117635557
851.2235168063974,3.032526344444531,-1.012210118799034,0.39856244937422025,0.43404546500857055,0.03774338508968797,0.15187421237326137
851.3235168063973,3.3608072333192602,-1.1137611544253518,0.6445509123645876,0.3278680938282291,0.12599708090312026,0.10795401937543711
851.4235168063972,3.4382816775391465,-1.146194771614335,0.6674383556970438,0.2845358211820365,0.12971094230396776,0.08854569513311017
851.5235168063973,3.8721896959957562,-1.1229893016667296,0.9954889239453517,0.28854259132090293,0.24652541146941442,0.08676079944080593
851.6235168063972,3.764506849321496,-1.1509142278170068,0.8473019179094621,0.25019608501948315,0.1842093806724291,0.06992099782071984
851.7235168063974,3.8501580880159225,-1.1255450143259198,0.8657228559767302,0.2571881848015647,0.1842093806724291,0.06992099782071984
